key_id,key_bits,overall_passed,frequency_passed,run_count_passed,run_L1_passed,template_4_1_passed,template_4_2_passed,template_4_3_passed,template_4_4_passed,linear_complexity_passed,blind_spot_complexity_passed,frequency,run_count,run_L1,template_4_1,template_4_2,template_4_3,template_4_4,linear_complexity,blind_spot_complexity
1,00001100011101111011010000000111011000000100010001001011111001010100111111011110010101101001111111111111000010100111010111101100,True,True,True,True,True,True,True,True,True,True,69,57,29,9,7,7,7,64,63
2,01011101101011011100000000100000011110110000101101100010111010011010101111001111001101000100111010000011100110010101100110110110,True,True,True,True,True,True,True,True,True,True,64,67,34,11,8,5,6,61,64
3,00011001110101100001010100111000111011011100111011100011101001011011001110001000011011101010000111111111010011001001110010000110,True,True,True,True,True,True,True,True,True,True,67,63,27,4,5,5,8,65,64
4,01100000101110110001100001101101010100011010110110011111110001000000010111111100011011100101100000010100100101011000111100110110,True,True,True,True,True,True,True,True,True,True,63,63,31,10,9,7,9,65,64
5,11011010001001010100111011011101100001011001001010001101111110000111010010110001111100000100110001010011010100110101001101100110,True,True,True,True,True,True,True,True,True,True,64,72,37,4,8,8,7,63,64
6,11100110111011001111001011011011110001101000100001000001111100101110100011000000011110011111001111011101000100110001101011101000,True,True,True,True,True,True,True,True,True,True,67,58,23,7,3,5,8,64,63
7,01010100101110101010100111100010001010000101100001001010100111001000111111001100100101010101011000110001010011001111110110010100,True,True,True,True,True,True,True,True,True,True,61,77,47,2,17,11,7,63,63
8,00101001011011011011001010010110000100000001011000010111111001101000110101110110001010101011101000000011010000011010011100110000,True,True,True,True,True,True,True,True,True,True,57,69,38,13,11,8,7,63,63
9,00000000111010110000001111000011010101011001000111100000101110000010101110111001101010011101011000110100101000011101111101010001,True,True,True,True,True,True,True,True,True,True,60,64,36,14,11,4,9,64,66
10,00100101100000010100001100111100100111110110001011010100110000111111100101010000111111001011110111110101100110001110011101000000,True,True,True,True,True,True,True,True,True,True,65,59,27,9,8,7,6,64,62
11,11101000111011110001100010010101100001111001010100011000001011101101001011111101100100100111011110100100100111110111001111011010,True,True,True,True,True,True,True,True,True,True,70,66,33,3,6,9,6,62,64
12,10001111110001010010010011001011100000101010011100100010100001011000010001011111111111011101001100100101110110101010011100100101,True,True,True,True,True,True,True,True,True,True,64,69,39,4,11,14,7,64,65
13,00110010001011001100001110010100100001001111011110101111101100101101111101011000100001111110111001111000110101100110110001000111,True,True,True,True,True,True,True,True,True,True,69,62,26,3,6,8,8,67,64
14,10100011000001001101010110101111001001110000001101101001011100001110001001011011011010110010100001010110001111110011001100000000,True,True,True,True,True,True,True,True,True,True,59,66,33,12,9,7,7,67,60
15,00011110011110011101001110000000100000011001011011000011101100010110000000110111011010000010010100110011100110000100001110111101,True,True,True,True,True,True,True,True,True,True,58,56,21,16,3,6,9,63,65
16,10111011111110101010010011011101001110001111000110010111001001110111000110010111010111100111110000011011110011010101010011110111,True,True,True,True,True,True,True,True,True,True,76,65,32,2,8,4,4,64,64
17,01011110100000111110001010000011100100001001100001101111000000000111010101111011011011001000110110000011111001001111001000110010,True,True,True,True,True,True,True,True,True,True,60,57,25,14,4,7,9,64,65
18,00001011100101111101000011110000110101100000001101111110101110110111111110110011100110101110011111110111011101111110010010111010,True,True,True,True,True,True,True,True,True,True,78,57,28,7,6,4,4,63,64
19,10000111100001010101010011110010100110000000111110100110100110001000011011000011001100111111100111100101110100001000010010101110,True,True,True,True,True,True,True,True,True,True,61,62,30,10,8,7,8,65,64
20,11100100001101111000111011101000010100011001110001011010110100000000111100101101001110100001010001100101110011000111111101001000,True,True,True,True,True,True,True,True,True,True,62,62,29,8,6,7,9,64,63
21,11010111111000011111000100001101110011101111000100101110001001001100101001111010010011111100001110101110110101110001011110110000,True,True,True,True,True,True,True,True,True,True,70,60,27,4,6,8,7,63,62
22,11100110100101010110101110010001000010000010000101111000101011000001001011000011001011000101111110101010010011100000111011011111,True,True,True,True,True,True,True,True,True,True,61,67,37,9,12,12,9,64,64
23,01101010111000010101110111100100100110111001000010000110000111100000110001011000110101000010011100000101100010110100000001000000,True,True,True,True,True,True,True,True,True,True,52,61,30,16,8,10,11,64,64
24,10010010100000101111000010001001110111011100101110100000010010010100100111100001100100110100101100010100110011011110110101010001,True,True,True,True,True,True,True,True,True,True,59,71,38,7,8,13,7,63,65
25,00000110000110001100111100110010110011011111111001110001001011100001001101110011101100110111101001111001111100011010001101010110,True,True,True,True,True,True,True,True,True,True,69,59,20,4,4,4,7,65,64
26,10111101011110111111100010000001110000101010110100111001011010101000010111101010000110101011010000110101010110111010001000010100,True,True,True,True,True,True,True,True,True,True,64,74,50,8,15,6,8,64,63
27,11010000001111001001111010000100101110011110011010110010100011101011010111011001001001001101011000011011110100101011101010110000,True,True,True,True,True,True,True,True,True,True,65,72,39,6,10,8,4,64,62
28,11101001001110100110011100101111111100101100111000110101011010001011111001010110110110100011111100100010010111011111000100011001,True,True,True,True,True,True,True,True,True,True,72,67,33,0,8,9,6,63,65
29,00001110100100110011110010001101111001011101011100110101011000011100000010010100000101111111001000000001001110001001100100110001,True,True,True,True,True,True,True,True,True,True,58,60,26,12,6,10,8,64,66
30,00001111011100100110101100001000111100010101100010000000011010000101001000011111110010111101001000011110010010101100011010100011,True,True,True,True,True,True,True,True,True,True,58,62,31,10,8,10,11,64,65
31,10000101110100001101110010000010101111100111000110010110010110010000110100110000111011000011100011011110001100011100110110111000,True,True,True,True,True,True,True,True,True,True,62,60,22,7,5,6,10,64,63
32,10010111011010110101000000110101010001111100001111001010000010101111001110111011000101010001100111101000111100110101101000001011,True,True,True,True,True,True,True,True,True,True,65,69,40,8,12,5,8,65,65
33,01000000011101110111001001111000011101100001111011000100101000010100010010101101001111010011011011001100001000110000011011001101,True,True,True,True,True,True,True,True,True,True,60,64,29,10,4,7,9,63,65
34,11000110000100000010111010011001100101101111011100011000100101000000001000010001111011110110010100000000011001111000000001110100,True,True,True,True,True,True,True,True,True,True,53,54,22,21,4,8,10,64,64
35,01011000001111110110010111011001010001011011000000111101101000011001111010100010110011011101111101010000101010100011001100011100,True,True,True,True,True,True,True,True,True,True,65,67,35,7,10,5,8,65,64
36,11100001100000100110100101101100101100111010110100111011011111100110011001100011001100100000111000010111010011101111011010111110,True,True,True,True,True,True,True,True,True,True,69,64,26,6,5,5,5,64,64
37,01011110101100110001110101101111111111110111110100011011110010111111100100011100000000111001100111011001010110100000110000110101,True,True,True,True,True,True,True,True,True,True,73,58,28,8,7,3,6,63,64
38,11011100100101101101100110101011101101000101010001011111011011011010000110000110010000110000000111110110100101101010110100010010,True,True,True,True,True,True,True,True,True,True,64,74,42,7,9,8,7,65,64
39,01010000100111010100011100101000010001011001110110100100010111100000011001100101000100011110100101111010011001110000011101100111,True,True,True,True,True,True,True,True,True,True,60,66,32,7,7,9,9,64,64
40,00001101100010010110001001011100100111010000001001010001101011111000000111100101111011100100000001101000001111100011010001010001,True,True,True,True,True,True,True,True,True,True,56,60,29,13,6,10,11,64,65
41,10011111101111011011010010111101101101111110100101010111101111111000100100111111110011001101000100110001101100111100110110111100,True,True,True,True,True,True,True,True,True,True,80,62,28,0,4,5,3,64,63
42,00010000100111001101101101010111101100010101000110110111100100010011111001101001110101011000100010001101001110000110010011010111,True,True,True,True,True,True,True,True,True,True,64,70,34,2,7,8,9,62,64
43,01111001110011001001100000110101111010010100001000110010101100010101111011000010101100011101110010010001100100111011001110001101,True,True,True,True,True,True,True,True,True,True,63,68,31,4,8,9,8,65,64
44,11110100010010110001101110100010010000000110011011001111001111110010101011000000100011010111000000111000100111100100001100000101,True,True,True,True,True,True,True,True,True,True,58,59,26,13,6,9,10,64,65
45,11110001011101010100100001011100100110010111100000001000011100011101011000001100000110110101011110001100110001000101010111110001,True,True,True,True,True,True,True,True,True,True,60,63,32,10,11,8,11,64,66
46,01101110101001111110100011001111010100000110001100100011110010110110001001001000110011001100001000110110001001011000011000011100,True,True,True,True,True,True,True,True,True,True,59,63,24,5,4,8,11,64,63
47,00110010001100100100000001110010001101101100111010000010000101110111010101011000110111001111010000000100011011101100000000101111,True,True,True,True,True,True,True,True,True,True,57,60,27,16,5,8,9,64,66
48,11011001101010101101100010100111100100100101110111100000110000000010110110011110000010001110010101001000110001010000111001110001,True,True,True,True,True,True,True,True,True,True,59,65,31,10,9,9,9,65,66
49,01010010100001001010000101011110111000011110000000110011110100000110000000110100000011001111010010001111001000011111100000110110,True,True,True,True,True,True,True,True,True,True,55,55,26,19,5,6,10,66,64
50,11000110111110110011111101111100011111011011011000100010010000000101100000000110101100110111001111110101011011101101000000110111,True,True,True,True,True,True,True,True,True,True,70,57,25,12,4,4,7,65,64
51,11000010111001110000011101110011101010101101110011111010011100100110011010011011100101101111100001100000101110010101001000100000,True,True,True,True,True,True,True,True,True,True,65,64,29,8,8,7,5,64,63
52,00110111011001110010000011111011011011001101100110011001000101011001101111100111011001000111101100011111110000100000011101111111,True,True,True,True,True,True,True,True,True,True,72,56,18,6,2,5,6,66,64
53,10110000001100101010100011011100110100010001100110111100101000010100010101010000100100010011110001101000111101110100011111010000,True,True,True,True,True,True,True,True,True,True,58,68,37,6,8,8,11,64,63
54,11010000100100111000100110101101001100000110001010100110110101001100000010000001111011110100001000000100010111111010010100111001,True,True,True,True,True,True,True,True,True,True,56,65,34,13,6,9,9,63,65
55,10110100111111000101001001101001010111010101110111111100100100001110100010010100010001110011100011110101111111110000011111011111,True,True,True,True,True,True,True,True,True,True,73,61,33,3,7,8,7,64,64
56,10011101000111000001110000000001110111001001001110001011010111100001011110110101110101001010001101100010001100110100101100000110,True,True,True,True,True,True,True,True,True,True,60,64,31,11,7,7,9,64,66
57,01001000000100011011001010110101001100101111001010111011111011001101110011011010000110010011111011101011010110010010010111100010,True,True,True,True,True,True,True,True,True,True,67,73,39,4,9,10,4,65,65
58,10111110010010101001110000111101000001100000111100000011100000001011110010011111010000011100011001101101100111100100101000011000,True,True,True,True,True,True,True,True,True,True,59,54,21,15,4,6,8,64,64
59,11001110010010101100011010100110110101011001111110011101100010000110110100110001001000111001010011110110101101101010110011101011,True,True,True,True,True,True,True,True,True,True,69,75,38,1,10,6,5,64,64
60,01101010100001110010001011101000110000110010100000000011111111000111001110101110101111011101111011101000001111101001101111010100,True,True,True,True,True,True,True,True,True,True,68,61,33,10,7,3,7,64,63
61,00111000110001111011011001101001110000000110101001100001101100111110100110111000101000001110011000110011100101010110011000011100,True,True,True,True,True,True,True,True,True,True,62,61,21,8,5,2,8,65,64
62,00010010101100000100101000111111011000110111111110101101110011000000100111100101011110111111010001011100101000110110110010001111,True,True,True,True,True,True,True,True,True,True,69,62,31,5,8,9,8,63,64
63,11001011101001110001100101111000100100101110100010111000000011001101000100011110111110000010100001000000110111101111001000111101,True,True,True,True,True,True,True,True,True,True,62,59,27,10,5,10,10,64,65
64,01001000100101001110011100011001100110111100011010111010110110100101010010000101000111101100000010011101010110100110101110010101,True,True,True,True,True,True,True,True,True,True,63,76,43,4,11,8,6,67,65
65,10101111000000111111010000010000010011001111001000100011100111001101000100101001100110011110110110011111011000010111100000111100,True,True,True,True,True,True,True,True,True,True,63,56,21,10,3,7,8,65,64
66,11000000100000100010101011111101100000001101001101110010010011110110011000010100101101010011000110010100010101101010111110100001,True,True,True,True,True,True,True,True,True,True,59,69,39,11,11,9,8,65,66
67,01001011100100101001001110101111110001000100101011110000111010001111000101111010001011001010000000100000110000100010111111000101,True,True,True,True,True,True,True,True,True,True,59,64,36,8,10,14,11,64,65
68,01101001000001111011011101100011101110001101001011101000110100001110111101000001010110101101101110001001011111011101001100100011,True,True,True,True,True,True,True,True,True,True,68,68,35,5,5,6,8,64,64
69,11001001101010100101001011101111110111100010111000100111111000000000111100111101100011000110110100100010111011101000110101110110,True,True,True,True,True,True,True,True,True,True,69,64,32,6,7,7,7,64,64
70,10000100001001111001101000110101000111000100111111011001011000101101010111011000000101101011101100100100011011101010001110010110,True,True,True,True,True,True,True,True,True,True,63,70,37,5,9,9,9,64,64
71,11011001100001111001001111111000101100110101000000010101011100001110010110000000011011010100110101010001110011100011011110011001,True,True,True,True,True,True,True,True,True,True,63,63,29,11,9,4,7,62,65
72,10001100010101110000110000100111110111100101000011000011101100110100111111100001011010101010111011000111011001000011111101110001,True,True,True,True,True,True,True,True,True,True,67,61,29,6,8,5,10,64,66
73,11011111111000100010010001101000110001100001010100010011001001100001110110100010110000010000010000001111000000101110101110011110,True,True,True,True,True,True,True,True,True,True,56,58,26,12,5,10,13,65,64
74,00101010001101010111101001000010010001111001000000001101110001101001001100110100000010000101110110000110111010011010100000011100,True,True,True,True,True,True,True,True,True,True,54,65,33,14,6,8,9,64,65
75,00110010001110000111110011110100110001100010010000011001110110110101011001001010110001011110011011011011000010111110101010101111,True,True,True,True,True,True,True,True,True,True,67,68,33,4,10,7,7,64,64
76,01000100110010000101001000111111001111110111111111110110011011011010000111111000010001100110001010000100001010001000001111010100,True,True,True,True,True,True,True,True,True,True,63,57,27,7,4,9,11,65,63
77,00100000111010111000110001011100111110110100110101100101000000000101001010010001010110010111001000011110010010000101101001100001,True,True,True,True,True,True,True,True,True,True,56,68,36,11,10,12,8,63,66
78,11101110111100110101110101010001111110100111101011100101010110100010100111100101010111111100000000110111011010110111100101111010,True,True,True,True,True,True,True,True,True,True,76,70,44,5,13,4,3,64,64
79,10100011001110101000111011001010101000110101010001110000010111011000000011010110100000111100100101011100100111011100110111101111,True,True,True,True,True,True,True,True,True,True,65,69,38,8,10,5,7,63,64
80,00010001010101010110000110011110111000000100010100010110001010011011000101000001010110001011001101011000111101111010100100001001,True,True,True,True,True,True,True,True,True,True,56,72,42,7,14,11,12,64,64
81,00010010011110110000101111010101111010110110000110100010001011000110101010001101001010001010110111110101110010110001001111000010,True,True,True,True,True,True,True,True,True,True,63,73,43,3,12,10,10,64,66
82,00000011101101101101101000011001000001001110001000110101101011010001011100100100110111010111110000100010000000110010001111101101,True,True,True,True,True,True,True,True,True,True,59,64,31,11,4,9,10,64,65
83,00000010011110010110110010100011000010110010111100010101011110110011110111010101000010110000111000011000001101011110111111010111,True,True,True,True,True,True,True,True,True,True,66,64,34,9,12,7,8,62,64
84,01001100011101101011000010001111101000111010000011011000101101101001111000111111110101010010000011110101011010010101001110110000,True,True,True,True,True,True,True,True,True,True,65,67,37,6,8,4,8,64,62
85,10011111101110101011111000001011111101010001100110000101110010110000110000100111010000000011111001001001101101110010001001011000,True,True,True,True,True,True,True,True,True,True,63,60,28,10,7,9,7,67,63
86,10111000000001010100000101000000110100011101010101011100001100100110101110001011000010110100110001010100010100001010100111110100,True,True,True,True,True,True,True,True,True,True,54,72,46,13,15,8,10,65,64
87,01101100100001001010010001001110100100110000100001110010101011111001111111011010111010000001001010110101100111010000110101111001,True,True,True,True,True,True,True,True,True,True,63,70,39,7,9,10,6,64,65
88,11010111100111111011011011000110111001000111101111000110011101111101101101111110010111100110110100100101101010111111110011000001,True,True,True,True,True,True,True,True,True,True,80,61,27,2,5,4,4,60,66
89,11100010110001011110111111001111100101000100011111001101100010100010100111011010001100101100100100001110110001011000110100100000,True,True,True,True,True,True,True,True,True,True,63,64,29,3,7,11,10,64,63
90,10010001100010101100111111010111100101110010110000001111100010011011001000011101000111101010110011010011001111001000000101001010,True,True,True,True,True,True,True,True,True,True,63,66,33,7,9,9,7,64,64
91,11101000101000110001110101101011010011011111111111001101101010110000010000110101011011101011101111111000110110010110100010010001,True,True,True,True,True,True,True,True,True,True,71,69,39,3,9,5,8,65,66
92,11110101010110111000111100011110001111000101000111110101010011101100101001110011101001001110100011001010111011110010000001100010,True,True,True,True,True,True,True,True,True,True,68,66,34,3,9,6,8,64,64
93,00010001001101010101110111110110011101110011100111111000101011001010100100011011101011010000010010101010110001001000001001011100,True,True,True,True,True,True,True,True,True,True,63,73,42,4,13,11,7,64,63
94,00100011011100101110100111000000110000110010100111011000110111011010010111111001010001110111110011011000000010110101110110110001,True,True,True,True,True,True,True,True,True,True,66,64,29,8,6,6,7,65,66
95,00011100101111000110110000011101010011111010101101010000001001000100010011001100100100011111100010001110110011011010011110110011,True,True,True,True,True,True,True,True,True,True,63,64,28,5,5,8,9,61,65
96,11010101001101010000000110100000001000110101100010010000100101101001010011101100101100101110111101111110100110110110011010110010,True,True,True,True,True,True,True,True,True,True,62,74,42,9,9,9,5,64,65
97,10101101010110011100000100101110011000101111011110110111010100000001000100001100110001001011001001101111110100101100110111100001,True,True,True,True,True,True,True,True,True,True,64,67,34,8,8,9,7,63,66
98,10100011010011111000110011000010010000011000000100000101000001100111100010111010101111100110101111000110010110101110011101010011,True,True,True,True,True,True,True,True,True,True,61,63,30,10,8,6,9,64,65
99,01010100111110110001111011011100011101100111111111010011010011110101001011101100100010000100000010011010101011111001100000101110,True,True,True,True,True,True,True,True,True,True,69,65,35,6,8,6,6,64,64
100,00010001001000101011000101101111010010011001000011111001010000000000001101111000111110100100001110010110111001100011100110011100,True,True,True,True,True,True,True,True,True,True,58,59,24,11,5,10,9,65,63
101,00001110110010110111100011011010110110101011101110110010101110101001111001111011010110000111100100101110000100000001000100001000,True,True,True,True,True,True,True,True,True,True,64,67,35,8,9,8,7,64,65
102,01000101011010111001010010111000010000011011011110110011101000111000110110000011011000000111101000100000101111000111101100010010,True,True,True,True,True,True,True,True,True,True,60,63,31,10,6,8,11,64,64
103,01000111010001111101010000100111000010001110101010010010110110010011011000011011010010100110010101010110111100001000101001010010,True,True,True,True,True,True,True,True,True,True,59,77,46,4,11,11,8,63,65
104,10101010101011000001000100111001010111111110110101011011010100100001101110101001101001010001010011011101011101110001001011010111,True,True,True,True,True,True,True,True,True,True,68,81,54,3,16,8,5,64,64
105,01110111001101010010100100010101110110111000100010110111011000000001001001101010101001010010100000001101000000111101110111011011,True,True,True,True,True,True,True,True,True,True,61,72,43,12,10,9,6,65,64
106,11101011011010100011001101001010101001110000100000000101010100101110101010010001110110001100011010100111110001110010100000010010,True,True,True,True,True,True,True,True,True,True,58,74,45,9,13,8,8,64,65
107,10010001110000010101010100101010010001010100111001111000111100111010001101110100011001111111000000001100101110101110111011011001,True,True,True,True,True,True,True,True,True,True,65,67,36,7,10,6,7,64,65
108,10000001001110000101110100101101101100111111010101110111111011100111111011010011010111111101111001100010010011000110100001010001,True,True,True,True,True,True,True,True,True,True,72,63,32,5,6,6,6,64,65
109,10011000101100110011101010110110110011010100110111100110101010111011001011010101101110010111111101110100011000001001010101110011,True,True,True,True,True,True,True,True,True,True,72,77,43,2,14,5,3,62,65
110,01101010000100001010001011110101110101101111100111011001010011011010101101010011000110010000111111100110111111101100110100101111,True,True,True,True,True,True,True,True,True,True,72,70,39,3,10,6,5,64,64
111,00111000101111001001010010010100101111111100111010101111100110111010000000001001111011011101111100111110101111000111000100011001,True,True,True,True,True,True,True,True,True,True,71,60,29,6,7,8,5,64,65
112,10111001001100000011000110010101001100011001000100000000101110100110100000000010101000101010001001111101111110010011011010011101,True,True,True,True,True,True,True,True,True,True,56,65,34,14,7,9,8,64,65
113,01101000011100111111000111010000011100100011100011111011111011111011001011100011101100001001100110110110100110111000111110101000,True,True,True,True,True,True,True,True,True,True,71,57,22,4,2,3,8,64,63
114,01101010010100110100010010001011010100010000111000010111101111101001001100101101111000010011111111111001011010001111000011101110,True,True,True,True,True,True,True,True,True,True,67,65,35,4,7,10,8,62,64
115,10001100000111011010010101010101100000001000110000000010101011110001101111110110110010000101110000001101110010001000101100001101,True,True,True,True,True,True,True,True,True,True,56,63,34,16,10,8,11,64,65
116,10111000110001010110000001001100001001111110101111010101011010100000011111000100101110101011100011110100010110101011110101100001,False,True,True,True,True,True,True,True,False,True,65,69,43,8,14,6,9,68,66
117,00011001110010000111101011010100111101000111100000110000000011011011001000110101001110100100101011111100010111011000000100010100,True,True,True,True,True,True,True,True,True,True,59,63,31,11,7,7,9,62,63
118,10010101011010001011110011101000111001101101000100100010110111001111100011110011000000010100011111111001001011001101001111101000,True,True,True,True,True,True,True,True,True,True,66,64,31,4,7,8,7,64,63
119,11000010000100001110011000100001101111110010100010100001000001111101000110000000100001100001110010110101101001101101101010010111,True,True,True,True,True,True,True,True,True,True,56,61,29,13,6,9,12,65,64
120,00010011011100001110100001101101100000010000100101101011000100000100001101110111010101000110101001001000111001010011101100000110,True,True,True,True,True,True,True,True,True,True,55,67,34,11,6,9,11,66,66
121,11001110110101011001000110000100001001101010100000001101100100100000000101100001110100001111001100001010100101011111011100001100,True,True,True,True,True,True,True,True,True,True,55,64,32,15,9,8,9,62,65
122,10011111011100110010110100010010000100011110100000001100110001010111101110100001000000110111001010100110110010100101011000000111,True,True,True,True,True,True,True,True,True,True,59,65,33,12,8,9,8,63,66
123,00001000101101100001100101001011010010000000000000101100100100000111101110000111111111011100101001000110101100010111001100101110,True,True,True,True,True,True,True,True,True,True,57,61,30,15,8,12,8,64,64
124,01000100101011011111110001101110101011100101011111001111001001111001110011001110111111111000010111111100011101001100001111000100,True,True,True,True,True,True,True,True,True,True,75,57,25,2,7,6,6,64,65
125,10101010011010001111011101001011111001110010101111110000010101000011010000110111111111110000010000011111101111010100101000010110,True,True,True,True,True,True,True,True,True,True,69,62,38,9,10,6,7,64,64
126,10101101101101101111011100000110100111010010011110000101111110001000000100010101001011101001111110110100100010111010110110011111,True,True,True,True,True,True,True,True,True,True,70,67,37,6,7,8,6,64,64
127,11001100011010001111011101010110100000011001100111110000001011010010111001010100010001111001111010010111110011000001100011100000,True,True,True,True,True,True,True,True,True,True,62,60,26,10,7,5,8,62,62
128,10001010111111110010111001111100011100011111100011010001110011111100001111000101110111001100100001000111001110000100000001011110,True,True,True,True,True,True,True,True,True,True,68,50,18,7,5,7,11,64,64
129,01001011100110101001101011010101010010010111010101011010010111100101001001101101111011100111000100010110111011101111011101111001,True,True,True,True,True,True,True,True,True,True,73,80,49,0,13,8,2,63,65
130,11001110001100101100000111000000001110101110000100001110001000011110010110001100110000000110100000101001100101001001011000101010,True,True,True,True,True,True,True,True,True,True,52,60,26,16,8,9,11,65,64
131,00101000111011011000101110000010100010111000011101111001000100100111111100001011011010000101101110011001110100101011010010110000,True,True,True,True,True,True,True,True,True,True,62,67,34,6,9,11,8,64,62
132,10000001011101100100100111100000111110001011000101100111100001100101110100010001011011111111000111100101011111100001111110011110,True,True,True,True,True,True,True,True,True,True,69,54,23,7,7,9,9,64,64
133,10100001000100001000011110111010000111110010010110110011000111111010110111011110000110101000111110011111011110000111010100010101,True,True,True,True,True,True,True,True,True,True,68,61,32,6,6,6,10,65,65
134,11101100110110100000100010010011101110000101101001011011100100000010110001000101100100100111100101000011010011111001011001101001,True,True,True,True,True,True,True,True,True,True,60,69,33,7,6,13,7,64,65
135,10111011011100111000011000011100000101100101000001011001110101001010111110000111010111101000100110101001110111011101101010100100,True,True,True,True,True,True,True,True,True,True,66,70,39,7,10,6,6,63,64
136,00101100001001110100010011101101001111100110110011011010010100110000110010100000001000000011001101101011001001000001010011001101,True,True,True,True,True,True,True,True,True,True,56,68,31,12,5,9,6,64,64
137,01100100100100101001110111110010100110110000101010001000000111000011101011111011010111010001011110110100110101000101011001011011,True,True,True,True,True,True,True,True,True,True,65,74,43,5,11,10,6,64,64
138,01001101001110110101011010111000001101101110001010010101101101001111001011000101110010000101100101100000110000011101101100100010,True,True,True,True,True,True,True,True,True,True,62,73,39,7,10,9,7,64,64
139,11100111111101010111011101010000010000111110110010000000011000010010100111000010000101000101000011100011001100101100000011000000,True,True,True,True,True,True,True,True,True,True,54,56,26,18,7,8,10,65,64
140,10001011100100100000110010111011101100001001000011100111101111000101111011010101101011100011011010011011100011001010010101011111,True,True,True,True,True,True,True,True,True,True,68,69,36,4,10,9,7,63,64
141,00110011011111000100010000011111101000001100100100011001101011010001110111011011010011000101101110110100100001011001101011011011,True,True,True,True,True,True,True,True,True,True,65,68,31,5,4,7,8,65,64
142,11111001101110000110100111011110001010001011101101101001010010001001101101010000011110100100100110000000100010000100100110101000,True,True,True,True,True,True,True,True,True,True,58,68,35,8,5,11,8,64,63
143,10000001010011100000100110101101111000001110000010000100110110110111100001010001010111011011110100011101100101001000011100001111,True,True,True,True,True,True,True,True,True,True,60,61,30,13,6,8,10,64,65
144,01011100110101010001100100110011101010010000101011111011111110100010110110110000010001111000110101000111010011011110010101001011,True,True,True,True,True,True,True,True,True,True,67,72,41,3,11,7,7,65,64
145,00110010001010111110100010000010110000100111001101000101011100000111100000001101100001001001001010111110110001000111001100101011,True,True,True,True,True,True,True,True,True,True,57,64,31,10,9,12,10,64,64
146,10101001111110100110110000000001001101011000001010001100000001101101101001110001000001001110001110101010110010111100001111010111,True,True,True,True,True,True,True,True,True,True,60,63,33,15,8,5,8,64,64
147,10101001111111010110000001111011111010001100000011110000100011111001001011000001110011101100110100111000010111000111101011000001,True,True,True,True,True,True,True,True,True,True,65,55,24,12,5,4,9,64,67
148,11100010001010111010101100101101000010000010011011001100011011110100100011110101001010000011110111111000100000010111000100111100,True,True,True,True,True,True,True,True,True,True,61,64,33,8,8,10,10,64,63
149,11011110000101010100000001100111110100001000100100101011000101101000000011000010110010010001001011001110100011011110010101000100,True,True,True,True,True,True,True,True,True,True,54,68,37,11,10,13,10,62,64
150,01011100000001101010001001100101000001001010000101010010000010000111110100001000000100010111101101111001010001100111101101010101,True,True,True,True,True,True,True,True,True,True,54,68,42,14,11,11,10,64,64
151,00101101100101011000010010011100111011110100010101001010011101110011010011011011101111100001101100011000000011011000011101100010,True,True,True,True,True,True,True,True,True,True,64,67,31,7,6,7,7,63,65
152,10100110010101100001100011001100011001100010001111001001101100111001111000111100100110110011000110011110011011100011111001111011,True,True,True,True,True,True,True,True,True,True,68,59,14,1,2,4,8,65,64
153,11111000000010010110000000110110000011011000001010110110000001110100011011101101001100100101110111000100101011010011110010011110,True,True,True,True,True,True,True,True,True,True,60,62,29,15,6,8,7,65,64
154,00001101101110101111101000011001011000001100000110011010111100010010110110100000110100111010000010000011011010100011001100110000,True,True,True,True,True,True,True,True,True,True,57,63,28,13,5,4,9,64,63
155,11111100111100011101001011100100001010000000101100010110111010010100100000100011110011100111110101100010010100000101000110011100,True,True,True,True,True,True,True,True,True,True,60,62,30,9,8,11,9,65,63
156,00011001001001001011001000000011011110010000101110011001101110001101000011001110111111111101111111010011000011000001010011100101,True,True,True,True,True,True,True,True,True,True,64,58,23,9,4,9,7,64,64
157,01001101100001000000011011010010100100101110110111111010011101111000001110101000000010001111001111001111001000100000001101101110,True,True,True,True,True,True,True,True,True,True,61,59,28,15,3,7,7,63,64
158,01110001001100111100011100101000111101111111100110111001001110000011001001100011100110111110100100010011100000100101100001110001,True,True,True,True,True,True,True,True,True,True,65,56,18,5,2,8,9,65,65
159,10101110110100110111011110111111101001111011100101011000101111110011010000000101011000110101010101011101111011111011000101010101,True,True,True,True,True,True,True,True,True,True,76,73,48,4,15,4,4,65,64
160,10010111100110100001001101111001010010111010000101010100011011000011110000001000000101011101001010001010100110001000110110010010,True,True,True,True,True,True,True,True,True,True,56,72,42,9,11,12,9,64,64
161,01111011101000101101000001111000010110001100100110011110100110011111110100110101101100011111100111001110101000000111111101110101,False,True,True,True,True,True,True,True,False,True,72,60,28,6,5,3,6,69,64
162,11101110001100100001011101110100100001000101011111110000011111001100010010101100001010000011011100100000101111010100000101100110,True,True,True,True,True,True,True,True,True,True,60,62,32,11,9,11,10,64,64
163,00110000110101011111000010111101110010111110000110101010111111001001000101010101010010111010011111111100010101101000100011110000,True,True,True,True,True,True,True,True,True,True,68,67,41,4,15,8,7,64,62
164,10010100000000001000010111001000001100010000111011111101011010110000101100011001010100101100011110010001000010000001110101111100,True,True,True,True,True,True,True,True,True,True,54,60,31,16,9,11,11,64,63
165,00110111100101000010110000100000110110100110001001100011110001100101101111100111100000100111101100111101010110000111011011010101,True,True,True,True,True,True,True,True,True,True,65,64,29,7,7,6,8,64,65
166,10010111110011001110111111110111001011001101011111110111101100000010101010110000010000100111100001110000001001000010101010110000,True,True,True,True,True,True,True,True,True,True,65,60,32,12,11,8,6,66,62
167,00101001010100111101111011011111111011100010110101001000011011011001101101111110100011101001011111001000110110010111000110111011,True,True,True,True,True,True,True,True,True,True,75,68,35,1,7,7,5,63,64
168,01100111110110110100101010010001101101000100110010001011111101011100010011000010101111111101001010000100011000011010101101001111,True,True,True,True,True,True,True,True,True,True,66,70,39,3,9,9,8,64,64
169,10011110010011011100101100001101101011110010100111001011001111101010000001000101001101011110011000101101000010001010001000110010,True,True,True,True,True,True,True,True,True,True,61,70,36,5,9,11,8,64,65
170,10101000110001111101100000000110001101011111011000100000001110100111101111110000000001011100101110011101111011000100001001100111,True,True,True,True,True,True,True,True,True,True,63,53,22,16,4,5,9,64,64
171,00111010000101011111010100001101011111101001100100100111000101011110100011110110011010110111010000001111101000110011001100001001,True,True,True,True,True,True,True,True,True,True,66,66,34,6,7,5,7,64,64
172,11110000100100111001110111001101110000000011001101100111111110011111111011100101111001011000010010000010010011011000101000000101,True,True,True,True,True,True,True,True,True,True,65,55,21,12,4,10,6,64,66
173,11011000100010110101111110100000000011001110001110101001100111110001111010111010001100001010100001101111010001111101000111010000,True,True,True,True,True,True,True,True,True,True,64,60,30,9,6,3,10,63,63
174,01110101011100100010001101000100000010000000000111101011101001100111001011111010000010001001000001011101111011110000111100100100,True,True,True,True,True,True,True,True,True,True,57,59,30,15,5,11,9,64,64
175,01100010011110000000110011100000011000001101010010000101110111111100110100101101110101000000100100100011010010110011010010001011,True,True,True,True,True,True,True,True,True,True,57,64,31,13,6,10,8,63,64
176,01111101111001000100011010101010101101110110101000110110011110000011100111010110011011100000001011001101000010010101101010100101,True,True,True,True,True,True,True,True,True,True,65,74,44,7,13,6,6,64,64
177,10100100011001000001010010101111101100010010100011010110011101011001101111100100010000100101111000100011010111111010010000011100,True,True,True,True,True,True,True,True,True,True,61,68,36,5,8,12,9,64,64
178,11100101001101110110110101101110101100110011101101111000001110110000100000111001000001010101001001100001011000100101100111100110,True,True,True,True,True,True,True,True,True,True,64,68,32,8,8,8,6,63,64
179,01010111100000010110001010000010010011101110001001010000110111011000111001101001001000010110101101010000111100010111010010000111,True,True,True,True,True,True,True,True,True,True,58,68,37,9,9,11,10,64,65
180,01010011111001111010100010100101111000010001110110011010101100001100010110111111001101000010100110101000101011110000010000101000,True,True,True,True,True,True,True,True,True,True,61,69,40,6,12,8,9,63,63
181,10110100000001100110110011110010010011000111111011000110110111100101010011111000010111000100100011101110001111011011100010100011,True,True,True,True,True,True,True,True,True,True,67,61,25,5,4,7,9,64,65
182,10111001110001100100110111011111001000010111100111011011001010110001001010111100011010000000110111100110100100100111100011011010,True,True,True,True,True,True,True,True,True,True,67,66,30,5,5,8,6,64,64
183,01011111001000101010111011111001001000000111010110011100010010010010001100111101111010110100110000001101000001001010010101111010,True,True,True,True,True,True,True,True,True,True,62,69,39,8,9,11,6,64,64
184,01010110110000100100110001011000001100110001010101110100001001011101001001100011011001111111111110100000111101000101111001101100,True,True,True,True,True,True,True,True,True,True,64,65,32,6,8,8,8,64,63
185,01111111101110000011001101011111011110010110111000011001001000101001110011010011001010000111101000001110101001101100110101000100,True,True,True,True,True,True,True,True,True,True,66,65,31,6,6,6,6,64,64
186,01101110101101001110111111100011111101111101010011100000000001101001110011001101101100000100101001011000110000001100001011101011,True,True,True,True,True,True,True,True,True,True,66,60,28,13,6,4,6,63,64
187,01000000111111001100110111101011001101101101100101011100100110010010001010100111000110010110010100000001110100011000110000000010,True,True,True,True,True,True,True,True,True,True,58,65,30,12,7,8,7,63,67
188,11001011000111001101100101000011001011001010010010000101100111111101010011110011010011101001010011010011011101100011001010010000,True,True,True,True,True,True,True,True,True,True,63,72,34,3,8,10,4,64,63
189,10111000100101100001000011011010100100000111000011111001110001111000100100110010110100111110010100100010000000011100011111010010,True,True,True,True,True,True,True,True,True,True,58,60,27,10,4,11,10,66,64
190,10001101010101110000111010101100111001001000001010001001001011111001101011000010001001100001111001101000010001111001110100101010,True,True,True,True,True,True,True,True,True,True,59,70,38,6,10,10,9,64,64
191,10011010010000110100000111101110001101001111000101110110101100100011110010011010111011000000110100010100110100100100110110011100,True,True,True,True,True,True,True,True,True,True,62,68,31,6,4,7,7,64,63
192,10011000000001000110011111110010111110100111110111001101111110001001010010000111011001000000011000101000001100000001111001010101,True,True,True,True,True,True,True,True,True,True,60,55,25,16,6,8,8,63,64
193,10111000000110111010000101101101111101100100100101110100101100001111111001110101000011111010101111101001011010101100001111010001,True,True,True,True,True,True,True,True,True,True,70,67,39,7,9,6,6,64,66
194,11100000011110011000110010010100001011010100000111011101000000110111101110010001100111000010110100110101001011010000010011111111,True,True,True,True,True,True,True,True,True,True,62,61,29,12,6,7,8,64,64
195,00001011000001011111010001011101000001100111000110000100011110100001011011010110010000111000000001000010010001000100001100101111,True,True,True,True,True,True,True,True,True,True,52,58,27,15,6,12,14,65,64
196,00110111100011000100101100000111110011100111111001000000010110101001111001010110110000101110010111111100100111100010101000001000,True,True,True,True,True,True,True,True,True,True,63,59,27,9,9,10,7,64,65
197,00010011011111011001000010100100000111011010100001110100001011101010101101000001000011111101000111110101000010100111110001110001,True,True,True,True,True,True,True,True,True,True,61,64,37,9,8,7,11,63,65
198,10110101100110011011101001001001111011001111100110001100100111110010011001101010100011110110000001100110101111010100110101010010,True,True,True,True,True,True,True,True,True,True,68,72,35,3,7,5,3,65,65
199,10111100100010111101011101011000111100011111011111101111110011000110110000011110111100110111010111000111111010010101010110010101,True,True,True,True,True,True,True,True,True,True,78,63,34,2,10,4,6,64,65
200,01001110111001000101111110111100100100011100011001000010100000000101101000000101011011110000000100010001000010100111001011011001,True,True,True,True,True,True,True,True,True,True,55,62,32,14,7,13,10,64,65
201,11011111011110010010100101001111100111110000111010011001011000010010001110111010001101100000011101110011010110010000010111000100,True,True,True,True,True,True,True,True,True,True,65,62,27,7,5,9,7,64,65
202,01011000000111100100101110010001100100000001000101010101000001100110010011101010011010111111101000110010110000100111011111111110,True,True,True,True,True,True,True,True,True,True,62,63,33,10,9,9,7,64,64
203,00010001001111101000100011000010000111010110010011000101001010010000001111000001101111100001010010010011001111011111110110101010,True,True,True,True,True,True,True,True,True,True,59,63,32,8,6,11,10,65,64
204,11010111000101110001110100001101000101000000001010111110110010100101000111010001011011110000111010111001111111001001110111010010,True,True,True,True,True,True,True,True,True,True,66,66,37,7,9,8,8,64,64
205,00001101101001001110000000000110101111000001100011111111101000110001010000100000110110001100011100111000100000101001010010110001,True,True,True,True,True,True,True,True,True,True,54,56,24,15,5,7,13,64,66
206,00111111111011001011010101001011001001101101001111010100000000001110101110011110011100001001110101011110111011110110001110001111,True,True,True,True,True,True,True,True,True,True,72,62,31,8,8,4,4,64,64
207,00011110100111101010011001101000011110101111100000100011001101101000110011011010011000111011001101110000100110011001111001011111,True,True,True,True,True,True,True,True,True,True,68,62,23,4,3,3,7,64,64
208,10011010101100111111110111100101000110010111001101011111001011110101100000111100111000011010110001101010001000001000100010100111,True,True,True,True,True,True,True,True,True,True,67,65,33,5,10,7,8,65,64
209,01001001111000111101000011100000111000001101100011100000101010001111101111110101011111110000001100010110011100101100101111000000,True,True,True,True,True,True,True,True,True,True,63,53,23,13,7,5,9,63,61
210,01000110111011100011001111001000000101111101011101001011011110010100101010011101001010011000000001101111001101110111111110001000,True,True,True,True,True,True,True,True,True,True,67,63,32,8,7,7,5,64,64
211,00001011000011010110010101011010110011000011111110011100111101000101000001001111001100001100100100110100100100010010011000111010,True,True,True,True,True,True,True,True,True,True,59,67,31,6,7,10,8,65,64
212,00111011100101000111110110010110010000100100101100111111111100111101111000010111010011011101010000100101011001010011000001100011,True,True,True,True,True,True,True,True,True,True,67,64,30,5,8,10,6,64,64
213,11010111110011111011100011010000101101011100010111010101101001100011101010001101010101010010010101101010111110111001110001011100,True,True,True,True,True,True,True,True,True,True,71,76,47,1,16,5,6,64,63
214,00011010101001100110010111110111011100010101011100111101110000101100001000011010111010000000101101101110110010011011000000011110,True,True,True,True,True,True,True,True,True,True,64,65,33,11,9,6,7,66,66
215,10011000000011000011101100111101001110101110001111110110001000000010110111110110111111011001001101011111100111000111110001001001,True,True,True,True,True,True,True,True,True,True,70,55,22,9,3,5,7,62,65
216,11101101010100110100001101010010001000010000010001000101101110000010010100110010111010111010100110111100001111100001001001111011,True,True,True,True,True,True,True,True,True,True,60,69,38,8,8,11,9,65,64
217,11101000110001111000111010100111000000010111110111010001100010001010011000101110000000101010000111010110000010100111101100100011,True,True,True,True,True,True,True,True,True,True,59,61,30,11,8,7,12,67,64
218,01010011100010000110001011011100100011101100000110010011110010100110100111111000001101011100111011010110011010000001010111101101,True,True,True,True,True,True,True,True,True,True,64,66,32,8,7,6,7,66,65
219,11101110010101010110011010011111111110110111110111101001010110100111101000000001100110111110000010100001001111110110000101001101,True,True,True,True,True,True,True,True,True,True,72,63,35,9,8,5,4,66,65
220,10011011000110000101100101001000010000001101001100111110011001011011010011101011001000001111100101000100001110011101100010100100,True,True,True,True,True,True,True,True,True,True,58,66,29,8,6,10,8,65,64
221,00101011001010100100011010000001111011000001111011100001001001101100001111111010010110111111110110110001100100110100110111100010,True,True,True,True,True,True,True,True,True,True,66,63,30,7,5,8,7,62,65
222,00001011010011000010001010000011001001001010001100011001111111111011010010100010010010100010000001000001011001101101111001000101,True,True,True,True,True,True,True,True,True,True,54,66,34,9,7,15,11,64,64
223,01000101111101001101101001111110011111111000110110111001110000001010110111101111010011010000000101010011100010011101000110001101,True,True,True,True,True,True,True,True,True,True,69,62,31,7,5,4,7,62,64
224,00000110111001001011111110100011111000100010000010100010011110101000111000010010110000110000001110110010011011100010011100011111,True,True,True,True,True,True,True,True,True,True,60,56,23,9,4,10,12,64,64
225,01100000110000010100100010001000000011111010111101100111110001101000101110111110010101011001011001000101010000110111011110110110,True,True,True,True,True,True,True,True,True,True,63,65,35,9,9,9,9,64,64
226,11111001111011110111000001110010011110010100000111101110101100001101110111000101000011100001110010001010101100011010100110101111,True,True,True,True,True,True,True,True,True,True,69,61,29,7,8,5,8,63,64
227,01111001110100001110011100110101011000101100000101010110010110111100000001001101110001110010110111010001111000101010010100011011,True,True,True,True,True,True,True,True,True,True,64,68,35,7,11,7,8,64,64
228,01011101101110001010010000100011111000111000100111110110101110110111101110000010000101011010111010110010000111010000010100100000,True,True,True,True,True,True,True,True,True,True,62,65,36,9,8,9,9,61,62
229,00000111010100001111110001100100000000100011001010011110000101100111001000011011110100000101110000111000110101011101100101110010,True,True,True,True,True,True,True,True,True,True,58,59,27,13,7,8,10,65,65
230,01111100011111000111101011000101010000011100100100000101010001110110110010001111001100111010000110111001111111110000010011010001,True,True,True,True,True,True,True,True,True,True,65,58,26,7,5,6,10,65,66
231,10110001010001011010010111111000010010011010010000100010010001110001111001111011010001100100011111111111011101000111100011111100,True,True,True,True,True,True,True,True,True,True,67,58,26,2,3,10,11,65,63
232,11101000111011101001000010110100010000000101010100101101011100011010001111001111001110101110000101110101101000010100111000101101,True,True,True,True,True,True,True,True,True,True,63,71,42,7,11,8,9,64,65
233,11001011011110101100110011111101010101001011110100111100101001100000101010000010010001001110000110110000000101101111100011010000,True,True,True,True,True,True,True,True,True,True,62,66,35,10,10,8,6,64,62
234,11000011110111010101101011000100100101001001110111110110100100000011100111000110011100000101010011110101111101110000010100110111,True,True,True,True,True,True,True,True,True,True,67,65,33,8,8,7,6,64,64
235,10111000010001000011010101011100011001101000011100100110100101110111110101100010001110011101001110100111110111001111111110111101,True,True,True,True,True,True,True,True,True,True,72,63,31,3,5,5,7,63,65
236,11101001111011110000000000010011000101000111000101110101110001011001101011101010111101110000100101111001001111011100010000110010,True,True,True,True,True,True,True,True,True,True,64,62,31,10,8,9,8,63,65
237,00000100000101011101110010001000011000100001100010110110001010101011010001000100010110100011000010111101011111110101100111000000,True,True,True,True,True,True,True,True,True,True,55,65,36,10,11,11,13,64,61
238,10110010101010101010010111010010111001101000110010010011110011000011011101110111011111100001110111010100011011110111000100000000,True,True,True,True,True,True,True,True,True,True,67,68,37,7,9,6,5,65,62
239,10000000011100000011011010111110011100110110001010011101000110111111110111000100100100111101100100011010000100000011101000000000,True,True,True,True,True,True,True,True,True,True,58,54,23,18,2,6,8,64,60
240,10000110011101101111001010101001100100010010100011110011101110010010101000100000100010111111110110100010001111110001110101010100,True,True,True,True,True,True,True,True,True,True,64,68,38,3,10,10,9,65,64
241,01101111010101111010000010001111110100000101111101010011001101100010101101100011111000110010100001000011110010011001101010111010,True,True,True,True,True,True,True,True,True,True,66,67,37,6,9,6,8,65,64
242,10010111000110110011010000000001100001011010001010110100110001111000100110010101001000011011010000101010111100100001100111001010,True,True,True,True,True,True,True,True,True,True,56,70,37,10,10,9,9,66,64
243,11100110001001110101100100101001010110101101011100100101100011011010111101101111011000000111101001111011001011010001010110111010,True,True,True,True,True,True,True,True,True,True,70,76,43,3,11,8,4,62,64
244,11110101010010111000001010101001010010001110011001111110010010011001010101111000101000111111001101011100100110010101100111101101,True,True,True,True,True,True,True,True,True,True,68,73,41,2,14,10,4,64,65
245,10001100010110000011000101010010011010010110101101010000111011111000100100011011001101111100001001000100101100101010001110001110,True,True,True,True,True,True,True,True,True,True,59,70,36,4,9,11,11,64,64
246,11110010111001010010110000100011110100001100001100001111001110011001000111000111001011101100101100110111100000001110101011111010,True,True,True,True,True,True,True,True,True,True,65,60,25,8,7,7,8,65,64
247,01110000000001010000001010101000100001011001000001001101010000101100110110000110101101011011101010011111110001010000010000100110,True,True,True,True,True,True,True,True,True,True,52,67,40,17,11,10,10,65,64
248,11100001110101000111101100000111110101111011001010011101100011100100010111100111100001000001010111000101010101010001000100110011,True,True,True,True,True,True,True,True,True,True,64,65,34,6,11,8,10,65,65
249,00101101010011001001110100100100110100000001011010010010001111000001101000000110001111010101000111111010001011010100011111110010,True,True,True,True,True,True,True,True,True,True,59,67,37,9,7,9,8,63,65
250,11100011011000100001011111010001000110010010001111101001100001100011110000010000101101000111110111101101101001110111101000111110,True,True,True,True,True,True,True,True,True,True,66,58,25,5,2,7,12,64,64
251,11111110011111010010010100010001101110101101011110000111100101010101110100000100111111001100101101001111010111001111100001000100,True,True,True,True,True,True,True,True,True,True,70,64,34,4,9,8,6,64,63
252,10000001001111011011000111110000000011111111100101110111101010010110101010011011100011000110100000011010111110101111000010010100,True,True,True,True,True,True,True,True,True,True,66,60,32,12,8,5,7,64,63
253,11100100001110111110110001101011010011110010100100110100100011011001110100101011001001101100111111011001110011001010110110110001,True,True,True,True,True,True,True,True,True,True,70,71,32,1,6,7,4,66,66
254,11111010101101111100111000011001011011100100011100110011101101011001011111000100000100101100111110001101101011100110110001101001,True,True,True,True,True,True,True,True,True,True,71,65,28,3,7,6,6,64,65
255,11010010111110000001101110000011101011001110010110100101000100000100111100010111101000001010001110111010101000001000101011010011,True,True,True,True,True,True,True,True,True,True,60,67,38,11,10,9,9,67,64
256,11011101110100001011100001111001101000010101111110100000010000101010111100010111101100101011100010111010101011100010100001111110,True,True,True,True,True,True,True,True,True,True,67,66,41,8,14,8,9,65,64
257,00010100100011011010000111001001001001101100001010000100011101100011010000001101011111010000100000000110000100111010011100001101,True,True,True,True,True,True,True,True,True,True,52,62,29,14,3,9,12,65,65
258,11110100010000101110100000100000111000101011000011101110101111010101101101001100110101010101101000101111001100101101011111010011,True,True,True,True,True,True,True,True,True,True,67,73,44,6,13,6,7,64,64
259,01101000010100001011011101001011000010111111011010111010001111100011110110011001010111111011011011100001000000010110111100100011,True,True,True,True,True,True,True,True,True,True,68,64,34,8,8,8,8,63,64
260,00001100101111010100111101100101001000110001101010001110011011011110000000100100000000101110010111100010101010010101110111100100,True,True,True,True,True,True,True,True,True,True,60,67,36,10,11,10,7,65,64
261,01011000010110011111011011100011011010111110010111010000011110011110010100001010100011101100011110100100011101101010011001010111,True,True,True,True,True,True,True,True,True,True,69,68,36,4,10,6,7,64,64
262,10100000111101101011000000110001011010011001000001100010010110000001000011110111001100110000110100101100010011101101000100100111,True,True,True,True,True,True,True,True,True,True,56,63,27,12,4,9,10,64,64
263,11000000110110101011000001111100010110111111011010000001010010110000001110000100111101011100000111100111011000110101100000011110,True,True,True,True,True,True,True,True,True,True,62,56,26,17,7,4,9,65,65
264,01101011000100101110000100100100111000100010000101011010110010010100010000111011000110010111101100001001001010100001100000101110,True,True,True,True,True,True,True,True,True,True,54,71,38,7,10,16,11,63,64
265,10001110100101000111001001001000100001111111000101010010110000011111000010001000110100110110111001010101100001100100001111101111,True,True,True,True,True,True,True,True,True,True,61,63,31,6,7,11,11,64,64
266,10011110011110111101111001010010000010100110000001011101110111000001010010001111011100010000111010000000100001011001010110010001,True,True,True,True,True,True,True,True,True,True,59,61,31,13,7,11,9,64,65
267,10100000110100010011011001101101100000101010011101010010010001000001001011011010101000100001101101001111110011001101011000111101,True,True,True,True,True,True,True,True,True,True,60,73,40,7,7,8,8,65,65
268,10010100010100101001010011011010100101001011001111011011000101001100111000101010011001000011000011110010001110100011001101111010,True,True,True,True,True,True,True,True,True,True,61,76,41,2,10,10,7,64,64
269,01100000000001000110010101010111001011010011001101010011000100001000100100010111111001111000000101011001000100101010011000001101,True,True,True,True,True,True,True,True,True,True,53,68,37,13,11,12,9,65,65
270,10010000111001110010001111111000011000001000111100001110011000110110100010100100010001001111101111101000010101100100011011101000,True,True,True,True,True,True,True,True,True,True,60,58,24,6,3,9,12,64,63
271,11101010010000000010100101010001010010110000011101001011001110100101111100000011100000100111000110010101110010100100101000101010,True,True,True,True,True,True,True,True,True,True,55,72,44,12,14,13,7,64,64
272,10000001010111110111110010101011101110101111101111100100001101011111011100001000110001110010010010100110110001111001101000111110,True,True,True,True,True,True,True,True,True,True,71,62,32,5,8,7,7,65,64
273,10011101001101110111100010110110000101110010101000011001000010111000010101101010110011001000000101001101110111111100001010000100,True,True,True,True,True,True,True,True,True,True,61,68,37,9,11,10,8,64,64
274,01101101111001110010100100100000111101101001101110010011101010111001001110111110011101111101001001100100001111001011101001100010,True,True,True,True,True,True,True,True,True,True,70,67,31,3,4,9,3,63,65
275,01010110111011011111010110010110101111001000000100011011110110101001110100000101101100001100110101000010010011100010011010000010,True,True,True,True,True,True,True,True,True,True,62,71,40,9,8,8,7,64,66
276,00011101001101100000001010111011011111000101111000101100000011100011100110110001101101011010100011010010101000001101101110001110,True,True,True,True,True,True,True,True,True,True,63,65,32,9,8,4,10,64,64
277,00001110011010001011110111011110000110000101101100010000010101010110110100000010110100011001011101001011101001100001010101001001,True,True,True,True,True,True,True,True,True,True,59,72,42,9,12,9,9,64,65
278,11111111100110111000110000011010111010100000100011101010101100000110001110010101000110111000010010001100010011101101011000000101,True,True,True,True,True,True,True,True,True,True,61,63,32,10,9,6,11,65,66
279,11101111110010111100011101011010100011000010000000111001000011111001111010011110110001010111011010010111011110100110000011000000,True,True,True,True,True,True,True,True,True,True,66,58,27,11,6,5,7,64,63
280,11110100010011100010010000110111001011001011101110111010011101101001011011100101111111111011000110010011010111000000101110001100,True,True,True,True,True,True,True,True,True,True,70,64,29,4,6,9,6,64,63
281,10101010011011110011111010101101100110000010010011010100011000011000100001101000100111001101100101100001001010011100110111100000,True,True,True,True,True,True,True,True,True,True,60,68,32,7,7,7,7,62,62
282,00101011000110111010011010010001101011010001001101000110011100001111101110110101000001001110110010010110110000000111110100101000,True,True,True,True,True,True,True,True,True,True,61,69,35,7,6,7,7,63,63
283,11111110000110000001001010101000010011101101110010001010100001000110011110111100001101110101010100011000000100110110001100001100,True,True,True,True,True,True,True,True,True,True,58,62,30,11,8,7,11,65,64
284,00111001110010011001100011111101010101101100110010101101010010010001111000101001101110011001110100010101101001001001010111001001,True,True,True,True,True,True,True,True,True,True,65,76,39,0,11,10,4,67,64
285,10010000010001101001101001110010010110101100010000011001100100001001101100001101111000110001111000100111000100011101110110111101,True,True,True,True,True,True,True,True,True,True,60,63,25,6,2,9,11,64,65
286,00011000100101010001011001010011010000101111110111001100001101110000100100100001010101111111000110000010101011010001010011001011,True,True,True,True,True,True,True,True,True,True,59,70,39,6,13,12,10,64,64
287,00010001001110101101101111100001010000101000011011000110010110111010101001100100000111111100110110101010110100110010111010001101,True,True,True,True,True,True,True,True,True,True,64,72,40,5,10,7,8,63,64
288,11010111001111100011001100000011101101010110010001100010101011100100000011111000011011110000110011000010111101101001110010101010,True,True,True,True,True,True,True,True,True,True,64,64,31,9,10,5,8,63,64
289,01101110110101010010100111001011001000000010001111110011010111010110001111100101100000111110000100001110010001100011100001110000,True,True,True,True,True,True,True,True,True,True,61,59,26,10,7,7,9,61,63
290,00110011010001011010100111000111000111111110010100010010001001000011011111111000010101011110100010101110101111101111001110110000,True,True,True,True,True,True,True,True,True,True,68,63,33,3,9,8,8,64,62
291,00101100101010110100010101101111100100001000011100110000111101100010101011011001111011010110111010000111110110110110100111001001,True,True,True,True,True,True,True,True,True,True,68,72,39,4,10,7,6,65,64
292,10001100000001110011101001010000010110100111010110011010101010100111001100010110001001010001001101110001001010110000111100110011,True,True,True,True,True,True,True,True,True,True,59,71,36,7,11,8,8,64,65
293,10110011101110111001111100100001111101001000000000001101100010100101010011000100101000010100000001000000010001010110001110000110,True,True,True,True,True,True,True,True,True,True,52,60,31,19,7,10,10,64,65
294,01100010001010001100100000001111101111110101101100100100001001011111000010111010011110000001000100110100001111001110010010000100,True,True,True,True,True,True,True,True,True,True,57,59,27,11,4,13,10,64,65
295,00011011110000100000101001011110110001111110011110101101111010011101000000110010001011011100010010101011110111000101001111100001,True,True,True,True,True,True,True,True,True,True,66,62,32,7,8,8,9,64,66
296,01010011101111101001101110110111000011110001001101110100000111001101001100010010011001010100100101111111000101001101000000011000,True,True,True,True,True,True,True,True,True,True,63,65,31,7,5,7,6,64,65
297,10000011011110010110011111000000110111111100000000111001101001100101110110110010000001011010000110011111011010010101010001111011,True,True,True,True,True,True,True,True,True,True,65,59,27,14,6,5,6,64,64
298,11001101000000001110110100101101101010011100111011100010100001101010101110111010010100011100001111011011001101110101011010011111,True,True,True,True,True,True,True,True,True,True,69,71,39,7,9,3,5,65,64
299,00011000101100010111001101100110001011000011001101100101110001101111001100110100111111000100001011010010111010100010000110110110,True,True,True,True,True,True,True,True,True,True,63,67,28,3,7,8,10,64,64
300,01110010111110000011110001011000110001000110101111101011001110111011011000011110101001111101100011010100101010101000111011100001,True,True,True,True,True,True,True,True,True,True,69,66,35,4,10,4,9,64,66
301,11010111101011000001100110110100001010110000011000001011111001010110101000011010000011011001001100001101001110110100000000010001,True,True,True,True,True,True,True,True,True,True,56,65,34,17,8,5,9,64,66
302,00010111101001111010000000111011100000000010000110100101111110111010110010011000101111100101010111000000110011101101101111101001,True,True,True,True,True,True,True,True,True,True,65,60,31,14,7,6,6,64,65
303,00001101000111101000011110010000010110001011101000010100101110101100111101011111011001110100110101000111101011111100001011100010,True,True,True,True,True,True,True,True,True,True,66,65,36,6,9,7,9,64,65
304,01010101100100110000001000101111000110011000111110110001011110110010111101111111010100011001001010000101100000000100101001011011,True,True,True,True,True,True,True,True,True,True,62,66,35,9,11,11,8,65,64
305,11111011111111000001111110010011011101100001100010000111111001000111110111000101010010001011100000110111010100001101000111101101,True,True,True,True,True,True,True,True,True,True,70,55,25,7,4,6,10,65,65
306,01010101111000101110011100001001010100111100101111101001100110110111011010010101001100001001100010011111001111011001100100001000,True,True,True,True,True,True,True,True,True,True,65,69,34,3,9,9,5,65,64
307,11110010110101010101111001011001000010000110001000011110100100101011011001100010111100111111010111110111010110110101100100110101,True,True,True,True,True,True,True,True,True,True,70,73,42,3,13,9,5,65,64
308,01001010000011000111111001011010101010011100011011101011001101011111000110111110100000110100011010111010001011101000000001010110,True,True,True,True,True,True,True,True,True,True,64,69,41,9,11,4,8,64,65
309,00100101101000001010111111000010101010010011010101011101000011001000110101010011010101101111010001100100100011011111101101111011,True,True,True,True,True,True,True,True,True,True,66,76,47,4,13,8,6,64,64
310,10010011001100001010010000000101110100001101100011101110111110010011101010001001010010000100000111100100001010010000101000010101,True,True,True,True,True,True,True,True,True,True,53,67,37,12,8,14,10,64,64
311,01011011100100001001011011111000000000000010000001001101101010100011000111111111101010110111001110011001111001000000000111010001,True,True,True,True,True,True,True,True,True,True,59,56,28,20,6,6,7,64,64
312,11111111010101001010110010111100000111100101000011000101111001110110011010001101101111100000010110010111010111011001001000100110,True,True,True,True,True,True,True,True,True,True,68,66,34,6,10,9,6,64,64
313,01110100010111010010101001101111101011011110000001001011111110001011110101110101010111010111011011010111000011000000000011110101,True,True,True,True,True,True,True,True,True,True,70,68,44,11,13,5,5,64,64
314,10011010000110001000110100111101100101111101101000111101100100100010111000011000100000111011111011111010011111001101000011101011,True,True,True,True,True,True,True,True,True,True,68,61,27,5,3,6,9,64,64
315,00100100100100001110110010001000001100000100100000001101101010101010000001101011111101010000010110001000010000110001101011011110,True,True,True,True,True,True,True,True,True,True,51,65,36,16,8,11,11,64,64
316,01010000001010001110101011010001101111010101111001010101001111110101000110111111110111101011100111110010011001111110111010010011,True,True,True,True,True,True,True,True,True,True,75,68,41,3,11,4,4,65,64
317,10101010000010010101101111001100111111110100000011000110001110010110100000100000111001101110111110110111111110101000100111100100,True,True,True,True,True,True,True,True,True,True,67,60,30,9,6,6,7,65,64
318,10010110000010010101101000110100001010011100100000010010110110111000111001101110010110010011000110100010000000000111110101001011,True,True,True,True,True,True,True,True,True,True,56,67,34,13,8,11,8,64,64
319,10000111101101100110101001000110101001111001110011110000101011100111011010111010111101100000001001111011111110111000100011010110,True,True,True,True,True,True,True,True,True,True,71,64,32,6,7,4,6,63,64
320,00001011000010110010101010001000000011011100011010001010010010000110101111000111000010001100100000001111000001010011011000001000,True,True,True,True,True,True,True,True,True,True,48,61,30,16,8,11,13,63,65
321,00001110000001110001110101101001101000111010101000011100001010010001111100101010010111100011111010001011000010001010111110110001,True,True,True,True,True,True,True,True,True,True,61,64,35,7,10,7,12,63,66
322,11101011111110101000110011010001101001011101001111011011100101111100001010001011000010001111110011010001000001101001111111110010,True,True,True,True,True,True,True,True,True,True,70,62,32,4,6,7,8,62,65
323,01101000011011011011011010000010011010101010010001001100000101100100011110110010101000110101110110010110001001110110010100000100,True,True,True,True,True,True,True,True,True,True,58,75,41,7,9,10,8,65,66
324,10111101001000000110111000000010100100001110011101010000010010100100100100011011110100111110110011101110111011110010100001110101,True,True,True,True,True,True,True,True,True,True,63,65,35,11,5,9,6,64,65
325,00000101101100101110010101100011000011110111010100011011010011100111011110001100010101111101101100111101011100101010010110001000,True,True,True,True,True,True,True,True,True,True,67,69,35,3,11,7,7,64,64
326,11111000111101110101101010000011101000001001110111100010101000101000100100010101011011011111100001001010100100010111000000010010,True,True,True,True,True,True,True,True,True,True,60,68,42,9,11,12,10,64,66
327,10000000010100111001110111011100000111110010010101110110000011000001111110101101110001000000010000010000100111010111010001000111,True,True,True,True,True,True,True,True,True,True,58,55,26,18,5,8,10,65,64
328,00001110101000011000110100011010101000111101110111110111101111010001001100110110110101000010000010101010010010000011101010111100,True,True,True,True,True,True,True,True,True,True,63,69,40,7,9,5,9,61,63
329,00110001011011110101110110001001100000111110010111100000111010011100001010111111101101101110010110010000011111111011111001101100,True,True,True,True,True,True,True,True,True,True,72,57,24,7,6,6,6,64,63
330,00010110110011000111010001100110010111111100011010001000000110010001001101100010111011001010001011100110001111100111011100010001,True,True,True,True,True,True,True,True,True,True,62,62,24,3,5,9,12,61,64
331,10011110100001110000100101111100100101000100101011010101101000000010001010111101010110000110110001110110110110000110001010010010,True,True,True,True,True,True,True,True,True,True,59,72,42,8,11,11,9,63,64
332,11000000111101001101110011110111111101110011001100010011111010011110011100011011111101111110110001010000110010101100100001000001,True,True,True,True,True,True,True,True,True,True,71,55,21,7,3,5,7,64,66
333,10100111101010111100101010110110001101001110110111111000010101011110110110010000101000100111011101010011110101100110111010101100,True,True,True,True,True,True,True,True,True,True,72,76,46,2,13,5,4,64,63
334,10001100001110100111110100100111000001111011111000011000100011000111111101101011110010000111101110010000101100011101000001011010,True,True,True,True,True,True,True,True,True,True,65,56,24,8,3,6,11,64,64
335,11000000010011111101100111110010011110101111100011011110101010011001111110011101010110010001000001110001010010001011001001001101,True,True,True,True,True,True,True,True,True,True,67,63,30,6,7,9,6,63,64
336,11000010010110101110111111100111011110101100011111000110110100011000011000110110110110010000100001110111000100011100101101000101,True,True,True,True,True,True,True,True,True,True,67,63,28,4,5,7,11,64,64
337,00001101010011011101010110101100110001001110010000001000001100001111000100001011001111000011101011011011101010100101010000101111,True,True,True,True,True,True,True,True,True,True,60,68,37,10,11,7,9,65,64
338,01001010011101001100100111110010111010000000011111101000111100000001100011011010110001110011101000001100010010101011010001000011,True,True,True,True,True,True,True,True,True,True,59,62,30,12,6,6,9,64,65
339,11111010110000011000101000111010111010101101110101011011001001001100110100110111000001000010111100011101110101000001001000100010,True,True,True,True,True,True,True,True,True,True,62,70,39,7,9,9,9,64,65
340,00101110101101001000000111010001000001111110110100001001110101111011010010110111011100011011001000010011111101011100001000010000,True,True,True,True,True,True,True,True,True,True,62,63,33,10,5,9,8,66,62
341,10000111010111001100000001001000111111101000101100000011010010100000110101011110101010010111110011010011110101010101110100110011,True,True,True,True,True,True,True,True,True,True,64,69,41,10,12,5,6,65,65
342,00010011000001000110100100011101101011110011111011001101001000110001111111000010000110101011101101100010001010100101110001100000,True,True,True,True,True,True,True,True,True,True,60,63,29,6,6,8,11,65,63
343,10100111010011000111000000101101000100001110000001000011000010000111001010110110011101111011110110110110100100101101011011101111,True,True,True,True,True,True,True,True,True,True,64,65,32,10,5,7,8,66,64
344,01000100101000101010110100010101011110011100100100101010110101111101111011110011001101011110010101000100101101001010011101110110,True,True,True,True,True,True,True,True,True,True,68,81,52,0,16,11,4,65,64
345,10111101111100111001000110000000111110111100001001111001101000100100101010001100001011111110010110010100000001000111001100111010,True,True,True,True,True,True,True,True,True,True,63,58,26,10,5,9,8,64,64
346,01011000011111101111101110101011100101010110000110000111001011100111001010100101101111001100000011010010111110111011111000100100,True,True,True,True,True,True,True,True,True,True,70,65,34,6,11,7,5,64,63
347,01011000110111111011001101000011001111100100011100111101110010101000010100010111001111010111011100000111100011101001011111100001,True,True,True,True,True,True,True,True,True,True,70,60,28,5,7,5,8,63,66
348,10111110111111000100100001010110100111000110010101011000011001011001101001010101001100000111000001110010110001111000101100111000,True,True,True,True,True,True,True,True,True,True,62,66,32,6,11,8,8,64,63
349,00110001010101000010011100001011111010100110101110110001011110010010001010100010010110000001101110101011010001010010100011000100,True,True,True,True,True,True,True,True,True,True,57,75,45,5,14,12,10,65,64
350,10110011011001111101100110001011100110111001110101110001000011111111010011010010011111110110101111110100010101001111101001101111,True,True,True,True,True,True,True,True,True,True,78,63,30,1,5,4,4,64,64
351,11111010100101010011111001100100100110110111100010001101001011110010011010001011000101001001000000101111100001110111011011010110,True,True,True,True,True,True,True,True,True,True,66,70,37,4,8,11,6,64,64
352,01000011001100010010110011010001011111011110111001010010111000111010110001011111110011011010001001110111111010000011100101011011,True,True,True,True,True,True,True,True,True,True,70,66,33,3,8,8,7,64,64
353,01000111000001010101000101100001010101001110011001011110001000010001110010011111111111110111100110110000100100001111110100101100,True,True,True,True,True,True,True,True,True,True,64,61,31,6,9,10,9,65,63
354,10001000011011010000101001000110100100010101110110010011010111001110010001011100100000111000000011111011101010010111000000100010,True,True,True,True,True,True,True,True,True,True,56,66,35,11,7,12,10,65,65
355,10000100110101110000100001010110111011100111001100001001111100110111100010011110001001011101100000010001001111010100001010101110,True,True,True,True,True,True,True,True,True,True,62,64,32,8,8,10,9,64,64
356,01111110110001010111000010100110001101100011011010001011011011011110111000001000000011111111001001000011011011111110110100000111,True,True,True,True,True,True,True,True,True,True,68,58,27,10,4,6,9,66,65
357,00111111110110101100001110000101000001100000000101110110110011010111111001110001110011100101000001011110100011111100110101001100,True,True,True,True,True,True,True,True,True,True,66,57,25,11,7,4,7,64,63
358,00111101010111110101001101111001000110011011010011111100110001110101110110001111010001111001100110111100011001101001001000000000,True,True,True,True,True,True,True,True,True,True,68,61,25,6,4,3,5,65,60
359,01101000101101011000001111110110011010111011101001010011010000010011000010010000010110011000010010001111101011001000111000101101,True,True,True,True,True,True,True,True,True,True,60,68,35,8,7,10,9,64,65
360,11111111010001010011001111001101110101101100011100110111001111000010100101101000110100001111100101000111000001010110001001001011,True,True,True,True,True,True,True,True,True,True,67,65,31,4,8,8,8,67,64
361,10110000111101000100001000011110010110011000110011100000100000001100100011000110110010001101110110101101000111101100010010011001,True,True,True,True,True,True,True,True,True,True,57,61,23,9,2,8,12,64,65
362,10001011010011100010101001001110001010000110100100010111011001010011101001001111011011010111001100110010100011001111000011010001,True,True,True,True,True,True,True,True,True,True,62,73,37,2,8,9,8,65,65
363,00000011000101101111111011101110001110000100101111001100001110111110001011001111110001000111111010101101111100110000100110010011,True,True,True,True,True,True,True,True,True,True,70,54,20,6,5,7,9,64,64
364,00111000001000110111110010100001101100011011111100011010100000010010100110110101101000110010101001001101011101010000011101110001,True,True,True,True,True,True,True,True,True,True,61,68,36,8,8,6,9,63,66
365,01101111000011001101110000011000100110101000001010010010100101110101011110001110100001100000010111010011100110010010100000101101,True,True,True,True,True,True,True,True,True,True,58,68,36,11,9,9,8,64,64
366,11011011001111100010011000100110010111010010110100101111100010011001100101111010101001110000111110011000001111100111000111101110,True,True,True,True,True,True,True,True,True,True,70,62,25,3,6,7,6,65,64
367,01101111011000000110001001011011101010001011001011010000010001000111111001000010100100000111101010010101111000001100000110110011,True,True,True,True,True,True,True,True,True,True,58,64,33,12,8,10,10,64,65
368,01111010100010100111110010000010101001001011000010111000111011010110100110111000011100101010010110011010001000010101000101011010,True,True,True,True,True,True,True,True,True,True,60,77,48,5,14,11,8,65,64
369,01000111010011111101010101001110010101011000010010110100011001110001101101011001101000000000101101101100100100111111101100110101,True,True,True,True,True,True,True,True,True,True,65,72,40,7,10,6,5,64,65
370,01010100110001011011111101110001000110010101010000001001010000011101101001010101101000000011011110011011100101010110101011000100,True,True,True,True,True,True,True,True,True,True,60,75,47,9,15,8,7,64,65
371,11101100111010000010000110110111110101010110110001111000111000100101011101001101010100111101011111001001000111010011111111011111,True,True,True,True,True,True,True,True,True,True,74,65,35,3,8,5,6,64,64
372,10110101111111010111000110110111100000010100011110110001001011111001111000110000001111111100000101001110010111001010111111111011,True,True,True,True,True,True,True,True,True,True,74,55,27,8,8,6,7,63,64
373,01001001000110000001000010101100100011000110011101100111000011010001000100011111001010100001100000101010111000111001011101010110,True,True,True,True,True,True,True,True,True,True,55,67,34,8,10,10,12,65,64
374,11011101100100000101101010000010101010011100000011011000000001100111101111011011111111011110010100111011001001000001111001100011,True,True,True,True,True,True,True,True,True,True,65,59,27,14,6,6,6,64,65
375,10001000000010111010100111101110000000010100110111100100011011001001011001001000011011100100000010000011111101011101111111010100,True,True,True,True,True,True,True,True,True,True,60,60,31,15,6,10,7,64,63
376,10100111110111110010000101000100110111010000100100011001010100101001010101011000111001000100000101000000110110000101101101111100,True,True,True,True,True,True,True,True,True,True,58,70,40,8,10,12,9,65,63
377,11111000110011010110100000000010011011110101011100000101011110011111001110101000101101001001000101110011100010011101011011101011,True,True,True,True,True,True,True,True,True,True,67,67,36,8,10,7,6,65,64
378,11010001110011110110101111100100110110111111001111110110001111111000110010101110110001011000111100010111110010110100001100101010,True,True,True,True,True,True,True,True,True,True,75,62,29,1,8,6,7,64,64
379,10011100010101110001100000001010011000101010011111010010010000111001110101000000011101011010001100111011001001010011111111111000,True,True,True,True,True,True,True,True,True,True,62,62,31,9,8,7,7,65,63
380,01001011011001000100100010000011011101110010001010100010110110101000101001001101001100000001010100110111101001011110011010000111,True,True,True,True,True,True,True,True,True,True,58,74,42,7,9,12,8,65,65
381,10101100100010100011010100000001101110001001100111010010110111111000100001101101011000101110010001110110010010111011001000101111,True,True,True,True,True,True,True,True,True,True,63,69,35,5,8,11,9,66,64
382,01000000110100111100111101010011010100111100001111001101110001000011110111101000000111100010101111100011101111001110000110111001,True,True,True,True,True,True,True,True,True,True,68,56,24,9,4,2,8,63,65
383,11011001000011111010011110111001011111011001101111011111100100001011000100001000001000000001001010100001000001010010110011101110,True,True,True,True,True,True,True,True,True,True,61,60,30,13,6,12,8,63,64
384,01001010101011001001001001101001000010111100111111101001011011011101001001000100100111101100011001011111001101011110010101111001,True,True,True,True,True,True,True,True,True,True,68,74,41,1,10,13,3,64,65
385,00110100100001100010011101100001101010101100011110011010001100001000011101011110111101101000000100100000000111101010110010000000,True,True,True,True,True,True,True,True,True,True,55,61,30,16,6,6,9,65,62
386,11000010000010101111010011111011000101000011101000011111001010111010011000101010111011100111000010000001101111110111100001000011,True,True,True,True,True,True,True,True,True,True,64,59,30,11,8,7,10,64,64
387,10101110001101111101110100100100110111110011011001111111011010111100011111001110111000110011110110010100010110101110101110001010,True,True,True,True,True,True,True,True,True,True,77,66,33,0,7,5,5,64,64
388,10010101000110010101111100110100101000010100010001011101001001001100010100100101011000011111000110100110110110010100111100011010,True,True,True,True,True,True,True,True,True,True,60,76,43,2,11,12,8,64,64
389,10000101011101001001000111100100000100100100100010011100010100000011111100110111001010001100001111010011000111010001011100100011,True,True,True,True,True,True,True,True,True,True,57,63,29,7,5,13,11,64,64
390,10111000100000011101111000011001000111110010111001110010101010111010011001000100011110011010100001011111100110100111101110001010,True,True,True,True,True,True,True,True,True,True,66,64,32,5,8,8,8,65,64
391,10100001001110100001100001101100001111011010100101000111001001100000010111110101111001011100001110001001101011100110100100001010,True,True,True,True,True,True,True,True,True,True,60,66,34,9,7,8,9,65,64
392,01011100010101010010011001001001100110100100100000010010110010000010010010000000101001101110001110010110111011110100100000111000,True,True,True,True,True,True,True,True,True,True,53,69,35,11,7,15,6,66,64
393,00110111111001001010011110111100111000010110101010000000111100100001110100101001110011100110101001111111101011100000101111100101,True,True,True,True,True,True,True,True,True,True,69,62,32,8,9,7,4,63,64
394,10001011111010010001001110001010111110010110011010100100001001001111111001100110100111001000000011111101000010010111000110101001,True,True,True,True,True,True,True,True,True,True,63,65,33,6,7,11,7,64,65
395,11001001010110000000101110010001110010100000110110110010101011111110101100101101011110011100111011101110110010111001001101011001,True,True,True,True,True,True,True,True,True,True,69,71,37,6,12,9,3,64,65
396,01101001001001111000000000001101011001011010000101000110000111001010000100010101101101010100011100001001111100100000101111110011,True,True,True,True,True,True,True,True,True,True,56,64,34,14,9,10,9,65,65
397,00101011101011111111011010110111101100000000110110111111100011110110101100010101110101010011011100110011100011001101011010110011,True,True,True,True,True,True,True,True,True,True,75,68,36,5,11,2,4,64,65
398,10101111011010010010010110011111100011000110000101111101101111001111010111010101000101110101011000100000100010000001100101110011,True,True,True,True,True,True,True,True,True,True,66,67,36,6,10,9,8,65,65
399,01011010111010001000101100100011100011010100101001010111111011000110101110010111011110110000001000100001000001001010100011110000,True,True,True,True,True,True,True,True,True,True,59,69,40,7,11,11,10,64,62
400,01100111000101000010101100000000110011010000101110111000000100100111001001001010101100101110110001100111010011100000100010110111,True,True,True,True,True,True,True,True,True,True,57,66,32,12,9,11,8,64,64
401,01010001110011101011010011110010010010010111100101110000110000001110000101110001001011101100011110100011000100101001001010011000,True,True,True,True,True,True,True,True,True,True,59,67,32,5,8,12,8,64,63
402,11001110011110100011001011001101001111101110110100000011110011110100100100101100011110001110101110000101011110111010101111100010,True,True,True,True,True,True,True,True,True,True,71,64,31,4,7,6,6,66,65
403,11000110010101111010101000101001011111101011000011110001010111111101000010011101111011010100001001110000011110101001000010010110,True,True,True,True,True,True,True,True,True,True,66,68,41,6,12,9,8,64,64
404,10011101110111100000000010111001111011011001000001110110001100011001001001001110001100110101011100111001100100101111101101011011,True,True,True,True,True,True,True,True,True,True,67,63,25,8,5,7,5,65,64
405,01100011000101010011100011011111001000010111110101111101101000111010000111111101101011101100111101111011101110011101100010000000,True,True,True,True,True,True,True,True,True,True,72,59,28,6,5,4,7,63,62
406,00101110110001001010011110011110010000010010001000011001110000010101000110010111111011000010111111010111100100111110010010001011,True,True,True,True,True,True,True,True,True,True,63,62,29,6,8,14,8,64,64
407,11101110110100000111100100100011101000010010111010101010101000100101010011000110111011001100100011110011110111011101101111111100,True,True,True,True,True,True,True,True,True,True,70,68,36,3,8,7,6,64,63
408,00011111000000111100110010110110011100000000001110001100011110011110101111111011000101100101010100001010010101110011000110110010,True,True,True,True,True,True,True,True,True,True,63,59,26,11,9,6,8,64,65
409,00111011011011111100011100101010001000011011001101110010011111010010110011110101000001000111100011000110101101001110010100101001,True,True,True,True,True,True,True,True,True,True,66,68,33,3,7,7,7,64,65
410,01110001010101011001001011010000111011100011010001010000111110011011001011100011111100011010000001111000111010001000011011111010,True,True,True,True,True,True,True,True,True,True,64,63,32,6,7,6,11,64,64
411,00001001111011110110110100011001100110101001000111110001101100011111011100100010111001000001001100000110011100101111000010101001,True,True,True,True,True,True,True,True,True,True,63,62,26,6,5,8,9,65,65
412,10000011001010101010000011110101101010001110001110001010010011111100111001010101000101000001100110111010001100111100100010100000,True,True,True,True,True,True,True,True,True,True,58,68,38,8,12,7,9,66,62
413,11000000111101101110000010010100010011111000000100001001111101010111010101111001000010000011100100101110111110100100100010000111,True,True,True,True,True,True,True,True,True,True,60,59,30,13,6,12,9,64,64
414,00110110100010001001110110101011010111011000010100000100111101001010001101111111001000000110100010011000010000001001010100110101,True,True,True,True,True,True,True,True,True,True,57,70,40,10,8,10,9,64,65
415,10100101111001101000111011100111001010001011110010011100110011110111110010111000001111011001001100001110111111110011011000101000,True,True,True,True,True,True,True,True,True,True,71,60,24,3,5,7,5,64,63
416,11010001001001000100101111001000010111101111010101111110001100110110001100000010010101000111010100100111110000001100100101011010,True,True,True,True,True,True,True,True,True,True,61,68,37,7,9,12,8,65,64
417,00000010000001110110001000101111000001011110010110000110101010010100111111101011000100101010101100001011111000101111001000000010,True,True,True,True,True,True,True,True,True,True,57,63,37,14,13,12,10,65,66
418,11011000010101000111000111100011110101000010111100010110110110101000111001100111111011001001011011101000001101000111101001011100,True,True,True,True,True,True,True,True,True,True,67,66,33,4,8,6,9,64,63
419,10011000110011101110101110101100001000000111010010111101111001111111001100010010100000000100001100000100010110111011110001110101,True,True,True,True,True,True,True,True,True,True,63,59,28,12,6,7,9,64,65
420,01010010111000001111101110010101011101110000001011010111011100100100100111000000111101010100001011111010111000011101000100101011,True,True,True,True,True,True,True,True,True,True,65,68,41,10,13,9,6,64,64
421,11000110000101101011100110000110110011100110100011011100001111010000110101001101110001110100110001010000010001101111000100100110,True,True,True,True,True,True,True,True,True,True,61,64,26,6,4,5,11,64,64
422,01100001011000110001011101010010010011111111000001011101011111110010101001000111001001110000110000101000111000011101011011001111,True,True,True,True,True,True,True,True,True,True,65,62,30,6,9,9,9,65,64
423,01010111010001110100010011101110100000010111110010000010010101000100100110101011100011100000011101001011110010110110011000101100,True,True,True,True,True,True,True,True,True,True,60,69,38,8,10,10,8,65,63
424,01000000010010100001110011111011100011110010001110111110100111111010110000111101001001101110110111001011011101000101011100101111,True,True,True,True,True,True,True,True,True,True,71,62,31,6,6,7,6,66,64
425,11001111100011101000110000101011101101110010000111101111111001010100101101011100111101111000000001011111111011010111001010100001,True,True,True,True,True,True,True,True,True,True,72,61,33,8,10,6,6,65,66
426,01011011101000110111011011000010101001000000010010000001001010101010000000111000011001010111000011101000110101101010101101101101,True,True,True,True,True,True,True,True,True,True,57,74,47,14,13,7,8,64,65
427,01001000111100011000000010111001100100010101000000101011010001011011100010010011001010001001101000010100000000110001000111100111,True,True,True,True,True,True,True,True,True,True,51,64,32,13,8,12,12,65,64
428,01100001110110001101000101000000111110110110101001100011101010011000011100101100111011100111011100011111100110100110010111000011,True,True,True,True,True,True,True,True,True,True,67,62,25,6,5,3,8,64,66
429,11111000110111001010001100001101001001000110100111000000000100000101111011110111101101001000111100001000111011110011100010011101,True,True,True,True,True,True,True,True,True,True,63,57,24,10,2,8,10,65,65
430,00001001101100110010100101100111111110110001011101101111100011000000101111101010100000011111000110011011011110011000011101110110,True,True,True,True,True,True,True,True,True,True,69,59,25,8,6,5,7,63,64
431,10101001101110101101011011111010110010111110100110101110010101110011001101110010011011101110100000101110011111101100011100100101,True,True,True,True,True,True,True,True,True,True,75,73,40,2,10,6,2,64,64
432,11100000100010011110000001110111011000111000011000110000111100011100101110101111010000100111010101010100000000110010101000101000,True,True,True,True,True,True,True,True,True,True,57,60,30,13,9,6,11,64,63
433,10000111000101110100000000010010001111011001110010111111111110101100110110111011100100101100101101011111110011000101001011001011,True,True,True,True,True,True,True,True,True,True,70,63,31,7,9,10,5,63,64
434,11110010111010110001110110000111110110101000011111011100000001000110011110010011100100111111011010111111000010100100000000110011,True,True,True,True,True,True,True,True,True,True,67,55,23,12,5,6,7,65,66
435,01100010001101000101100101011111111100000010000001011001111100100010100001001101001001011001110011101000010010110011110001110100,True,True,True,True,True,True,True,True,True,True,59,63,30,8,7,12,9,64,63
436,10000010110010010111001110010100110010001101110000010111101110010111101111111111100001001010100001010011011101110010111010011010,True,True,True,True,True,True,True,True,True,True,68,66,35,6,9,11,5,64,64
437,11011100101110101101011111101001010011011100001010011010000111001001011111011000000001001000010010111100011000000010110100001010,True,True,True,True,True,True,True,True,True,True,60,66,37,13,9,11,7,65,65
438,11011101001100110000111011001000111100110110111010100000110000001110100010010000010111010010110011110001111011000000000010110110,True,True,True,True,True,True,True,True,True,True,60,60,26,15,4,6,8,63,66
439,11001101110100010101111001100110111010100000100111011101111111110000111001110111101000000000010110111110010111011010100100010010,True,True,True,True,True,True,True,True,True,True,69,62,32,10,6,7,5,64,64
440,11000001101001111110010011111110110110000110010111001111111100110011100001100101111000011101111100101110011001111011110110010101,True,True,True,True,True,True,True,True,True,True,76,55,19,5,5,5,4,65,65
441,10000100010100001110111111101001000100101110000000100010010000001101110100101000110000100100111010000101010100110011100011011010,True,True,True,True,True,True,True,True,True,True,54,66,36,11,6,12,11,65,64
442,11110000100110011011000101011000011111101110000001000010111101110000011111010111110000011101001001001110111010011000001000111000,True,True,True,True,True,True,True,True,True,True,63,54,22,12,4,7,9,67,63
443,01100101001110110000010110011001010011001011010101000110000110000110000101111110000110110110111011000101000110010010001001010001,True,True,True,True,True,True,True,True,True,True,58,70,34,6,9,10,10,65,65
444,10110011011101100100101011101011101101000100011100110110111001001010101011101001001101000000011101000011110011100000100011001101,True,True,True,True,True,True,True,True,True,True,64,71,37,7,7,7,6,65,64
445,11100010010000110100001110000111110101110111100000000111111101010100011011000010110000010110100011000010101010010100000110011100,True,True,True,True,True,True,True,True,True,True,58,60,31,14,9,6,11,65,63
446,00011010101101011100111001101100110110110001110001000001111100001101001101101001010101000000000111101111010111100000011100001110,True,True,True,True,True,True,True,True,True,True,63,61,29,13,7,2,8,66,64
447,00010111111001000001000100001011111010111001001100110001010000111111011111100101010101001011001100011101011101111001000111101101,True,True,True,True,True,True,True,True,True,True,68,64,34,4,10,10,8,63,65
448,01001011000101010111011010011010101110010110101011011010110101111111111000110011010111101011000111001000100010001100011111100000,True,True,True,True,True,True,True,True,True,True,69,71,41,2,13,6,7,64,62
449,00101101111111000001011110010010110001010110011100110111101001010110100111100101110100010011110100111110001001011111000010110010,True,True,True,True,True,True,True,True,True,True,69,67,35,3,10,12,5,64,64
450,10101100111010011101101111110010010010010010000001100101100001100111111011000011110110010111010011000100100010000001010011001000,True,True,True,True,True,True,True,True,True,True,60,64,28,8,4,12,6,63,64
451,10111111001011100100001101000101100001000000000101010011010011010011001101100111101001101100000101111000101011010111011001110100,True,True,True,True,True,True,True,True,True,True,62,68,35,10,8,7,6,65,64
452,10000010001010100000110001110101001100010011101110001001010110101010100000101000001010001010110010111010001101010010111111110010,True,True,True,True,True,True,True,True,True,True,57,74,48,8,15,11,10,65,65
453,01110000100111001011111111000010101100010010000100011111111010101101011011101110011011100000001111100111100100100101000010100011,True,True,True,True,True,True,True,True,True,True,66,60,30,8,8,10,8,65,64
454,00101001010110110011101110010001111001011111000001101101001000101111011000000111000001000101001000100110010100110100011001000000,True,True,True,True,True,True,True,True,True,True,56,65,31,10,7,12,8,64,61
455,10011100100000010101011001111010110101001101111111011111110000000101010111100010101110011001000100011000101010011100111000010001,True,True,True,True,True,True,True,True,True,True,64,65,36,8,12,8,8,65,64
456,01110000100010001010110110111111111110101000111100000001001111100001101101111101000111100001001111100101000000101000101011001011,True,True,True,True,True,True,True,True,True,True,65,58,31,10,8,9,10,62,64
457,01111111001010100110000011001000101011110101010101101001000101011001100010111110100010000001000111111100111111110100110111010001,True,True,True,True,True,True,True,True,True,True,67,66,39,5,11,8,8,61,65
458,10010001001110111110010000100010110010011011010111111011111010100011111010110000110111110010000100101100010100110111000010100100,True,True,True,True,True,True,True,True,True,True,65,66,34,4,7,12,8,64,63
459,00110111011010000010100111101010100101101101101111011011011101100100010110011000001101100000010001001010101000111011101011000000,True,True,True,True,True,True,True,True,True,True,62,71,39,10,9,7,6,64,61
460,00011001110011010100001100011011100000100100101101001001101011111001001111001010100001011000000101101011001110111010010100011001,True,True,True,True,True,True,True,True,True,True,60,70,35,7,9,9,7,65,64
461,00101001010110111101110010000001111100011101110111001011100010010110101110000100000011010111001101011000011000110110111000001011,True,True,True,True,True,True,True,True,True,True,64,64,31,10,9,8,8,65,65
462,01100001010111001100100110111101101111101001001011100100110101010100011111010111001111011001111110110100100000101000000100001001,True,True,True,True,True,True,True,True,True,True,66,68,37,7,8,9,5,65,65
463,11111011100111101000000001010011001010010111000101101100111011100100011000011111111100000100111100111111110011010011010101001000,True,True,True,True,True,True,True,True,True,True,68,58,26,8,6,7,5,65,64
464,01000110010001110100010010111100011010111001000100100100101100111001100110011000001001110001100000010001010001001111101001010011,True,True,True,True,True,True,True,True,True,True,56,66,28,5,5,13,10,64,65
465,10111101001101111111001001101011000000100000100000011011101001100100101111101000000011110100011111100000011001111011110010010110,True,True,True,True,True,True,True,True,True,True,64,56,26,15,3,7,6,64,64
466,01001000110011011011110000101110101110101000111001111000010100010010101010100010010100110100101011001010011001110110110100001011,True,True,True,True,True,True,True,True,True,True,62,78,46,3,13,10,7,63,64
467,11100001010000010010110000011111001111101100000001101010000100000011110000010001011010111001010010110011111100101000101100101100,True,True,True,True,True,True,True,True,True,True,57,60,30,15,10,11,9,65,63
468,01100100100010000001011000110110001001000111000000110011010100000001010110100001111110111100011101000101011101001001011101100110,True,True,True,True,True,True,True,True,True,True,57,65,33,11,7,10,10,64,64
469,10011100010001110010101111110100111000000011010101010010001111111000111011110000010110010011011100010101010001001011100011111000,True,True,True,True,True,True,True,True,True,True,64,62,32,6,10,8,9,64,63
470,01000010100100000001000001000010010110011000000010111100100010111101110010100111110101011011101000000100100000100011011101001110,True,True,True,True,True,True,True,True,True,True,53,63,35,17,7,13,9,64,64
471,01000001010110000011010110000110010110111011000011101101011010111100100110000010111101111101101010101101011111000111001011001011,True,True,True,True,True,True,True,True,True,True,68,70,39,8,13,6,6,64,64
472,00100000011001101101100101111011010111010001001000111101110000001111100111101100000011001000110010100010001111111001110010010110,True,True,True,True,True,True,True,True,True,True,63,59,24,9,4,9,8,64,64
473,11000000010011111010011010110101110000110101000000111101001010111111001011110011100101111111011011111010110000011011001001001101,True,True,True,True,True,True,True,True,True,True,70,63,33,10,8,6,4,64,65
474,11010001000011110011001000111010000101100100110100001101011111010101011111000110100110101110010010001101010111001111111010110011,True,True,True,True,True,True,True,True,True,True,68,69,36,3,9,6,7,64,65
475,10101101010111010000011110001101110011110100110100111101100100001001100001011101000101110111011010011110101110001110011010111000,True,True,True,True,True,True,True,True,True,True,69,68,35,4,7,4,6,64,63
476,00011000100110100111011000001001100101100100010000010000110010011110010000001101001100011111101100010110111001011100111100011101,True,True,True,True,True,True,True,True,True,True,59,60,22,8,3,10,10,62,64
477,00101101110000100010010100100110101101001110110011100100100110110100001101001011000111010111110000001111000010001110111101110110,True,True,True,True,True,True,True,True,True,True,64,67,32,6,5,9,7,64,64
478,11010011001011000111111011100000101111100000111011000001011001111000100010101010101001111100100111101101010111010101101101110101,True,True,True,True,True,True,True,True,True,True,70,69,40,6,13,6,6,61,64
479,10011000000011100000110101010000011111011000101111001001010010111010001011101000110010110000110001110000110000111000110001001101,False,True,True,True,True,True,True,True,False,True,57,61,27,11,7,7,12,68,65
480,10011110110011000100011011011101010110011011110000000010001000001000011111111111001101101110110010011101111101111010001101110010,True,True,True,True,True,True,True,True,True,True,70,58,25,8,2,6,7,66,65
481,11100001101001111010010010100101000011000001001101111011000110101010011001001010111110001101110111000000001011001010001001110100,True,True,True,True,True,True,True,True,True,True,60,68,35,9,8,9,7,63,64
482,11010001101010010100111100010101011110010101110101010010101010111100000001000000101001010111000110100101011111110111101010000100,True,True,True,True,True,True,True,True,True,True,63,76,53,8,19,9,6,64,65
483,01011000110000100010000110100110110110000100011010101100111011011000001011001110001111100001110010011101001100001111110101000011,True,True,True,True,True,True,True,True,True,True,61,62,26,8,5,5,11,64,66
484,01111011011111110100110101000111010011100100100011101111011111100110010100111111110100001011101011110100010110100111010000010010,True,True,True,True,True,True,True,True,True,True,73,65,36,3,5,7,5,63,64
485,01111100010000101011001111000001001000110010001001010000100000110011000101000101100100101000000101100011010110010001111100001101,True,True,True,True,True,True,True,True,True,True,52,64,31,10,8,14,13,64,65
486,00000001100110110111100010100010000011110000011001110011100111101011101111001101101000011011011011011111011000010000001000010010,True,True,True,True,True,True,True,True,True,True,61,57,23,14,2,6,9,64,64
487,00001101011011101100000111101101101101010101010110010110010001101110010101100111001001101001001001110101101001010110111000100010,True,True,True,True,True,True,True,True,True,True,65,79,45,3,12,9,5,64,64
488,01000111111010001001111111010111001111110111011110001010101010111101110000001011010100101000000010100101001010001001001010101001,True,True,True,True,True,True,True,True,True,True,65,72,49,7,15,10,6,64,65
489,11011011010001011001001101011101001100111000111000100101000111011000110000001001101101010101000001101000011011010111001001011100,True,True,True,True,True,True,True,True,True,True,61,72,36,6,8,7,8,65,63
490,00001011111011000000000001110101001001000110000100010101111110111001100111110100010000101111011000001001001010000010000110110110,True,True,True,True,True,True,True,True,True,True,56,59,30,16,6,11,10,64,64
491,11001100011111111001100000010010011101101101101001111100011001111110011011010000000010111010101001000101111100100101011011000010,True,True,True,True,True,True,True,True,True,True,66,62,29,9,6,8,6,65,66
492,11001011100010100110100011110011011001001001101010111010011111101100100000001011111011111111000000010011111011110000100011001101,True,True,True,True,True,True,True,True,True,True,68,59,27,9,5,8,6,65,64
493,11101100110001101011010010000010101011001010101101011001001111101100001001000110111011111001000100000111001101011000000110111100,True,True,True,True,True,True,True,True,True,True,63,68,34,8,9,8,7,63,63
494,00000000101111110110110111011111110000100001100110110110001101000011011000101001101011000000100001001001101100110110000010110000,True,True,True,True,True,True,True,True,True,True,58,59,25,15,4,7,9,63,63
495,00000000011110001111111100110001100000100101111001111111101101010001001010011010111111110100110001000101001111010010101101101111,True,True,True,True,True,True,True,True,True,True,69,58,29,8,7,7,7,64,64
496,01110010110000001000100100111011101001010011100011111001111010100101100101001101010001101100110011011111010001110011101100101100,True,True,True,True,True,True,True,True,True,True,66,69,32,3,7,8,5,64,63
497,11101100100111101000001011100000000111110011101010000001001111010001111110101001111110100111010110011000011000011100101101110101,True,True,True,True,True,True,True,True,True,True,67,59,29,12,6,4,6,62,64
498,10100010001110001101001101101001110100110001001000110101110110011001000001100110010011000110111100010101100111110111001111010001,True,True,True,True,True,True,True,True,True,True,64,67,28,2,3,6,9,61,65
499,11111100101010010101011100011101111101011100100111100110100100000001111111100011000111011011101001011110101111001010000100110010,True,True,True,True,True,True,True,True,True,True,71,64,34,5,9,8,5,62,65
500,11011001010100011011110100101011001101000100101100000011101011101110010010010111011100011010000111010101011110100110101000100000,True,True,True,True,True,True,True,True,True,True,63,74,43,6,11,8,6,65,63
501,11001001101010111100010000000110000000100101010101010101000101111001110000000010111011111000111000110100110110000111011101100111,True,True,True,True,True,True,True,True,True,True,61,63,33,14,11,6,8,64,64
502,00011101001101011001001001110000110110000101111111001010000101011101111011100100011101100100000010111100001110111100101111011011,True,True,True,True,True,True,True,True,True,True,68,62,29,7,7,9,7,65,64
503,00101110001111001101001100100001100011000100001101110011110000100110100110110001011100100110111010110011001101110000000000100011,True,True,True,True,True,True,True,True,True,True,59,60,20,10,3,7,9,64,67
504,00101100100101101010110010101100001001110100000100001101000011010111000111111000011011110101100000000101111101100100111001101101,True,True,True,True,True,True,True,True,True,True,62,66,34,11,9,8,7,64,65
505,00000001010011100001001010010001011110001011001111011000101001101101110100100110101001101101101010111110100010111100011100010101,True,True,True,True,True,True,True,True,True,True,63,72,41,5,11,10,8,63,65
506,10001000011010100010101101000011101011111001010101100000001100011111100111111010101110110000000111001001000010000000001110111111,True,True,True,True,True,True,True,True,True,True,61,57,31,17,9,6,9,64,64
507,01111000100001111001110000101100111010011000010011100100101001110011001100101001010011011000100010111110111100000011010100110101,True,True,True,True,True,True,True,True,True,True,62,66,30,6,7,9,7,64,64
508,11101111000111111001000111000100001110001101100001000110011000100100100001111111001100001010001010111110001100001010001011100110,True,True,True,True,True,True,True,True,True,True,61,56,21,5,5,10,14,63,64
509,11001100011000100001101001011111011001001000000010110100000011111100000011101001000110111001000101111001010110001000011011001010,True,True,True,True,True,True,True,True,True,True,57,62,29,12,6,11,10,65,64
510,10101001001010000111100110011011011100100111001111101000110101000110011111111001001111001101010001101100000001111011011101111110,True,True,True,True,True,True,True,True,True,True,71,62,28,5,4,4,5,64,64
511,01000000001100111101100000111101010001111111011001010000101111001011111100001000101000011111110111001000001011110100010010011100,True,True,True,True,True,True,True,True,True,True,63,55,27,12,6,9,9,64,63
512,01001000110000001111011101010111101011101001010001100111110111100110001011111000010010010111110111111110100110111111111111101000,True,True,True,True,True,True,True,True,True,True,76,57,30,4,6,6,5,64,63
513,01011011111110110001000010011111110010101101011101001001101100110011001111111010101100101101000101000101011000101011011000100111,True,True,True,True,True,True,True,True,True,True,70,72,40,1,12,9,6,64,64
514,01000000000000101000101101111111100111010101001101011111101110100000101011010000110001111110100001001001010111001001100001000001,True,True,True,True,True,True,True,True,True,True,59,62,37,16,9,8,8,65,65
515,01001111101111110110010111000011101000101001100001101111001010100111110110011001011100010100101001001011100011100101001000001100,True,True,True,True,True,True,True,True,True,True,65,67,33,4,9,10,6,64,64
516,10001010000010010000000111101010000000011101111100000110101001000100100011101010101011101010100001100110111001100111011010010100,True,True,True,True,True,True,True,True,True,True,56,68,40,14,10,7,8,65,63
517,00000110110000001111110011110000111100011001101000011000101000110101001001000111000010101100001111110111111100110111010110100001,True,True,True,True,True,True,True,True,True,True,63,56,24,10,5,4,11,65,66
518,10000101101101111001011001010010001100100011110111001000010100010100100010101000101110010011101010001010010000001000010110101101,True,True,True,True,True,True,True,True,True,True,56,75,45,6,12,16,10,64,65
519,11111001001010111110100100100111010010001011001001000100010101110001011100000100101000011001011000001001101111101001111001101110,True,True,True,True,True,True,True,True,True,True,62,68,35,5,8,15,7,66,64
520,01000011110010101010110101000111111001011011101001010110010110111100110001001001000110011000110001011110000110011001110000000110,True,True,True,True,True,True,True,True,True,True,62,67,32,6,10,8,8,65,67
521,01001100101001111011101010100101111100011100101010111110000000101110111000011000011100111000010111111010000010000011110110101001,True,True,True,True,True,True,True,True,True,True,65,62,34,11,10,6,7,64,65
522,11100001000110100111101111111100000001111001000010111011000111011011001010111010101110000111001011001000010001111001100000000011,True,True,True,True,True,True,True,True,True,True,63,55,23,14,6,7,9,64,68
523,00001111000001000100000100101011100111010111011000100101110010011011001000111001110111100011010000101111101001000011101000001010,True,True,True,True,True,True,True,True,True,True,59,63,31,9,6,11,10,62,65
524,01110100000001100011000111001000000000011111001100100111001010011000101100000100101011111011111000000101011010001111110011000111,True,True,True,True,True,True,True,True,True,True,59,54,22,16,6,7,9,65,64
525,01000011001011000111011110010001011100111010111010000100011001010000110000111100101010111000001111101000111000100001111011100010,True,True,True,True,True,True,True,True,True,True,61,61,29,7,7,8,12,65,65
526,01101010001011100110111010110111111111110100101100101110010110010110110011000010011100000100110100011110101010111010100100001111,True,True,True,True,True,True,True,True,True,True,70,70,39,4,11,8,5,65,64
527,11101111010101000110101110001100010000100101100100110101100000100111111000100101100001000110110111100011110101000000101111010001,True,True,True,True,True,True,True,True,True,True,62,65,34,7,8,9,11,64,66
528,11000000101100111110011010111100110101100101100010011101010010010100111111001110100111101011010010101100000110000010011010010100,True,True,True,True,True,True,True,True,True,True,64,70,36,7,10,8,4,64,63
529,01000011110101100011001010001010011101000000010100101000001101101000011000011010101111100000101010010010111101001111101001110111,True,True,True,True,True,True,True,True,True,True,60,68,40,11,10,7,8,64,64
530,11000000100001101111100011100010011011110111000000111000010111000100100010101001001010100011001101101101010100011100101100011000,True,True,True,True,True,True,True,True,True,True,58,64,30,8,8,9,11,64,64
531,11010011101000101000001100101100111100000000101000110010101010100111011111010010000010011010011010011011010011010001101001010011,True,True,True,True,True,True,True,True,True,True,59,73,40,9,8,7,6,64,65
532,01111110011101101010101111011011100101101101101100100000111010001001010101011010001111101101110101101011001010000111111001110111,True,True,True,True,True,True,True,True,True,True,75,72,42,3,11,5,4,64,64
533,10111101101110010001110100011010001110010010010100001001110001000111101010000010011110100100010000001111100011101010010011110100,True,True,True,True,True,True,True,True,True,True,60,64,32,6,3,10,10,64,64
534,11000001101010011001110100100101110011101000111000001101011110011000011001100101100101110010110100010101000010000011111101111111,True,True,True,True,True,True,True,True,True,True,65,63,29,8,8,7,7,65,64
535,10011110111101110000101011101111010111010111011000000010000101101000000001001110101110000111110011011011011011111011010010111011,True,True,True,True,True,True,True,True,True,True,71,63,34,12,7,5,5,64,64
536,00001010011110010111101111000110101101001011100011101101011001110010100011000001010010101000011111010011001000010110000000100001,True,True,True,True,True,True,True,True,True,True,59,66,35,10,10,9,9,64,65
537,11101100001101111000000100110110101111010101000001010010010110001111001011100001011001001100011110000101101100111101101001101100,True,True,True,True,True,True,True,True,True,True,64,66,31,8,8,8,7,65,63
538,01001000110011110100000011010001011100111101110000111101111100101000010110000110011100011111101001100001101101001110100011000011,True,True,True,True,True,True,True,True,True,True,64,58,23,8,3,4,10,63,65
539,10110111010000101111000110110101101100001110011110010110110111111111011101011100010111010100011000010000001110010000111101100101,True,True,True,True,True,True,True,True,True,True,70,63,32,7,7,6,8,64,64
540,01111010000110001100111100100001000100110100000100011001110010011011010000110111010000011111110111100100100011001110100011000100,True,True,True,True,True,True,True,True,True,True,59,59,22,7,0,8,11,64,64
541,10000000010110010110000011100101011111001001000001111100110101101001110000100010000011010011011010111011111101010110110000111111,True,True,True,True,True,True,True,True,True,True,64,61,31,13,8,7,7,66,64
542,11011011010100010111110101000000111111001010001110001100011001111111001010100101000001010111110001000001101100001111001010010101,True,True,True,True,True,True,True,True,True,True,64,65,37,8,12,8,9,64,65
543,11010101000100000000010011000001000001110101111000001001001110111101111100110001110101000011100011000110000100000010000101101001,True,True,True,True,True,True,True,True,True,True,53,57,27,18,5,8,12,64,65
544,01101001000101111000100100001001000001110101101100111100011011010111000001011001110110101100010001111101010100000101100000101111,True,True,True,True,True,True,True,True,True,True,61,66,35,9,9,10,10,64,64
545,01100100001011001100011001000111100100010101111111100100010101011101011001010010111111110111100101011001000101110110100110011011,True,True,True,True,True,True,True,True,True,True,69,70,37,1,12,12,6,64,64
546,11010110000011100010101001011111011011101111101010111111010101100101110111011011110010001000001101101001111011110110000111001100,True,True,True,True,True,True,True,True,True,True,74,66,35,5,9,5,5,66,63
547,10111100000011000110011101101110100011010111111010110110011001101100011000011110110111000010010011101000001101110011100101101000,True,True,True,True,True,True,True,True,True,True,67,62,25,7,3,3,7,65,63
548,00100011000011100110100011011110010011011011101001010000000010110011100111110010010110001001001110101111111010110000100010011101,True,True,True,True,True,True,True,True,True,True,63,64,29,7,5,10,7,63,65
549,01111001011011001100001101100100010001100001010100111001001111011011011011000110000011111111010011000011101010011100010101100001,True,True,True,True,True,True,True,True,True,True,64,64,28,6,6,6,9,64,66
550,10010111111101010011111111101100110010111100011100110010011111111110001101110101001100001011101101110111111011101010100011001110,True,True,True,True,True,True,True,True,True,True,80,60,29,1,7,4,4,63,64
551,00001000101001001010101000100111100111110100110101000001110010111011000000100110001100111110100100000011000110011111111100100101,True,True,True,True,True,True,True,True,True,True,60,62,30,9,7,10,8,64,65
552,11001010010111101001111111100101011000100010101000101011110001011010111101110010000110010011000000000001001011011011100011101111,True,True,True,True,True,True,True,True,True,True,65,65,35,9,11,11,7,65,64
553,10101000001111011000000100000010001001100001011100010111110000010100101100101011001000110000111101100100100001010011010110110101,True,True,True,True,True,True,True,True,True,True,55,67,37,13,10,12,10,64,64
554,01011110011111001001001000000001010100010100000100001110000011101101001111010111001000001101111001001111100010010000001010001011,True,True,True,True,True,True,True,True,True,True,56,60,31,15,7,12,9,65,64
555,10000010011100111011000010101010000010010101111010111010101000111100111110000100111010100001110111100110011010000001001000000100,True,True,True,True,True,True,True,True,True,True,58,64,35,13,9,8,8,64,65
556,01101111110000111110011011000011010000000011001000010111101101110100110010101101011001101110100000001000010101000011100010011101,True,True,True,True,True,True,True,True,True,True,61,62,31,14,6,6,8,64,65
557,10101110101000010010010101011110011111001111010001110100101111001111100101010100110101111110001101101010111100100000010001001101,True,True,True,True,True,True,True,True,True,True,69,71,43,4,12,8,5,64,64
558,01011010011111110011111000011110000001110111111111100000010101110001100011011011111001001100110100011111011010011110000000100000,True,True,True,True,True,True,True,True,True,True,68,49,19,13,3,3,7,64,65
559,00011001101000011111101100111011010011010111001100101101000111101011000111010010110000110001111101011100000011010011111011010011,True,True,True,True,True,True,True,True,True,True,69,64,28,5,5,2,7,67,64
560,00110000011110111000111111110100011011110001101010101000011011100010101010110010000100010011111001010111001100101111010011110100,True,True,True,True,True,True,True,True,True,True,67,65,34,4,10,6,8,67,64
561,11000001000001011000101011101000000001010000100110001111010001110111100111101000100010110111010100000010110010111101100011101110,True,True,True,True,True,True,True,True,True,True,59,62,33,13,8,9,11,64,64
562,01111110010001001000111101101000010000111101000111110011110110000010101111000000010101011010011000001001001100001010110101001010,True,True,True,True,True,True,True,True,True,True,59,65,37,11,9,10,9,63,64
563,01011011001000010110000000101110111000111011010110010000100100100000101111111111111111001110110000010111100001110000111100101001,True,True,True,True,True,True,True,True,True,True,65,56,27,12,7,10,8,65,65
564,11111010010001111000001010100111001001101110110001100010010000011001100000011010100110000110001011100000011101011000100001101011,True,True,True,True,True,True,True,True,True,True,57,61,26,12,6,7,11,63,64
565,01011111110110111110100000100001000101010001100101111000001000101111000010001011101011101010000111110000110110100111011111101101,True,True,True,True,True,True,True,True,True,True,67,62,36,8,8,8,10,65,65
566,10001010100001100110010001101111010100011101100101010111100101010110101110101111110100010010100101001100011101101011010110001001,True,True,True,True,True,True,True,True,True,True,66,79,49,1,15,8,7,65,64
567,00101010100101011001010100101010011111101010001001111000000001011000101000001110100111011111101000100101110110010111100100000110,True,True,True,True,True,True,True,True,True,True,61,71,44,9,14,11,6,64,65
568,10100001000001010111011111011111100101101101101001001011011000010000000111111011101110101110010010011001001000111101100010010000,True,True,True,True,True,True,True,True,True,True,64,64,33,9,5,12,6,65,62
569,10000110010010001110100100100110101100010000111001000111001011110011001001010000110011001010101010011011000111101111010101101000,True,True,True,True,True,True,True,True,True,True,60,72,36,3,9,10,7,61,63
570,00000000011101001111001111111011000001001111110111001001001111000111011100011001010011110100010001000111011111100100101000011111,True,True,True,True,True,True,True,True,True,True,67,52,20,9,2,8,8,64,64
571,01001111101100010011110010110010011111101001101100100101001101111111101101000010111101011000100111100001011011111110110101011110,True,True,True,True,True,True,True,True,True,True,75,65,34,2,7,8,4,64,64
572,11101111010000100111001001001111011000010000110001011100101000011111011001101001111011100111110000000101110010101001111110001111,True,True,True,True,True,True,True,True,True,True,68,57,24,8,5,8,7,64,64
573,10010001101000011110101110101001110111001000011000001111011000011100001111111001011000011000101111001000001111000001000110110111,True,True,True,True,True,True,True,True,True,True,63,55,22,11,4,6,11,64,64
574,11001011101011001110000000101011100011111011000000011110011011000010101000100101110100010100011010100111100100010000011011000001,True,True,True,True,True,True,True,True,True,True,58,63,32,13,9,8,10,63,67
575,00001000001000110001100111110010100111000010100011000101101001111010111001001101100010110000101111111101100100010001110100011100,True,True,True,True,True,True,True,True,True,True,60,61,26,5,6,10,12,64,63
576,00001000001001000110001011001100110101010100010100110100010011111001110010000001110011000101110010000010111010110000000111011011,True,True,True,True,True,True,True,True,True,True,55,64,30,12,8,10,10,64,64
577,00101100011000001000101111110110111010011011111000110000110000010100110010011101100110100100001100100110010100010100111100010111,True,True,True,True,True,True,True,True,True,True,61,64,27,6,6,10,9,64,64
578,00010001111000011011111110100110100010011100010011010100101110010101101110011011100001011100001011101000010111011010011000101011,True,True,True,True,True,True,True,True,True,True,65,68,35,4,9,9,9,64,64
579,11110011101001101001111111100001101110001011000001000110110110100011000010100100111011100101000111101001011100100010001110100011,True,True,True,True,True,True,True,True,True,True,65,63,28,4,4,8,10,64,65
580,01000111010010010100011001101010111011001111111101001001111010011001001110110111011100001000000110101100000000011110100100110011,True,True,True,True,True,True,True,True,True,True,64,64,30,10,4,6,5,64,65
581,10110001111110111101000000101101100001001101110000110011110011111110000010010111000100001100111111110100010010111010111111110101,True,True,True,True,True,True,True,True,True,True,71,55,26,8,5,7,8,64,64
582,11111100010110110101011110101011110011010111011111110001110110110110011101100010100011001100011010011001110110110001101010011100,True,True,True,True,True,True,True,True,True,True,75,68,32,0,8,2,6,64,63
583,01100001101110000011010001111001010110110000111010011011111000000001110111011011010110100011000111101101000100111100000110101101,True,True,True,True,True,True,True,True,True,True,65,62,29,11,4,2,9,63,65
584,10000011111101000110111011001000100100001101010110111110011101001110110111010010011000110101000101011111011000100100000100000101,True,True,True,True,True,True,True,True,True,True,63,67,36,7,6,9,9,64,65
585,01011101111110101010111111110010110110001001011011011110111101011001101010100101101000111100111101110100110000100111110100000101,True,True,True,True,True,True,True,True,True,True,75,70,42,3,11,6,4,64,65
586,00000111000111011010011001000001011110010010001011100101100111100110011000000101100111001100011010001100000011011010010000111000,True,True,True,True,True,True,True,True,True,True,56,59,20,11,4,8,9,64,63
587,00111001001101110101110110010111110100100100111010011101000011010010101011111001011010000101111000111001000110000101001000100001,True,True,True,True,True,True,True,True,True,True,63,70,37,4,8,11,7,64,65
588,01110011101000100000001000010110011110100101111101010010100111100100100011110110110001010110111110010011111010101000101011010010,True,True,True,True,True,True,True,True,True,True,65,71,42,5,10,11,6,64,64
589,10011010000110101001100111110111100101011110100001111101101011100000110110001001001000110101101011101100110110100010101101110111,True,True,True,True,True,True,True,True,True,True,70,71,38,4,8,5,6,64,64
590,00101011100011010010000000001000111001101011100101001101110000000101111001000100000011001001111000000011100011110100101110000100,True,True,True,True,True,True,True,True,True,True,53,57,25,18,6,10,9,65,65
591,01001100111110000000100100000100010110001001100011001100001100000011001110011010010111000101110100000111000111011110001100101010,True,True,True,True,True,True,True,True,True,True,55,59,23,12,5,8,11,64,64
592,00100010101001101000110011011000010001001000010011101110001110111100011111011110001011010111100100000010101111001111011000001010,True,True,True,True,True,True,True,True,True,True,62,63,31,7,7,10,10,65,65
593,11011010110111000000010101101100011100111110010000001000110111001000001100010101001011000011010000010110010010000000100101110111,True,True,True,True,True,True,True,True,True,True,56,63,31,16,8,11,9,64,64
594,01101011011001100010010111100101001001100111101010101111011100100010001101011010100000101010011001100000001011100011010100101001,True,True,True,True,True,True,True,True,True,True,61,76,44,6,13,9,6,65,65
595,10000011100100001010011111000110000010010111001001100100100001100100110010011110001110110000100101110101000001000110101110110011,False,True,True,True,True,True,True,True,False,True,57,63,26,9,5,12,9,69,65
596,10101001101100000100101111111000010001011011010100001010011110010111100101111011110101010000101101101000001000011110100101001111,True,True,True,True,True,True,True,True,True,True,65,69,42,8,11,10,7,64,64
597,01100011101100010010011000001100101010001001000111010000111111010001110000110111010001100100000101000011100111010101111100100001,True,True,True,True,True,True,True,True,True,True,58,62,29,8,5,8,12,64,65
598,00001100101110010010011001010110101100000101011001101111110101111111001111110100001100100111110111010011010100000110000010101001,True,True,True,True,True,True,True,True,True,True,66,66,35,8,10,7,5,64,65
599,01011100110010001000101100111010111000100010111100011010111111001101101100100000100110001001101100010010000111100011101011100010,True,True,True,True,True,True,True,True,True,True,62,65,29,3,6,11,11,65,65
600,01111111011101000010010101111101110111000010110101001011101010110011011110111001011100100011010110001001010100101000001110111001,True,True,True,True,True,True,True,True,True,True,70,72,43,4,12,9,5,65,65
601,11111111111110110010101011011001010101001010101011101101001101100000000010110010100001101110111000010010111010001000110101010000,True,True,True,True,True,True,True,True,True,True,65,72,46,9,15,8,5,64,63
602,11110000111001001110011011010010100001111111110000000111001011000001111110110010110010011011001111001011110100010011000011011001,True,True,True,True,True,True,True,True,True,True,67,57,21,9,4,7,6,64,65
603,01100001111001110110111000001000111100001001111010100110110001110001000011111011010001100100111011110101100110110001110010100111,True,True,True,True,True,True,True,True,True,True,67,60,23,5,3,5,9,62,64
604,00001100110110011101010100011100001001000001111100010101001100110101101100111111101011111011011011011111110111100010110101110111,True,True,True,True,True,True,True,True,True,True,74,64,32,4,8,4,6,65,64
605,00110001100000100110000100100010010101110100001011111010101111101000101101100000010011000100110010101110001011110111110001010111,True,True,True,True,True,True,True,True,True,True,61,66,35,7,11,12,10,64,64
606,00011011001001010101101100110111100010110110010000101001110001001111010001001010100100100110011001000000011001010011110101000010,True,True,True,True,True,True,True,True,True,True,57,73,38,6,9,13,7,65,66
607,01001100100000110010100100010110011001011001111101111110011100101011101011101011110100110000100100100101011101100110110011111011,True,True,True,True,True,True,True,True,True,True,69,70,34,3,9,10,3,66,64
608,10110010010001001001101000011001111101011000010010100010011010101010110011100100110001011101011000111110011011001010100111011000,True,True,True,True,True,True,True,True,True,True,62,74,38,2,10,10,6,67,63
609,11110000011110001011001100101101100010001110101101010111010111100110011010101111000000001110110000111111000100000001111101000001,True,True,True,True,True,True,True,True,True,True,64,57,27,14,8,4,9,65,66
610,10110100101011110000111011001000111011110111010000101111110000100011111110101100001011010101101100100110100010100110010000010101,True,True,True,True,True,True,True,True,True,True,66,69,40,6,10,9,8,64,64
611,00111000001011010100111111110101000110011101011111010100100101000010111110100101110110011011001001111100000111101101011001111101,True,True,True,True,True,True,True,True,True,True,72,66,36,5,9,6,4,66,65
612,11100001010010011101110101011010100011011010000000101010010001001011111000101011010010010010110011001011000111110111000000010101,True,True,True,True,True,True,True,True,True,True,60,73,44,9,13,12,7,65,66
613,01110101110001010011111110011111100101011101001011101110010010111001110001000000111011100100111000110100000100101011010100111101,True,True,True,True,True,True,True,True,True,True,69,66,35,5,9,9,5,64,65
614,10011000111010111111010110111101101101010100000001001110111011110101100000000111101011111001010001100111011010111101010010100110,True,True,True,True,True,True,True,True,True,True,71,68,40,9,10,3,4,67,64
615,00110010110111011101011100011101010101001000101000010101110010010100111001101011001000001101110110010111001111100000000111111101,True,True,True,True,True,True,True,True,True,True,66,68,37,8,11,8,5,66,64
616,00010100101110100010101101001100001001001101000100010011110100111101101101000001110111101100010010101111000111000101000101111110,True,True,True,True,True,True,True,True,True,True,63,69,38,3,8,11,10,64,64
617,11011000000101001011010001011101010000010011101011001101010100000100100011011001110101101111111110101100001010010000011110110010,True,True,True,True,True,True,True,True,True,True,62,70,41,10,10,9,7,66,65
618,11110110111110100001101110110110010101010011110110111110110110010011011101011010011001011001001011001110110100110010100011001000,True,True,True,True,True,True,True,True,True,True,72,74,37,1,7,7,2,65,63
619,01000010110110010001100100101010000001111000110010111110001111010100001010010100010100011011111110011100001010111110010111111100,True,True,True,True,True,True,True,True,True,True,64,63,34,6,11,10,9,62,63
620,11100001101110100110101110001000001010011101000110000001100011110110000101010110011110100110101110011110000010101011000100011101,True,True,True,True,True,True,True,True,True,True,62,65,33,9,9,5,10,64,65
621,00100101111001001011011100010110010011001101001110101000011110100100100010100110011001101010001100001100100100110001001000111010,True,True,True,True,True,True,True,True,True,True,58,73,34,2,6,13,7,66,64
622,11100111011100110010000111000010101000010111011110010111000110100010111111100111011001011001000010111000101110011111111111000111,True,True,True,True,True,True,True,True,True,True,72,57,24,4,8,9,8,64,65
623,01010010011000010100100101111101010110010101010010100001010110001010010111111001001111110110011110010100100011101100100000000110,True,True,True,True,True,True,True,True,True,True,61,73,44,7,14,13,5,64,66
624,00101010100000110011010101100011001001001100111101101010000001111010010010100010100011011100001010010001111110011001110000101001,True,True,True,True,True,True,True,True,True,True,58,70,37,7,10,9,8,65,64
625,01100010000010101000110111101111100011100011111010010000011000000111011110110101000111101001100010101110110101100101101010110001,True,True,True,True,True,True,True,True,True,True,65,66,36,7,9,5,10,64,66
626,01000001101011000110001000001010001000110111001101001010101100011111111011110101010110110001001111000010010011001111110011010001,True,True,True,True,True,True,True,True,True,True,63,66,34,5,8,7,10,62,66
627,10000010110001111011000101100010001111011100100010100100011100001000100100000100101011000100001001011111110111010001000101111001,True,True,True,True,True,True,True,True,True,True,57,63,32,6,7,16,14,62,65
628,00101000101101101001001110100011110101011100010100111111111000110010011100010000101110001000101000111100011000111100101110001010,True,True,True,True,True,True,True,True,True,True,63,65,33,1,9,11,12,64,64
629,10010001100010100000010011011011001001110000110100101001001010000101110011011101001011101110001101010001110001010100001000100000,True,True,True,True,True,True,True,True,True,True,54,70,37,8,8,12,10,64,62
630,10100100000100010000001110001011101011000111101010100000110000010000000001101110100101010101101110010110100000110111111110010000,True,True,True,True,True,True,True,True,True,True,55,62,36,18,9,8,9,63,63
631,11100000110000111001111101000011011110000111000111010010000011110011001110001001110111000001100011101011100111000111010000001011,True,True,True,True,True,True,True,True,True,True,63,51,15,12,2,3,11,64,66
632,11110010110100111110011111100111101101110011010101010000101001010011101010110111110111110001110111101011010100110111000110011100,True,True,True,True,True,True,True,True,True,True,77,68,36,1,10,3,3,64,63
633,10110011110100001011000010110101000111011000100001101101111100010010001011111010110100101000001111101011010100001010011110011001,True,True,True,True,True,True,True,True,True,True,64,69,39,6,9,8,9,64,65
634,11000011100110110111111101100110110110101101101100000001100111001100011011010100111000010000001000110101010110011010101010010100,True,True,True,True,True,True,True,True,True,True,64,70,35,9,9,3,6,65,63
635,11100000001001100010000111011010000010100110110111011001010000001110100100010001101111010000110110110011011110010010111011101100,True,True,True,True,True,True,True,True,True,True,61,64,29,11,3,8,8,64,63
636,10101111010101111000110011000110001000110100001011000011001110111010100101001111010010000110000000100111101100100110101000001001,True,True,True,True,True,True,True,True,True,True,59,67,34,9,7,7,9,65,65
637,10101111100010011100001110010000000011011011101010001000000101101011011011100000010001001110000110001010001111110011011010000101,True,True,True,True,True,True,True,True,True,True,58,61,31,14,6,8,11,63,65
638,00110101100000010111011011000000100101010001010001111101011110010110001111000000001011101100000001110010101110101110101111111101,True,True,True,True,True,True,True,True,True,True,64,62,36,15,12,7,7,64,65
639,00111111011110001110100111101111001001000000110100011101011011100110001011100000011100100011110100010000000101100110100010100100,True,True,True,True,True,True,True,True,True,True,61,59,26,10,4,8,9,64,64
640,11011100110001100101100100110101101100111110000010100011010000001111000101001100010010101000001111011111101011001001101000011100,True,True,True,True,True,True,True,True,True,True,62,64,29,8,7,7,8,64,64
641,01001111110100011101011110001111110100001011111011000100110110100100100000110111001110011111011101000000110100110001100111110110,True,True,True,True,True,True,True,True,True,True,70,59,26,6,2,4,7,65,64
642,00000001001010110111101011101111110010101111111110000100001011100100111011110011111101100001010101100000000010111001100010000011,True,True,True,True,True,True,True,True,True,True,65,56,29,15,10,9,7,64,65
643,01110010010000000111001101001011000101001001111110100001100011001011011011001001111100010100000101110110101010010011010011111101,True,True,True,True,True,True,True,True,True,True,63,68,35,7,7,10,6,65,65
644,01000010110011001111101100011110001111100010000101000100111010111000000001010111000010011101010111101001011011100111010010010100,True,True,True,True,True,True,True,True,True,True,62,65,34,8,9,9,8,66,63
645,11000100001011111001110101010000111001010000000001001010111010110000100011001101100010101100111010111111011001110101001000101010,True,True,True,True,True,True,True,True,True,True,61,70,41,9,13,9,8,64,64
646,11111001000001100001111001001010011000101101000100101010011000110111111111110101000100110100100110001100011110110100100100101110,False,True,True,True,True,True,True,True,False,True,64,66,32,3,6,11,8,58,64
647,10101111010011001111010101110100100100101000101100000010101110110100001011101000010000000111110110110111101001010111000110111111,True,True,True,True,True,True,True,True,True,True,67,69,42,9,10,8,6,63,64
648,01110110100011011100000011111100000000111101101011101011100101001111100010011111100011011001101101000011100010000101001001010001,True,True,True,True,True,True,True,True,True,True,64,60,29,10,5,6,9,64,65
649,01110101000011000000101011011100011000011110111111011000111000101001111010110011001011100011000001110011000000100100110111001000,True,True,True,True,True,True,True,True,True,True,61,59,24,10,6,6,9,65,64
650,11111111110011001100101110111110100010110010100010101000110111011001000000000011111101101111110011111100111100010100011011111110,True,True,True,True,True,True,True,True,True,True,75,54,25,7,6,6,6,64,64
651,01000100010111000100111110110000000100110011100100110110101100001111100101101100101010000111101011000011111100011110000101011011,True,True,True,True,True,True,True,True,True,True,64,62,29,8,8,8,9,63,64
652,00010011001001111101101110111111011000111001111101010101000110001101000110100111010001001111101101111101001010000011010101000101,True,True,True,True,True,True,True,True,True,True,69,68,37,2,7,5,8,64,64
653,01001101100011011100001000101010011110111101000000110001001001000011111100011100111110011100100001110000010000110100110111000100,True,True,True,True,True,True,True,True,True,True,59,57,22,9,2,8,11,64,65
654,00010010001100110101001101110001011000110010111100110110000010010100000100110000011011010101011110010110001000100010001000010001,True,True,True,True,True,True,True,True,True,True,53,68,33,7,8,13,13,65,64
655,11111010001111011000111011010011000010111111001100010100111001011111011111010001110100100010100111010001010111001100100000000110,True,True,True,True,True,True,True,True,True,True,67,62,30,6,6,7,8,65,67
656,11110101000100001111100000111001111100100011001100111111100100000000101110010101010011000001100101011100100101011000010100001000,True,True,True,True,True,True,True,True,True,True,58,60,29,12,10,10,8,64,64
657,00101000110100011110000110000001010100101111001110101110000101111001100111100110000001001010000111010101100011010011000001000001,True,True,True,True,True,True,True,True,True,True,56,62,30,13,9,7,10,64,65
658,00001011001000001011110001010110101011000101010100101010110101110000001100001111001010010010011011101000100101010011100010111101,True,True,True,True,True,True,True,True,True,True,59,76,48,7,17,12,8,63,65
659,00010100001010101110111011010000110001010001100011110001000010101000100001001001100011110011000011010000100001100010101100101000,True,True,True,True,True,True,True,True,True,True,51,67,35,7,10,11,15,62,63
660,01111000110101000000001101101100111011100010101110100000100001101110101110100100101000110111100111110011101111100110001111101010,True,True,True,True,True,True,True,True,True,True,68,63,32,8,6,4,7,65,64
661,10110101000000010001011011000010010010011100001010100010100011110011000101001100111010011011010001010101100110111101110110000001,True,True,True,True,True,True,True,True,True,True,58,71,39,9,9,9,9,65,67
662,11011100110000101101110111101011001100001010001011100111100010001000110101001011001110101110101100010000101101100110011101101101,True,True,True,True,True,True,True,True,True,True,67,71,35,3,9,8,8,66,65
663,10111110101011010000011001000000101010110000100111100001100010000111001010111110100011110111111111001101111100110110111100111011,True,True,True,True,True,True,True,True,True,True,71,59,29,8,7,5,7,64,64
664,10110111000010001110011000101000110100001101100000001101110100100011010111110111011111010000100001011001000100000101011000000111,True,True,True,True,True,True,True,True,True,True,58,61,30,13,5,8,12,64,66
665,01010100110001101111111100001011110011100111110111111011111010000100100001101110101010011100101010110010101111001001011001011111,True,True,True,True,True,True,True,True,True,True,74,66,37,3,12,8,4,64,64
666,11001001001111010110111100010110010110000000110111111011101001001001000001010110101010011101010100101101011101100100010101011100,True,True,True,True,True,True,True,True,True,True,65,76,46,6,14,11,4,64,63
667,10000111001101011100011011011101001101100001110010011111001110110101001011101011001100101000011010101100101100100011011011011110,True,True,True,True,True,True,True,True,True,True,69,72,35,3,8,5,5,65,64
668,00101101010001111001010011000110010011010000101000110101100010010100010101010100100101101000111111010101111010100100000010110000,True,True,True,True,True,True,True,True,True,True,57,77,48,5,15,11,8,64,63
669,00100011000101001101111000110100110011010010101100001010101111010010101111101011000101011000011101111000000110110010110001100101,True,True,True,True,True,True,True,True,True,True,63,72,39,5,13,8,8,64,65
670,01111001100111101100011001011110100001010101010000001111011011111111110000000011111000100111110111000100000101000110101000000110,True,True,True,True,True,True,True,True,True,True,64,55,28,14,7,5,9,65,66
671,11001100100101111101110001010010101010010110110111101100010110001010110101101100110010111111011000010110001010001001010111010101,True,True,True,True,True,True,True,True,True,True,68,79,48,1,17,12,6,66,65
672,01100111000000101011111100001101111111101110010101111101111110100001011011000111110110101011000111100000101100000001100111001101,True,True,True,True,True,True,True,True,True,True,71,56,27,11,8,4,7,65,64
673,01101000110101111110011001001111001001111110110101011110011100110011001000101111011011110011111001101110000100001010101110001110,True,True,True,True,True,True,True,True,True,True,73,63,28,2,7,6,5,64,64
674,00000111100010010101001111001001100000010011110110011000001010000110101000001101011000101101011010000010100110011101010001010100,True,True,True,True,True,True,True,True,True,True,54,69,38,12,11,8,9,64,63
675,01001100101110000011010001101100010010011001000101111000011001010011110000011100001011101101111011111110110010100100101000001001,True,True,True,True,True,True,True,True,True,True,61,64,30,8,6,11,8,61,65
676,00111011110110010111000010011000011010100011001110101110000111101011110001101010011101101101111111110110100111001111110011010001,True,True,True,True,True,True,True,True,True,True,74,62,28,3,5,2,6,64,66
677,01000001110101101101111000111000010001010100111011111001010000110100110000001111010000011001110000011000110000101111101100111011,True,True,True,True,True,True,True,True,True,True,62,58,25,12,5,4,10,64,64
678,10000110011110110011011101010101101100101000001001011010000100101111110100011110001001100011000110101110000111001111100100111110,True,True,True,True,True,True,True,True,True,True,66,64,30,5,7,7,8,63,64
679,01110001110110100000001010001111000100111100111011001001000111100010000100111011000111101010011100011111010001100011111100111001,True,True,True,True,True,True,True,True,True,True,65,56,21,5,2,6,11,64,65
680,00001101100101111000011101110101101111000001101110001110000101100110110100100101010001100110011000110111010111110011011101011101,True,True,True,True,True,True,True,True,True,True,69,66,30,5,7,4,7,66,65
681,11011001110111110100000100111101000001001101000110001001001110001000000100111100111011001001001110000111100111011010001001110110,True,True,True,True,True,True,True,True,True,True,62,60,23,8,0,9,8,63,64
682,11111010110001101001100111000010000010111001111101110100010110110000011110001101010101000010111111011100111110011110000010010100,True,True,True,True,True,True,True,True,True,True,67,60,29,8,8,6,8,65,63
683,11011010011011001111010111001110010000001000110011101110000100001100101010000001100001011011010110010111101010100010001111001010,True,True,True,True,True,True,True,True,True,True,61,68,35,9,9,8,8,64,64
684,00111001011001000110000001110110000110001010010110000101000000001101001010110010000101000011101001000010111000001011111111001001,True,True,True,True,True,True,True,True,True,True,53,62,31,15,9,12,10,64,64
685,11011010100111100011111011011101101011010101011010010000110000000101000110100110000010101000111100101000111011011011000101010110,True,True,True,True,True,True,True,True,True,True,64,74,44,7,12,5,8,64,64
686,11010011010111011001000000010000000000011011111010001100011111000010000101100100001101111111010101101100011110010011100000010011,True,True,True,True,True,True,True,True,True,True,59,55,24,18,4,7,9,63,65
687,10100111110011101010011001100111000110000000101001110011001111000111101100110110111111001110110110010101110010011010011010011000,True,True,True,True,True,True,True,True,True,True,69,64,24,4,4,3,3,64,63
688,01100001011101110001101100111101001000101001110010001110000011000101111000110100101001000010110100101111101000011010100011010110,True,True,True,True,True,True,True,True,True,True,61,69,36,5,8,9,10,64,64
689,11110100011100110000000101000001110100100110010111111000010110010111000100000101011110100100001111101111010100100010111101010011,True,True,True,True,True,True,True,True,True,True,63,63,34,10,9,10,8,65,65
690,00100100000101011011101011001100001100101111111001000110101100000001010110010001010111111010100111010110000001000011110101001010,True,True,True,True,True,True,True,True,True,True,60,69,41,11,13,10,7,64,64
691,11111011100101010000101100010111111000110001100000101000010100101001011011101100010010110101011010101110000011000100110001110000,True,True,True,True,True,True,True,True,True,True,60,68,37,7,13,10,10,64,62
692,00011010110011000101110101011111100101100001000001101000001001110110100011001000101010101100011101011010001000000110100100011100,True,True,True,True,True,True,True,True,True,True,57,69,37,8,10,8,11,64,63
693,11100100111111100001100111110101000110010000010100101111010001010011001100011000001001011001100000001111010111010101011000101001,True,True,True,True,True,True,True,True,True,True,61,65,33,9,10,8,8,65,65
694,01101110110010001000010000101001111101001100100101000101100110001001000111111111000010100110111011000111001111010000000110001010,True,True,True,True,True,True,True,True,True,True,60,63,30,7,5,11,10,64,64
695,00100010011100010101101010111101101010001111111100010000000110000110010110110010000111001010100100111011110001111111000100100011,True,True,True,True,True,True,True,True,True,True,63,62,30,6,8,10,10,65,65
696,00001011000110001001010000110001000101000000110000000111111001100000000000111000000010001011001100111010000010010110001011011101,True,True,True,True,True,True,True,True,True,True,47,54,23,23,6,10,13,64,65
697,00000110110010110001111100101110101001100000011001001111100010100001111111010010101001111100011101000110000100000010110011010100,True,True,True,True,True,True,True,True,True,True,60,61,29,10,8,7,9,65,63
698,10010101011110000111111101101110001001011001001100001111100010010101111110111000100111010111101101010000000110100000100101101010,True,True,True,True,True,True,True,True,True,True,66,66,38,8,10,9,7,64,64
699,00001110011010010010010100011110110110100100001111101000110110111101010110010101011010010100000011011011111100001100011100101100,True,True,True,True,True,True,True,True,True,True,64,69,36,6,8,7,7,65,63
700,11111111001101111011111001111111000001010100010111101000101011000001010000100110101111100110100000001111011000001100000101100110,True,True,True,True,True,True,True,True,True,True,66,56,28,13,8,6,8,64,64
701,11000001010011110001001110011010011010000000001000001101110010001110100110001111110000001111000000110011111010111001101111111111,True,True,True,True,True,True,True,True,True,True,64,49,17,16,2,4,8,65,64
702,01011000010010000001100000000111110100010111011101001110011010001011101010111011110011100111010011100110100110001000010101110011,True,True,True,True,True,True,True,True,True,True,63,64,31,10,7,6,7,64,65
703,10110001010100010110110000101011001001111010111111010011110011011100111001001110001110011010010001110110000111010111110011011101,True,True,True,True,True,True,True,True,True,True,71,67,32,2,7,6,6,64,65
704,11011101110101100100100010010011010111101000110100110101000001110001010001100101010011011111000010010011110100100010100001110101,True,True,True,True,True,True,True,True,True,True,62,73,41,4,8,10,8,65,65
705,01001111101010100001010100100010000100100110101010011011011000100000000000011110110000100101111011001000010111100111111001011101,True,True,True,True,True,True,True,True,True,True,59,66,38,13,9,11,7,65,65
706,01100011111001100000011000010100110001100101110110111110001110100101001001011001111111010000010101011000010101001100101110100010,True,True,True,True,True,True,True,True,True,True,62,67,35,7,10,9,8,64,65
707,01110011011100011011111010000110101111001101111000100110111011100011100011110010011000110010111101100100110010000000011011110101,True,True,True,True,True,True,True,True,True,True,69,60,23,6,3,5,7,63,64
708,10000101110110001000111001011001110101011010100001011100101101100101011111001111011101100010101011110011101000010001001011110001,True,True,True,True,True,True,True,True,True,True,67,71,40,3,13,10,8,64,66
709,01001110001001001001101101011111000101100010010100100100001110001001011001000111101110000000001110101010000110110111001011000110,True,True,True,True,True,True,True,True,True,True,58,67,33,8,7,12,9,64,65
710,10011100001010011000100101011001001111101110000001100001101110000100111101010101000100001000011010100011110111010010011001111110,True,True,True,True,True,True,True,True,True,True,61,64,32,8,7,8,9,63,64
711,10100010101001100100010100010001011010000010000001011011000101101110100110000101010100000000010100100110101101001000001111010110,True,True,True,True,True,True,True,True,True,True,51,74,47,14,12,12,10,64,64
712,00011110000001010010010001001111001111110011101001000010111100000001110101100101011100010110100101110100010100110100110101110100,True,True,True,True,True,True,True,True,True,True,61,67,36,8,9,10,7,66,64
713,01111100010001100101010110010110101011100010001010100001011010001011001000010000111100100010011001010101000101110011110000000111,True,True,True,True,True,True,True,True,True,True,57,70,40,7,14,13,11,65,67
714,11111110100011110101011111100101111100000110010011111100001000001010100000100111000110011000110101101000011100101010000010011100,True,True,True,True,True,True,True,True,True,True,63,58,28,10,8,7,9,64,63
715,00011000110100111010011010101010111101100001100110110100101011000010100000010111010011001011100100100011010011000101001101000111,True,True,True,True,True,True,True,True,True,True,60,74,39,5,10,7,8,64,65
716,11000100011100001011000101111111110001000001010000010100111010001100100101000000001001111001010110100010101110101101100010100000,True,True,True,True,True,True,True,True,True,True,55,64,36,12,11,12,11,65,62
717,01001101010010100110010111001000010010010111111111001010011010100001001011100001100101110110011011001110110101101011011111100110,True,True,True,True,True,True,True,True,True,True,68,73,39,3,10,10,3,63,64
718,01000100001100101100110001001101001010010011010010011101011101111001001000110010001001011001111001110001011010110111010011001100,True,True,True,True,True,True,True,True,True,True,61,73,33,1,6,12,6,65,64
719,00111000010111111000001110001010001010100111010010100101001000010010001110110001011011011001000110100111001100111111100111011010,True,True,True,True,True,True,True,True,True,True,63,67,33,4,7,10,8,62,64
720,00011010110010110110110111111000100100011000100010110010000100111011110111000010011010101001000111010100110010101001000001001100,True,True,True,True,True,True,True,True,True,True,59,71,36,4,8,12,9,63,63
721,01100001010101000110010111011101100010110100111110000011101000000110110010010110111010011100100010111111101101011001110100000011,True,True,True,True,True,True,True,True,True,True,65,66,34,9,8,7,7,63,66
722,00000010001100000001001010011100110001011100011101100111110101011111110001101111101110110011001001101000010010111101010010110100,True,True,True,True,True,True,True,True,True,True,64,63,30,8,7,8,7,65,64
723,11111000100110001000001001101100001110010110011110101000000110010111110100100111011100110000011101111011011111100101010100011100,True,True,True,True,True,True,True,True,True,True,66,60,26,8,6,7,7,65,64
724,00001011111010001110000110111010001111001000001010111010011101001010111011011101100001010110001000011011111001010010101011110100,True,True,True,True,True,True,True,True,True,True,65,69,40,6,11,8,8,67,64
725,01011000111110110100110111101000101010010000010111011100100001010000101110101111110101010101100101100100000110100110111110101011,True,True,True,True,True,True,True,True,True,True,67,74,47,6,14,8,6,65,64
726,10110100011100010010010011001000111001100111011010001011011000001101010111000000100111101100110110110001111001101001111010110110,True,True,True,True,True,True,True,True,True,True,65,68,30,5,4,6,7,64,64
727,10101111100000111001100101001011101010110001010101000001110011010101100010001110000100010101101010101010001001110000011110001000,True,True,True,True,True,True,True,True,True,True,58,72,44,7,16,8,10,63,63
728,01000111111010100010011010100000111011011000000100101111001110011100000111100001010100001111100110110000111000011011000001010000,True,True,True,True,True,True,True,True,True,True,58,57,26,14,6,5,10,63,64
729,10111001100000011101011110100110000101001001110100111010110000010110011111100011100101001000010001111011100000110011000001110110,True,True,True,True,True,True,True,True,True,True,62,60,26,11,5,6,8,64,64
730,01110000111000111001000011101011011101111110000000110010100111111111100000100101000001001101101100010111011100010110011101001110,True,True,True,True,True,True,True,True,True,True,66,57,25,10,5,7,8,64,64
731,10101110101110001010000110110000101111011001011000100000011100110111100001010101110011111111101011001011110011000110001001010001,True,True,True,True,True,True,True,True,True,True,66,65,34,6,11,8,9,64,65
732,11100011010001111010001011001101000111001110101100010101011001100011111000101010110010110100100111110101100001110001100110010010,True,True,True,True,True,True,True,True,True,True,65,70,34,1,10,7,9,64,64
733,01110011001000111011010010110001000000110111000001110111001001001011111011011001100000100110110001010000000100010111101001111001,True,True,True,True,True,True,True,True,True,True,60,62,27,11,4,10,8,65,65
734,10111010111101110111101110000000010101000010101001100111000111110101111111011110001011111000101011101011010011010100000010111101,True,True,True,True,True,True,True,True,True,True,72,65,41,9,12,5,6,64,64
735,01010110110110111110000101000000101000100100001000110011011010000100110100100011110101001111011100010010111111001010011001011110,True,True,True,True,True,True,True,True,True,True,62,69,38,6,8,11,8,64,64
736,10101010110010010000101011010011011111111011011000011100011100111000101000101111000001101010100101001001111101101011001001100000,True,True,True,True,True,True,True,True,True,True,64,70,39,6,11,8,6,64,62
737,10100110111110110101111011110010110011000111000101111100001101100000101100110111011011010000111101110000101000010011011001000111,True,True,True,True,True,True,True,True,True,True,69,63,28,6,5,6,8,64,64
738,10000011110010111000110011000110011010000111101111001101101000000011010101011100000001011111111110000001110000100001011011001110,True,True,True,True,True,True,True,True,True,True,62,54,23,16,6,4,9,65,64
739,01000111011101010011101010010110101011100110000110010101010111010101001101001111101111000101001000111110010101000100011101000110,True,True,True,True,True,True,True,True,True,True,66,77,48,1,14,6,7,64,64
740,11010101110111001000101110011001111011010010110111100000110111000110000000011110101010000110001101101101101111001111101110110101,True,True,True,True,True,True,True,True,True,True,71,65,32,8,7,3,6,64,64
741,00011001010111111111100010100100010110111011000000110011011100101100111111111111011010111011100001100100000110000010001001010011,True,True,True,True,True,True,True,True,True,True,67,58,26,8,7,9,8,63,64
742,01110001011011110011000101111001111000010011101001111101010011100010001000011000100110101100110101001010110001000110110011111010,True,True,True,True,True,True,True,True,True,True,65,67,32,2,7,8,9,65,64
743,00110000000000111100010101100010001100000011011010100001101100011111011110000000101000100001010110010110010011111001011001100010,True,True,True,True,True,True,True,True,True,True,54,59,27,16,8,9,11,65,65
744,11110011110110001111101000010101000010001100100010100101010000000110000110101110110000100010100111011010101010001111001110001001,True,True,True,True,True,True,True,True,True,True,59,67,37,8,10,8,11,64,64
745,00100011111000111100110001110110010110111100111010101011000100100000101110011110010010011101010011100101001001010111000011110011,True,True,True,True,True,True,True,True,True,True,66,66,30,3,9,10,6,64,64
746,00111100001101101110011100011001100010001101001111010111101011011010011110101011111100001010111110110111011000110101110001111101,True,True,True,True,True,True,True,True,True,True,75,64,31,2,7,2,7,64,65
747,00111000101111101010011111111101001001100101111011011101011011101100010010011010011000100100101010100111000010101010111001001110,True,True,True,True,True,True,True,True,True,True,69,73,41,1,11,10,4,66,64
748,10000100000111111000001000011111001110110110101100011110101111011010100111111101000010011101110010001101100001110011111011000001,True,True,True,True,True,True,True,True,True,True,68,55,24,10,3,4,9,65,67
749,00100011011001111010111001010001111100111000100110111001101100001000001010000110110110010101110110101111011000010101010011010100,True,True,True,True,True,True,True,True,True,True,64,71,37,5,10,7,7,64,63
750,11000110100000011011001101111111011101010010111110011101111100001101011010001010000110110101110110100000000000011111000101010001,True,True,True,True,True,True,True,True,True,True,65,61,33,14,7,3,8,64,66
751,11101101100011000001111110110001000110100001001111001000101110110111111101100011011111011100110101001011100110110011100110101100,True,True,True,True,True,True,True,True,True,True,72,62,25,3,4,5,7,65,63
752,00111001011111010001111110100001110010010110000111000010010101100111101101001010101101001001101000000101110101011000100011001011,True,True,True,True,True,True,True,True,True,True,63,70,38,6,11,10,7,62,64
753,10110110100010011100110001011100101111000110010010110111111010000000111111000110100111111101100101010100110101100111001010101010,True,True,True,True,True,True,True,True,True,True,69,70,39,4,11,7,5,64,64
754,01000000110110011011011010100011110001101010100101000010101001011010000110101101111110101110110011100011000110110000001001011000,True,True,True,True,True,True,True,True,True,True,61,71,39,8,10,5,8,64,63
755,00111011110010101101100001011001111110011010111011000010100100010100111101010011100110111001000101000001110010110000101111100100,True,True,True,True,True,True,True,True,True,True,65,67,33,5,10,10,6,64,64
756,10100001100011000010110011010100011011110101011001001011111101010011011001101101110101010101110100001001100110111110000011010100,True,True,True,True,True,True,True,True,True,True,66,74,42,5,11,4,6,65,63
757,00000100111010000100111100011000110100101011110101010000001111111001110010111100010110011011100111011001000000010011000110101011,True,True,True,True,True,True,True,True,True,True,62,62,29,10,8,7,8,64,64
758,01000000111011110000000111010101111000001001001111100110010111100010000101011110111101000000001110001100110011101111110111010111,True,True,True,True,True,True,True,True,True,True,66,54,25,15,6,5,7,64,64
759,00011100110011100101110110011100001111000100000111011100010100011001111001010010010001010111101000100011100111101111101110001000,True,True,True,True,True,True,True,True,True,True,64,59,23,3,5,9,10,63,64
760,10101010000110100010011001101000101101100011000110100000000100110011010111000101011010001011100111110111001011000000001111011000,True,True,True,True,True,True,True,True,True,True,58,66,33,11,8,6,9,66,64
761,00111100010010110110100010111110001010100100101010001000111011111010100001111111011001000001100010110101011110101011101011001010,True,True,True,True,True,True,True,True,True,True,66,73,46,3,14,10,8,64,64
762,10101000010100000111011000010000100011000011001000011010011011101100101110010110011100100010001111111100100010010100011111111010,True,True,True,True,True,True,True,True,True,True,60,62,30,7,5,11,11,64,64
763,00001101001010100110000110000000010000110100111011001110001111100110001000010001010110011100101001100111001010111011100111111110,True,True,True,True,True,True,True,True,True,True,61,61,26,9,7,7,8,65,64
764,00110111100010000111011111100101101110001011111001010110111010011101110110111010111110110000111011111111000000010010000100111111,True,True,True,True,True,True,True,True,True,True,75,56,26,7,5,7,6,65,64
765,10000100000111011100000011111011001110110010111111010101110000001110011011000110000101000000000010011010110111001111111000100100,True,True,True,True,True,True,True,True,True,True,61,54,23,17,5,6,8,65,63
766,00000100010010001000000000100000111110010010111110010110100100001000011110100000100010100001000100010010010001001000000101010011,False,False,True,True,True,True,False,True,False,True,43,60,32,18,5,20,14,68,64
767,11010101000100010111111111101101110101101010100000110000000010111101011101101110111010011100011011010001111111100110011010101111,True,True,True,True,True,True,True,True,True,True,74,65,38,7,10,3,6,64,64
768,01101101010101010110110101101100010101000001100101011000110111000001000010000011101010110000101010110110101101111101010111110010,True,True,True,True,True,True,True,True,True,True,64,79,53,8,18,6,7,64,65
769,01100111010000011010100110111000110100110001000111110011110001100000001101010010001001001111011000010110110110100000001011010110,True,True,True,True,True,True,True,True,True,True,59,65,31,11,5,6,9,65,64
770,10000111100011000010011000001100111110011101001110101010101110010000100011100000010101111110011100111010000111110111010110001100,True,True,True,True,True,True,True,True,True,True,64,58,25,9,7,4,9,66,64
771,11000001100111010000110000011000001110001001011001111010000110011110011000010010110101011000111010100010010111011110101001010000,True,True,True,True,True,True,True,True,True,True,58,64,30,10,8,7,9,64,62
772,11000111100100110011001000111011011001111100000001100001100100100000011010111011010000101110010011010100110000111100110111110001,True,True,True,True,True,True,True,True,True,True,62,59,21,10,3,6,8,66,66
773,10110011001110101111111011001000101010111011000111011110101000111010110110111000101111010000011101000100000111100010011101110011,True,True,True,True,True,True,True,True,True,True,71,65,33,4,7,5,8,64,65
774,00011000001100010110001111010100110001010010011010110001100001111110100011011000110111101111010011111111011110101111000110011010,True,True,True,True,True,True,True,True,True,True,69,61,27,3,5,3,10,64,64
775,00000000010111101000100111001101001101010111000000101101100100101010001010110001000101010110110011110011110000010101101101011101,True,True,True,True,True,True,True,True,True,True,60,72,43,11,14,9,7,64,65
776,10101001011001000110000100101101000100011100011100011100010110110011011101001011010110011111000111101011101011001101001000111000,True,True,True,True,True,True,True,True,True,True,64,70,34,1,8,8,9,64,63
777,00011010100111101110010100100001000010111001110001000110111101101100101111101000100100011111111010010011000011000011100000100011,True,True,True,True,True,True,True,True,True,True,62,60,26,6,4,10,11,63,64
778,00011101001010101101000000101000100000111111111011011101110010100010011101000010111100001000101110010010110001110101010101001001,True,True,True,True,True,True,True,True,True,True,61,70,43,7,12,11,9,64,64
779,11100111000100010010110010111010001011111101110011001101001000111011011110110101000000000111110100000010001010110100111100101101,True,True,True,True,True,True,True,True,True,True,65,65,34,9,7,9,7,64,65
780,01000000010101000011001010111111010111011101010111110101110100001110001101100111101001111100010000011110111011000011011010111100,True,True,True,True,True,True,True,True,True,True,69,63,35,9,9,3,7,65,63
781,01100100010111101110101110001100101100001001111011010010011110010100000101011010100110010010000011100000101011111010100110000001,True,True,True,True,True,True,True,True,True,True,60,68,37,10,10,10,7,64,67
782,11011101100100100110010010011010000100001000100011111001100010110100001111011001000111010111111111101111001000101111011111001111,True,True,True,True,True,True,True,True,True,True,70,59,25,3,3,11,8,65,64
783,10101000101101010111001001000111011100001100111000010000001100010001110010111100001101001010000011001111110101101110010111001010,True,True,True,True,True,True,True,True,True,True,61,66,34,8,9,9,9,64,64
784,10011011100001010110000011001101111011101010000111111000111010010010011101100111010000101100001010100110011100111100111110000110,True,True,True,True,True,True,True,True,True,True,66,62,27,7,6,5,7,64,65
785,00100000101010101101010110110010011010100011111101111010010100110011000111001001011110011001010101011010101110100111010110000100,True,True,True,True,True,True,True,True,True,True,65,79,48,3,16,8,4,63,65
786,01100110010100011010010100001000000000000011110111110111100011101100011110100000101101100000000111000001100100110011011011100011,True,True,True,True,True,True,True,True,True,True,57,54,21,20,3,5,9,64,65
787,11101000101001010000101011000110001010011011110110011110011111110010000100101011001111011111010000111111011111010001001111010001,True,True,True,True,True,True,True,True,True,True,70,63,33,3,7,8,8,64,65
788,11001100000000101001001000010110011110111101111101110000000010101110001111111000011000010101010011100011011111001101000000011000,True,True,True,True,True,True,True,True,True,True,60,54,24,17,7,6,8,63,66
789,10010010010101000100000111011011001011110010011011111101101100001110110011010101010000011100001001000000110011101101010011011011,True,True,True,True,True,True,True,True,True,True,63,69,35,9,7,8,6,66,64
790,00010000101011111000101010001110010010011000101010010111011011010011101011011101101101011010111000010101001110101000111001011110,True,True,True,True,True,True,True,True,True,True,66,77,47,2,14,9,7,64,64
791,01001000101111101100010110111110000010100001001111011111011011010111111100101001000111010001111110111001000100011100001101111000,True,True,True,True,True,True,True,True,True,True,69,59,29,4,5,9,9,64,63
792,01110111001001100001111000111110001100010100011010100011110111001101110011011000010111101100000001101110111010011010001000000111,True,True,True,True,True,True,True,True,True,True,65,58,23,9,3,4,10,65,65
793,10001011110010000100110000100110001001100011011000111101000001010111100011110010110001110000100001101001111110110001010000010101,True,True,True,True,True,True,True,True,True,True,58,61,28,8,7,10,13,65,64
794,01111000011111111011101010100101001101100110101111011111010101001001010010000111100011100100111001110000100100111010010000110100,True,True,True,True,True,True,True,True,True,True,67,67,35,4,7,8,5,65,63
795,01110001000011111111110000110000100010011001111100011111101100011011110100011100000001100101101001100100011000110110011100110111,True,True,True,True,True,True,True,True,True,True,66,52,15,7,1,5,11,63,64
796,00010100001011011011110101011010111000001010010100001001010000110010000101011001000010111000000001101111001100000000001110111011,True,True,True,True,True,True,True,True,True,True,54,64,36,19,11,10,9,64,65
797,01010111100100000000101101001011011001110000000101101110110100100111000110110001110001000110001101001010011011000001101110111101,True,True,True,True,True,True,True,True,True,True,61,66,32,11,6,7,8,64,65
798,10100010110111101110010111101101101111101011011101101101000011001101111100011110010000111010100001100000111001100010001111110010,True,True,True,True,True,True,True,True,True,True,71,62,29,5,4,5,8,64,65
799,01110100110011110101011111110000110010110010011010011100110111111001011011110010100111000100001101001001001010110001110010010011,True,True,True,True,True,True,True,True,True,True,68,68,31,2,7,10,4,64,64
800,00101001011001111110110111000101101000001001011000110000001101000000100010010111001010000110011011010011111100101110000011001000,True,True,True,True,True,True,True,True,True,True,57,63,29,11,7,11,8,64,63
801,11101001100011101000101101011111101110011011110101111100110101111110101111011101001110000101111001101011110001100011101100110100,True,True,True,True,True,True,True,True,True,True,78,64,31,1,7,2,5,65,63
802,01110000000110111100110001100100011110000011110010110100110110100111110100001111101110000010010111101111011001001101101100010101,True,True,True,True,True,True,True,True,True,True,67,60,26,9,4,6,7,63,64
803,11111100111101010000001010000000100010100010101011111001111001100000101110001110010010001000010011101110001110110000000111110111,True,True,True,True,True,True,True,True,True,True,61,55,26,14,7,9,10,64,64
804,11000111101010101010011111001110100000001000010100100000011000110111010100111110000011111001100100111101110110001001011101001111,True,True,True,True,True,True,True,True,True,True,65,61,30,10,7,6,7,64,64
805,10110101000111111100011000101011001111000110010110100000111011110110010000000011001001000011100001010010100100111101000110100010,True,True,True,True,True,True,True,True,True,True,59,64,32,9,6,9,10,64,65
806,10101001110011110010100111001010110111011001111011110101101101101000100110110001011110011110010000000101111011110110110000110010,True,True,True,True,True,True,True,True,True,True,71,68,34,5,7,7,4,64,64
807,00111000100011000101011111001011000000000011010101001110111100110100110000110010011001101110010001001001111100101011111110010000,True,True,True,True,True,True,True,True,True,True,61,61,26,9,7,9,6,64,63
808,00011000101110100011101110010111010100000111000010010001000010010001010000111100011001101110110111011010011101110110001101101101,True,True,True,True,True,True,True,True,True,True,63,66,31,5,4,8,11,65,65
809,10011100110111110111001110111000010011011001010101110011100011011110111000011100100010101111110111100001111101001110101001100111,True,True,True,True,True,True,True,True,True,True,75,61,26,3,6,4,5,65,64
810,00100011011111111110000011011110110000000001000010101011000010011000001100010101010001011001110100011001000000000101110010011101,True,True,True,True,True,True,True,True,True,True,55,58,29,18,8,9,10,64,65
811,10011011001010010111100000011000000001110011101100110011011111000100110100111100110011100100010011100011000000001011000111010111,True,True,True,True,True,True,True,True,True,True,61,57,19,13,4,6,7,65,64
812,00110010101011100111110011110110101111000111011011011110000111111001101100001111001000001000111110000110101110010110101110001100,True,True,True,True,True,True,True,True,True,True,71,59,24,5,7,4,7,64,64
813,01101101110010001100111100110111110111010101000110010100011101011001101111110000001110001010000101001001100101110010101101111111,True,True,True,True,True,True,True,True,True,True,70,66,33,4,9,7,6,65,64
814,11101000001011001100101011001001000001110001010000011101100010010111001011111001111011101001011011000001000001010100111100011101,True,True,True,True,True,True,True,True,True,True,61,65,33,10,9,11,8,65,64
815,10111010111100000010110011101011100000001001100101001010110010111111010111010110010100011100111011011010100100110110000100111000,True,True,True,True,True,True,True,True,True,True,65,70,38,8,11,8,4,65,63
816,11111110110111001110101000001111000100001100010010110001010111000011000100101111010110010010101100001010000010100110001100110101,True,True,True,True,True,True,True,True,True,True,61,67,35,7,11,10,10,62,64
817,10011101011000001001011101101001111100010000011000110110011010111000101101101101001001100000110100111010110110110010101111001010,True,True,True,True,True,True,True,True,True,True,65,72,37,6,8,7,6,64,64
818,01101101110111100001110100111100010111000101111011110000010100010011100000011011001010111001101011110110000111001010110010100000,True,True,True,True,True,True,True,True,True,True,65,63,31,9,9,7,7,64,62
819,10010100010101110001111000111001011011110011011101010011100011101110101001100001011111101001111110100100010111111011110011001111,True,True,True,True,True,True,True,True,True,True,75,63,31,1,8,6,6,64,64
820,00111110011001101001101001100011001001011010011010010010100100101000110101000001110010000010101110110100111110111001111011000101,True,True,True,True,True,True,True,True,True,True,63,72,36,4,7,9,5,63,65
821,11110010100110111100001000101000000010001110101010011001111000111000000001010101010001011000100111101111000110111111011010000011,True,True,True,True,True,True,True,True,True,True,61,61,32,12,9,7,10,62,66
822,11000001111110101101000001011011111000010010010011011011000101010101111010001100101101010000011000001101001110001111100010001001,True,True,True,True,True,True,True,True,True,True,61,65,34,9,8,8,10,64,65
823,11100100010000111011011101100110100100101010111000000001011010000010001101101111110010101100100001010011110100011001100100000111,True,True,True,True,True,True,True,True,True,True,60,65,32,11,7,10,8,67,65
824,10010111010101101111000000100101001100100100001010000001000001100010111010111111110110011000100100101001001011011010011000001111,True,True,True,True,True,True,True,True,True,True,59,67,36,11,9,13,7,64,65
825,10000001101111100011010011100100100100101100100111111101110000000001010000001000001000001001111011111111111111011011010001010011,True,True,True,True,True,True,True,True,True,True,63,53,25,16,3,10,7,65,65
826,01101001010011000010011110000011000001011100000000101000111110110000010000110101000101010111001000101100101010101000110100011110,True,True,True,True,True,True,True,True,True,True,54,67,39,13,12,9,11,65,64
827,00100000000000000010101110010010111010011101011011110111111100001010001111000110100111101011011001101111111000010101111111001010,True,True,True,True,True,True,True,True,True,True,67,59,33,14,9,7,5,64,64
828,11010011010010010000010011011011011100010001011001110101110100100011010101001001001101010111000001110010100011001001000111101001,True,True,True,True,True,True,True,True,True,True,60,75,40,4,7,11,7,64,65
829,10100110111100000000000010101011101010000000010111001011111101011001010110000100011101111110111100011000100100111110111001100000,True,True,True,True,True,True,True,True,True,True,62,58,31,17,9,7,6,64,62
830,00111100101001001000010101010011000000000001001000011011011101001100010101101011110001111001111010101110011111011110111110000010,True,True,True,True,True,True,True,True,True,True,63,63,34,12,9,8,6,64,66
831,10101010101101110001101011011001001011010000010100010101001011110011001100010000111001001010100101111101000110001000110110110110,True,True,True,True,True,True,True,True,True,True,62,78,46,3,13,10,8,67,64
832,01110101001100100101111100000010111101000000010000000000000100001000001010010010111100010111010110011101011000111101111101011011,True,True,True,True,True,True,True,True,True,True,58,60,34,20,9,10,7,60,64
833,00111000000001001111011100000010100111111110101100000000110000011100111101101111011111110101101111100010000001110110110000110100,True,True,True,True,True,True,True,True,True,True,65,49,20,19,3,3,7,63,64
834,10111010001011110110100111001111001101000111011011111001011100101111111110011100110001010001100000011010000010011001010110001100,True,True,True,True,True,True,True,True,True,True,68,62,27,5,6,6,7,65,64
835,00001010101001010001101010110010011001111011000101100011100111001100000011101001100100100010110000101001110101100100000000010011,True,True,True,True,True,True,True,True,True,True,55,68,33,11,10,10,8,64,66
836,10101011100000111001110110010111101100100101101100000110111100110100111010111101010011101100001011000011010111101001010001011110,True,True,True,True,True,True,True,True,True,True,69,70,38,6,10,6,5,64,64
837,11101101111101001101110100110011000110010101011010100000111100100100001100011110010111100101110101111000000011010100111100101101,True,True,True,True,True,True,True,True,True,True,68,67,34,7,9,6,5,64,65
838,00010110101110011011000010111111001111101010101010100111000001010010110010111100100101110000000011110000111000111011101001100010,True,True,True,True,True,True,True,True,True,True,64,65,35,9,12,8,7,63,65
839,10001001110010011110101101010011010111011001111101010100110011011010000000001110010010110010000101000010000101010000111010001000,True,True,True,True,True,True,True,True,True,True,57,70,39,10,9,9,7,63,64
840,10110110101010000000010111011111000010011001000111111011110101000010111101001110000111010001000101111000101111101000100111100101,True,True,True,True,True,True,True,True,True,True,66,63,36,8,8,9,9,64,64
841,11011110110001101010110000001010011010011111101001101011100110010111011101101100110010110100000010011010100010010001010101100010,True,True,True,True,True,True,True,True,True,True,64,74,41,6,10,8,6,64,65
842,01001011110100101101111100001101010100110010100011001001001001100000100011011010101011100101000100111011111100101110111000100011,True,True,True,True,True,True,True,True,True,True,64,72,39,3,10,11,7,63,64
843,01000001111100100101100100000000011100110001010110000110010101110111101110110010110110110110110001100001111110101110111101101001,True,True,True,True,True,True,True,True,True,True,67,64,31,10,7,6,6,64,65
844,01111011101010001111000011111110000000001010111000000011010001010101100111100010110100011011111011011111001111101110111101111011,True,True,True,True,True,True,True,True,True,True,73,56,29,11,7,3,7,63,64
845,00001111010011010110100011010011111011011000010101100100001001010001011100101001000100100001001101111001001011001110110000111001,True,True,True,True,True,True,True,True,True,True,60,70,35,5,7,12,8,64,64
846,01111110101100001011010011001101010111011000111011110100111010011000001110100110010001010110100011001010011011010011101100010100,True,True,True,True,True,True,True,True,True,True,66,73,38,3,8,5,6,64,64
847,00001110001010000000010000010110001101111011110101101101101110101110111111101100110001010100011000101000000000011001000111111001,True,True,True,True,True,True,True,True,True,True,61,58,29,15,7,6,10,64,65
848,00000001011001111011000000011000001100110001101001110101111101101111000101111011110010101111110000011011100111011111000011111101,True,True,True,True,True,True,True,True,True,True,70,52,21,13,5,3,7,64,65
849,01000100010110000101000000100010101101010101101001100101011000100111001010001000101000100000001100110100101001001111100011010111,True,True,True,True,True,True,True,True,True,True,53,74,44,8,13,13,11,63,64
850,11110111101101101101111100010000001011001110100100000001010010001101000100011010010110011110001110000010000010110000010101011110,True,True,True,True,True,True,True,True,True,True,59,62,32,13,7,10,10,64,64
851,10010110110101111101100000110101011001111011111110100001010010110111000011101001110000000001000000101001000110100011001001100101,True,True,True,True,True,True,True,True,True,True,61,65,35,13,8,8,7,64,64
852,01000101100100110111110011111000111010001001110111000111110111011110011100000111100001011011011010100101011111100011101100101111,True,True,True,True,True,True,True,True,True,True,74,60,27,3,6,6,7,64,64
853,01110111011010100100011011001000000001100000101010011111001111000010011100100111001010111011010011001111110101101100110111110100,True,True,True,True,True,True,True,True,True,True,67,65,31,8,6,6,4,65,64
854,11001010001010001111010101111001100110111111111010010100000000001100011111110111110001010110011110001001001011011001111100010110,True,True,True,True,True,True,True,True,True,True,69,60,30,7,9,8,7,65,64
855,10010010011001001100000111010010101110111111011100010001111110011010000110111111100100100111100011010111000111010101000000100001,True,True,True,True,True,True,True,True,True,True,65,61,29,7,5,8,8,65,65
856,00011110111110001010011100001111011010101101111111010011100001101001011000001011110111011111110111010010000101101011110010101011,True,True,True,True,True,True,True,True,True,True,74,64,36,5,10,6,6,65,64
857,11010101000000101010000101000100110100100101011000101011011011010001011001001101111000011110110100100001001000100001100110001101,True,True,True,True,True,True,True,True,True,True,56,75,43,7,10,12,10,63,64
858,11000100101111101000111010111110111000100100000001111100100001011011011001011000000000001001110111111111010110001110111100100000,True,True,True,True,True,True,True,True,True,True,64,54,25,15,5,9,7,64,63
859,10000100110111001000100011011000011100110010010010001000100101001010110101001001011101001010100101110110101000101110100010100100,False,True,True,True,True,True,False,True,True,True,56,80,47,2,11,17,8,64,64
860,11011001111111100011010010101010101010010110001001111011010010101000111111100100101000000101010101010111101110101011110001000111,True,True,True,True,True,True,True,True,True,True,69,75,50,3,18,8,6,65,64
861,11100010100101110101101001001100001100110000011010000010011000001001101101000000111001011000110000101111100010100011101001000000,True,True,True,True,True,True,True,True,True,True,53,62,28,14,6,9,10,65,62
862,11000010100110101111110001111010010100100110111110011110110001001000111111001010001010101001011100011101001000000111011010000000,True,True,True,True,True,True,True,True,True,True,63,64,34,8,8,9,7,65,61
863,01000100001010110000111001011001000101010011101110010010011010001100001000110001100000010000011001100000010000011100001101111000,True,True,True,True,True,True,True,True,True,True,49,59,24,14,5,10,13,65,63
864,01111100100000101110101010001011000100010011111011111111111101101100100000111000100100101110000010011111110111000101001110110100,True,True,True,True,True,True,True,True,True,True,68,59,30,6,6,11,8,64,64
865,11010100000110111110010001101001000011000011001110000010101100011100101000110111001111111011110010001100010000110101100101101011,True,True,True,True,True,True,True,True,True,True,63,63,28,7,7,7,10,64,64
866,01100010011011010100110010010101111110110001110101100110101000011001010000011000100101010000001100100000010100011010000000110101,True,True,True,True,True,True,True,True,True,True,54,70,39,13,10,8,9,64,65
867,11101110001010010100110000110100011100110010011101011010010010111100010011110011011100001100010110100111111011000100001000001010,True,True,True,True,True,True,True,True,True,True,62,66,31,5,6,10,9,64,65
868,10010010110000101110101001010111011101001101101100011011010100010111111000010111001011100001001110011011101011111110110100111101,True,True,True,True,True,True,True,True,True,True,72,71,40,3,10,8,5,64,65
869,11100101000001010110100101010000010111100111100000111000001111110010100111111101110100101100010111110111111010111111000100010001,True,True,True,True,True,True,True,True,True,True,69,59,33,8,10,9,8,64,66
870,10100011110011010111100111111000100111001001111100011000010001001001011111101010110010101100001000000000001010010101011010010010,True,True,True,True,True,True,True,True,True,True,60,66,37,10,10,12,7,64,64
871,11001110100110100001110000110100111010101111001011111100111101000111011010010010110001000111001000110100101010100001111110000101,True,True,True,True,True,True,True,True,True,True,66,67,35,4,8,7,8,65,65
872,10110100100110111001101000001010001011001011101010100100010011000100000101100011101011001011001110110111111011101110011101111100,True,True,True,True,True,True,True,True,True,True,67,70,36,4,8,9,6,62,63
873,10011010011100010101011111010010101001011011010110001011110010000101001000101010001000010001000011110011110001100100110100110000,True,True,True,True,True,True,True,True,True,True,58,72,40,4,11,12,9,65,63
874,01111010011001111001101100000001010010011110011010011001001001100110011111011101111001101011110010010111010101110110111100100001,True,True,True,True,True,True,True,True,True,True,70,66,29,5,5,7,2,63,65
875,00101100000110001001100011111010110111100001010100100100011000110101101100011000100100111110011001011010001101110001111001100101,True,True,True,True,True,True,True,True,True,True,62,66,28,3,7,9,10,64,64
876,01110100100010011110010111001100100010001110110110000110100101001000001100010011111100101011101100000000111101010001000010101011,True,True,True,True,True,True,True,True,True,True,59,66,34,9,8,11,9,65,64
877,00001100010001101111111101111011111000100011000111101100010101101000010111001001010001110110111001111010110010011001010000001011,True,True,True,True,True,True,True,True,True,True,66,62,29,5,7,9,10,65,66
878,11110011010101110100100011100110101100000111000101111001011111011011100101001000011100010001011010110100111000011011011100011110,True,True,True,True,True,True,True,True,True,True,68,66,32,4,8,7,8,64,64
879,01010111001001001110101010100100011111001011110010110110010000000011011111000000101101100010110010111011101101010001100011000010,True,True,True,True,True,True,True,True,True,True,62,69,38,9,11,10,7,65,66
880,11111011001011100000100110000000010100101101010100000000000011100111010011110110001010000000111011011011001000000001111100101000,True,True,True,True,True,True,True,True,True,True,54,56,28,25,7,7,6,63,63
881,10000001110011001110101110001010000101010001011001010001111001101111010101111000000110010000111100011110110010101001000010000101,True,True,True,True,True,True,True,True,True,True,59,65,35,10,11,9,10,64,64
882,00001010111001100110000010111011001101110111111001111000001100001011100000101011000101000001100000100101011011001011100000011000,True,True,True,True,True,True,True,True,True,True,57,59,26,15,10,8,9,64,65
883,11101111000000101111010101011110010100010110101100001111010000000000100100000100110110000010001101000010111010100001100110001010,True,True,True,True,True,True,True,True,True,True,55,64,37,17,10,9,10,64,64
884,00111010111100011100010111100101101101001001111010011010100010100110001101110101111001000111000111100000101100001010000010111001,True,True,True,True,True,True,True,True,True,True,64,66,33,5,9,8,9,65,65
885,11110011110010111011111110111100100100101010101110100101111001110110000111000101101100001100110101011101111010001010010011001000,True,True,True,True,True,True,True,True,True,True,71,68,35,2,10,9,4,64,64
886,10010001011110101010000100010100001001110010111100110110011011111100001100100101011010100011100000110011010001000011001110000000,True,True,True,True,True,True,True,True,True,True,57,64,31,10,8,9,9,64,61
887,10111111101000001010010111110101110011111111000010001010011100000001110110000110000001011110010000001001111010010110001111011101,True,True,True,True,True,True,True,True,True,True,65,55,28,14,6,8,8,65,65
888,01100111001011011000011100011111100001110001100010100000011001111000011110000101010011100000110011000101000111100000011100010001,True,True,True,True,True,True,True,True,True,True,57,52,17,12,5,5,14,64,66
889,01000010010010111101111011011010110110001011111010000001000101011110101100010010011000000100110111100110001101001010000110000100,True,True,True,True,True,True,True,True,True,True,59,67,35,9,7,11,9,66,64
890,01101110011000101110100010001101000001000011000110110100101101100000100011001110101100010100101110000100011000110001011100100001,True,True,True,True,True,True,True,True,True,True,55,66,30,7,6,10,14,64,65
891,00111011000111111100000001001010000010110011111110010110111011100100011001010000111001100110101111110000100101010000110100011110,True,True,True,True,True,True,True,True,True,True,64,59,27,9,7,8,8,64,64
892,00000111110001110100010001111011101101011011011001010111011001111111001001101101010111111111111110101111111110001111110111111001,False,False,True,True,True,True,True,True,True,True,84,54,27,2,6,3,5,66,65
893,00110110111011010101100011001001101011000011110001101111111011011111001101101101001101000111000000101101100010111011111010111101,True,True,True,True,True,True,True,True,True,True,74,66,32,4,6,3,6,62,65
894,10110001111110110100010011001011111011011100001100100011001101001100001001110010101110011010100011011001011111001111011111110011,True,True,True,True,True,True,True,True,True,True,72,63,26,2,5,6,6,64,65
895,10011000001000000100001100011000111110011110000011011111001011010101001010001001001010010100111010011011000000011100010010110110,True,True,True,True,True,True,True,True,True,True,56,64,31,12,7,10,9,66,64
896,11010001000100011000000011011111011100101111100000001000111011100111100110010011010000000000000010000000101110111010011001011111,True,True,True,True,True,True,True,True,True,True,57,51,21,23,3,8,8,67,64
897,01010010111110100100001011000000110101001010101011101100111011010101001010001100110011110100100000000110000101101000010111001110,True,True,True,True,True,True,True,True,True,True,59,73,44,11,13,8,6,64,64
898,11110010000111000100000010110111101110111001011110101100011010110110110000010000010010100111111110011010100010000000100011101111,True,True,True,True,True,True,True,True,True,True,64,59,29,12,6,9,9,65,64
899,10111011111011011111000011101010101010100001001000110100111101111010101000000100010011011111011111100100111000011100000010011001,True,True,True,True,True,True,True,True,True,True,67,63,35,9,7,6,7,64,65
900,01110011000111000110010001100111110101110100011011100110010110100001111010101011101111110010010000110101001000111010000010100110,True,True,True,True,True,True,True,True,True,True,65,67,33,4,7,6,8,64,64
901,10110110101101001110010000011001101011010111111110011000000000100001101001011001110111111010110100100001100000110100010111111001,True,True,True,True,True,True,True,True,True,True,65,63,32,12,6,5,6,65,65
902,01011000101011001011110001011000001010001110111001110001001100000110100110010010100100000011000111100001101001011010011011101000,True,True,True,True,True,True,True,True,True,True,57,67,32,8,8,9,9,65,63
903,01100001100110100011001001110101011100000010101110110110110111110001110101111011110000101010101100010111011011111110101011000100,True,True,True,True,True,True,True,True,True,True,70,69,39,5,12,5,7,65,65
904,10101101100111100001010010011001100100001101000010100110111100010010101110111010100101111110101011011001100010001100101001010011,True,True,True,True,True,True,True,True,True,True,64,75,41,3,11,10,6,63,65
905,11110101001011100110100110101011010111010010000001010101011111010111111001101101000111001111101100010001001110110010001100100111,True,True,True,True,True,True,True,True,True,True,70,71,39,3,10,7,5,66,64
906,01001001011101000100000100101110010100100101110010100000100110010111010000000101010011001111111100001101010100011001101111111101,True,True,True,True,True,True,True,True,True,True,61,68,39,9,10,12,6,64,65
907,01000110101010101111101100111011000111000001000011101001111100001001100000100010111100111110101101110010110100100111000011000000,True,True,True,True,True,True,True,True,True,True,62,61,29,10,7,6,8,63,63
908,10001001001100110110100011110110000110110001010000111111111011001011101100111110000111110000010000001100010010100101111010111110,True,True,True,True,True,True,True,True,True,True,66,58,26,8,5,8,9,63,64
909,11001011000111010110111000101000111101011000110000001110010101011001010101001011010010101010100101100111000101001000110010010011,True,True,True,True,True,True,True,True,True,True,61,79,46,3,17,11,7,64,64
910,01110000111110111100111111010000001100101101000100001101101001011010111110010011111101001100010010111000111010010001001000011101,True,True,True,True,True,True,True,True,True,True,66,62,30,6,4,9,8,65,64
911,11100110100001000010010111111011010110111001000001110100110101110111001001000100111100000000001001011110010110100010001100101101,True,True,True,True,True,True,True,True,True,True,61,65,33,11,6,12,7,65,65
912,00101001011110100000010011010111111010001000010111010010010010011100011101010010011000011100111111010010111000001111000101010001,True,True,True,True,True,True,True,True,True,True,61,66,36,7,8,11,8,65,65
913,10101101100011000000101011010111011000001110001010001011000001101100110001010001111110101101011010000111001111011101011011000100,True,True,True,True,True,True,True,True,True,True,63,68,36,8,10,5,10,64,65
914,01000111100010000111111000000010111010110111100110011100100011010101000101110111100000110010110001000101110000011110111100010111,True,True,True,True,True,True,True,True,True,True,64,58,27,9,8,8,11,63,64
915,00111010001010101010001001110000011001010001010110000001001011111110010110001011011010110110101111001000001100101001010001001000,True,True,True,True,True,True,True,True,True,True,57,73,43,7,14,13,8,64,63
916,01101000011001010010011100110011101110011001111011001100010101111001011011010011110011101000110001010101100011001101111111111000,True,True,True,True,True,True,True,True,True,True,70,65,27,1,7,5,5,63,63
917,01101000100101110000100111100100000101010111011101000101100100100101011111110010010111010100110001111000010010111000000010000000,True,True,True,True,True,True,True,True,True,True,57,65,36,12,10,14,7,65,64
918,11011011110001100101001110100100110011100110011011001010001010010011110011011101111010100011000111111100000010101011000110111101,True,True,True,True,True,True,True,True,True,True,69,67,31,3,7,6,6,64,65
919,01100010011000111001011101100101101011001110010000000110101011110111010010000101001010100100110001110101101100001111001110111111,True,True,True,True,True,True,True,True,True,True,66,68,34,6,9,8,6,63,64
920,10111000111110011010110100000111111100001101001010100010000010101110101100010000110001101000100111110100111101011000100100000001,True,True,True,True,True,True,True,True,True,True,60,63,34,10,7,7,11,64,68
921,01001110011110000010001000001011001100101010110000011010011110001011000001010111011011110111110010001000010001001001111100111101,True,True,True,True,True,True,True,True,True,True,61,62,30,9,7,11,9,64,65
922,11011011001000000111000010100111100000001101111011100011110011111011101111101011100001101000011111011110001111001000000100001111,True,True,True,True,True,True,True,True,True,True,68,49,18,14,2,4,9,64,64
923,00011111100110011001000100110100000000011001000010001101010101101010001010111011100001101010011111111000110111010100001010110111,True,True,True,True,True,True,True,True,True,True,62,66,36,9,10,6,9,64,64
924,10000000110010001101110101111100010101010000100011100011110100001110010011010100010000010111001011111011010110101000001110110011,True,True,True,True,True,True,True,True,True,True,61,65,35,10,9,7,10,64,65
925,11110000010001110000010011111101000001101001101101101111111101001111010011010001001000011101000100110011111000111110001010001000,True,True,True,True,True,True,True,True,True,True,64,56,24,7,1,7,10,64,64
926,11011100100100100110100101100000111011100010000011111000010101011011000001010001110011010010000100000110001001001100011011100110,True,True,True,True,True,True,True,True,True,True,56,64,28,10,5,11,10,64,64
927,00010111001011110001001011100111001111001111111011101111111001010000101100011001011101111011010111111111010110001100110001001011,True,True,True,True,True,True,True,True,True,True,76,60,27,1,9,9,6,64,64
928,01110110111010011101010000000011101110011011101001010100101110000100100110011011101001111001001110011101100000101100001001100010,True,True,True,True,True,True,True,True,True,True,63,67,32,9,5,8,5,62,65
929,11010000001000000110110011101010000001111110111100110000110100001000100110111000100011011111010011110100110011100111100100001101,True,True,True,True,True,True,True,True,True,True,62,57,23,12,1,5,9,64,64
930,10100001001101010100111010011110101010010010110101110100001010100010110111111010101010000100011110000001100010000111000111100000,True,True,True,True,True,True,True,True,True,True,59,70,44,9,12,7,9,65,62
931,10010110010001110111010110000010010110001001000010001000000000000000100100110110110110000000011111000000000011001011111001001110,False,True,True,True,False,True,True,True,True,True,49,54,24,27,4,12,8,64,64
932,10011111111110011011010000110100100111111001110001010110111001101101011001110101011111110001100010000101000010000110111110000111,True,True,True,True,True,True,True,True,True,True,71,59,27,5,6,5,8,64,65
933,10100001011110000001000000100000011101011000011111001101100101111011000000101101010010000010111110010100100001000101000011000111,True,True,True,True,True,True,True,True,True,True,54,59,31,18,8,11,11,60,64
934,11000010010110101001001011100111000010100001100110100000000111101001100001010111011100100000000001011101110110001100110001100110,True,True,True,True,True,True,True,True,True,True,56,62,28,16,7,8,8,65,64
935,10001010111100100100001010111111010101110010100011111101111011001110011010011011111011001011110100100010111110101010101001001010,True,True,True,True,True,True,True,True,True,True,72,74,47,1,14,10,4,62,64
936,00100000000100011111101101110110100101110000010001111110110100101011001000101000000101110001011001101010011100101010010101010111,True,True,True,True,True,True,True,True,True,True,61,70,42,10,13,11,7,63,64
937,01101000011100110001101010100010010001101100011111010011101110010100100000010111101110000100111111001010000010111100100000001011,True,True,True,True,True,True,True,True,True,True,60,62,31,11,7,10,9,63,65
938,10100100101110111000001111101010101111101010001110011111111001001010000011111010001010011100101000001011110001100000000111000001,True,True,True,True,True,True,True,True,True,True,63,59,33,13,9,7,8,64,65
939,10010110010011000100011010111111000011010011010111010010001011110001101101100011011111010110110100000001101101101000010010100100,True,True,True,True,True,True,True,True,True,True,63,70,36,6,6,8,8,62,64
940,10000011010000000000110001110000101100110100000111101110111000000001110011001000100010000101101010010011111101111101100100010011,True,True,True,True,True,True,True,True,True,True,56,55,23,18,3,8,10,64,64
941,01110110111011100011100111001010001000101101011111001111010110100100111101010110110101011001100110000000101100110001111000101001,True,True,True,True,True,True,True,True,True,True,68,70,36,4,10,6,6,65,65
942,11000011101111110101010101000110001011111011101100010010111000000101001100000111110111101111101010111010111010001001000011100111,True,True,True,True,True,True,True,True,True,True,70,63,35,7,10,6,8,64,64
943,01011101101110000100101000010001000001010011100000010001100001101001100111000111000100100100010010111000001001111000111111011001,True,True,True,True,True,True,True,True,True,True,55,60,26,10,4,12,12,63,65
944,00001001100010111010110011001111010101110000111110001010101011101011001011110111101000101101000110011100100100000101011010000010,True,True,True,True,True,True,True,True,True,True,63,71,41,6,13,9,8,63,66
945,11010101010011101110011011111110100110001111011000110010000001110111100110001101000111010001010110001000111000001000100001000011,True,True,True,True,True,True,True,True,True,True,62,61,27,7,5,6,12,64,64
946,11110011101010010111100001101010000111001100010010010010110110010011000000000011110000011000010111110100001101100010110001011111,True,True,True,True,True,True,True,True,True,True,60,59,26,13,7,9,9,64,64
947,00100100101000100101100010001001010010001000110110010111011000000100100110110110001100110100000110000111011000110100001110110010,True,True,True,True,True,True,True,True,True,True,53,69,31,7,4,14,11,65,65
948,01110011111010100000111000110101010111101011100001100100011111111001010010110011100001100110011101110101101100101111011000101100,True,True,True,True,True,True,True,True,True,True,70,65,31,4,10,5,6,66,63
949,11100001010110010011100000101110100111111101011101000001000100001001110100010100111111010100000000001100100100111000010100100101,True,True,True,True,True,True,True,True,True,True,57,63,35,14,8,12,8,64,64
950,11110000111001011011110000001000101110010111100101110001001110000111101000000111011000100101001001101011110100000111000001010101,True,True,True,True,True,True,True,True,True,True,61,61,31,12,9,10,9,65,65
951,11010101011101001111001110000010100001010011001111110101010011000101001111100111101000110011100101000010101000011011001000000101,True,True,True,True,True,True,True,True,True,True,62,69,39,8,12,7,7,66,65
952,10001011111110110111110001011001000100001010111011101111100101110101101111011100101011000110110111110000010100100101100001011101,True,True,True,True,True,True,True,True,True,True,72,67,38,4,11,11,7,64,65
953,10011001010011101011101111011010001000010010010110111100110101110001111010110001101011111111001100011100001101100000100101011000,True,True,True,True,True,True,True,True,True,True,67,66,32,4,8,7,7,64,63
954,01011101010001101111111011000110101110000110000110000011011010111000010101010101011010101111010001111010010110110100001010001000,True,True,True,True,True,True,True,True,True,True,64,73,46,6,14,4,9,65,64
955,01110000100100010101001011111110100110100101101101000101111100110001110000000110010100110001111010000111001110110000111111000110,True,True,True,True,True,True,True,True,True,True,64,61,28,7,6,7,9,65,65
956,01011100100100010001001001111011100110110100110011011010000101111110010010001011111100001111100010010010000100101110101000010000,True,True,True,True,True,True,True,True,True,True,60,65,32,5,5,15,8,66,64
957,11010001111101110111000110010101100010011001101011000001000101100001011001111001011100100111011111000000010100100100111010000011,True,True,True,True,True,True,True,True,True,True,62,63,28,9,7,10,8,64,66
958,00011101011011100100001010011000011101101001011101110101010101100000001100000111001111010010001001101011011001110101010011110110,True,True,True,True,True,True,True,True,True,True,64,71,39,8,10,5,6,64,64
959,11111001000100010110111000110010100110011001110100010101000001000001101001101011011000101000010101010001101000101100010101000100,True,True,True,True,True,True,True,True,True,True,55,74,42,5,12,11,12,64,65
960,11001011001110000100111110001111011110010100001100010111000010111010010011101011101010101000001100100010110101011011101100000001,True,True,True,True,True,True,True,True,True,True,63,67,36,9,11,8,8,64,68
961,10010011001010011011011011101101000011111000000010101111100001001000010000000110110101011111001101011110001000010001000111011110,True,True,True,True,True,True,True,True,True,True,61,62,32,12,6,9,9,65,64
962,11100011010111001111100011010001100000110001011111111101100000000101101101001000010011001010111111011000000101000001101011110001,True,True,True,True,True,True,True,True,True,True,63,57,27,13,7,6,10,64,66
963,00001001110110110011101001011001100011011110011010000110010110010001111001110110100011010001111011110001100100101101100111001100,True,True,True,True,True,True,True,True,True,True,66,65,23,2,3,6,7,66,64
964,01110110100101001011010111111001110100111011111010100100001011001101111111111111001100101011011001011000001001000100100011000110,True,True,True,True,True,True,True,True,True,True,70,67,35,3,8,10,5,64,64
965,00101011110101010001011000000000011100101100001010111000010000011000000011011100110010001010010000000011111001111101110001111100,True,True,True,True,True,True,True,True,True,True,55,55,26,20,9,8,9,63,63
966,11101001000101100110111111111110111100100010011001000100001100110011110001101110001010110011110001111010110111010011001000011000,True,True,True,True,True,True,True,True,True,True,68,60,23,2,4,8,8,63,63
967,10111100100011100000011110010110111011111001101111111111010010100110001101000001110101010101010111100111000001011110111011010010,True,True,True,True,True,True,True,True,True,True,72,64,36,7,9,5,5,67,64
968,11111011110101100001010111100101011000100010011000000111100010100000110000001101101111110011011101000100001100111100000101100001,True,True,True,True,True,True,True,True,True,True,61,57,26,13,7,7,11,64,65
969,01100001000110010100101001100011100010010110011010011010010111000111011100101011100011100100011110111010101001101010001100110011,True,True,True,True,True,True,True,True,True,True,63,72,34,1,9,8,8,66,65
970,10111010101001010110010100001110001000101111011110001000000110011010011011101100010100101001010111110100110011111011111001100110,True,True,True,True,True,True,True,True,True,True,67,70,38,4,10,8,6,65,64
971,10111011000101111001010011001011001000001000001100011100100110001100000010110100101100000001111011101010011110100111100001010010,True,True,True,True,True,True,True,True,True,True,58,64,31,12,7,10,8,63,64
972,10011001101111001110100010001001001001101100001010011010100000011000001100110010110111111010100010001111000110111110111101110000,True,True,True,True,True,True,True,True,True,True,63,62,27,7,4,7,8,63,62
973,00010110100101111001010111100110010000010001011010001101001010100100001011110011101110001010110010100101101110101000111011001001,True,True,True,True,True,True,True,True,True,True,62,76,44,3,13,13,7,63,64
974,11011001110111110010101100011110100000011100010010000110111000111000001010100011001011000011011100011010000001010111100001001010,True,True,True,True,True,True,True,True,True,True,59,62,30,11,8,8,11,64,64
975,01101011110100010110010010101000110010011011101100000110010001110111011000001001000100101011010010011010110100000100111110110110,True,True,True,True,True,True,True,True,True,True,61,73,39,6,7,11,7,64,64
976,10101100001000010001101000111001010100100011000010111111110110010010110100111100100001111000011011001111100111011111111101100010,True,True,True,True,True,True,True,True,True,True,67,60,28,5,5,9,9,64,65
977,01011001011000011111101100100010010000111111100110110000010001010110000111100001110000100111011111101011100100010000101100101000,True,True,True,True,True,True,True,True,True,True,61,59,27,8,7,11,10,63,63
978,11010010011111100110010100101111101100010000110001110100000000001110010101001101011010111101111111000001000100100010000110101101,True,True,True,True,True,True,True,True,True,True,62,63,33,11,7,9,8,66,65
979,10101111000101011111111011111101001011100111000111000000101010001011010011010101111110010100010110011100001011110101010111001001,True,True,True,True,True,True,True,True,True,True,71,69,43,4,15,8,6,64,64
980,01110101011100010111101100000100110001001101111100100011010001011000010111001001000011110000001111111011100100110000110101101110,True,True,True,True,True,True,True,True,True,True,64,61,28,8,6,9,9,64,64
981,00010001001111110000011010100101100100101110011001100001101000001111111010100111010001101010011000001110011110100001100011110100,True,True,True,True,True,True,True,True,True,True,61,61,27,8,5,5,9,64,64
982,11110110000001011100010100001111010010001000010101110100110000010100010110011100111111100010111011110111100100000011101001011000,True,True,True,True,True,True,True,True,True,True,62,60,30,10,8,10,9,64,63
983,01111000000010101111100001100011000000000110110010001110111111110010100010001010010010100110101000100011100010010101111111001110,True,True,True,True,True,True,True,True,True,True,60,59,30,11,8,10,10,64,64
984,10000000001101111000100100110100100010110010100010110000010010001101001010010100010011110110001110011110000100001011011110101011,True,True,True,True,True,True,True,True,True,True,56,67,35,10,8,13,10,65,64
985,00100100110110110100011010010110000001000100100011111100011100010000001010111010101010000110111101101000010000101010100010011011,True,True,True,True,True,True,True,True,True,True,56,70,40,9,9,11,11,64,64
986,10000000111101101001101111111010010001110101110001001110101000111101111001011111101011111110011110101101011110001110111111001001,True,True,True,True,True,True,True,True,True,True,78,59,31,4,6,4,5,59,64
987,00011010011101001001000101111111110111101011011011001101011011110101111011101110000111111110011001110101001110000000011010011000,True,True,True,True,True,True,True,True,True,True,73,61,29,6,5,3,4,64,63
988,10111101001110100011111010101111010110101111001100111001111111000100110011011001111101001001001111100011011100001111011001100011,True,True,True,True,True,True,True,True,True,True,76,61,25,1,4,3,5,65,65
989,00001000000010101011111000100100101101010110010110000101101010101011000100011011000100001111000100001000011010010100010101100101,True,True,True,True,True,True,True,True,True,True,53,74,46,9,16,14,12,63,64
990,10110000100110000101011101000010010010100000110001110001011100111111000000111001111011111110010000111001011001111001111110000001,True,True,True,True,True,True,True,True,True,True,63,53,21,12,5,8,9,63,67
991,10101101001001100000101011000000111111100000001001101110001001010101110111000110011011101111101111100010101101110010000000101000,True,True,True,True,True,True,True,True,True,True,62,62,33,13,9,8,7,66,64
992,10100001100110011100100101101001000100001001111000101100100111000001111001100110100110110010100011100111001100111111100111101011,True,True,True,True,True,True,True,True,True,True,65,63,23,4,4,8,6,65,64
993,00010111001110111011011000101111000100101100011010101011001110110001001001111011000111000011111100001101011010111001011100000101,True,True,True,True,True,True,True,True,True,True,67,66,32,4,10,8,9,65,66
994,00111010110011001011111001101001110001001110000011000010101000100000000100000000011001001111100110101001110000100001111000110000,True,True,True,True,True,True,True,True,True,True,53,55,21,17,5,7,9,65,63
995,10010101110111011100111001001011001011011001011110001011011000000011101101000110000101010111100001100001000010011010010101100101,True,True,True,True,True,True,True,True,True,True,62,71,38,8,12,11,7,65,64
996,01011011111011100110110001100011111110101101110000110101110000010101001001010110011000000000101110001111000101100101101111011010,True,True,True,True,True,True,True,True,True,True,67,65,34,9,10,6,7,64,64
997,11100001111011001010011100000010110110010001101110110100001111111001100010111000000011000101011001100110011000001101001001001001,True,True,True,True,True,True,True,True,True,True,60,61,24,11,5,8,8,67,65
998,00111000010100101011110000011100110100100001110111001111100010100001101010011110110001111110111111001111001111000111000101111011,True,True,True,True,True,True,True,True,True,True,71,56,23,5,6,5,8,64,64
999,10101001111101111010101100010101011011011001100000100001100100000110100101001110011100001100011010111101100011010010010001011110,True,True,True,True,True,True,True,True,True,True,63,70,37,6,9,7,8,64,64
1000,00100010100011001100000111110100001110111111001011011100001101100110100100010101100110101111111000101111111011000110010101110101,True,True,True,True,True,True,True,True,True,True,69,64,32,4,9,7,8,64,64
