key_id,key_bits,overall_passed,frequency_passed,run_count_passed,run_L1_passed,template_4_1_passed,template_4_2_passed,template_4_3_passed,template_4_4_passed,linear_complexity_passed,blind_spot_complexity_passed,frequency,run_count,run_L1,template_4_1,template_4_2,template_4_3,template_4_4,linear_complexity,blind_spot_complexity
1,00100110110101001100110101100010000001110101110110110101011001101111100000101101010001010011110011000111001001011010111111111101111001101101010011001101011000100000011101011101101101010110011011111000001011010100010100111100110001110010010110101111111111011010011011010100110011010110001000000111010111011011010101100110111110000010110101000101001111001100011100100101101011111111110101110110110101001100110101100010000001110101110110110101011001101111100000101101010001010011110011000111001001011010111111111101,True,True,True,True,True,True,True,True,True,True,281,278,151,20,41,21,20,258,257
2,00001011100100110001001101011010100010001000000111110110110101110011111100010110100010000010111101001011111110101111100001011100110010111001001100010011010110101000100010000001111101101101011100111111000101101000100000101111010010111111101011111000010111001000101110010011000100110101101010001000100000011111011011010111001111110001011010001000001011110100101111111010111110000101110001011011100100110001001101011010100010001000000111110110110101110011111100010110100010000010111101001011111110101111100001011100,True,True,True,True,True,True,True,True,True,True,265,255,138,25,36,41,35,256,255
3,01010101101011011111001111100000100000111000010010001101010011001011011101100101100101110101000111000100100011111000111110100000100101011010110111110011111000001000001110000100100011010100110010110111011001011001011101010001110001001000111110001111101000001101010110101101111100111110000010000011100001001000110101001100101101110110010110010111010100011100010010001111100011111010000000000101101011011111001111100000100000111000010010001101010011001011011101100101100101110101000111000100100011111000111110100000,True,True,True,True,True,True,True,True,True,True,251,253,127,33,32,35,35,254,254
4,11101010001010000100000010010000001011011010111010101011001001011101110111100111001100111011100010101100101010110010011011010000001010100010100001000000100100000010110110101110101010110010010111011101111001110011001110111000101011001010101100100110110100000110101000101000010000001001000000101101101011101010101100100101110111011110011100110011101110001010110010101011001001101101000010111010001010000100000010010000001011011010111010101011001001011101110111100111001100111011100010101100101010110010011011010000,False,True,True,True,True,False,True,True,True,True,245,296,173,35,53,42,23,256,255
5,11010101110110001000100010010010001101010010001111001111100110010011110001110000100011010001111011111110111100101010111111111001000101011101100010001000100100100011010100100011110011111001100100111100011100001000110100011110111111101111001010101111111110010101010111011000100010001001001000110101001000111100111110011001001111000111000010001101000111101111111011110010101011111111100110000101110110001000100010010010001101010010001111001111100110010011110001110000100011010001111011111110111100101010111111111001,True,True,True,True,True,True,True,True,True,True,275,241,113,5,25,40,38,256,257
6,10001100011011110000011101100111111101111110010100101110000011011001110001100110011011110011110101100000010000011101011100011111010011000110111100000111011001111111011111100101001011100000110110011100011001100110111100111101011000000100000111010111000111110000110001101111000001110110011111110111111001010010111000001101100111000110011001101111001111010110000001000001110101110001111111011100011011110000011101100111111101111110010100101110000011011001110001100110011011110011110101100000010000011101011100011111,False,True,False,False,True,True,True,True,True,True,281,211,72,37,16,12,30,256,256
7,10010011110011110011101011110100111110011000001000001010011110010100011101101001100101000100100011111100011101100001111101011001010100111100111100111010111101001111100110000010000010100111100101000111011010011001010001001000111111000111011000011111010110010001001111001111001110101111010011111001100000100000101001111001010001110110100110010100010010001111110001110110000111110101100111000011110011110011101011110100111110011000001000001010011110010100011101101001100101000100100011111100011101100001111101011001,True,True,True,True,True,True,True,True,True,True,267,241,106,21,22,28,30,257,257
8,00000011110100100101111101001101110101011001110111101001011000000011101001100101001001100011011011011101100010101111111010010100110000111101001001011111010011011101010110011101111010010110000000111010011001010010011000110110110111011000101011111110100101001000001111010010010111110100110111010101100111011110100101100000001110100110010100100110001101101101110110001010111111101001010001010011110100100101111101001101110101011001110111101001011000000011101001100101001001100011011011011101100010101111111010010100,True,True,True,True,True,True,True,True,True,True,273,281,152,22,33,30,16,256,255
9,01110011101110110100110111001000011001001000001100010110011011001101100110011010000101001011010111011111011100000101110100001011101100111011101101001101110010000110010010000011000101100110110011011001100110100001010010110101110111110111000001011101000010111111001110111011010011011100100001100100100000110001011001101100110110011001101000010100101101011101111101110000010111010000101100100011101110110100110111001000011001001000001100010110011011001101100110011010000101001011010111011111011100000101110100001011,True,True,True,True,True,True,True,True,True,True,259,270,123,28,24,33,25,256,257
10,10101000010001100110111011010100000111111111001000000011000011000111011101100010101101010100000110010110001111100011101001110100011010000100011001101110110101000001111111110010000000110000110001110111011000101011010101000001100101100011111000111010011101000010100001000110011011101101010000011111111100100000001100001100011101110110001010110101010000011001011000111110001110100111010011111000010001100110111011010100000111111111001000000011000011000111011101100010101101010100000110010110001111100011101001110100,True,True,True,True,True,True,True,True,True,True,249,240,114,41,26,17,42,256,256
11,01111100010111101100011001011010000110100001010100110100010011011101000010000100101010001111100001000111110011101011101111001110101111000101111011000110010110100001101000010101001101000100110111010000100001001010100011111000010001111100111010111011110011101111110001011110110001100101101000011010000101010011010001001101110100001000010010101000111110000100011111001110101110111100111000101100010111101100011001011010000110100001010100110100010011011101000010000100101010001111100001000111110011101011101111001110,True,True,True,True,True,True,True,True,True,True,255,261,136,20,30,33,41,256,256
12,01000000001010001110111101010011111100011100100000000110100110001101110000001111101001001010110100000111011110011111001111001000100000000010100011101111010100111111000111001000000001101001100011011100000011111010010010101101000001110111100111110011110010001100000000101000111011110101001111110001110010000000011010011000110111000000111110100100101011010000011101111001111100111100100000010000001010001110111101010011111100011100100000000110100110001101110000001111101001001010110100000111011110011111001111001000,False,True,False,True,True,True,True,True,True,True,245,217,96,62,16,22,31,253,256
13,10000001011100001001111001110000000000011110001010010000010101001111000010001110110010000110001010100001001000101111000110110000010000010111000010011110011100000000000111100010100100000101010011110000100011101100100001100010101000010010001011110001101100000000000101110000100111100111000000000001111000101001000001010100111100001000111011001000011000101010000100100010111100011011000011010001011100001001111001110000000000011110001010010000010101001111000010001110110010000110001010100001001000101111000110110000,False,False,True,True,False,True,True,False,True,True,201,224,104,73,28,45,50,257,254
14,10011011010001010111000111111000110011000111110001101001101011000011011001011101001101011011101101101010111100010000110110001111010110110100010101110001111110001100110001111100011010011010110000110110010111010011010110111011011010101111000100001101100011110001101101000101011100011111100011001100011111000110100110101100001101100101110100110101101110110110101011110001000011011000111111001011010001010111000111111000110011000111110001101001101011000011011001011101001101011011101101101010111100010000110110001111,True,True,True,True,True,True,True,True,True,True,279,267,125,8,30,13,37,255,256
15,00101000101000101010110010111100011011001100011000100101101110011101101111011010000100111111101111101110101010110010011011001110111010001010001010101100101111000110110011000110001001011011100111011011110110100001001111111011111011101010101100100110110011101010100010100010101011001011110001101100110001100010010110111001110110111101101000010011111110111110111010101011001001101100111001111000101000101010110010111100011011001100011000100101101110011101101111011010000100111111101111101110101010110010011011001110,True,True,True,True,True,True,True,True,True,True,285,281,145,4,39,29,24,256,256
16,01011100111010000100000111011000100011101010001010011100101111110111100010110010101100100100011110010010111001101011000010011111100111001110100001000001110110001000111010100010100111001011111101111000101100101011001001000111100100101110011010110000100111111101110011101000010000011101100010001110101000101001110010111111011110001011001010110010010001111001001011100110101100001001111100001100111010000100000111011000100011101010001010011100101111110111100010110010101100100100011110010010111001101011000010011111,True,True,True,True,True,True,True,True,True,True,259,258,124,17,33,44,33,256,256
17,10001001111011110111110010001011101100001011110001111010101001100100001001111110000001101010001010011001100101111001100011000100010010011110111101111100100010111011000010111100011110101010011001000010011111100000011010100010100110011001011110011000110001000000100111101111011111001000101110110000101111000111101010100110010000100111111000000110101000101001100110010111100110001100010011011001111011110111110010001011101100001011110001111010101001100100001001111110000001101010001010011001100101111001100011000100,True,True,True,True,True,True,True,True,True,True,257,246,110,23,28,36,35,256,256
18,11110011111100010001010111111110100001000000000000001001011111110110001110000000011110110110010010010011011010011001111010010101001100111111000100010101111111101000010000000000000010010111111101100011100000000111101101100100100100110110100110011110100101010111001111110001000101011111111010000100000000000000100101111111011000111000000001111011011001001001001101101001100111101001010110100011111100010001010111111110100001000000000000001001011111110110001110000000011110110110010010010011011010011001111010010101,False,True,True,True,False,True,True,True,True,True,247,223,110,68,21,36,25,257,257
19,11000110010101000110111010110000000010001111110100100001111011101110001100111101100011101000011111000011101001000101010101101111000001100101010001101110101100000000100011111101001000011110111011100011001111011000111010000111110000111010010001010101011011110100011001010100011011101011000000001000111111010010000111101110111000110011110110001110100001111100001110100100010101010110111110010110010101000110111010110000000010001111110100100001111011101110001100111101100011101000011111000011101001000101010101101111,True,True,True,True,True,True,True,True,True,True,261,245,124,34,29,21,39,257,256
20,10001111010010110011101110000111100100000010101101111001000000010111010111010001000110011110100010001010011110011101011111110011010011110100101100111011100001111001000000101011011110010000000101110101110100010001100111101000100010100111100111010111111100110000111101001011001110111000011110010000001010110111100100000001011101011101000100011001111010001000101001111001110101111111001111011111010010110011101110000111100100000010101101111001000000010111010111010001000110011110100010001010011110011101011111110011,True,True,True,True,True,True,True,True,True,True,265,243,120,33,28,32,30,256,257
21,11001010001010110111001100010110101001001000011101111010001000110001011110010001011010010000000000011001001101001100111001010110000010100010101101110011000101101010010010000111011110100010001100010111100100010110100100000000000110010011010011001110010101100100101000101011011100110001011010100100100001110111101000100011000101111001000101101001000000000001100100110100110011100101011010011010001010110111001100010110101001001000011101111010001000110001011110010001011010010000000000011001001101001100111001010110,True,True,True,True,True,True,True,True,True,True,225,278,143,38,35,48,33,258,256
22,10101110010010101111011110100000010101001000001110111011111010100111111000110100111101111110000011111011111100011110000100010101011011100100101011110111101000000101010010000011101110111110101001111110001101001111011111100000111110111111000111100001000101010010111001001010111101111010000001010100100000111011101111101010011111100011010011110111111000001111101111110001111000010001010111111110010010101111011110100000010101001000001110111011111010100111111000110100111101111110000011111011111100011110000100010101,True,True,True,True,True,True,True,True,True,True,289,229,127,32,31,25,28,255,256
23,10101001010101001010111111011100110110110000011001101111101011001100000100110110111110010010010001111010000111010001001110000100011010010101010010101111110111001101101100000110011011111010110011000001001101101111100100100100011110100001110100010011100001000010100101010100101011111101110011011011000001100110111110101100110000010011011011111001001001000111101000011101000100111000010011111001010101001010111111011100110110110000011001101111101011001100000100110110111110010010010001111010000111010001001110000100,True,True,True,True,True,True,True,True,True,True,261,264,130,25,26,33,26,255,257
24,01101101101111100011000001110011111101111101100110010001111010100111100110111100100111001010100101001010101001010001011100010100101011011011111000110000011100111111011111011001100100011110101001111001101111001001110010101001010010101010010100010111000101001110110110111110001100000111001111110111110110011001000111101010011110011011110010011100101010010100101010100101000101110001010000111101101111100011000001110011111101111101100110010001111010100111100110111100100111001010100101001010101001010001011100010100,True,True,True,True,True,True,True,True,True,True,277,273,143,9,42,33,21,257,256
25,00000100010000110100101100011111001000111011001110101011011101000011010000111101111111011000011101010001100001011110000101101111110001000100001101001011000111110010001110110011101010110111010000110100001111011111110110000111010100011000010111100001011011111000010001000011010010110001111100100011101100111010101101110100001101000011110111111101100001110101000110000101111000010110111101010100010000110100101100011111001000111011001110101011011101000011010000111101111111011000011101010001100001011110000101101111,True,True,True,True,True,True,True,True,True,True,265,244,121,27,26,23,43,258,256
26,00111101001010101110101101110011011110101100100101100110000010101101001011110100101111101010100101000001101001000011100111000101111111010010101011101011011100110111101011001001011001100000101011010010111101001011111010101001010000011010010000111001110001011011110100101010111010110111001101111010110010010110011000001010110100101111010010111110101010010100000110100100001110011100010101101101001010101110101101110011011110101100100101100110000010101101001011110100101111101010100101000001101001000011100111000101,False,True,False,False,True,False,True,True,True,True,267,304,185,20,57,36,16,256,257
27,11010111011110010011011100011000011011101111100101001100100111010111101111100001000110101110100111000011101110011110000110111001000101110111100100110111000110000110111011111001010011001001110101111011111000010001101011101001110000111011100111100001101110010101011101111001001101110001100001101110111110010100110010011101011110111110000100011010111010011100001110111001111000011011100110000111011110010011011100011000011011101111100101001100100111010111101111100001000110101110100111000011101110011110000110111001,True,True,True,True,True,True,True,True,True,True,287,241,97,17,17,19,26,257,257
28,10111111111101111001110010111101111101001001100110011011011000010011001000011101100101100100101100000001111010111110000110101110011111111111011110011100101111011111010010011001100110110110000100110010000111011001011001001011000000011110101111100001101011100011111111110111100111001011110111110100100110011001101101100001001100100001110110010110010010110000000111101011111000011010111011101111111101111001110010111101111101001001100110011011011000010011001000011101100101100100101100000001111010111110000110101110,True,True,True,True,True,True,True,True,True,True,287,236,97,28,20,28,17,254,256
29,10111001110111000100101100100111111010011001010011001110110000010101101100001100110100111011111110100101001100011110101010100000011110011101110001001011001001111110100110010100110011101100000101011011000011001101001110111111101001010011000111101010101000000011100111011100010010110010011111101001100101001100111011000001010110110000110011010011101111111010010100110001111010101010000011101001110111000100101100100111111010011001010011001110110000010101101100001100110100111011111110100101001100011110101010100000,True,True,True,True,True,True,True,True,True,True,267,268,132,23,32,24,19,256,254
30,01100110100011111011001010001000010100101110100100100101010100010111111100000001010101010011110011011110000111011110000110010100101001101000111110110010100010000101001011101001001001010101000101111111000000010101010100111100110111100001110111100001100101001110011010001111101100101000100001010010111010010010010101010001011111110000000101010101001111001101111000011101111000011001010000110110100011111011001010001000010100101110100100100101010100010111111100000001010101010011110011011110000111011110000110010100,True,True,True,True,True,True,True,True,True,True,249,275,161,29,49,41,29,257,256
31,00001100110010010100001001001101000011010001010000101100000110111000011011000000101110110101101000110100001011110010001000101001110011001100100101000010010011010000110100010100001011000001101110000110110000001011101101011010001101000010111100100010001010011000110011001001010000100100110100001101000101000010110000011011100001101100000010111011010110100011010000101111001000100010100101011100110010010100001001001101000011010001010000101100000110111000011011000000101110110101101000110100001011110010001000101001,False,False,True,True,True,True,True,False,True,True,213,274,141,41,30,45,46,254,257
32,10000110111010011011001110100001101111100100100011110100110000101000000011110000010011101010110100011110111011100001110100001110010001101110100110110011101000011011111001001000111101001100001010000000111100000100111010101101000111101110111000011101000011100000011011101001101100111010000110111110010010001111010011000010100000001111000001001110101011010001111011101110000111010000111011010110111010011011001110100001101111100100100011110100110000101000000011110000010011101010110100011110111011100001110100001110,True,True,True,True,True,True,True,True,True,True,253,240,111,44,13,17,35,257,257
33,00100000111010011100100111111011010011100111111010110000111101110010110101011100001011100101101100011111101011000001100010010000111000001110100111001001111110110100111001111110101100001111011100101101010111000010111001011011000111111010110000011000100100001010000011101001110010011111101101001110011111101011000011110111001011010101110000101110010110110001111110101100000110001001000001110000111010011100100111111011010011100111111010110000111101110010110101011100001011100101101100011111101011000001100010010000,True,True,True,True,True,True,True,True,True,True,273,243,112,28,29,26,27,255,255
34,10111111011111001111100100000111110111100111001100001101010010110000101111100010100000001001110000011011000011110110001101010010011111110111110011111001000001111101111001110011000011010100101100001011111000101000000010011100000110110000111101100011010100100011111101111100111110010000011111011110011100110000110101001011000010111110001010000000100111000001101100001111011000110101001011101111011111001111100100000111110111100111001100001101010010110000101111100010100000001001110000011011000011110110001101010010,True,True,True,True,True,True,True,True,True,True,263,220,93,44,21,24,33,257,256
35,00010101100100010000100101100110101000010011100010111101110010101101101100010010010001011000110011000001110110101111011011110011110101011001000100001001011001101010000100111000101111011100101011011011000100100100010110001100110000011101101011110110111100111001010110010001000010010110011010100001001110001011110111001010110110110001001001000101100011001100000111011010111101101111001101000101100100010000100101100110101000010011100010111101110010101101101100010010010001011000110011000001110110101111011011110011,True,True,True,True,True,True,True,True,True,True,251,280,137,16,35,47,34,257,257
36,11011000110001011100001110100011001010001010100010111110100000011010010101111000111011101100001101111011000100011010001000000000000110001100010111000011101000110010100010101000101111101000000110100101011110001110111011000011011110110001000110100010000000000101100011000101110000111010001100101000101010001011111010000001101001010111100011101110110000110111101100010001101000100000000010001000110001011100001110100011001010001010100010111110100000011010010101111000111011101100001101111011000100011010001000000000,False,True,True,True,True,True,True,False,True,True,227,246,125,48,29,31,52,255,253
37,11101001100010001000000100111110011001000110001100001011011011111001110000111010011000000100001011111011001001101011101110111111001010011000100010000001001111100110010001100011000010110110111110011100001110100110000001000010111110110010011010111011101111110110100110001000100000010011111001100100011000110000101101101111100111000011101001100000010000101111101100100110101110111011111110111001100010001000000100111110011001000110001100001011011011111001110000111010011000000100001011111011001001101011101110111111,True,True,True,True,True,True,True,True,True,True,257,229,89,36,13,33,36,257,256
38,10111010110100110000111001110110010011011111010000101111001100011110001101101000010000011000010000011010110000011010100110000010011110101101001100001110011101100100110111110100001011110011000111100011011010000100000110000100000110101100000110101001100000100011101011010011000011100111011001001101111101000010111100110001111000110110100001000001100001000001101011000001101010011000001011101010110100110000111001110110010011011111010000101111001100011110001101101000010000011000010000011010110000011010100110000010,True,True,True,True,True,True,True,True,True,True,235,244,106,48,18,20,41,256,258
39,00011010100100101101001100101011111110011001011010111101111110110111111010010100110000110111000110101100110100100111100001000110110110101001001011010011001010111111100110010110101111011111101101111110100101001100001101110001101011001101001001111000010001101001101010010010110100110010101111111001100101101011110111111011011111101001010011000011011100011010110011010010011110000100011001001010100100101101001100101011111110011001011010111101111110110111111010010100110000110111000110101100110100100111100001000110,True,True,True,True,True,True,True,True,True,True,283,279,143,8,33,30,17,256,256
40,00101001000011110010000100100100001101011101101101111000110110010100011101110010100011111111000011000010010010011011101000000110111010010000111100100001001001000011010111011011011110001101100101000111011100101000111111110000110000100100100110111010000001101010100100001111001000010010010000110101110110110111100011011001010001110111001010001111111100001100001001001001101110100000011001111001000011110010000100100100001101011101101101111000110110010100011101110010100011111111000011000010010010011011101000000110,True,True,True,True,True,True,True,True,True,True,245,249,113,32,15,41,36,256,258
41,11110000010111101000100001100011000110111101000110001001010000010010100010001000101001111100011010110111011010011110100000000101001100000101111010001000011000110001101111010001100010010100000100101000100010001010011111000110101101110110100111101000000001010111000001011110100010000110001100011011110100011000100101000001001010001000100010100111110001101011011101101001111010000000010110100000010111101000100001100011000110111101000110001001010000010010100010001000101001111100011010110111011010011110100000000101,False,True,True,True,True,True,True,False,True,True,223,255,134,41,25,40,52,256,259
42,11110000010111110110111011111000101100001110101100100101001010000100100010111110110010000010001100111000111001001100000001010111001100000101111101101110111110001011000011101011001001010010100001001000101111101100100000100011001110001110010011000000010101110111000001011111011011101111100010110000111010110010010100101000010010001011111011001000001000110011100011100100110000000101011110100000010111110110111011111000101100001110101100100101001010000100100010111110110010000010001100111000111001001100000001010111,True,True,True,True,True,True,True,True,True,True,243,247,119,41,32,48,36,255,257
43,00110000111101010110011110110111110010110101000010001001000111110010001101011001110001001011101000010011000111100010110100101110111100001111010101100111101101111100101101010000100010010001111100100011010110011100010010111010000100110001111000101101001011101011000011110101011001111011011111001011010100001000100100011111001000110101100111000100101110100001001100011110001011010010111001100000111101010110011110110111110010110101000010001001000111110010001101011001110001001011101000010011000111100010110100101110,True,True,True,True,True,True,True,True,True,True,259,267,133,13,33,40,36,256,256
44,01101101100011111100110110111011000011101011101001100000011110100111101011100110001101101111110101111100011101011101110010110010101011011000111111001101101110110000111010111010011000000111101001111010111001100011011011111101011111000111010111011100101100101110110110001111110011011011101100001110101110100110000001111010011110101110011000110110111111010111110001110101110111001011001000111101100011111100110110111011000011101011101001100000011110100111101011100110001101101111110101111100011101011101110010110010,False,False,True,True,True,True,True,True,True,True,305,249,114,16,24,8,21,256,257
45,10011110101111100000011100010000010110110110010111011000111110001111001110001111010110011010001000010010110011101101101111000001010111101011111000000111000100000101101101100101110110001111100011110011100011110101100110100010000100101100111011011011110000010001111010111110000001110001000001011011011001011101100011111000111100111000111101011001101000100001001011001110110110111100000111001110101111100000011100010000010110110110010111011000111110001111001110001111010110011010001000010010110011101101101111000001,True,True,True,True,True,True,True,True,True,True,267,235,99,32,22,26,37,256,259
46,00101000101111010011011110101001110101000001000010101010001011000110100110010100111101100111000101000011011000100101101000001011111010001011110100110111101010011101010000010000101010100010110001101001100101001111011001110001010000110110001001011010000010111010100010111101001101111010100111010100000100001010101000101100011010011001010011110110011100010100001101100010010110100000101101111000101111010011011110101001110101000001000010101010001011000110100110010100111101100111000101000011011000100101101000001011,True,True,True,True,True,True,True,True,True,True,241,292,170,24,46,37,36,255,257
47,11100101011110010100011110101101111110000111100101000011110011100000011001110111111100001100110111100010111010100011001010111011001001010111100101000111101011011111100001111001010000111100111000000110011101111111000011001101111000101110101000110010101110110110010101111001010001111010110111111000011110010100001111001110000001100111011111110000110011011110001011101010001100101011101110110101011110010100011110101101111110000111100101000011110011100000011001110111111100001100110111100010111010100011001010111011,True,True,True,True,True,True,True,True,True,True,285,239,112,24,36,20,28,256,256
48,01101111101111100111101011111001010011100010010001011101111111001111111110001010010010001001110001000001011101010010110101010111101011111011111001111010111110010100111000100100010111011111110011111111100010100100100010011100010000010111010100101101010101111110111110111110011110101111100101001110001001000101110111111100111111111000101001001000100111000100000101110101001011010101011100111111101111100111101011111001010011100010010001011101111111001111111110001010010010001001110001000001011101010010110101010111,True,True,True,True,True,True,True,True,True,True,293,252,142,8,41,44,24,256,256
49,00110100001111110001110100111001110000000000101111001101000001100100011001001000101110010110010111101110110010010100011010100110111101000011111100011101001110011100000000001011110011010000011001000110010010001011100101100101111011101100100101000110101001101011010000111111000111010011100111000000000010111100110100000110010001100100100010111001011001011110111011001001010001101010011001100100001111110001110100111001110000000000101111001101000001100100011001001000101110010110010111101110110010010100011010100110,True,True,True,True,True,True,True,True,True,True,243,251,112,40,25,37,28,255,256
50,01011100100011011010101110111111011001101111000000111011001001110110011111010000001011110010010100101000111000011100010111110011100111001000110110101011101111110110011011110000001110110010011101100111110100000010111100100101001010001110000111000101111100111101110010001101101010111011111101100110111100000011101100100111011001111101000000101111001001010010100011100001110001011111001100001100100011011010101110111111011001101111000000111011001001110110011111010000001011110010010100101000111000011100010111110011,True,True,True,True,True,True,True,True,True,True,275,242,108,29,25,28,25,256,257
51,00010100101111011000110100011011100101111101100011110000101110011000110000110010010110010101110111101111000011101001101111010101110101001011110110001101000110111001011111011000111100001011100110001100001100100101100101011101111011110000111010011011110101011001010010111101100011010001101110010111110110001111000010111001100011000011001001011001010111011110111100001110100110111101010101000100101111011000110100011011100101111101100011110000101110011000110000110010010110010101110111101111000011101001101111010101,True,True,True,True,True,True,True,True,True,True,279,264,127,12,36,27,30,256,257
52,00010001100010000011010011001111101000101111001001100011011001001000001100101010011100000111100111110110001101110001001000111010110100011000100000110100110011111010001011110010011000110110010010000011001010100111000001111001111101100011011100010010001110101001000110001000001101001100111110100010111100100110001101100100100000110010101001110000011110011111011000110111000100100011101001000001100010000011010011001111101000101111001001100011011001001000001100101010011100000111100111110110001101110001001000111010,True,True,True,True,True,True,True,True,True,True,239,245,97,26,14,35,41,256,256
53,01111000010101111100010010101001001101110000001110010011010110010011011011100011011100101011110111111101011001100001110010110010101110000101011111000100101010010011011100000011100100110101100100110110111000110111001010111101111111010110011000011100101100101111100001010111110001001010100100110111000000111001001101011001001101101110001101110010101111011111110101100110000111001011001000101000010101111100010010101001001101110000001110010011010110010011011011100011011100101011110111111101011001100001110010110010,True,True,True,True,True,True,True,True,True,True,271,269,133,20,40,37,21,256,257
54,00011001111100110010101101101111000010010111011110101111000110011000110011001100110001110101101110011000010000010110100111100001110110011111001100101011011011110000100101110111101011110001100110001100110011001100011101011011100110000100000101101001111000011001100111110011001010110110111100001001011101111010111100011001100011001100110011000111010110111001100001000001011010011110000101001001111100110010101101101111000010010111011110101111000110011000110011001100110001110101101110011000010000010110100111100001,True,True,True,True,True,True,True,True,True,True,267,250,94,20,25,22,29,256,258
55,01001100110101101010111000010000011110110100110110010100011101100110011001110011101110010100111111111100100001001000000110101100100011001101011010101110000100000111101101001101100101000111011001100110011100111011100101001111111111001000010010000001101011001100110011010110101011100001000001111011010011011001010001110110011001100111001110111001010011111111110010000100100000011010110000011100110101101010111000010000011110110100110110010100011101100110011001110011101110010100111111111100100001001000000110101100,True,True,True,True,True,True,True,True,True,True,261,255,111,30,24,25,22,257,255
56,11100110110010100111100110010110111011001000101011001000001010001010011101110100000000101011111010001111110101101010010011110001001001101100101001111001100101101110110010001010110010000010100010100111011101000000001010111110100011111101011010100100111100010110011011001010011110011001011011101100100010101100100000101000101001110111010000000010101111101000111111010110101001001111000110110110110010100111100110010110111011001000101011001000001010001010011101110100000000101011111010001111110101101010010011110001,True,True,True,True,True,True,True,True,True,True,257,279,155,28,41,39,24,258,258
57,11010110010111001010001101110111010011000001010100110001011111111010101101101000111011010011100011111110111100100100010110100011000101100101110010100011011101110100110000010101001100010111111110101011011010001110110100111000111111101111001001000101101000110101011001011100101000110111011101001100000101010011000101111111101010110110100011101101001110001111111011110010010001011010001110000110010111001010001101110111010011000001010100110001011111111010101101101000111011010011100011111110111100100100010110100011,True,True,True,True,True,True,True,True,True,True,279,273,146,9,36,29,30,257,257
58,00100110000110110110100010000110011101111010000011101100100111011111101011011000000111111100000011000010000011110010001101001110111001100001101101101000100001100111011110100000111011001001110111111010110110000001111111000000110000100000111100100011010011101010011000011011011010001000011001110111101000001110110010011101111110101101100000011111110000001100001000001111001000110100111001110110000110110110100010000110011101111010000011101100100111011111101011011000000111111100000011000010000011110010001101001110,False,True,True,False,True,True,True,True,True,True,253,219,84,52,5,17,36,256,256
59,11101111110001101100111000011111001110001100110100110000011001100101111110110111111110000110011101100010100100000001101011010010001011111100011011001110000111110011100011001101001100000110011001011111101101111111100001100111011000101001000000011010110100100110111111000110110011100001111100111000110011010011000001100110010111111011011111111000011001110110001010010000000110101101001010111111110001101100111000011111001110001100110100110000011001100101111110110111111110000110011101100010100100000001101011010010,False,True,True,False,True,True,True,True,True,True,273,224,80,32,15,17,29,255,256
60,11111111001000110011101111010101110001011101110111101101100011000111011111000111001100111001010111100001001111101100101011100001001111110010001100111011110101011100010111011101111011011000110001110111110001110011001110010101111000010011111011001010111000010111111100100011001110111101010111000101110111011110110110001100011101111100011100110011100101011110000100111110110010101110000110101111001000110011101111010101110001011101110111101101100011000111011111000111001100111001010111100001001111101100101011100001,False,False,True,True,True,True,True,True,True,True,299,241,103,8,30,22,28,256,258
61,01000000010110000010011101101101011100010110000011011110101011010110101011010000000101011100010101000010001111101000010111110001100000000101100000100111011011010111000101100000110111101010110101101010110100000001010111000101010000100011111010000101111100011100000001011000001001110110110101110001011000001101111010101101011010101101000000010101110001010100001000111110100001011111000100010000010110000010011101101101011100010110000011011110101011010110101011010000000101011100010101000010001111101000010111110001,False,True,True,True,True,False,True,True,True,True,237,268,165,55,52,30,41,256,258
62,10111010001111010101111001001111110001010011010001100000001100010011101010110000010110001101011000110110110100000111110001001100011110100011110101011110010011111100010100110100011000000011000100111010101100000101100011010110001101101101000001111100010011000011101000111101010111100100111111000101001101000110000000110001001110101011000001011000110101100011011011010000011111000100110011101010001111010101111001001111110001010011010001100000001100010011101010110000010110001101011000110110110100000111110001001100,True,True,True,True,True,True,True,True,True,True,247,252,120,33,29,20,42,255,255
63,00101100100011101101100011001111101000111001011110101111101010011001010001011010000000100101001000011111000011110000111101011100111011001000111011011000110011111010001110010111101011111010100110010100010110100000001001010010000111110000111100001111010111001010110010001110110110001100111110100011100101111010111110101001100101000101101000000010010100100001111100001111000011110101110001111100100011101101100011001111101000111001011110101111101010011001010001011010000000100101001000011111000011110000111101011100,True,True,True,True,True,True,True,True,True,True,261,249,123,28,31,30,33,257,255
64,00011100010111001100110010111001010001001001111000001000001101100111101000100000010001110000011011011111001101111000101001011011110111000101110011001100101110010100010010011110000010000011011001111010001000000100011100000110110111110011011110001010010110111001110001011100110011001011100101000100100111100000100000110110011110100010000001000111000001101101111100110111100010100101101101001100010111001100110010111001010001001001111000001000001101100111101000100000010001110000011011011111001101111000101001011011,True,True,True,True,True,True,True,True,True,True,243,242,99,36,20,40,37,256,256
65,01111011110110000010101101011010000101011101000101010000010101110101011011001011111100010110100110001001011111010100001101011010101110111101100000101011010110100001010111010001010100000101011101010110110010111111000101101001100010010111110101000011010110101111101111011000001010110101101000010101110100010101000001010111010101101100101111110001011010011000100101111101010000110101101000101011110110000010101101011010000101011101000101010000010101110101011011001011111100010110100110001001011111010100001101011010,False,True,False,False,True,False,True,True,True,True,263,309,209,24,69,33,29,256,256
66,10000000101110110111001000001101010011101011100100001111010110110000000001110000011011000001000001000111000011001111110011000001010000001011101101110010000011010100111010111001000011110101101100000000011100000110110000010000010001110000110011111100110000010000000010111011011100100000110101001110101110010000111101011011000000000111000001101100000100000100011100001100111111001100000111010000101110110111001000001101010011101011100100001111010110110000000001110000011011000001000001000111000011001111110011000001,False,True,False,False,False,True,True,True,True,True,221,213,88,85,17,22,40,257,258
67,10111001010100100001100110001001101010111110010001110101110011010011110001100111010101100011000001000110000100000111101101110101011110010101001000011001100010011010101111100100011101011100110100111100011001110101011000110000010001100001000001111011011101010011100101010010000110011000100110101011111001000111010111001101001111000110011101010110001100000100011000010000011110110111010111101001010100100001100110001001101010111110010001110101110011010011110001100111010101100011000001000110000100000111101101110101,True,True,True,True,True,True,True,True,True,True,251,265,128,24,33,24,36,254,256
68,11001011010110011010010101010111000100110101101011001011010000000000101001110111101100101111110101111111001100111100100110110001000010110101100110100101010101110001001101011010110010110100000000001010011101111011001011111101011111110011001111001001101100010100101101011001101001010101011100010011010110101100101101000000000010100111011110110010111111010111111100110011110010011011000110011011010110011010010101010111000100110101101011001011010000000000101001110111101100101111110101111111001100111100100110110001,True,True,True,True,True,True,True,True,True,True,273,283,156,29,48,29,13,256,258
69,01011001001111011011011010001011000111111001111100001111101010000000111001101000100000000101011100000101110001110101011110101110100110010011110110110110100010110001111110011111000011111010100000001110011010001000000001010111000001011100011101010111101011101101100100111101101101101000101100011111100111110000111110101000000011100110100010000000010101110000010111000111010101111010111000001001001111011011011010001011000111111001111100001111101010000000111001101000100000000101011100000101110001110101011110101110,True,True,True,True,True,True,True,True,True,True,259,239,125,50,33,21,33,256,256
70,10101110110100101000011111011100010010111110100010000111011111000110010100111011001010011001000111100011011111001011000111111011011011101101001010000111110111000100101111101000100001110111110001100101001110110010100110010001111000110111110010110001111110110010111011010010100001111101110001001011111010001000011101111100011001010011101100101001100100011110001101111100101100011111101111111110110100101000011111011100010010111110100010000111011111000110010100111011001010011001000111100011011111001011000111111011,True,True,True,True,True,True,True,True,True,True,285,245,112,8,22,33,32,256,256
71,01001011010100001000101011101010110011111010010011110011101000000010001101101101000000000000111010000110110000010000001011110010100010110101000010001010111010101100111110100100111100111010000000100011011011010000000000001110100001101100000100000010111100101100101101010000100010101110101011001111101001001111001110100000001000110110110100000000000011101000011011000001000000101111001000011011010100001000101011101010110011111010010011110011101000000010001101101101000000000000111010000110110000010000001011110010,False,False,True,True,False,True,True,True,True,True,217,247,137,81,29,31,34,255,257
72,01000010010101011010100011001111001101001010011000011111101100101010110100111001100101001110000111001100101011010100011101001000100000100101010110101000110011110011010010100110000111111011001010101101001110011001010011100001110011001010110101000111010010001100001001010101101010001100111100110100101001100001111110110010101011010011100110010100111000011100110010101101010001110100100000010010010101011010100011001111001101001010011000011111101100101010110100111001100101001110000111001100101011010100011101001000,False,True,False,True,True,True,True,True,True,True,249,297,160,15,48,30,22,257,256
73,01000100001111101111110110011011111001100000100111010000111101000101011011111111001110111001010010011100100010100001100010100110100001000011111011111101100110111110011000001001110100001111010001010110111111110011101110010100100111001000101000011000101001101100010000111110111111011001101111100110000010011101000011110100010101101111111100111011100101001001110010001010000110001010011000010100001111101111110110011011111001100000100111010000111101000101011011111111001110111001010010011100100010100001100010100110,True,True,True,True,True,True,True,True,True,True,269,241,112,22,21,32,32,256,256
74,00111010001010001111000001000110000111100001001001001000000000001000000000000110011110000001001101011100001110110101101011100011111110100010100011110000010001100001111000010010010010000000000010000000000001100111100000010011010111000011101101011010111000111011101000101000111100000100011000011110000100100100100000000000100000000000011001111000000100110101110000111011010110101110001101101010001010001111000001000110000111100001001001001000000000001000000000000110011110000001001101011100001110110101101011100011,False,False,False,True,False,True,True,True,True,True,199,208,92,100,17,32,44,258,257
75,10110001101110100001101111011001010001110100011101101010100000010010010000101011010001110101011100000110111011011010100100011101011100011011101000011011110110010100011101000111011010101000000100100100001010110100011101010111000001101110110110101001000111010011000110111010000110111101100101000111010001110110101010000001001001000010101101000111010101110000011011101101101010010001110111100001101110100001101111011001010001110100011101101010100000010010010000101011010001110101011100000110111011011010100100011101,True,True,True,True,True,True,True,True,True,True,251,287,166,29,33,24,36,256,257
76,00100011101000101010111100100100110000110101110111101010010011001110000100000100000100010010001101101000011110111010011100110100111000111010001010101111001001001100001101011101111010100100110011100001000001000001000100100011011010000111101110100111001101001010001110100010101011110010010011000011010111011110101001001100111000010000010000010001001000110110100001111011101001110011010001110011101000101010111100100100110000110101110111101010010011001110000100000100000100010010001101101000011110111010011100110100,True,True,True,True,True,True,True,True,True,True,237,267,132,28,21,38,36,256,255
77,11100001001101011011011110110101101010001111010011111101011011010000110101100011000110111010110001101111010111011110101111010101001000010011010110110111101101011010100011110100111111010110110100001101011000110001101110101100011011110101110111101011110101010110000100110101101101111011010110101000111101001111110101101101000011010110001100011011101011000110111101011101111010111101010110110001001101011011011110110101101010001111010011111101011011010000110101100011000110111010110001101111010111011110101111010101,False,False,True,True,True,True,True,True,True,True,301,295,174,7,41,5,24,256,257
78,01000110000111000111001000011100010100100011100111110100110111110110010011111010100010111001110011010111101101001000001101101001100001100001110001110010000111000101001000111001111101001101111101100100111110101000101110011100110101111011010010000011011010011100011000011100011100100001110001010010001110011111010011011111011001001111101010001011100111001101011110110100100000110110100100010110000111000111001000011100010100100011100111110100110111110110010011111010100010111001110011010111101101001000001101101001,True,True,True,True,True,True,True,True,True,True,265,252,110,17,17,26,32,257,257
79,01000010010101011011010001111100110111101001110100111001110000001100010001111110101001010110101000101111001111011001100111110100100000100101010110110100011111001101111010011101001110011100000011000100011111101010010101101010001011110011110110011001111101001100001001010101101101000111110011011110100111010011100111000000110001000111111010100101011010100010111100111101100110011111010000010010010101011011010001111100110111101001110100111001110000001100010001111110101001010110101000101111001111011001100111110100,True,True,True,True,True,True,True,True,True,True,273,265,136,18,32,22,24,253,256
80,01101011110111010010000010001110010011000010000101000010100011101010010001011001010110110100101110100011000011000101000011110010101010111101110100100000100011100100110000100001010000101000111010100100010110010101101101001011101000110000110001010000111100101110101111011101001000001000111001001100001000010100001010001110101001000101100101011011010010111010001100001100010100001111001000111011110111010010000010001110010011000010000101000010100011101010010001011001010110110100101110100011000011000101000011110010,True,True,True,True,True,True,True,True,True,True,225,281,157,28,39,48,45,257,256
81,11101101110100110110100111001001111110001001011111101011111110101000111111100001101000110110011100010110001111111011100010010001001011011101001101101001110010011111100010010111111010111111101010001111111000011010001101100111000101100011111110111000100100010110110111010011011010011100100111111000100101111110101111111010100011111110000110100011011001110001011000111111101110001001000110111101110100110110100111001001111110001001011111101011111110101000111111100001101000110110011100010110001111111011100010010001,False,False,True,True,True,True,True,True,True,True,297,237,109,4,18,27,32,257,258
82,00011010101101110000000111100011100011000100000001101000001100000001110010001000100001101010001010111111001100001101001010000011110110101011011100000001111000111000110001000000011010000011000000011100100010001000011010100010101111110011000011010010100000111001101010110111000000011110001110001100010000000110100000110000000111001000100010000110101000101011111100110000110100101000001101001010101101110000000111100011100011000100000001101000001100000001110010001000100001101010001010111111001100001101001010000011,False,False,True,True,False,True,True,False,True,True,207,226,104,72,25,25,53,257,258
83,01101110110101011110110100110111101101001011111110001001011000000001010101111010110101101100100111100101011101000110010000000110101011101101010111101101001101111011010010111111100010010110000000010101011110101101011011001001111001010111010001100100000001101110111011010101111011010011011110110100101111111000100101100000000101010111101011010110110010011110010101110100011001000000011000111110110101011110110100110111101101001011111110001001011000000001010101111010110101101100100111100101011101000110010000000110,True,True,True,True,True,True,True,True,True,True,273,281,166,36,46,28,17,256,258
84,10111010011100000001101101101111000000100101010000110100010100101110010011101100000010001101101100111101000100001011000011010010011110100111000000011011011011110000001001010100001101000101001011100100111011000000100011011011001111010001000010110000110100100011101001110000000110110110111100000010010101000011010001010010111001001110110000001000110110110011110100010000101100001101001011101010011100000001101101101111000000100101010000110100010100101110010011101100000010001101101100111101000100001011000011010010,True,True,True,True,True,True,True,True,True,True,227,260,130,52,22,36,37,255,256
85,01001010011101100100000100011111111011010111101101001000100001101001001011101111110010001100000101100000111110101010100110111110100010100111011001000001000111111110110101111011010010001000011010010010111011111100100011000001011000001111101010101001101111101100101001110110010000010001111111101101011110110100100010000110100100101110111111001000110000010110000011111010101010011011111000011010011101100100000100011111111011010111101101001000100001101001001011101111110010001100000101100000111110101010100110111110,True,True,True,True,True,True,True,True,True,True,265,255,137,29,27,35,30,256,256
86,10000011110000110110000011011000010010101001101001000000101011111101100100000001101000100110101111110110010100101110111101011000010000111100001101100000110110000100101010011010010000001010111111011001000000011010001001101011111101100101001011101111010110000000001111000011011000001101100001001010100110100100000010101111110110010000000110100010011010111111011001010010111011110101100011010011110000110110000011011000010010101001101001000000101011111101100100000001101000100110101111110110010100101110111101011000,True,True,True,True,True,True,True,True,True,True,241,256,136,54,32,33,29,256,255
87,00110011011011011011010111100000111010000010011001110010100010110110111111111110000001100001011111011011001101101100100011100110111100110110110110110101111000001110100000100110011100101000101101101111111111100000011000010111110110110011011011001000111001101011001101101101101101011110000011101000001001100111001010001011011011111111111000000110000101111101101100110110110010001110011001100011011011011011010111100000111010000010011001110010100010110110111111111110000001100001011111011011001101101100100011100110,True,True,True,True,True,True,True,True,True,True,279,243,101,32,17,20,25,256,256
88,00010111000000011100011011011011110010001010001111001010101100000111001101110000100111101001001100010011101101010010000100010111110101110000000111000110110110111100100010100011110010101011000001110011011100001001111010010011000100111011010100100001000101111001011100000001110001101101101111001000101000111100101010110000011100110111000010011110100100110001001110110101001000010001011101000111000000011100011011011011110010001010001111001010101100000111001101110000100111101001001100010011101101010010000100010111,True,True,True,True,True,True,True,True,True,True,243,256,121,32,27,38,38,257,256
89,10000110101111010010010110101111101110110010100010110010010000101111111011110011010001011110011011010111010000001101001111010111010001101011110100100101101011111011101100101000101100100100001011111110111100110100010111100110110101110100000011010011110101110000011010111101001001011010111110111011001010001011001001000010111111101111001101000101111001101101011101000000110100111101011111010110101111010010010110101111101110110010100010110010010000101111111011110011010001011110011011010111010000001101001111010111,True,True,True,True,True,True,True,True,True,True,285,277,158,19,37,32,19,257,256
90,00110110111000000010111010010010100101011010000101011100011110110010101010100000100011010100011100111010001000111001011110101010111101101110000000101110100100101001010110100001010111000111101100101010101000001000110101000111001110100010001110010111101010101011011011100000001011101001001010010101101000010101110001111011001010101010000010001101010001110011101000100011100101111010101001100110111000000010111010010010100101011010000101011100011110110010101010100000100011010100011100111010001000111001011110101010,False,True,False,False,True,False,True,True,True,True,243,299,188,28,59,36,32,256,256
91,11000100011000111011101001010001010010110100011000001011000101010101001010100010100111000111111100001000110010110000100001000011000001000110001110111010010100010100101101000110000010110001010101010010101000101001110001111111000010001100101100001000010000110100010001100011101110100101000101001011010001100000101100010101010100101010001010011100011111110000100011001011000010000100001110010100011000111011101001010001010010110100011000001011000101010101001010100010100111000111111100001000110010110000100001000011,False,False,True,True,True,True,True,False,True,True,217,277,156,26,49,48,55,257,258
92,00011010101010111001001011110111101000000111111001001011101111011011010111110011111101100011111010001011010110000110101100100001110110101010101110010010111101111010000001111110010010111011110110110101111100111111011000111110100010110101100001101011001000011001101010101011100100101111011110100000011111100100101110111101101101011111001111110110001111101000101101011000011010110010000101001010101010111001001011110111101000000111111001001011101111011011010111110011111101100011111010001011010110000110101100100001,True,True,True,True,True,True,True,True,True,True,291,266,150,20,42,26,21,257,257
93,00011010110101001110110001101010110111000011001100100010000011010100011111001100010111111011001100110110001111100010000110000001110110101101010011101100011010101101110000110011001000100000110101000111110011000101111110110011001101100011111000100001100000011001101011010100111011000110101011011100001100110010001000001101010001111100110001011111101100110011011000111110001000011000000101001010110101001110110001101010110111000011001100100010000011010100011111001100010111111011001100110110001111100010000110000001,True,True,True,True,True,True,True,True,True,True,251,250,106,28,26,18,41,258,259
94,10010011110110100110110100010101101110100100111110100110011110010111010000110110010101010010000100110001011001100000101000010010010100111101101001101101000101011011101001001111101001100111100101110100001101100101010100100001001100010110011000001010000100100001001111011010011011010001010110111010010011111010011001111001011101000011011001010101001000010011000101100110000010100001001011000011110110100110110100010101101110100100111110100110011110010111010000110110010101010010000100110001011001100000101000010010,True,True,True,True,True,True,True,True,True,True,243,292,156,22,34,43,26,257,256
95,00011101111000001101001011010010001001000100100100001000110111111101010111110010111011101110101111100000111110101101111000011100110111011110000011010010110100100010010001001001000010001101111111010101111100101110111011101011111000001111101011011110000111001001110111100000110100101101001000100100010010010000100011011111110101011111001011101110111010111110000011111010110111100001110001001101111000001101001011010010001001000100100100001000110111111101010111110010111011101110101111100000111110101101111000011100,True,True,True,True,True,True,True,True,True,True,275,247,127,24,24,38,30,256,256
96,01101010010000111011101001010010000001000011110101101010110000000001111101000111001100101111110100001011011101110101101100100001101010100100001110111010010100100000010000111101011010101100000000011111010001110011001011111101000010110111011101011011001000011110101001000011101110100101001000000100001111010110101011000000000111110100011100110010111111010000101101110111010110110010000100111010010000111011101001010010000001000011110101101010110000000001111101000111001100101111110100001011011101110101101100100001,True,True,True,True,True,True,True,True,True,True,249,260,147,52,32,29,28,256,257
97,00011100011101000110001101000100010011001111000101000100001000100001100110010011100010111111100010001101101010011010110000001001110111000111010001100011010001000100110011110001010001000010001000011001100100111000101111111000100011011010100110101100000010011001110001110100011000110100010001001100111100010100010000100010000110011001001110001011111110001000110110101001101011000000100101001100011101000110001101000100010011001111000101000100001000100001100110010011100010111111100010001101101010011010110000001001,False,True,True,True,True,True,True,False,True,True,223,250,105,20,17,41,57,257,258
98,10101111111110111010010011101001000011010000001101001000111011001011110111111011011011111011010001101010000001010010001001001110011011111111101110100100111010010000110100000011010010001110110010111101111110110110111110110100011010100000010100100010010011100010111111111011101001001110100100001101000000110100100011101100101111011111101101101111101101000110101000000101001000100100111011111111111110111010010011101001000011010000001101001000111011001011110111111011011011111011010001101010000001010010001001001110,True,True,True,True,True,True,True,True,True,True,273,256,137,28,14,33,25,256,256
99,00101010101000101100010111100011011000011100110010011010000110111111100111100101001011000000001001101111011101010111011011100000111010101010001011000101111000110110000111001100100110100001101111111001111001010010110000000010011011110111010101110110111000001010101010100010110001011110001101100001110011001001101000011011111110011110010100101100000000100110111101110101011101101110000001111010101000101100010111100011011000011100110010011010000110111111100111100101001011000000001001101111011101010111011011100000,True,True,True,True,True,True,True,True,True,True,261,257,130,37,38,26,27,255,254
100,10101111001110001100010010111111100010110011011000111100000111001110001001000000001011110001001001100010011001011100110000000000011011110011100011000100101111111000101100110110001111000001110011100010010000000010111100010010011000100110010111001100000000000010111100111000110001001011111110001011001101100011110000011100111000100100000000101111000100100110001001100101110011000000000011111111001110001100010010111111100010110011011000111100000111001110001001000000001011110001001001100010011001011100110000000000,False,True,False,False,True,True,True,True,True,True,229,208,67,59,18,41,39,256,252
101,11001101000101100000100100000111001111000111110101001011100100010100111110001110001111101100111011001110110110110011011101110011000011010001011000001001000001110011110001111101010010111001000101001111100011100011111011001110110011101101101100110111011100110100110100010110000010010000011100111100011111010100101110010001010011111000111000111110110011101100111011011011001101110111001110011101000101100000100100000111001111000111110101001011100100010100111110001110001111101100111011001110110110110011011101110011,True,True,True,True,True,True,True,True,True,True,277,243,94,17,16,24,29,255,257
102,00001000101010110101101011001111010101010111010000000101011111001001101011010110110010001110001110100001011101110010101001111001110010001010101101011010110011110101010101110100000001010111110010011010110101101100100011100011101000010111011100101010011110011000100010101011010110101100111101010101011101000000010101111100100110101101011011001000111000111010000101110111001010100111100101011000101010110101101011001111010101010111010000000101011111001001101011010110110010001110001110100001011101110010101001111001,False,True,False,False,True,False,True,True,True,True,265,306,192,21,66,28,22,257,257
103,10101010000110010011111110000001010011100001011110110101101100110110100101011001001111110010011000000000100101101100001100110101011010100001100100111111100000010100111000010111101101011011001101101001010110010011111100100110000000001001011011000011001101010010101000011001001111111000000101001110000101111011010110110011011010010101100100111111001001100000000010010110110000110011010111111010000110010011111110000001010011100001011110110101101100110110100101011001001111110010011000000000100101101100001100110101,True,True,True,True,True,True,True,True,True,True,249,261,130,48,34,33,20,255,256
104,10001101001110011010011111101010001111110101111101011010100010011100111100011010010111010110110000011011000101100101001101100100010011010011100110100111111010100011111101011111010110101000100111001111000110100101110101101100000110110001011001010011011001000000110100111001101001111110101000111111010111110101101010001001110011110001101001011101011011000001101100010110010100110110010011011101001110011010011111101010001111110101111101011010100010011100111100011010010111010110110000011011000101100101001101100100,True,True,True,True,True,True,True,True,True,True,277,278,143,11,32,21,23,256,256
105,11001111110101011010111001011101010110101010001111000101101111001101101011101100011011101101000110101010111000111101111011011110000011111101010110101110010111010101101010100011110001011011110011011010111011000110111011010001101010101110001111011110110111100100111111010101101011100101110101011010101000111100010110111100110110101110110001101110110100011010101011100011110111101101111010011111110101011010111001011101010110101010001111000101101111001101101011101100011011101101000110101010111000111101111011011110,False,False,True,False,True,False,True,True,True,True,309,294,176,2,52,9,21,256,256
106,11111111000110110100001001000111001011100111011010011010011001000101010111011111101010001000111001001100000110110101001010100000001111110001101101000010010001110010111001110110100110100110010001010101110111111010100010001110010011000001101101010010101000000111111100011011010000100100011100101110011101101001101001100100010101011101111110101000100011100100110000011011010100101010000010101111000110110100001001000111001011100111011010011010011001000101010111011111101010001000111001001100000110110101001010100000,True,True,True,True,True,True,True,True,True,True,251,276,148,23,34,33,31,257,254
107,00001010100001000111001000011011000010011011001101110100011001111110010000110001001100111100000101100000010111001011010101110111110010101000010001110010000110110000100110110011011101000110011111100100001100010011001111000001011000000101110010110101011101111000101010000100011100100001101100001001101100110111010001100111111001000011000100110011110000010110000001011100101101010111011101011010100001000111001000011011000010011011001101110100011001111110010000110001001100111100000101100000010111001011010101110111,True,True,True,True,True,True,True,True,True,True,241,250,110,37,28,35,38,256,256
108,11101001010101001001011101001111010101000110110011101101100010011100100100101000001101100011100010110101000010111101100010011111001010010101010010010111010011110101010001101100111011011000100111001001001010000011011000111000101101010000101111011000100111110110100101010100100101110100111101010100011011001110110110001001110010010010100000110110001110001011010100001011110110001001111110111001010101001001011101001111010101000110110011101101100010011100100100101000001101100011100010110101000010111101100010011111,True,True,True,True,True,True,True,True,True,True,257,293,161,12,41,41,28,256,256
109,11111101001000010000101000000010011001101100010000010110011110001000000111111101100101010011101110011110000000011110101110100111001111010010000100001010000000100110011011000100000101100111100010000001111111011001010100111011100111100000000111101011101001110111110100100001000010100000001001100110110001000001011001111000100000011111110110010101001110111001111000000001111010111010011110101101001000010000101000000010011001101100010000010110011110001000000111111101100101010011101110011110000000011110101110100111,False,True,True,True,False,True,True,True,True,True,239,225,104,64,21,32,32,257,256
110,11110000100000101010011110001101111110000001110100011111100011010100100111100101011111101101010111101111111110100110100011001110001100001000001010100111100011011111100000011101000111111000110101001001111001010111111011010101111011111111101001101000110011100111000010000010101001111000110111111000000111010001111110001101010010011110010101111110110101011110111111111010011010001100111010100000100000101010011110001101111110000001110100011111100011010100100111100101011111101101010111101111111110100110100011001110,True,True,True,True,True,True,True,True,True,True,287,234,121,25,29,16,29,257,256
111,10010010001000010011100010110100001111100010100010011011001000001001011010101000001011110011110000110101000011111010001001101100010100100010000100111000101101000011111000101000100110110010000010010110101010000010111100111100001101010000111110100010011011000001001000100001001110001011010000111110001010001001101100100000100101101010100000101111001111000011010100001111101000100110110011000010001000010011100010110100001111100010100010011011001000001001011010101000001011110011110000110101000011111010001001101100,False,True,True,True,True,True,True,False,True,True,223,260,134,35,29,47,47,257,255
112,01110101010110010110011010000011101111001011001110111111010101101000011000000111100110100100100001011111110101011010010110011010101101010101100101100110100000111011110010110011101111110101011010000110000001111001101001001000010111111101010110100101100110101111010101011001011001101000001110111100101100111011111101010110100001100000011110011010010010000101111111010101101001011001101000100101010110010110011010000011101111001011001110111111010101101000011000000111100110100100100001011111110101011010010110011010,True,True,True,True,True,True,True,True,True,True,271,283,162,28,47,26,17,257,256
113,00110000000000011101010001000110001101110001010100101001101110100000010101100000000010110010010100111111001101101101000001011100111100000000000111010100010001100011011100010101001010011011101000000101011000000000101100100101001111110011011011010000010111001011000000000001110101000100011000110111000101010010100110111010000001010110000000001011001001010011111100110110110100000101110001100000000000011101010001000110001101110001010100101001101110100000010101100000000010110010010100111111001101101101000001011100,False,False,True,True,False,True,True,True,True,True,215,251,134,77,37,33,33,257,255
114,10010001010010100111001000111010011001010101011000111111011100011101010010110010000111111010010000100111111111110110110000111110010100010100101001110010001110100110010101010110001111110111000111010100101100100001111110100100001001111111111101101100001111100001000101001010011100100011101001100101010101100011111101110001110101001011001000011111101001000010011111111111011011000011111011000001010010100111001000111010011001010101011000111111011100011101010010110010000111111010010000100111111111110110110000111110,True,True,True,True,True,True,True,True,True,True,275,252,132,15,33,35,29,255,256
115,01110110111010001100000001101101011011110110110110001111110010010001110011111110111100011000110111111000000100001100100110011101101101101110100011000000011011010110111101101101100011111100100100011100111111101111000110001101111110000001000011001001100111011111011011101000110000000110110101101111011011011000111111001001000111001111111011110001100011011111100000010000110010011001110100100110111010001100000001101101011011110110110110001111110010010001110011111110111100011000110111111000000100001100100110011101,False,True,True,False,True,True,True,True,True,True,279,222,80,32,4,17,32,253,257
116,10110110001100101000001111010110101000110100100101000000111111111000001011010101000011001000001111100110101101111001000100101010011101100011001010000011110101101010001101001001010000001111111110000010110101010000110010000011111001101011011110010001001010100011011000110010100000111101011010100011010010010100000011111111100000101101010100001100100000111110011010110111100100010010101011100110001100101000001111010110101000110100100101000000111111111000001011010101000011001000001111100110101101111001000100101010,True,True,True,True,True,True,True,True,True,True,243,266,151,40,41,32,33,255,256
117,01100100010011010001111010111110111100000001001010000101111101011111100001111001111110100010001101110110010101001000100001011011101001000100110100011110101111101111000000010010100001011111010111111000011110011111101000100011011101100101010010001000010110111110010001001101000111101011111011110000000100101000010111110101111110000111100111111010001000110111011001010100100010000101101100110100010011010001111010111110111100000001001010000101111101011111100001111001111110100010001101110110010101001000100001011011,True,True,True,True,True,True,True,True,True,True,265,246,132,28,28,39,36,257,256
118,00000111011011000011100000000111011001001001111000001011100111010011001011001011011100010000100011111101010110010000100000001101110001110110110000111000000001110110010010011110000010111001110100110010110010110111000100001000111111010101100100001000000011011000011101101100001110000000011101100100100111100000101110011101001100101100101101110001000010001111110101011001000010000000110101010111011011000011100000000111011001001001111000001011100111010011001011001011011100010000100011111101010110010000100000001101,True,True,True,True,True,True,True,True,True,True,233,236,103,59,23,36,35,256,257
119,10010001111100001010100001001110011100000111000101001010101011001110100100001101010010101101101101011110110010001001100010011100010100011111000010101000010011100111000001110001010010101010110011101001000011010100101011011011010111101100100010011000100111000001000111110000101010000100111001110000011100010100101010101100111010010000110101001010110110110101111011001000100110001001110011000001111100001010100001001110011100000111000101001010101011001110100100001101010010101101101101011110110010001001100010011100,True,True,True,True,True,True,True,True,True,True,239,284,154,24,45,39,34,257,255
120,00101101111010001110110011101100110011111011001000111101011001110100001001000000010010110100100101111100110110000000011111111110111011011110100011101100111011001100111110110010001111010110011101000010010000000100101101001001011111001101100000000111111111101010110111101000111011001110110011001111101100100011110101100111010000100100000001001011010010010111110011011000000001111111111001111101111010001110110011101100110011111011001000111101011001110100001001000000010010110100100101111100110110000000011111111110,True,True,True,True,True,True,True,True,True,True,273,233,102,40,15,29,20,256,256
121,10010100100011100100100001001010011010010101110101100000111010010000101100000101010011001100111001010101001100111011011110101011010101001000111001001000010010100110100101011101011000001110100100001011000001010100110011001110010101010011001110110111101010110001010010001110010010000100101001101001010111010110000011101001000010110000010101001100110011100101010100110011101101111010101111000100100011100100100001001010011010010101110101100000111010010000101100000101010011001100111001010101001100111011011110101011,False,True,False,True,True,False,True,True,True,True,239,305,174,24,52,43,22,256,256
122,01000010110101101010100000000111000011011010110101100101001100000100111100111001111011011100100001001010111000010000000100100001100000101101011010101000000001110000110110101101011001010011000001001111001110011110110111001000010010101110000100000001001000011100001011010110101010000000011100001101101011010110010100110000010011110011100111101101110010000100101011100001000000010010000100010010110101101010100000000111000011011010110101100101001100000100111100111001111011011100100001001010111000010000000100100001,False,True,True,True,False,True,True,True,True,True,221,260,137,64,36,38,32,256,258
123,01101011100011000100100011000110110000000010010010001100011111100100100110001000110100101100010000100011110100010101000001111000101010111000110001001000110001101100000000100100100011000111111001001001100010001101001011000100001000111101000101010000011110001110101110001100010010001100011011000000001001001000110001111110010010011000100011010010110001000010001111010001010100000111100000111011100011000100100011000110110000000010010010001100011111100100100110001000110100101100010000100011110100010101000001111000,False,False,True,True,True,True,False,False,True,True,209,241,102,34,17,49,59,256,255
124,11000000100011101010011000111001111100100110111001111001010101101000111111010110100001000100001101010001010001100101100111011101000000001000111010100110001110011111001001101110011110010101011010001111110101101000010001000011010100010100011001011001110111010100000010001110101001100011100111110010011011100111100101010110100011111101011010000100010000110101000101000110010110011101110110010000100011101010011000111001111100100110111001111001010101101000111111010110100001000100001101010001010001100101100111011101,True,True,True,True,True,True,True,True,True,True,253,269,138,20,33,29,36,256,257
125,10100010111000010101111111010011000110101010101110111010000000100100011101010100001001011011000010010111011100111101010100000100011000101110000101011111110100110001101010101011101110100000001001000111010101000010010110110000100101110111001111010101000001000010001011100001010111111101001100011010101010111011101000000010010001110101010000100101101100001001011101110011110101010000010011110010111000010101111111010011000110101010101110111010000000100100011101010100001001011011000010010111011100111101010100000100,False,True,True,False,True,False,True,True,True,True,245,282,176,37,52,37,33,254,257
126,10001000011011010101010010011101111011101101111001100001011110000110011000100110001000111010101100110010111011101010010010001011010010000110110101010100100111011110111011011110011000010111100001100110001001100010001110101011001100101110111010100100100010110000100001101101010101001001110111101110110111100110000101111000011001100010011000100011101010110011001011101110101001001000101111011000011011010101010010011101111011101101111001100001011110000110011000100110001000111010101100110010111011101010010010001011,True,True,True,True,True,True,True,True,True,True,261,283,143,13,36,35,30,256,256
127,01110100110100010111100010111001011110000100111111101011100001111010001000100101111111100001001001100101001101110111101000011101101101001101000101111000101110010111100001001111111010111000011110100010001001011111111000010010011001010011011101111010000111011111010011010001011110001011100101111000010011111110101110000111101000100010010111111110000100100110010100110111011110100001110100100100110100010111100010111001011110000100111111101011100001111010001000100101111111100001001001100101001101110111101000011101,True,True,True,True,True,True,True,True,True,True,275,246,124,16,24,42,32,258,256
128,01100011111010010101011010110011011101011111010000111111110111000111011010110110100001101101000111010010110000110100100010000100101000111110100101010110101100110111010111110100001111111101110001110110101101101000011011010001110100101100001101001000100001001110001111101001010101101011001101110101111101000011111111011100011101101011011010000110110100011101001011000011010010001000010000110011111010010101011010110011011101011111010000111111110111000111011010110110100001101101000111010010110000110100100010000100,True,True,True,True,True,True,True,True,True,True,273,275,152,17,29,21,32,256,256
129,11001010100010101001110011101001000101011011111001101000000000100010011100110111001000100000011010111100001011101011001011111011000010101000101010011100111010010001010110111110011010000000001000100111001101110010001000000110101111000010111010110010111110110100101010001010100111001110100100010101101111100110100000000010001001110011011100100010000001101011110000101110101100101111101110011010100010101001110011101001000101011011111001101000000000100010011100110111001000100000011010111100001011101011001011111011,True,True,True,True,True,True,True,True,True,True,245,267,145,41,39,39,29,256,256
130,11111111000111110000110010001010101011100011011110101101100110111000001011001111110110001000101110001101010000110111100000101010001111110001111100001100100010101010111000110111101011011001101110000010110011111101100010001011100011010100001101111000001010100111111100011111000011001000101010101110001101111010110110011011100000101100111111011000100010111000110101000011011110000010101010101111000111110000110010001010101011100011011110101101100110111000001011001111110110001000101110001101010000110111100000101010,True,True,True,True,True,True,True,True,True,True,267,252,130,24,43,24,41,255,256
131,10111011100011011101000110100010011110100110101110011100111101100001001111111110100100110101110001000110100111111001000010000110011110111000110111010001101000100111101001101011100111001111011000010011111111101001001101011100010001101001111110010000100001100011101110001101110100011010001001111010011010111001110011110110000100111111111010010011010111000100011010011111100100001000011011101011100011011101000110100010011110100110101110011100111101100001001111111110100100110101110001000110100111111001000010000110,True,True,True,True,True,True,True,True,True,True,275,244,106,12,9,24,33,256,256
132,01000101111011110010010111110010000111000110011101010101000011100100011110110001011111101010000111101101000000111110100110100011100001011110111100100101111100100001110001100111010101010000111001000111101100010111111010100001111011010000001111101001101000111100010111101111001001011111001000011100011001110101010100001110010001111011000101111110101000011110110100000011111010011010001100010101111011110010010111110010000111000110011101010101000011100100011110110001011111101010000111101101000000111110100110100011,True,True,True,True,True,True,True,True,True,True,269,244,124,25,29,24,36,256,257
133,00010011011110110010000111011101001000011100011000001100011110010111001001101110011111011110110000011100001001100000010100010010110100110111101100100001110111010010000111000110000011000111100101110010011011100111110111101100000111000010011000000101000100101001001101111011001000011101110100100001110001100000110001111001011100100110111001111101111011000001110000100110000001010001001001000011011110110010000111011101001000011100011000001100011110010111001001101110011111011110110000011100001001100000010100010010,False,True,True,False,True,True,True,True,True,True,243,229,85,41,10,35,38,256,257
134,10101001100110101100100110000010011010001001011011110000010111001000110001111011010101000101001111110000101111001100000010100111011010011001101011001001100000100110100010010110111100000101110010001100011110110101010001010011111100001011110011000000101001110010100110011010110010011000001001101000100101101111000001011100100011000111101101010100010100111111000010111100110000001010011111111001100110101100100110000010011010001001011011110000010111001000110001111011010101000101001111110000101111001100000010100111,True,True,True,True,True,True,True,True,True,True,245,261,127,32,34,37,32,257,256
135,01010011100001100111011001111010010111111100000111010101101110000100111111101010010101111111001111001010011101010111001100110011100100111000011001110110011110100101111111000001110101011011100001001111111010100101011111110011110010100111010101110011001100111101001110000110011101100111101001011111110000011101010110111000010011111110101001010111111100111100101001110101011100110011001100000011100001100111011001111010010111111100000111010101101110000100111111101010010101111111001111001010011101010111001100110011,False,False,True,True,True,True,True,True,True,True,295,248,119,19,37,17,13,256,257
136,11110100000111101000111101000010101001111111110011001000001110000010001000110000011111001100110001000101011010100011100101100011001101000001111010001111010000101010011111111100110010000011100000100010001100000111110011001100010001010110101000111001011000110111010000011110100011110100001010100111111111001100100000111000001000100011000001111100110011000100010101101010001110010110001110100100000111101000111101000010101001111111110011001000001110000010001000110000011111001100110001000101011010100011100101100011,False,True,True,True,True,True,True,False,True,True,239,231,102,36,24,29,48,257,257
137,10111010101000101011010100011011110010001011100001111011111010100001010011000000111001011001110100010100101101010100100101100110011110101010001010110101000110111100100010111000011110111110101000010100110000001110010110011101000101001011010101001001011001100011101010100010101101010001101111001000101110000111101111101010000101001100000011100101100111010001010010110101010010010110011011101010101000101011010100011011110010001011100001111011111010100001010011000000111001011001110100010100101101010100100101100110,False,True,False,False,True,False,True,True,True,True,251,300,182,20,57,36,29,257,256
138,11001101001111010000101000101100010110000110110000010010011101001011000101101000001101111000000100110000110000110011010111001110000011010011110100001010001011000101100001101100000100100111010010110001011010000011011110000001001100001100001100110101110011100100110100111101000010100010110001011000011011000001001001110100101100010110100000110111100000010011000011000011001101011100111010011101001111010000101000101100010110000110110000010010011101001011000101101000001101111000000100110000110000110011010111001110,True,True,True,True,True,True,True,True,True,True,225,254,112,46,24,33,41,256,256
139,11010111000110001000110111001101001101100010001100001001111001101010010000000011100010001011010011000001111001010001101011100110000101110001100010001101110011010011011000100011000010011110011010100100000000111000100010110100110000011110010100011010111001100101011100011000100011011100110100110110001000110000100111100110101001000000001110001000101101001100000111100101000110101110011010000111000110001000110111001101001101100010001100001001111001101010010000000011100010001011010011000001111001010001101011100110,False,True,True,True,True,True,True,False,True,True,227,252,104,34,20,30,46,254,256
140,01011001101101000010101110101001011111011011111100110111001000000100100111100001100000011000001001111101011111011011111110101010100110011011010000101011101010010111110110111111001101110010000001001001111000011000000110000010011111010111110110111111101010101101100110110100001010111010100101111101101111110011011100100000010010011110000110000001100000100111110101111101101111111010101000001001101101000010101110101001011111011011111100110111001000000100100111100001100000011000001001111101011111011011111110101010,True,True,True,True,True,True,True,True,True,True,275,247,133,42,31,25,21,256,256
141,00110001001111010111011010011101101010001011000111000000011000111010101001110111111100001100001001001110101010010111111011110010111100010011110101110110100111011010100010110001110000000110001110101010011101111111000011000010010011101010100101111110111100101011000100111101011101101001110110101000101100011100000001100011101010100111011111110000110000100100111010101001011111101111001001100001001111010111011010011101101010001011000111000000011000111010101001110111111100001100001001001110101010010111111011110010,True,True,True,True,True,True,True,True,True,True,271,259,137,25,35,24,28,256,257
142,10001101001100010110111001001110100000100001100110011010011010101111101011000100000001011010101100111101001000101101101010111001010011010011000101101110010011101000001000011001100110100110101011111010110001000000010110101011001111010010001011011010101110010000110100110001011011100100111010000010000110011001101001101010111110101100010000000101101010110011110100100010110110101011100111011101001100010110111001001110100000100001100110011010011010101111101011000100000001011010101100111101001000101101101010111001,True,True,True,True,True,True,True,True,True,True,249,291,159,29,41,30,26,256,257
143,01001111011010110111001000000001010010010100001010101011101010000100111101101101001111000111111010011111101001100001010001011010100011110110101101110010000000010100100101000010101010111010100001001111011011010011110001111110100111111010011000010100010110101100111101101011011100100000000101001001010000101010101110101000010011110110110100111100011111101001111110100110000101000101101000011111011010110111001000000001010010010100001010101011101010000100111101101101001111000111111010011111101001100001010001011010,True,True,True,True,True,True,True,True,True,True,257,279,170,33,42,32,26,256,256
144,01011100000100011011100010000111011001101011101111110101101011110101100011101010101110010100011110100010100001101111000010011110100111000001000110111000100001110110011010111011111101011010111101011000111010101011100101000111101000101000011011110000100111101101110000010001101110001000011101100110101110111111010110101111010110001110101010111001010001111010001010000110111100001001111000001100000100011011100010000111011001101011101111110101101011110101100011101010101110010100011110100010100001101111000010011110,True,True,True,True,True,True,True,True,True,True,271,263,144,22,37,20,37,256,256
145,00011001110010111100010110111001100001111000111100010110101111001100011111011001100000010000011010111101011000001111001111111010110110011100101111000101101110011000011110001111000101101011110011000111110110011000000100000110101111010110000011110011111110101001100111001011110001011011100110000111100011110001011010111100110001111101100110000001000001101011110101100000111100111111101001001001110010111100010110111001100001111000111100010110101111001100011111011001100000010000011010111101011000001111001111111010,False,True,True,False,True,True,True,True,True,True,275,223,87,32,26,18,33,256,256
146,10010011100111110011100000010110010010101000000001000100110010101110011100001000100111010111011000111101001001000010001001110110010100111001111100111000000101100100101010000000010001001100101011100111000010001001110101110110001111010010010000100010011101100001001110011111001110000001011001001010100000000100010011001010111001110000100010011101011101100011110100100100001000100111011011000011100111110011100000010110010010101000000001000100110010101110011100001000100111010111011000111101001001000010001001110110,False,True,True,True,True,True,False,True,True,True,227,252,116,42,25,51,34,254,256
147,10010011001101010101100110110000110000101100011000111010000100000010010110111101110001000011111111000001100110101110011011010110010100110011010101011001101100001100001011000110001110100001000000100101101111011100010000111111110000011001101011100110110101100001001100110101010110011011000011000010110001100011101000010000001001011011110111000100001111111100000110011010111001101101011011000011001101010101100110110000110000101100011000111010000100000010010110111101110001000011111111000001100110101110011011010110,True,True,True,True,True,True,True,True,True,True,247,252,112,38,29,23,38,255,256
148,11011110100010100011011000100001100000001111000000010011001011110001000111011110000111100111110010111100001010111100101110001001000111101000101000110110001000011000000011110000000100110010111100010001110111100001111001111100101111000010101111001011100010010101111010001010001101100010000110000000111100000001001100101111000100011101111000011110011111001011110000101011110010111000100110001110100010100011011000100001100000001111000000010011001011110001000111011110000111100111110010111100001010111100101110001001,False,True,True,True,True,True,True,False,True,True,243,219,91,44,26,38,46,256,256
149,00100011001100010011001000101010001100110010111100010101111111111111111010011100000001100101100111000001110101000010101001010101111000110011000100110010001010100011001100101111000101011111111111111110100111000000011001011001110000011101010000101010010101011010001100110001001100100010101000110011001011110001010111111111111111101001110000000110010110011100000111010100001010100101010101110011001100010011001000101010001100110010111100010101111111111111111010011100000001100101100111000001110101000010101001010101,True,True,True,True,True,True,True,True,True,True,257,254,134,28,49,33,31,255,256
150,00000001010110010100010010011101010100101111100010101101111111000111000100001101001000011010011111000101110111111110011100010001110000010101100101000100100111010101001011111000101011011111110001110001000011010010000110100111110001011101111111100111000100011000000101011001010001001001110101010010111110001010110111111100011100010000110100100001101001111100010111011111111001110001000101010001010110010100010010011101010100101111100010101101111111000111000100001101001000011010011111000101110111111110011100010001,True,True,True,True,True,True,True,True,True,True,261,252,134,17,38,41,40,257,256
151,01100000110001100011001110010110011001101110011010011110100110001100010001001100111000111010100011001001110110100000011001010000101000001100011000110011100101100110011011100110100111101001100011000100010011001110001110101000110010011101101000000110010100001110000011000110001100111001011001100110111001101001111010011000110001000100110011100011101010001100100111011010000001100101000000110000110001100011001110010110011001101110011010011110100110001100010001001100111000111010100011001001110110100000011001010000,False,True,True,False,True,True,True,True,True,True,233,251,84,25,13,21,39,257,254
152,01000100111100010111100010100111101110011010001110111111011011000101000111110000110111010101111010101111100010100001000101101100100001001111000101111000101001111011100110100011101111110110110001010001111100001101110101011110101011111000101000010001011011001100010011110001011110001010011110111001101000111011111101101100010100011111000011011101010111101010111110001010000100010110110000010100111100010111100010100111101110011010001110111111011011000101000111110000110111010101111010101111100010100001000101101100,True,True,True,True,True,True,True,True,True,True,277,257,137,11,37,29,40,257,255
153,00001001010111011110111100010111110000000001111010000011100011011010101011101101101100010001110010101110100110110110101011111001110010010101110111101111000101111100000000011110100000111000110110101010111011011011000100011100101011101001101101101010111110011000100101011101111011110001011111000000000111101000001110001101101010101110110110110001000111001010111010011011011010101111100101011001010111011110111100010111110000000001111010000011100011011010101011101101101100010001110010101110100110110110101011111001,True,True,True,True,True,True,True,True,True,True,277,266,148,33,42,20,26,256,257
154,00001010010000111001011010010001101100000101110011010101111110110101001111101100110010110111001011100100101101001000111100111010110010100100001110010110100100011011000001011100110101011111101101010011111011001100101101110010111001001011010010001111001110101000101001000011100101101001000110110000010111001101010111111011010100111110110011001011011100101110010010110100100011110011101001011010010000111001011010010001101100000101110011010101111110110101001111101100110010110111001011100100101101001000111100111010,True,True,True,True,True,True,True,True,True,True,269,287,149,13,38,40,18,256,256
155,01100110010111100110101010101100011101011000110110110111100000011101110010011101100011100011000000001111001110001000101001011111101001100101111001101010101011000111010110001101101101111000000111011100100111011000111000110000000011110011100010001010010111111110011001011110011010101010110001110101100011011011011110000001110111001001110110001110001100000000111100111000100010100101111100110110010111100110101010101100011101011000110110110111100000011101110010011101100011100011000000001111001110001000101001011111,True,True,True,True,True,True,True,True,True,True,265,246,108,32,32,20,32,256,256
156,10110100001000001000110011001111111111110100011010001101101001101110001100011100010001100001101001010011000000000111001001101001011101000010000010001100110011111111111101000110100011011010011011100011000111000100011000011010010100110000000001110010011010010011010000100000100011001100111111111111010001101000110110100110111000110001110001000110000110100101001100000000011100100110100111100100001000001000110011001111111111110100011010001101101001101110001100011100010001100001101001010011000000000111001001101001,True,True,True,True,True,True,True,True,True,True,235,231,89,40,5,23,44,257,257
157,01001111000101011100001001100011010101001110111110011001001111110000111110110111101101001110011111110101001001110101011111110100100011110001010111000010011000110101010011101111100110010011111100001111101101111011010011100111111101010010011101010111111101001100111100010101110000100110001101010100111011111001100100111111000011111011011110110100111001111111010100100111010101111111010000011111000101011100001001100011010101001110111110011001001111110000111110110111101101001110011111110101001001110101011111110100,False,False,True,True,True,True,True,True,True,True,301,247,123,10,28,17,18,255,256
158,11100010010011111100110011101101000000110010001110001010101001111101101001100110010000101100110100010101001010011000001101110100001000100100111111001100111011010000001100100011100010101010011111011010011001100100001011001101000101010010100110000011011101000110001001001111110011001110110100000011001000111000101010100111110110100110011001000010110011010001010100101001100000110111010010110010010011111100110011101101000000110010001110001010101001111101101001100110010000101100110100010101001010011000001101110100,True,True,True,True,True,True,True,True,True,True,241,274,131,25,29,34,29,256,256
159,01010101001001111001001100110100101001100101101000111111100100111000000111011000110110101101110110100111010110110000101010110111100101010010011110010011001101001010011001011010001111111001001110000001110110001101101011011101101001110101101100001010101101111101010100100111100100110011010010100110010110100011111110010011100000011101100011011010110111011010011101011011000010101011011100000101001001111001001100110100101001100101101000111111100100111000000111011000110110101101110110100111010110110000101010110111,True,True,True,True,True,True,True,True,True,True,271,288,150,18,36,26,17,256,256
160,10100111111110000111101100000011000011110001010011001101100110000100001111000111010011011000111000001100010000101100111100010100011001111111100001111011000000110000111100010100110011011001100001000011110001110100110110001110000011000100001011001111000101000010011111111000011110110000001100001111000101001100110110011000010000111100011101001101100011100000110001000010110011110001010011110111111110000111101100000011000011110001010011001101100110000100001111000111010011011000111000001100010000101100111100010100,False,True,False,False,True,True,True,False,True,True,241,210,65,41,12,21,50,255,256
161,11101100000100101011101101111010001111111000101001100100111010000011110110010110110111111100101110110010011101001101000011101110001011000001001010111011011110100011111110001010011001001110100000111101100101101101111111001011101100100111010011010000111011100110110000010010101110110111101000111111100010100110010011101000001111011001011011011111110010111011001001110100110100001110111010111100000100101011101101111010001111111000101001100100111010000011110110010110110111111100101110110010011101001101000011101110,True,True,True,True,True,True,True,True,True,True,285,256,124,20,22,29,21,257,256
162,01110001000010001100011101000101110011011101111110110001110010010101110111101101010011111101110001001111111101111111111010000110101100010000100011000111010001011100110111011111101100011100100101011101111011010100111111011100010011111111011111111110100001101111000100001000110001110100010111001101110111111011000111001001010111011110110101001111110111000100111111110111111111101000011000100001000010001100011101000101110011011101111110110001110010010101110111101101010011111101110001001111111101111111111010000110,False,False,True,True,True,True,True,True,True,True,303,227,107,9,17,25,33,256,257
163,11101100101101101100011110111010110011000101100000011010011011110010100111000010111111010110000101100100111110101110000101110111001011001011011011000111101110101100110001011000000110100110111100101001110000101111110101100001011001001111101011100001011101110110110010110110110001111011101011001100010110000001101001101111001010011100001011111101011000010110010011111010111000010111011110111100101101101100011110111010110011000101100000011010011011110010100111000010111111010110000101100100111110101110000101110111,True,True,True,True,True,True,True,True,True,True,281,261,126,24,37,29,24,256,256
164,00011011010011110011001010100110111011001011100001010010100100010010101111110001111011001000000011010001001010110011000011000000110110110100111100110010101001101110110010111000010100101001000100101011111100011110110010000000110100010010101100110000110000001001101101001111001100101010011011101100101110000101001010010001001010111111000111101100100000001101000100101011001100001100000001001011010011110011001010100110111011001011100001010010100100010010101111110001111011001000000011010001001010110011000011000000,True,True,True,True,True,True,True,True,True,True,235,271,136,37,37,43,28,256,254
165,00000001011011000001111011000001010100011001110100011010110010111110011100000010110100101011110010110110110111000110100101100010110000010110110000011110110000010101000110011101000110101100101111100111000000101101001010111100101101101101110001101001011000101000000101101100000111101100000101010001100111010001101011001011111001110000001011010010101111001011011011011100011010010110001001010001011011000001111011000001010100011001110100011010110010111110011100000010110100101011110010110110110111000110100101100010,True,True,True,True,True,True,True,True,True,True,249,273,143,37,43,33,32,254,257
166,01011101001101010111101100101011010010101111001000000000111000001111100010010001101110010000101001100011011101100100101010001111100111010011010101111011001010110100101011110010000000001110000011111000100100011011100100001010011000110111011001001010100011111101110100110101011110110010101101001010111100100000000011100000111110001001000110111001000010100110001101110110010010101000111100001101001101010111101100101011010010101111001000000000111000001111100010010001101110010000101001100011011101100100101010001111,True,True,True,True,True,True,True,True,True,True,247,266,140,37,37,36,29,255,256
167,10001000011101100001110011100111011001111011101000101010001011001010110010001010111110010001101100001110010100100001000101011011010010000111011000011100111001110110011110111010001010100010110010101100100010101111100100011011000011100101001000010001010110110000100001110110000111001110011101100111101110100010101000101100101011001000101011111001000110110000111001010010000100010101101111011000011101100001110011100111011001111011101000101010001011001010110010001010111110010001101100001110010100100001000101011011,True,True,True,True,True,True,True,True,True,True,249,275,139,17,40,43,38,255,256
168,01110101001010011001011110001110001010011011010111000110011101010011101100010010001100100001010011111111001010010001110010101010101101010010100110010111100011100010100110110101110001100111010100111011000100100011001000010100111111110010100100011100101010101111010100101001100101111000111000101001101101011100011001110101001110110001001000110010000101001111111100101001000111001010101000100101001010011001011110001110001010011011010111000110011101010011101100010010001100100001010011111111001010010001110010101010,True,True,True,True,True,True,True,True,True,True,255,291,158,4,47,42,29,258,256
169,00010011111010010001110010111011000011100010010010110011000100110001110000111101101111010010001010000110011010001010101010101011110100111110100100011100101110110000111000100100101100110001001100011100001111011011110100100010100001100110100010101010101010111001001111101001000111001011101100001110001001001011001100010011000111000011110110111101001000101000011001101000101010101010101101000011111010010001110010111011000011100010010010110011000100110001110000111101101111010010001010000110011010001010101010101011,True,True,True,True,True,True,True,True,True,True,247,280,146,13,40,38,38,256,256
170,10101010100011000110111011000011101000110001001110110000100010010111111101001010100110110010001110000110010011001000000011110000011010101000110001101110110000111010001100010011101100001000100101111111010010101001101100100011100001100100110010000000111100000010101010001100011011101100001110100011000100111011000010001001011111110100101010011011001000111000011001001100100000001111000011111010100011000110111011000011101000110001001110110000100010010111111101001010100110110010001110000110010011001000000011110000,True,True,True,True,True,True,True,True,True,True,233,248,110,35,21,33,43,256,256
171,00000010000001111110110000111010000100101100001010101100101101111000111011111001100001111100011010100001010001100000110011011010110000100000011111101100001110100001001011000010101011001011011110001110111110011000011111000110101000010100011000001100110110101000001000000111111011000011101000010010110000101010110010110111100011101111100110000111110001101010000101000110000011001101101001010010000001111110110000111010000100101100001010101100101101111000111011111001100001111100011010100001010001100000110011011010,True,True,True,True,True,True,True,True,True,True,241,241,115,46,31,25,43,254,256
172,00111100100110011101111100100010110101011100110000001101000010001111000111100100100011101101011111100110101001011100010010001001111111001001100111011111001000101101010111001100000011010000100011110001111001001000111011010111111001101010010111000100100010011011110010011001110111110010001011010101110011000000110100001000111100011110010010001110110101111110011010100101110001001000100101101100100110011101111100100010110101011100110000001101000010001111000111100100100011101101011111100110101001011100010010001001,True,True,True,True,True,True,True,True,True,True,259,256,117,16,25,41,32,258,256
173,00011100101001110011110101011010001001101110100010111100101000110011000010000101011110000011001000101000111010011100000000011101110111001010011100111101010110100010011011101000101111001010001100110000100001010111100000110010001010001110100111000000000111011001110010100111001111010101101000100110111010001011110010100011001100001000010101111000001100100010100011101001110000000001110101001100101001110011110101011010001001101110100010111100101000110011000010000101011110000011001000101000111010011100000000011101,True,True,True,True,True,True,True,True,True,True,235,258,129,40,33,32,37,256,259
174,00001111110101010101101111111111000110010110101111101100101010001101111011010100001001111111011100001100001101010000111011110001110011111101010101011011111111110001100101101011111011001010100011011110110101000010011111110111000011000011010100001110111100011000111111010101010110111111111100011001011010111110110010101000110111101101010000100111111101110000110000110101000011101111000101011111110101010101101111111111000110010110101111101100101010001101111011010100001001111111011100001100001101010000111011110001,False,False,True,True,True,True,True,True,True,True,297,250,141,17,42,13,30,256,258
175,10101110111111111100010111011011000101101110100010010000000111101000000000001100111101000101100101101001000100101010010111001111011011101111111111000101110110110001011011101000100100000001111010000000000011001111010001011001011010010001001010100101110011110010111011111111110001011101101100010110111010001001000000011110100000000000110011110100010110010110100100010010101001011100111111111110111111111100010111011011000101101110100010010000000111101000000000001100111101000101100101101001000100101010010111001111,True,True,True,True,True,True,True,True,True,True,257,245,132,48,30,41,28,256,256
176,00011000011000001101000111111011100011100011011110100000010100000111101111011101000011111001000011010000010010000000111011101011110110000110000011010001111110111000111000110111101000000101000001111011110111010000111110010000110100000100100000001110111010111001100001100000110100011111101110001110001101111010000001010000011110111101110100001111100100001101000001001000000011101110101101001000011000001101000111111011100011100011011110100000010100000111101111011101000011111001000011010000010010000000111011101011,False,True,False,True,False,True,True,True,True,True,243,210,92,64,8,17,45,256,256
177,11100111001000100101000101100001001101110100010111001011100101111100000100010000011111001010000001111100011011000001001111110111001001110010001001010001011000010011011101000101110010111001011111000001000100000111110010100000011111000110110000010011111101110110011100100010010100010110000100110111010001011100101110010111110000010001000001111100101000000111110001101100000100111111011110110111001000100101000101100001001101110100010111001011100101111100000100010000011111001010000001111100011011000001001111110111,False,True,True,True,True,True,False,True,True,True,245,231,104,40,24,49,40,255,256
178,00101010001001000000111010011010001101011101111101101010010011000110010111001111000100111110110011110110100000010010111011100010111010100010010000001110100110100011010111011111011010100100110001100101110011110001001111101100111101101000000100101110111000101010101000100100000011101001101000110101110111110110101001001100011001011100111100010011111011001111011010000001001011101110001001111010001001000000111010011010001101011101111101101010010011000110010111001111000100111110110011110110100000010010111011100010,True,True,True,True,True,True,True,True,True,True,261,265,133,24,24,33,28,255,257
179,01100000101101100100010000011000110100110011010001000101000001100101100011000001001101111101000111000001010110110100010111010010101000001011011001000100000110001101001100110100010001010000011001011000110000010011011111010001110000010101101101000101110100101110000010110110010001000001100011010011001101000100010100000110010110001100000100110111110100011100000101011011010001011101001000110000101101100100010000011000110100110011010001000101000001100101100011000001001101111101000111000001010110110100010111010010,False,False,True,True,True,True,True,False,True,True,217,267,131,39,27,40,49,259,256
180,01011001111111100000111100001011001111100010001101010111110000101111100001010111111001100101000101101101001001000100010110000111100110011111111000001111000010110011111000100011010101111100001011111000010101111110011001010001011011010010010001000101100001111101100111111110000011110000101100111110001000110101011111000010111110000101011111100110010100010110110100100100010001011000011100001001111111100000111100001011001111100010001101010111110000101111100001010111111001100101000101101101001001000100010110000111,True,True,True,True,True,True,True,True,True,True,263,234,113,25,37,41,41,257,257
181,00101111110110101101010110001111011100110101101010100011000010001101100100110110100011000010001011001100001011000101010001000101111011111101101011010101100011110111001101011010101000110000100011011001001101101000110000100010110011000010110001010100010001011010111111011010110101011000111101110011010110101010001100001000110110010011011010001100001000101100110000101100010101000100010101111111110110101101010110001111011100110101101010100011000010001101100100110110100011000010001011001100001011000101010001000101,True,True,True,True,True,True,True,True,True,True,249,292,161,12,47,33,44,256,257
182,01100110010111011010000111111001101001011000110101110100001000100010010011111001110000001001111011111101111101111000110111011001101001100101110110100001111110011010010110001101011101000010001000100100111110011100000010011110111111011111011110001101110110011110011001011101101000011111100110100101100011010111010000100010001001001111100111000000100111101111110111110111100011011101100100110110010111011010000111111001101001011000110101110100001000100010010011111001110000001001111011111101111101111000110111011001,True,True,True,True,True,True,True,True,True,True,281,238,102,20,12,29,28,258,257
183,01010101111100010101111001110001011010111010110000110000011111000011101001000010100111011110100101101001000000000101101111011001100101011111000101011110011100010110101110101100001100000111110000111010010000101001110111101001011010010000000001011011110110011101010111110001010111100111000101101011101011000011000001111100001110100100001010011101111010010110100100000000010110111101100100000101111100010101111001110001011010111010110000110000011111000011101001000010100111011110100101101001000000000101101111011001,True,True,True,True,True,True,True,True,True,True,255,256,140,46,40,31,29,255,257
184,11001011000000110101010111110000101110101101000010011000100011101010010100000100001110111101110000100100101001101111010110000100000010110000001101010101111100001011101011010000100110001000111010100101000001000011101111011100001001001010011011110101100001000100101100000011010101011111000010111010110100001001100010001110101001010000010000111011110111000010010010100110111101011000010010011011000000110101010111110000101110101101000010011000100011101010010100000100001110111101110000100100101001101111010110000100,True,True,True,True,True,True,True,True,True,True,233,270,153,43,39,41,38,256,257
185,11010010111011101001111000011000011000001110101101100110100011100010101111001111110010001001001011000011100000001011111110111010000100101110111010011110000110000110000011101011011001101000111000101011110011111100100010010010110000111000000010111111101110100101001011101110100111100001100001100000111010110110011010001110001010111100111111001000100100101100001110000000101111111011101010000010111011101001111000011000011000001110101101100110100011100010101111001111110010001001001011000011100000001011111110111010,True,True,True,True,True,True,True,True,True,True,259,236,109,39,26,30,34,256,256
186,01011100111000110001001000010011110000000111011101110011101111111101111100111001001010100111000110011010111110101101001111100011100111001110001100010010000100111100000001110111011100111011111111011111001110010010101001110001100110101111101011010011111000111101110011100011000100100001001111000000011101110111001110111111110111110011100100101010011100011001101011111010110100111110001100001100111000110001001000010011110000000111011101110011101111111101111100111001001010100111000110011010111110101101001111100011,False,True,True,False,True,True,True,True,True,True,287,226,88,21,17,20,25,257,257
187,01000001010111011110000101110010011110100001011010111101111011100000100111000101001100000111010101000010001010010100001010011011100000010101110111100001011100100111101000010110101111011110111000001001110001010011000001110101010000100010100101000010100110111100000101011101111000010111001001111010000101101011110111101110000010011100010100110000011101010100001000101001010000101001101100010001010111011110000101110010011110100001011010111101111011100000100111000101001100000111010101000010001010010100001010011011,True,True,True,True,True,True,True,True,True,True,241,268,155,39,44,41,37,258,256
188,01010111111011100010001001000000110011010111110100100000101110110010110011011111000010101000100110100010010101110110000001100101100101111110111000100010010000001100110101111101001000001011101100101100110111110000101010001001101000100101011101100000011001011101011111101110001000100100000011001101011111010010000010111011001011001101111100001010100010011010001001010111011000000110010100000111111011100010001001000000110011010111110100100000101110110010110011011111000010101000100110100010010101110110000001100101,True,True,True,True,True,True,True,True,True,True,243,264,140,38,36,45,33,256,256
189,01110010110111001010110011111100101011000111010011100101101101000110111100001111101111000111011000101010100001111100011101010011101100101101110010101100111111001010110001110100111001011011010001101111000011111011110001110110001010101000011111000111010100111111001011011100101011001111110010101100011101001110010110110100011011110000111110111100011101100010101010000111110001110101001100100010110111001010110011111100101011000111010011100101101101000110111100001111101111000111011000101010100001111100011101010011,True,True,True,True,True,True,True,True,True,True,287,262,131,8,40,21,29,259,256
190,01011100110110000000111011001000100010101001010110111110011010100011000100101000100111001111101011111110101111010101111111111011100111001101100000001110110010001000101010010101101111100110101000110001001010001001110011111010111111101011110101011111111110111101110011011000000011101100100010001010100101011011111001101010001100010010100010011100111110101111111010111101010111111111101100001100110110000000111011001000100010101001010110111110011010100011000100101000100111001111101011111110101111010101111111111011,True,True,True,True,True,True,True,True,True,True,287,258,144,17,41,28,25,257,256
191,00101001011001011000100000100111011101110111011101000110001011000101010001101111100100011000001101101011100100110011001110100101111010010110010110001000001001110111011101110111010001100010110001010100011011111001000110000011011010111001001100110011101001011010100101100101100010000010011101110111011101110100011000101100010101000110111110010001100000110110101110010011001100111010010101111001011001011000100000100111011101110111011101000110001011000101010001101111100100011000001101101011100100110011001110100101,True,True,True,True,True,True,True,True,True,True,257,276,132,16,31,37,32,256,256
192,10001101100101100101111000101011010000100110011111010001100010010111011000011100110011001101110110001111001010011011001011110010010011011001011001011110001010110100001001100111110100011000100101110110000111001100110011011101100011110010100110110010111100100000110110010110010111100010101101000010011001111101000110001001011101100001110011001100110111011000111100101001101100101111001011011101100101100101111000101011010000100110011111010001100010010111011000011100110011001101110110001111001010011011001011110010,True,True,True,True,True,True,True,True,True,True,265,270,113,10,29,37,26,258,257
193,11000111000111000011100101011010001101011000101001111011110011010011110010110011010100000110111111000110000101000110011010011110000001110001110000111001010110100011010110001010011110111100110100111100101100110101000001101111110001100001010001100110100111100100011100011100001110010101101000110101100010100111101111001101001111001011001101010000011011111100011000010100011001101001111010010111000111000011100101011010001101011000101001111011110011010011110010110011010100000110111111000110000101000110011010011110,True,True,True,True,True,True,True,True,True,True,261,256,114,19,29,18,35,256,256
194,10100111101100001110101100110010111000111011011001000101011111100101001111011000111100011000011001000100111000101101000001100010011001111011000011101011001100101110001110110110010001010111111001010011110110001111000110000110010001001110001011010000011000100010011110110000111010110011001011100011101101100100010101111110010100111101100011110001100001100100010011100010110100000110001011110111101100001110101100110010111000111011011001000101011111100101001111011000111100011000011001000100111000101101000001100010,True,True,True,True,True,True,True,True,True,True,257,250,103,16,25,33,41,258,256
195,00111000110100000010001001100001000100001001111010111001110011010010010000010110001000100110111101111000010001001110011010100001111110001101000000100010011000010001000010011110101110011100110100100100000101100010001001101111011110000100010011100110101000011011100011010000001000100110000100010000100111101011100111001101001001000001011000100010011011110111100001000100111001101010000101101000110100000010001001100001000100001001111010111001110011010010010000010110001000100110111101111000010001001110011010100001,False,True,True,True,True,True,False,False,True,True,219,248,110,36,13,49,48,255,258
196,00111101011100001100000100001000100100000111010011001100000100000011111110000101011110011100101101000101100111011110001111110011111111010111000011000001000010001001000001110100110011000001000000111111100001010111100111001011010001011001110111100011111100111011110101110000110000010000100010010000011101001100110000010000001111111000010101111001110010110100010110011101111000111111001101101101011100001100000100001000100100000111010011001100000100000011111110000101011110011100101101000101100111011110001111110011,False,True,False,False,True,True,True,True,True,True,247,216,87,48,20,32,40,256,257
197,11000100000101100110010010001110101011101111111100001101110011110100110110011011101011001011101000111100111010110010100110010010000001000001011001100100100011101010111011111111000011011100111101001101100110111010110010111010001111001110101100101001100100100100010000010110011001001000111010101110111111110000110111001111010011011001101110101100101110100011110011101011001010011001001010010100000101100110010010001110101011101111111100001101110011110100110110011011101011001011101000111100111010110010100110010010,True,True,True,True,True,True,True,True,True,True,273,272,130,15,30,33,19,256,256
198,00110111000110010101101110100010000110010011110101100100100100010110111001110101111011110111001001111001011100010101010101001100111101110001100101011011101000100001100100111101011001001001000101101110011101011110111101110010011110010111000101010101010011001011011100011001010110111010001000011001001111010110010010010001011011100111010111101111011100100111100101110001010101010100110001100111000110010101101110100010000110010011110101100100100100010110111001110101111011110111001001111001011100010101010101001100,True,True,True,True,True,True,True,True,True,True,271,291,153,4,45,41,21,256,255
199,01000110000101000110000010100101010101110000010000000101100011001000010011011101101011101101001001100111011111101000000011011101100001100001010001100000101001010101011100000100000001011000110010000100110111011010111011010010011001110111111010000000110111011100011000010100011000001010010101010111000001000000010110001100100001001101110110101110110100100110011101111110100000001101110100010110000101000110000010100101010101110000010000000101100011001000010011011101101011101101001001100111011111101000000011011101,True,True,True,True,True,True,True,True,True,True,229,260,138,57,33,33,36,256,256
200,01001100110110010101110111000111011110001001010100111011110011000110100110111011110011110110111010110101101110011101011010001000100011001101100101011101110001110111100010010101001110111100110001101001101110111100111101101110101101011011100111010110100010001100110011011001010111011100011101111000100101010011101111001100011010011011101111001111011011101011010110111001110101101000100000011100110110010101110111000111011110001001010100111011110011000110100110111011110011110110111010110101101110011101011010001000,True,True,True,True,True,True,True,True,True,True,293,279,135,3,28,17,20,252,256
201,01110110110101110001100100101110110010001101011010001110111000010000100010001110101000010100110111101100111011001001000100011101101101101101011100011001001011101100100011010110100011101110000100001000100011101010000101001101111011001110110010010001000111011111011011010111000110010010111011001000110101101000111011100001000010001000111010100001010011011110110011101100100100010001110100100110110101110001100100101110110010001101011010001110111000010000100010001110101000010100110111101100111011001001000100011101,True,True,True,True,True,True,True,True,True,True,251,278,136,12,20,41,40,254,257
202,00101010110111111110001110010110101110110101101010100110010110101011101010111001010011001000011011000000100000110101000101010000111010101101111111100011100101101011101101011010101001100101101010111010101110010100110010000110110000001000001101010001010100001010101011011111111000111001011010111011010110101010011001011010101110101011100101001100100001101100000010000011010100010101000001111010110111111110001110010110101110110101101010100110010110101011101010111001010011001000011011000000100000110101000101010000,False,True,False,False,True,False,True,True,True,True,257,305,194,29,66,26,23,255,254
203,10110100001011111001001100110000100010110110110101011100111000100000000110000101110001001011000100010011101111001101111011100000011101000010111110010011001100001000101101101101010111001110001000000001100001011100010010110001000100111011110011011110111000000011010000101111100100110011000010001011011011010101110011100010000000011000010111000100101100010001001110111100110111101110000011100100001011111001001100110000100010110110110101011100111000100000000110000101110001001011000100010011101111001101111011100000,True,True,True,True,True,True,True,True,True,True,239,242,105,43,24,41,39,256,254
204,01001111010011100010110110100010101110111001110010000000111111011000010110011011010010001001101111111011010101100001011110000100100011110100111000101101101000101011101110011100100000001111110110000101100110110100100010011011111110110101011000010111100001001100111101001110001011011010001010111011100111001000000011111101100001011001101101001000100110111111101101010110000101111000010000011111010011100010110110100010101110111001110010000000111111011000010110011011010010001001101111111011010101100001011110000100,True,True,True,True,True,True,True,True,True,True,265,255,127,30,28,33,30,256,257
205,00000101011010010000110011011100111001001110101001111101011111000101011101001000110011110010001101011010110111100100010001111000110001010110100100001100110111001110010011101010011111010111110001010111010010001100111100100011010110101101111001000100011110001000010101101001000011001101110011100100111010100111110101111100010101110100100011001111001000110101101011011110010001000111100001010101011010010000110011011100111001001110101001111101011111000101011101001000110011110010001101011010110111100100010001111000,True,True,True,True,True,True,True,True,True,True,265,273,137,8,34,33,30,256,255
206,10100110010010111010110000100011101010001010110011110111100000000000111100010100110111101100101000100111110101011101011110110100011001100100101110101100001000111010100010101100111101111000000000001111000101001101111011001010001001111101010111010111101101000010011001001011101011000010001110101000101011001111011110000000000011110001010011011110110010100010011111010101110101111011010011110110010010111010110000100011101010001010110011110111100000000000111100010100110111101100101000100111110101011101011110110100,True,True,True,True,True,True,True,True,True,True,261,266,149,37,40,29,26,256,256
207,01011100010000100101001110000111110101010010111000001011001101010000011001000111010111010011110110000011001001010111101101000011100111000100001001010011100001111101010100101110000010110011010100000110010001110101110100111101100000110010010101111011010000111101110001000010010100111000011111010101001011100000101100110101000001100100011101011101001111011000001100100101011110110100001100001100010000100101001110000111110101010010111000001011001101010000011001000111010111010011110110000011001001010111101101000011,True,True,True,True,True,True,True,True,True,True,243,266,140,37,37,32,33,256,257
208,00000001010000011011010110011100111100010101011000000110111111100000101110100011101011010001001011000001000111100100100001000100110000010100000110110101100111001111000101010110000001101111111000001011101000111010110100010010110000010001111001001000010001001000000101000001101101011001110011110001010101100000011011111110000010111010001110101101000100101100000100011110010010000100010001010001010000011011010110011100111100010101011000000110111111100000101110100011101011010001001011000001000111100100100001000100,True,True,True,True,True,True,True,True,True,True,225,249,128,49,33,42,45,256,255
209,10001010010010011110110000001001001110100001111011001101111100101000011101010110010010011111100011100110101010101111000010011001010010100100100111101100000010010011101000011110110011011111001010000111010101100100100111111000111001101010101011110000100110010000101001001001111011000000100100111010000111101100110111110010100001110101011001001001111110001110011010101010111100001001100111011010010010011110110000001001001110100001111011001101111100101000011101010110010010011111100011100110101010101111000010011001,True,True,True,True,True,True,True,True,True,True,257,267,134,25,32,37,22,257,257
210,01110010110101110101000101100110110101101011001111110000000110001111101001010000000111111011100101110110000110100100101111100001101100101101011101010001011001101101011010110011111100000001100011111010010100000001111110111001011101100001101001001011111000011111001011010111010100010110011011010110101100111111000000011000111110100101000000011111101110010111011000011010010010111110000100100010110101110101000101100110110101101011001111110000000110001111101001010000000111111011100101110110000110100100101111100001,True,True,True,True,True,True,True,True,True,True,267,254,133,40,36,26,25,257,258
211,11100001101000000111100000101101100100110010110010100000101111101001011101010101110110010011101010110000010001000010010010011001001000011010000001111000001011011001001100101100101000001011111010010111010101011101100100111010101100000100010000100100100110010110000110100000011110000010110110010011001011001010000010111110100101110101010111011001001110101011000001000100001001001001100110110001101000000111100000101101100100110010110010100000101111101001011101010101110110010011101010110000010001000010010010011001,False,True,True,True,True,True,False,True,True,True,229,279,150,43,41,51,28,254,257
212,01101011110000000011010001101110001111000111110100010101001101000110001001100110001111110110000110011000000001101111111010011100101010111100000000110100011011100011110001111101000101010011010001100010011001100011111101100001100110000000011011111110100111001110101111000000001101000110111000111100011111010001010100110100011000100110011000111111011000011001100000000110111111101001110000111011110000000011010001101110001111000111110100010101001101000110001001100110001111110110000110011000000001101111111010011100,False,True,False,False,True,True,True,True,True,True,253,217,82,45,13,9,41,255,255
213,00100110001110101101110011011000011000101100110000111100101001000100010110010010100000101110101011011111010010100111000010101101111001100011101011011100110110000110001011001100001111001010010001000101100100101000001011101010110111110100101001110000101011011010011000111010110111001101100001100010110011000011110010100100010001011001001010000010111010101101111101001010011100001010110101110110001110101101110011011000011000101100110000111100101001000100010110010010100000101110101011011111010010100111000010101101,True,True,True,True,True,True,True,True,True,True,249,286,151,20,45,41,32,256,257
214,10011011101111100010111000010010111101110011101110001000101011111100011111001101011001111100110001001010100001100010110111100010010110111011111000101110000100101111011100111011100010001010111111000111110011010110011111001100010010101000011000101101111000100001101110111110001011100001001011110111001110111000100010101111110001111100110101100111110011000100101010000110001011011110001011001011101111100010111000010010111101110011101110001000101011111100011111001101011001111100110001001010100001100010110111100010,True,True,True,True,True,True,True,True,True,True,279,246,114,9,35,38,37,256,257
215,00100110011100000000111110100100111010010101110110000001000101010110011011011111110001000101001111100110010001111110001010010000111001100111000000001111101001001110100101011101100000010001010101100110110111111100010001010011111001100100011111100010100100001010011001110000000011111010010011101001010111011000000100010101011001101101111111000100010100111110011001000111111000101001000001110110011100000000111110100100111010010101110110000001000101010110011011011111110001000101001111100110010001111110001010010000,True,True,True,True,True,True,True,True,True,True,249,243,117,37,29,38,31,256,255
216,10101001101010101101110010101111011011100110011001100111100100101000101000011111100000010010001011000101010001010000111000001001011010011010101011011100101011110110111001100110011001111001001010001010000111111000000100100010110001010100010100001110000010010010100110101010110111001010111101101110011001100110011110010010100010100001111110000001001000101100010101000101000011100000100111111001101010101101110010101111011011100110011001100111100100101000101000011111100000010010001011000101010001010000111000001001,True,True,True,True,True,True,True,True,True,True,241,277,150,28,47,43,32,257,257
217,00100111110010001001110001001110001011010100011001111001001111100110010100010000011101101001010111001011011110111000101010100011111001111100100010011100010011100010110101000110011110010011111001100101000100000111011010010101110010110111101110001010101000111010011111001000100111000100111000101101010001100111100100111110011001010001000001110110100101011100101101111011100010101010001101110111110010001001110001001110001011010100011001111001001111100110010100010000011101101001010111001011011110111000101010100011,True,True,True,True,True,True,True,True,True,True,261,270,133,8,36,41,32,258,257
218,11000111111101001111101010101011011001011100110111100110010001111000101100010010100000110001001100110111101110110100010000011010000001111111010011111010101010110110010111001101111001100100011110001011000100101000001100010011001101111011101101000100000110100100011111110100111110101010101101100101110011011110011001000111100010110001001010000011000100110011011110111011010001000001101010010111111101001111101010101011011001011100110111100110010001111000101100010010100000110001001100110111101110110100010000011010,True,True,True,True,True,True,True,True,True,True,265,264,130,19,30,30,31,257,256
219,00101111100011100100010010000101101010111101111001101011000010101000011101010101110010000100000000111010111001100111110010111001111011111000111001000100100001011010101111011110011010110000101010000111010101011100100001000000001110101110011001111100101110011010111110001110010001001000010110101011110111100110101100001010100001110101010111001000010000000011101011100110011111001011100101111111100011100100010010000101101010111101111001101011000010101000011101010101110010000100000000111010111001100111110010111001,True,True,True,True,True,True,True,True,True,True,257,260,141,36,47,34,28,256,257
220,11100011010111100011010100101110011001011110100010001100111110100111000011101011111101101110001000001011110101000111000011100101001000110101111000110101001011100110010111101000100011001111101001110000111010111111011011100010000010111101010001110000111001010110001101011110001101010010111001100101111010001000110011111010011100001110101111110110111000100000101111010100011100001110010110110011010111100011010100101110011001011110100010001100111110100111000011101011111101101110001000001011110101000111000011100101,True,True,True,True,True,True,True,True,True,True,273,255,126,16,33,25,35,256,256
221,01010111110011000011100111000111101000101010001000101001101011111001101111101001001000010000001111100101010011100111010011101010100101111100110000111001110001111010001010100010001010011010111110011011111010010010000100000011111001010100111001110100111010101101011111001100001110011100011110100010101000100010100110101111100110111110100100100001000000111110010101001110011101001110101000000111110011000011100111000111101000101010001000101001101011111001101111101001001000010000001111100101010011100111010011101010,True,True,True,True,True,True,True,True,True,True,259,261,138,23,34,29,29,254,256
222,01001100010010001000010000001011001111011000000011111101010011001000010011110011001000011001000011010010011110001111100000011110100011000100100010000100000010110011110110000000111111010100110010000100111100110010000110010000110100100111100011111000000111101100110001001000100001000000101100111101100000001111110101001100100001001111001100100001100100001101001001111000111110000001111000011100010010001000010000001011001111011000000011111101010011001000010011110011001000011001000011010010011110001111100000011110,False,True,False,False,True,True,True,True,True,True,221,215,78,57,8,40,42,257,257
223,11110100101100101010100000010000000001110101011101100011010010110001010110011111011001101001011010001110011111100010111000101011001101001011001010101000000100000000011101010111011000110100101100010101100111110110011010010110100011100111111000101110001010110111010010110010101010000001000000000111010101110110001101001011000101011001111101100110100101101000111001111110001011100010101110100100101100101010100000010000000001110101011101100011010010110001010110011111011001101001011010001110011111100010111000101011,False,True,True,True,True,False,True,True,True,True,251,279,158,36,52,33,28,258,256
224,10110011011110111011100101000001111011011011001110110000101110001100100010101111110110110000000010011111100011110011110110111111011100110111101110111001010000011110110110110011101100001011100011001000101011111101101100000000100111111000111100111101101111110011001101111011101110010100000111101101101100111011000010111000110010001010111111011011000000001001111110001111001111011011111111100011011110111011100101000001111011011011001110110000101110001100100010101111110110110000000010011111100011110011110110111111,False,False,True,True,True,True,True,True,True,True,295,223,91,32,16,20,25,257,256
225,10100100101111001011011011001110000101001011001011010101110010010010010111000100001010101001110100111110101010101100110100001010011001001011110010110110110011100001010010110010110101011100100100100101110001000010101010011101001111101010101011001101000010100010010010111100101101101100111000010100101100101101010111001001001001011100010000101010100111010011111010101010110011010000101011110100101111001011011011001110000101001011001011010101110010010010010111000100001010101001110100111110101010101100110100001010,False,True,False,False,True,False,False,True,True,True,253,322,199,12,65,52,17,256,257
226,00101100101110001100101000010101001001001101000100001011011100100010000111100011110110111001110001101001010100101001111010000101111011001011100011001010000101010010010011010001000010110111001000100001111000111101101110011100011010010101001010011110100001011010110010111000110010100001010100100100110100010000101101110010001000011110001111011011100111000110100101010010100111101000010101111100101110001100101000010101001001001101000100001011011100100010000111100011110110111001110001101001010100101001111010000101,False,True,True,True,True,True,False,True,True,True,241,284,153,16,39,49,36,256,257
227,01110000101001010000000110100011111010100010001011101110100001100010011110000111110010101100011101110100110100110100101101000100101100001010010100000001101000111110101000100010111011101000011000100111100001111100101011000111011101001101001101001011010001001111000010100101000000011010001111101010001000101110111010000110001001111000011111001010110001110111010011010011010010110100010000100000101001010000000110100011111010100010001011101110100001100010011110000111110010101100011101110100110100110100101101000100,True,True,True,True,True,True,True,True,True,True,239,267,144,30,29,34,41,256,256
228,11100111100111000001001111000100100100111100100011111001010111101001010000100101000110100001011011110110111101001101111011100101001001111001110000010011110001001001001111001000111110010101111010010100001001010001101000010110111101101111010011011110111001010110011110011100000100111100010010010011110010001111100101011110100101000010010100011010000101101111011011110100110111101110010110110111100111000001001111000100100100111100100011111001010111101001010000100101000110100001011011110110111101001101111011100101,True,True,True,True,True,True,True,True,True,True,269,263,131,16,25,45,24,258,256
229,11101010011100101111100101010011110011101110010110001001000100001101111010001010010111101010011011110100010110000010001000001111001010100111001011111001010100111100111011100101100010010001000011011110100010100101111010100110111101000101100000100010000011110110101001110010111110010101001111001110111001011000100100010000110111101000101001011110101001101111010001011000001000100000111110111010011100101111100101010011110011101110010110001001000100001101111010001010010111101010011011110100010110000010001000001111,True,True,True,True,True,True,True,True,True,True,257,269,145,20,36,45,32,257,257
230,00000001000111011100000110101100011000011101000011001010010101011000110000111101000011111100000000110101001010101001111100001111110000010001110111000001101011000110000111010000110010100101010110001100001111010000111111000000001101010010101010011111000011111000000100011101110000011010110001100001110100001100101001010101100011000011110100001111110000000011010100101010100111110000111101010001000111011100000110101100011000011101000011001010010101011000110000111101000011111100000000110101001010101001111100001111,True,True,True,True,True,True,True,True,True,True,233,236,120,57,37,16,44,256,257
231,11001110101101011000010011000010111100011111101110101111001000000000111000010000010000000100110010101100001010011101000011111100000011101011010110000100110000101111000111111011101011110010000000001110000100000100000001001100101011000010100111010000111111000100111010110101100001001100001011110001111110111010111100100000000011100001000001000000010011001010110000101001110100001111110010011110101101011000010011000010111100011111101110101111001000000000111000010000010000000100110010101100001010011101000011111100,False,True,True,True,False,True,True,True,True,True,229,222,106,71,28,34,38,256,255
232,00011110011111110111001001001110110111001010100010100011010011101101101100111010000000111100011110000010100111011000010010010101110111100111111101110010010011101101110010101000101000110100111011011011001110100000001111000111100000101001110110000100100101011001111001111111011100100100111011011100101010001010001101001110110110110011101000000011110001111000001010011101100001001001010101001110011111110111001001001110110111001010100010100011010011101101101100111010000000111100011110000010100111011000010010010101,True,True,True,True,True,True,True,True,True,True,263,258,125,28,25,32,25,256,257
233,11100001110101101010010000000001110000010100110011000001100111101110011111101111010101110000100001001100100111111101101001110000001000011101011010100100000000011100000101001100110000011001111011100111111011110101011100001000010011001001111111011010011100000110000111010110101001000000000111000001010011001100000110011110111001111110111101010111000010000100110010011111110110100111000010110001110101101010010000000001110000010100110011000001100111101110011111101111010101110000100001001100100111111101101001110000,True,True,True,True,True,True,True,True,True,True,249,226,99,58,21,22,27,257,254
234,00100010010111010011001001101111101101111110000010000011101001001101000011111001000100110010001100110011111111010001101111101010111000100101110100110010011011111011011111100000100000111010010011010000111110010001001100100011001100111111110100011011111010101010001001011101001100100110111110110111111000001000001110100100110100001111100100010011001000110011001111111101000110111110101001110010010111010011001001101111101101111110000010000011101001001101000011111001000100110010001100110011111111010001101111101010,True,True,True,True,True,True,True,True,True,True,269,243,107,20,11,33,27,256,256
235,01010101111001110001001011011100011010110010101011011110011001001101110011111000011101101010010001010111100101110011001011110101100101011110011100010010110111000110101100101010110111100110010011011100111110000111011010100100010101111001011100110010111101011101010111100111000100101101110001101011001010101101111001100100110111001111100001110110101001000101011110010111001100101111010100000101111001110001001011011100011010110010101011011110011001001101110011111000011101101010010001010111100101110011001011110101,False,True,True,True,True,False,True,True,True,True,283,288,152,6,52,34,17,256,256
236,01001011010101010011100000101110111010110011000101100101011010000001101001111101101000111110111000100000110001100111111001011110100010110101010100111000001011101110101100110001011001010110100000011010011111011010001111101110001000001100011001111110010111101100101101010101001110000010111011101011001100010110010101101000000110100111110110100011111011100010000011000110011111100101111000011011010101010011100000101110111010110011000101100101011010000001101001111101101000111110111000100000110001100111111001011110,True,True,True,True,True,True,True,True,True,True,265,263,137,29,39,23,30,257,256
237,10100100001101100010011010011011000110100001110100001110001100110000010111000010010001101101001000110010011011010000110100111000011001000011011000100110100110110001101000011101000011100011001100000101110000100100011011010010001100100110110100001101001110000010010000110110001001101001101100011010000111010000111000110011000001011100001001000110110100100011001001101101000011010011100011110100001101100010011010011011000110100001110100001110001100110000010111000010010001101101001000110010011011010000110100111000,False,True,True,True,True,True,True,False,True,True,221,258,101,31,4,28,47,257,255
238,01101110101110100001010110110011110101101000010010110100000001001100110101001110011011111000111001010100000010010100010101100010101011101011101000010101101100111101011010000100101101000000010011001101010011100110111110001110010101000000100101000101011000101110111010111010000101011011001111010110100001001011010000000100110011010100111001101111100011100101010000001001010001010110001000111110101110100001010110110011110101101000010010110100000001001100110101001110011011111000111001010100000010010100010101100010,True,True,True,True,True,True,True,True,True,True,241,289,170,36,48,36,29,257,257
239,11110001001101100110110110000111101000100011101001101100101111101100010100100001100001111110001000011110010011110111011100111011001100010011011001101101100001111010001000111010011011001011111011000101001000011000011111100010000111100100111101110111001110110111000100110110011011011000011110100010001110100110110010111110110001010010000110000111111000100001111001001111011101110011101110100001001101100110110110000111101000100011101001101100101111101100010100100001100001111110001000011110010011110111011100111011,True,True,True,True,True,True,True,True,True,True,271,239,91,17,8,28,36,257,256
240,11111001000011111111110001110101011010001101100110101000011110001101110111100100011010100111001011001111001111101000110110010111001110010000111111111100011101010110100011011001101010000111100011011101111001000110101001110010110011110011111010001101100101110111100100001111111111000111010101101000110110011010100001111000110111011110010001101010011100101100111100111110100011011001011110101001000011111111110001110101011010001101100110101000011110001101110111100100011010100111001011001111001111101000110110010111,True,True,True,True,True,True,True,True,True,True,291,249,113,8,25,16,28,256,256
241,10100111110011100101011110011000111111000001010100111011000100010000000101001010011011110100101110001011011100111010101110111010011001111100111001010111100110001111110000010101001110110001000100000001010010100110111101001011100010110111001110101011101110100010011111001110010101111001100011111100000101010011101100010001000000010100101001101111010010111000101101110011101010111011101011110111110011100101011110011000111111000001010100111011000100010000000101001010011011110100101110001011011100111010101110111010,True,True,True,True,True,True,True,True,True,True,269,266,143,24,41,33,25,256,256
242,01110111000100010001111010000101000110111100010110010000100111111101100000000001111111111110101111010100000010000111011101110111101101110001000100011110100001010001101111000101100100001001111111011000000000011111111111101011110101000000100001110111011101111111011100010001000111101000010100011011110001011001000010011111110110000000000111111111111010111101010000001000011101110111011100100111000100010001111010000101000110111100010110010000100111111101100000000001111111111110101111010100000010000111011101110111,False,True,False,True,True,True,True,True,True,True,267,206,102,52,16,29,40,258,256
243,00000100100100011000100101010001111000110011011111100010001101110000010010101101110110010111010010000100110100001010001110110010110001001001000110001001010100011110001100110111111000100011011100000100101011011101100101110100100001001101000010100011101100101000010010010001100010010101000111100011001101111110001000110111000001001010110111011001011101001000010011010000101000111011001001010100100100011000100101010001111000110011011111100010001101110000010010101101110110010111010010000100110100001010001110110010,False,True,True,True,True,True,False,True,True,True,233,273,136,19,28,52,43,257,257
244,10111000111101011011101001110000110110101100100100010011001000101001000010000100011111101101010110001001000101010001110111000010011110001111010110111010011100001101101011001001000100110010001010010000100001000111111011010101100010010001010100011101110000100011100011110101101110100111000011011010110010010001001100100010100100001000010001111110110101011000100100010101000111011100001011101000111101011011101001110000110110101100100100010011001000101001000010000100011111101101010110001001000101010001110111000010,True,True,True,True,True,True,True,True,True,True,239,276,146,16,29,48,45,256,258
245,01010111000110101101011001010110001000000100110000011000000110111100011100111100000010110011001110110010000011011010111000100011100101110001101011010110010101100010000001001100000110000001101111000111001111000000101100110011101100100000110110101110001000111101011100011010110101100101011000100000010011000001100000011011110001110011110000001011001100111011001000001101101011100010001100000111000110101101011001010110001000000100110000011000000110111100011100111100000010110011001110110010000011011010111000100011,True,True,True,True,True,True,True,True,True,True,231,240,98,54,28,25,41,255,256
246,01110010011010110101001000010111010110100011001100011010110001000101001000000110110101110000000011010101111001010101010110111100101100100110101101010010000101110101101000110011000110101100010001010010000001101101011100000000110101011110010101010101101111001111001001101011010100100001011101011010001100110001101011000100010100100000011011010111000000001101010111100101010101011011110000100010011010110101001000010111010110100011001100011010110001000101001000000110110101110000000011010101111001010101010110111100,False,True,False,False,True,False,True,True,True,True,239,299,180,37,57,30,30,257,255
247,01001101000100001001000011011101011001010101111001000100010000011111010101110001101101100101000111010011001110110110101001001100100011010001000010010000110111010110010101011110010001000100000111110101011100011011011001010001110100110011101101101010010011001100110100010000100100001101110101100101010111100100010001000001111101010111000110110110010100011101001100111011011010100100110000011101000100001001000011011101011001010101111001000100010000011111010101110001101101100101000111010011001110110110101001001100,True,True,True,True,True,True,True,True,True,True,245,287,151,18,32,37,34,256,255
248,00101101001000000100001111111011100100110100001010010000101011000110001101001110000011100101100111100000101010001010001001000101111011010010000001000011111110111001001101000010100100001010110001100011010011100000111001011001111000001010100010100010010001011010110100100000010000111111101110010011010000101001000010101100011000110100111000001110010110011110000010101000101000100100010101111101001000000100001111111011100100110100001010010000101011000110001101001110000011100101100111100000101010001010001001000101,False,True,True,True,True,True,False,True,True,True,221,260,137,40,35,49,44,257,257
249,11111000011010100100100101101111110101010100100111100101010000110011101000011011010100011100000000110010111000000101110101100110001110000110101001001001011011111101010101001001111001010100001100111010000110110101000111000000001100101110000001011101011001100111100001101010010010010110111111010101010010011110010101000011001110100001101101010001110000000011001011100000010111010110011010101000011010100100100101101111110101010100100111100101010000110011101000011011010100011100000000110010111000000101110101100110,True,True,True,True,True,True,True,True,True,True,243,276,155,44,46,28,25,256,256
250,00010011101001011010001110101001101001001111001111001001110110011100001010110111011110000001010100101110000010011000010011110010110100111010010110100011101010011010010011110011110010011101100111000010101101110111100000010101001011100000100110000100111100101001001110100101101000111010100110100100111100111100100111011001110000101011011101111000000101010010111000001001100001001111001001000011101001011010001110101001101001001111001111001001110110011100001010110111011110000001010100101110000010011000010011110010,True,True,True,True,True,True,True,True,True,True,251,269,133,29,30,39,22,256,257
251,01001010100100000100010100010100111010000100100111000001000010100110010001001110001000110011011111111101000010100010000110010010100010101001000001000101000101001110100001001001110000010000101001100100010011100010001100110111111111010000101000100001100100101100101010010000010001010001010011101000010010011100000100001010011001000100111000100011001101111111110100001010001000011001001000011010100100000100010100010100111010000100100111000001000010100110010001001110001000110011011111111101000010100010000110010010,False,False,True,True,True,True,False,False,True,True,205,263,137,33,25,63,50,257,256
252,11100110001110111001110011111010010010001101101011111111000100101010001101100101111111110101011000000010000010010100100000110011001001100011101110011100111110100100100011011010111111110001001010100011011001011111111101010110000000100000100101001000001100110110011000111011100111001111101001001000110110101111111100010010101000110110010111111111010101100000001000001001010010000011001110110110001110111001110011111010010010001101101011111111000100101010001101100101111111110101011000000010000010010100100000110011,True,True,True,True,True,True,True,True,True,True,261,247,120,32,28,37,28,256,256
253,00010101100000001100011000010101000101100110110110111000010011000001011100100001101111111001110010010101111110111110000111001010110101011000000011000110000101010001011001101101101110000100110000010111001000011011111110011100100101011111101111100001110010101001010110000000110001100001010100010110011011011011100001001100000101110010000110111111100111001001010111111011111000011100101001000101100000001100011000010101000101100110110110111000010011000001011100100001101111111001110010010101111110111110000111001010,True,True,True,True,True,True,True,True,True,True,251,245,116,40,37,36,34,255,256
254,11101101111010111010100011111001010011011011100110011101100011011111101110111100100010111110010100110101011010001011001100101110001011011110101110101000111110010100110110111001100111011000110111111011101111001000101111100101001101010110100010110011001011100110110111101011101010001111100101001101101110011001110110001101111110111011110010001011111001010011010101101000101100110010111010111101111010111010100011111001010011011011100110011101100011011111101110111100100010111110010100110101011010001011001100101110,False,False,True,True,True,True,True,True,True,True,301,280,144,0,38,25,17,256,256
255,11011001100101001011100001100100110000100011001100010001011001101111111010110111000000100001111001111000111011011001011101111111000110011001010010111000011001001100001000110011000100010110011011111110101101110000001000011110011110001110110110010111011111110101100110010100101110000110010011000010001100110001000101100110111111101011011100000010000111100111100011101101100101110111111110001001100101001011100001100100110000100011001100010001011001101111111010110111000000100001111001111000111011011001011101111111,True,True,True,True,True,True,True,True,True,True,267,235,89,24,21,33,34,255,256
256,01110111011000100101111011001100110001100101010100000110000000101010000010110101111111100100010101101000100010110100100100100011101101110110001001011110110011001100011001010101000001100000001010100000101101011111111001000101011010001000101101001001001000111111011101100010010111101100110011000110010101010000011000000010101000001011010111111110010001010110100010001011010010010010001100100111011000100101111011001100110001100101010100000110000000101010000010110101111111100100010101101000100010110100100100100011,False,True,True,True,True,True,False,True,True,True,235,278,154,32,44,49,36,258,257
257,10100010010101011011001110001111111100011110011100000111001000101011011000110110000010001100001110001011010001011001000101010111011000100101010110110011100011111111000111100111000001110010001010110110001101100000100011000011100010110100010110010001010101110010001001010101101100111000111111110001111001110000011100100010101101100011011000001000110000111000101101000101100100010101011111110010010101011011001110001111111100011110011100000111001000101011011000110110000010001100001110001011010001011001000101010111,False,True,True,True,True,True,True,False,True,True,249,255,121,20,40,37,47,256,256
258,11010010000001001100011010000110000111011011101011110000001000111100110001010000000011111011110101111111100111001001011100110100000100100000010011000110100001100001110110111010111100000010001111001100010100000000111110111101011111111001110010010111001101000101001000000100110001101000011000011101101110101111000000100011110011000101000000001111101111010111111110011100100101110011010010000010000001001100011010000110000111011011101011110000001000111100110001010000000011111011110101111111100111001001011100110100,True,True,True,True,True,True,True,True,True,True,247,220,95,56,17,27,35,255,255
259,01100110000110101011110011011011000011001101001011101110100001000101111100011110001000001101010111100111000101100110111100000001101001100001101010111100110110110000110011010010111011101000010001011111000111100010000011010101111001110001011001101111000000011110011000011010101111001101101100001100110100101110111010000100010111110001111000100000110101011110011100010110011011110000000100110110000110101011110011011011000011001101001011101110100001000101111100011110001000001101010111100111000101100110111100000001,True,True,True,True,True,True,True,True,True,True,257,246,110,36,28,21,36,257,260
260,11101101110110101011101001101100111000011000000101100111000000001001010001100101000110000100010010000100010010000101100111001100001011011101101010111010011011001110000110000001011001110000000010010100011001010001100001000100100001000100100001011001110011000110110111011010101110100110110011100001100000010110011100000000100101000110010100011000010001001000010001001000010110011100110010111101110110101011101001101100111000011000000101100111000000001001010001100101000110000100010010000100010010000101100111001100,False,False,True,True,True,True,True,True,True,True,213,256,114,49,26,46,42,258,256
261,10000001111001111110000101001011101010101101010111000100000000100000110011001001110111101001001101001101101010111110110000111101010000011110011111100001010010111010101011010101110001000000001000001100110010011101111010010011010011011010101111101100001111010000000111100111111000010100101110101010110101011100010000000010000011001100100111011110100100110100110110101011111011000011110111010001111001111110000101001011101010101101010111000100000000100000110011001001110111101001001101001101101010111110110000111101,True,True,True,True,True,True,True,True,True,True,257,261,144,45,37,24,24,256,256
262,00010001000101001111110000110101100111011000101100001001101101000010000010110010001110011111001101100001111000100011011000111000110100010001010011111100001101011001110110001011000010011011010000100000101100100011100111110011011000011110001000110110001110001001000100010100111111000011010110011101100010110000100110110100001000001011001000111001111100110110000111100010001101100011100001000001000101001111110000110101100111011000101100001001101101000010000010110010001110011111001101100001111000100011011000111000,False,True,True,True,True,True,True,False,True,True,235,237,90,27,16,36,52,257,255
263,11111100000000110100100100011101011000001100101000001100001111000100100000000101111001010001101101100111111001110010100101010110001111000000001101001001000111010110000011001010000011000011110001001000000001011110010100011011011001111110011100101001010101100111110000000011010010010001110101100000110010100000110000111100010010000000010111100101000110110110011111100111001010010101011010101100000000110100100100011101011000001100101000001100001111000100100000000101111001010001101101100111111001110010100101010110,True,True,True,True,True,True,True,True,True,True,227,244,118,60,34,36,33,256,256
264,00001010111010000000011010100111010111001000001011110101010111100000010100010100100100000000011010111101001111010010000110111111110010101110100000000110101001110101110010000010111101010101111000000101000101001001000000000110101111010011110100100001101111111000101011101000000001101010011101011100100000101111010101011110000001010001010010010000000001101011110100111101001000011011111101011010111010000000011010100111010111001000001011110101010111100000010100010100100100000000011010111101001111010010000110111111,False,True,True,True,False,True,True,True,True,True,237,258,162,69,44,31,26,256,256
265,11100010001100100101110111110101010000000111001100010001001111010001110011100101011010100100001001000100100000001111010101010100001000100011001001011101111101010100000001110011000100010011110100011100111001010110101001000010010001001000000011110101010101000110001000110010010111011111010101000000011100110001000100111101000111001110010101101010010000100100010010000000111101010101010010110010001100100101110111110101010000000111001100010001001111010001110011100101011010100100001001000100100000001111010101010100,True,True,True,True,True,True,True,True,True,True,225,274,155,37,41,46,37,254,256
266,00110001000011110110100000011011110111101110010001010011011011110100000001011101110110111111111111110110011111111101101001010100111100010000111101101000000110111101111011100100010100110110111101000000010111011101101111111111111101100111111111011010010101001011000100001111011010000001101111011110111001000101001101101111010000000101110111011011111111111111011001111111110110100101010001100001000011110110100000011011110111101110010001010011011011110100000001011101110110111111111111110110011111111101101001010100,False,False,True,True,True,True,True,True,True,True,303,227,118,33,17,21,21,256,256
267,01011001000001110111111111111111010000111111111000011011100011111001001011111101100000110000101111010000111011110010010010111000100110010000011101111111111111110100001111111110000110111000111110010010111111011000001100001011110100001110111100100100101110001101100100000111011111111111111101000011111111100001101110001111100100101111110110000011000010111101000011101111001001001011100000001001000001110111111111111111010000111111111000011011100011111001001011111101100000110000101111010000111011110010010010111000,False,True,False,False,True,True,True,True,True,True,291,191,78,36,13,30,31,256,255
268,01111101011101000010111100010110001110101011010111001001001000101111101110111010011100100000100010010010011000111011001111001001101111010111010000101111000101100011101010110101110010010010001011111011101110100111001000001000100100100110001110110011110010011111110101110100001011110001011000111010101101011100100100100010111110111011101001110010000010001001001001100011101100111100100100101101011101000010111100010110001110101011010111001001001000101111101110111010011100100000100010010010011000111011001111001001,False,True,True,True,True,True,False,True,True,True,263,272,138,12,29,50,28,258,256
269,11011001100100100110100101100101100000101001111001011100100100000101111111011000011110001000101011100100101101111011000101101000000110011001001001101001011001011000001010011110010111001001000001011111110110000111100010001010111001001011011110110001011010000101100110010010011010010110010110000010100111100101110010010000010111111101100001111000100010101110010010110111101100010110100010001001100100100110100101100101100000101001111001011100100100000101111111011000011110001000101011100100101101111011000101101000,False,True,True,True,True,True,False,True,True,True,247,270,133,24,37,59,28,255,255
270,11100010100110111101010010100100101111110010001010011000010011000010111101100110101100010111010101010000011001001110110011101111001000101001101111010100101001001011111100100010100110000100110000101111011001101011000101110101010100000110010011101100111011110110001010011011110101001010010010111111001000101001100001001100001011110110011010110001011101010101000001100100111011001110111110110010100110111101010010100100101111110010001010011000010011000010111101100110101100010111010101010000011001001110110011101111,True,True,True,True,True,True,True,True,True,True,261,287,155,16,44,41,23,257,256
271,10110001010000011111100010100110100111010011011110000000111001011111010010100010000001011101001100000101101100001110110110010011011100010100000111111000101001101001110100110111100000001110010111110100101000100000010111010011000001011011000011101101100100110011000101000001111110001010011010011101001101111000000011100101111101001010001000000101110100110000010110110000111011011001001111100001010000011111100010100110100111010011011110000000111001011111010010100010000001011101001100000101101100001110110110010011,True,True,True,True,True,True,True,True,True,True,243,247,119,49,24,32,32,256,256
272,11110100011110110110011100100010110111101011101011111110001100010010001110111010000000000101100110000100100010001110000111100011001101000111101101100111001000101101111010111010111111100011000100100011101110100000000001011001100001001000100011100001111000110111010001111011011001110010001011011110101110101111111000110001001000111011101000000000010110011000010010001000111000011110001110100100011110110110011100100010110111101011101011111110001100010010001110111010000000000101100110000100100010001110000111100011,True,True,True,True,True,True,True,True,True,True,251,231,98,36,16,33,44,256,257
273,10011001100100011001010100000100010110101111001001010001001000001110000111000011101001110011111111010011111010111000100100101111010110011001000110010101000001000101101011110010010100010010000011100001110000111010011100111111110100111110101110001001001011110001100110010001100101010000010001011010111100100101000100100000111000011100001110100111001111111101001111101011100010010010111111001001100100011001010100000100010110101111001001010001001000001110000111000011101001110011111111010011111010111000100100101111,True,True,True,True,True,True,True,True,True,True,251,251,121,24,29,45,33,256,256
274,11010001110101111011000010111100010100110001101001010101110111000000101001000100001101110101110101100010101011110111001001000101000100011101011110110000101111000101001100011010010101011101110000001010010001000011011101011101011000101010111101110010010001010101000111010111101100001011110001010011000110100101010111011100000010100100010000110111010111010110001010101111011100100100010110000001110101111011000010111100010100110001101001010101110111000000101001000100001101110101110101100010101011110111001001000101,False,True,True,True,True,False,True,True,True,True,251,289,174,23,54,41,37,256,257
275,11110010110101000100011011000100111000010111100101110001101011101010000011110000111101001110001010000110011101110011000100000111001100101101010001000110110001001110000101111001011100011010111010100000111100001111010011100010100001100111011100110001000001110111001011010100010001101100010011100001011110010111000110101110101000001111000011110100111000101000011001110111001100010000011110100010110101000100011011000100111000010111100101110001101011101010000011110000111101001110001010000110011101110011000100000111,True,True,True,True,True,True,True,True,True,True,247,247,111,28,28,28,45,256,257
276,11100101011100110001001101101100001110000000100100011110110101101110010101111110101111000011111100110111111010000001000010101100001001010111001100010011011011000011100000001001000111101101011011100101011111101011110000111111001101111110100000010000101011000110010101110011000100110110110000111000000010010001111011010110111001010111111010111100001111110011011111101000000100001010110010110101011100110001001101101100001110000000100100011110110101101110010101111110101111000011111100110111111010000001000010101100,True,True,True,True,True,True,True,True,True,True,265,242,120,41,33,29,30,255,255
277,01100001000100011011011110011010111010111101000101011100000111111010100101100000101111011100010101000011101110111111011110100001101000010001000110110111100110101110101111010001010111000001111110101001011000001011110111000101010000111011101111110111101000011110000100010001101101111001101011101011110100010101110000011111101010010110000010111101110001010100001110111011111101111010000100110001000100011011011110011010111010111101000101011100000111111010100101100000101111011100010101000011101110111111011110100001,True,True,True,True,True,True,True,True,True,True,277,254,145,27,36,25,36,255,258
278,10000111011101010111100011111001101111010010010001110001010110000011011100011011010010100010111001100101000000101101111001101110010001110111010101111000111110011011110100100100011100010101100000110111000110110100101000101110011001010000001011011110011011100000011101110101011110001111100110111101001001000111000101011000001101110001101101001010001011100110010100000010110111100110111011010111011101010111100011111001101111010010010001110001010110000011011100011011010010100010111001100101000000101101111001101110,True,True,True,True,True,True,True,True,True,True,265,264,131,24,33,29,31,256,256
279,10111010110001111101111101101011111001100010010011111110010111010110000000100111110101001111010000111111001100011101011101110010011110101100011111011111011010111110011000100100111111100101110101100000001001111101010011110100001111110011000111010111011100100011101011000111110111110110101111100110001001001111111001011101011000000010011111010100111101000011111100110001110101110111001011101010110001111101111101101011111001100010010011111110010111010110000000100111110101001111010000111111001100011101011101110010,False,False,True,True,True,True,True,True,True,True,299,236,114,20,26,20,21,257,257
280,10101111001001011101111101101111111011010111000000101001000101100101101000100010000010110010101111110011111111111001110010100100011011110010010111011111011011111110110101110000001010010001011001011010001000100000101100101011111100111111111110011100101001000010111100100101110111110110111111101101011100000010100100010110010110100010001000001011001010111111001111111111100111001010010011111111001001011101111101101111111011010111000000101001000101100101101000100010000010110010101111110011111111111001110010100100,False,True,True,True,True,True,False,True,True,True,285,248,135,21,38,49,22,256,256
281,10010010100110000111111111000101010110110000110000101100110110000100010011010000111010110000100100010001001000010110100011100101010100101001100001111111110001010101101100001100001011001101100001000100110100001110101100001001000100010010000101101000111001010001001010011000011111111100010101011011000011000010110011011000010001001101000011101011000010010001000100100001011010001110010111000010100110000111111111000101010110110000110000101100110110000100010011010000111010110000100100010001001000010110100011100101,False,True,True,True,True,True,False,False,True,True,223,265,134,29,34,50,50,257,256
282,00010000111000001001110100110001011111100000110000010101100110101101111010010110111110111010101000110011100110100011111111000000110100001110000010011101001100010111111000001100000101011001101011011110100101101111101110101010001100111001101000111111110000001001000011100000100111010011000101111110000011000001010110011010110111101001011011111011101010100011001110011010001111111100000001000000111000001001110100110001011111100000110000010101100110101101111010010110111110111010101000110011100110100011111111000000,True,True,True,True,True,True,True,True,True,True,259,237,114,43,28,20,32,256,253
283,10100011100011101010100111011100001111000000010110011010110100011101000111000111000010111001100010011001101010011100101101011010011000111000111010101001110111000011110000000101100110101101000111010001110001110000101110011000100110011010100111001011010110100010001110001110101010011101110000111100000001011001101011010001110100011100011100001011100110001001100110101001110010110101101011110011100011101010100111011100001111000000010110011010110100011101000111000111000010111001100010011001101010011100101101011010,True,True,True,True,True,True,True,True,True,True,253,266,126,24,33,17,36,256,256
284,01101010111101001010000101101001000000011101010011100101010000100101011011111010100100101101111100000010101000110100111110100101101010101111010010100001011010010000000111010100111001010100001001010110111110101001001011011111000000101010001101001111101001011110101011110100101000010110100100000001110101001110010101000010010101101111101010010010110111110000001010100011010011111010010100111010111101001010000101101001000000011101010011100101010000100101011011111010100100101101111100000010101000110100111110100101,False,True,False,False,True,False,True,True,True,True,249,300,199,36,56,40,20,255,256
285,11101001010011111011101010100101010100110111001000010010100001111101011101011110110011110111110000011111011111010001011110000100001010010100111110111010101001010101001101110010000100101000011111010111010111101100111101111100000111110111110100010111100001000110100101001111101110101010010101010011011100100001001010000111110101110101111011001111011111000001111101111101000101111000010010111001010011111011101010100101010100110111001000010010100001111101011101011110110011110111110000011111011111010001011110000100,True,True,True,True,True,True,True,True,True,True,285,264,157,21,42,30,22,256,257
286,11101110001011011000111001110000001111111000101001011110111100000110001110000101100101100110011011000100111001010000000101000011001011100010110110001110011100000011111110001010010111101111000001100011100001011001011001100110110001001110010100000001010000110110111000101101100011100111000000111111100010100101111011110000011000111000010110010110011001101100010011100101000000010100001110111110001011011000111001110000001111111000101001011110111100000110001110000101100101100110011011000100111001010000000101000011,True,True,True,True,True,True,True,True,True,True,245,229,90,44,29,33,40,259,256
287,01000100000001111110000010101010100110100110011010011001010001000001010101111111000101000100101100111010001100001111010110100010100001000000011111100000101010101001101001100110100110010100010000010101011111110001010001001011001110100011000011110101101000101100010000000111111000001010101010011010011001101001100101000100000101010111111100010100010010110011101000110000111101011010001000010100000001111110000010101010100110100110011010011001010001000001010101111111000101000100101100111010001100001111010110100010,True,True,True,True,True,True,True,True,True,True,229,273,160,38,47,36,40,258,257
288,10110011100110100010110011001101110000000100000000011011110001101010101111010011011101111101110100110010110000001100100101101011011100111001101000101100110011011100000001000000000110111100011010101011110100110111011111011101001100101100000011001001011010110011001110011010001011001100110111000000010000000001101111000110101010111101001101110111110111010011001011000000110010010110101111100011100110100010110011001101110000000100000000011011110001101010101111010011011101111101110100110010110000001100100101101011,True,True,True,True,True,True,True,True,True,True,255,255,119,52,28,20,21,256,256
289,01101010100011110110010101111111111110111001101110000010001101101001010100100110111101000101010101010010101000000101010100000011101010101000111101100101011111111111101110011011100000100011011010010101001001101111010001010101010100101010000001010101000000111110101010001111011001010111111111111011100110111000001000110110100101010010011011110100010101010101001010100000010101010000001100111010100011110110010101111111111110111001101110000010001101101001010100100110111101000101010101010010101000000101010100000011,False,True,True,False,True,False,True,True,True,True,261,292,197,32,64,28,24,257,259
290,10001110010001010001011011000110011000111100100011100101000000101010010111100001101101101110011001011100101001011001010100001111010011100100010100010110110001100110001111001000111001010000001010100101111000011011011011100110010111001010010110010101000011110000111001000101000101101100011001100011110010001110010100000010101001011110000110110110111001100101110010100101100101010000111111011110010001010001011011000110011000111100100011100101000000101010010111100001101101101110011001011100101001011001010100001111,True,True,True,True,True,True,True,True,True,True,245,275,136,21,44,44,34,257,256
291,11001111011011111011111111011101010101100110100001111101000000010000010011110101100011011111000001000111101011110011001011010111000011110110111110111111110111010101011001101000011111010000000100000100111101011000110111110000010001111010111100110010110101110100111101101111101111111101110101010110011010000111110100000001000001001111010110001101111100000100011110101111001100101101011110011111011011111011111111011101010101100110100001111101000000010000010011110101100011011111000001000111101011110011001011010111,True,True,True,True,True,True,True,True,True,True,289,235,122,37,28,16,25,256,256
292,01011111010011100110010100101100010011100010011011001110101010001000111111100010010100101101010011100000011111010000100010010010100111110100111001100101001011000100111000100110110011101010100010001111111000100101001011010100111000000111110100001000100100101101111101001110011001010010110001001110001001101100111010101000100011111110001001010010110101001110000001111101000010001001001000001111010011100110010100101100010011100010011011001110101010001000111111100010010100101101010011100000011111010000100010010010,True,True,True,True,True,True,True,True,True,True,243,271,140,18,31,48,33,258,256
293,11100110100110001110101011111110111101000000000010111010001101000110001000000010101011011001101101011110001011111110011000001010001001101001100011101010111111101111010000000000101110100011010001100010000000101010110110011011010111100010111111100110000010100110011010011000111010101111111011110100000000001011101000110100011000100000001010101101100110110101111000101111111001100000101010110110100110001110101011111110111101000000000010111010001101000110001000000010101011011001101101011110001011111110011000001010,True,True,True,True,True,True,True,True,True,True,253,250,138,52,38,21,33,256,257
294,01011010100111101101101010001101011100000101000101010010101110000001100001111001001111011110110110001011011110000110011110111101100110101001111011011010100011010111000001010001010100101011100000011000011110010011110111101101100010110111100001100111101111011101101010011110110110101000110101110000010100010101001010111000000110000111100100111101111011011000101101111000011001111011110100001010100111101101101010001101011100000101000101010010101110000001100001111001001111011110110110001011011110000110011110111101,True,True,True,True,True,True,True,True,True,True,271,266,143,29,38,21,29,256,257
295,01010101010111111011110101000101011000001010010110011101001011010111101001101110010111111001110011100101100001101000001001010010100101010101111110111101010001010110000010100101100111010010110101111010011011100101111110011100111001011000011010000010010100101101010101011111101111010100010101100000101001011001110100101101011110100110111001011111100111001110010110000110100000100101001000000101010111111011110101000101011000001010010110011101001011010111101001101110010111111001110011100101100001101000001001010010,False,True,True,False,True,False,True,True,True,True,267,293,178,23,58,38,17,254,257
296,11110111011111110001111000111000011101101011100011101001010101010001001100100110111111010100100110100100110111000101011100001010001101110111111100011110001110000111011010111000111010010101010100010011001001101111110101001001101001001101110001010111000010100111011101111111000111100011100001110110101110001110100101010101000100110010011011111101010010011010010011011100010101110000101010100111011111110001111000111000011101101011100011101001010101010001001100100110111111010100100110100100110111000101011100001010,True,True,True,True,True,True,True,True,True,True,275,274,148,8,38,28,29,256,257
297,00000101010001111011111010110000001010010011100010010110110000101111000100000111001110100001000110001111001000001001010010101100110001010100011110111110101100000010100100111000100101101100001011110001000001110011101000010001100011110010000010010100101011001000010101000111101111101011000000101001001110001001011011000010111100010000011100111010000100011000111100100000100101001010110001010101010001111011111010110000001010010011100010010110110000101111000100000111001110100001000110001111001000001001010010101100,False,True,True,True,True,True,False,True,True,True,225,257,133,39,38,49,44,255,255
298,10101001001100010101011110111101000001010101111011110011111111001100111001110100111010010000001101110111011000000011111010000001011010010011000101010111101111010000010101011110111100111111110011001110011101001110100100000011011101110110000000111110100000010010100100110001010101111011110100000101010111101111001111111100110011100111010011101001000000110111011101100000001111101000000111111001001100010101011110111101000001010101111011110011111111001100111001110100111010010000001101110111011000000011111010000001,True,True,True,True,True,True,True,True,True,True,273,237,122,48,27,19,20,256,259
299,11011000100010100000010101001101000111111111011011111000100011110101111011010110000101110000010110010101110011110110110011110100000110001000101000000101010011010001111111110110111110001000111101011110110101100001011100000101100101011100111101101100111101000101100010001010000001010100110100011111111101101111100010001111010111101101011000010111000001011001010111001111011011001111010010001000100010100000010101001101000111111111011011111000100011110101111011010110000101110000010110010101110011110110110011110100,True,True,True,True,True,True,True,True,True,True,271,254,137,26,37,31,35,256,256
300,10101100000000110011110101110100100001011001001100100001010101010110111001011010000101111000110100111110000000101011100110001000011011000000001100111101011101001000010110010011001000010101010101101110010110100001011110001101001111100000001010111001100010000010110000000011001111010111010010000101100100110010000101010101011011100101101000010111100011010011111000000010101110011000100011111100000000110011110101110100100001011001001100100001010101010110111001011010000101111000110100111110000000101011100110001000,True,True,True,True,True,True,True,True,True,True,233,264,143,51,46,37,31,256,256
301,01110111001101101100111100110010001010111010110011010000101011000011011111011110000001100100111101100011000101101111001000001000101101110011011011001111001100100010101110101100110100001010110000110111110111100000011001001111011000110001011011110010000010001111011100110110110011110011001000101011101011001101000010101100001101111101111000000110010011110110001100010110111100100000100000100111001101101100111100110010001010111010110011010000101011000011011111011110000001100100111101100011000101101111001000001000,True,True,True,True,True,True,True,True,True,True,259,251,107,30,25,30,31,257,256
302,10011100100111011010010010111001110010111110010000000000101111011100001011101110010100001111010110010101011010000101110110011010010111001001110110100100101110011100101111100100000000001011110111000010111011100101000011110101100101010110100001011101100110100001110010011101101001001011100111001011111001000000000010111101110000101110111001010000111101011001010101101000010111011001101011001100100111011010010010111001110010111110010000000000101111011100001011101110010100001111010110010101011010000101110110011010,True,True,True,True,True,True,True,True,True,True,259,270,145,41,42,41,17,256,256
303,11001101111111110001001100010011101111110001011100110110100011000011010010110001001001010011111110010100110010000101101100011101000011011111111100010011000100111011111100010111001101101000110000110100101100010010010100111111100101001100100001011011000111010100110111111111000100110001001110111111000101110011011010001100001101001011000100100101001111111001010011001000010110110001110110011101111111110001001100010011101111110001011100110110100011000011010010110001001001010011111110010100110010000101101100011101,True,True,True,True,True,True,True,True,True,True,269,251,109,9,21,40,33,256,256
304,00100111000000111001110111110011100110100000001111001011011001000010000000011111010101110111110101011000101101111110001011000110111001110000001110011101111100111001101000000011110010110110010000100000000111110101011101111101010110001011011111100010110001101010011100000011100111011111001110011010000000111100101101100100001000000001111101010111011111010101100010110111111000101100011001110111000000111001110111110011100110100000001111001011011001000010000000011111010101110111110101011000101101111110001011000110,True,True,True,True,True,True,True,True,True,True,265,227,104,52,29,21,28,257,257
305,00110010001000010001111101000010101111000110110110100110101010101110010010001111100110001000110001010101010011111010110000011101111100100010000100011111010000101011110001101101101001101010101011100100100011111001100010001100010101010100111110101100000111011011001000100001000111110100001010111100011011011010011010101010111001001000111110011000100011000101010101001111101011000001110101100010001000010001111101000010101111000110110110100110101010101110010010001111100110001000110001010101010011111010110000011101,True,True,True,True,True,True,True,True,True,True,251,278,156,16,45,32,41,255,257
306,00011011001101100111101111011101010100000011000010111101001101101100000100110110110101111110110101110010000011101111111001000011110110110011011001111011110111010101000000110000101111010011011011000001001101101101011111101101011100100000111011111110010000111001101100110110011110111101110101010000001100001011110100110110110000010011011011010111111011010111001000001110111111100100001101001011001101100111101111011101010100000011000010111101001101101100000100110110110101111110110101110010000011101111111001000011,True,True,True,True,True,True,True,True,True,True,283,250,120,36,21,17,21,259,257
307,01010101100000110010010001111111001010111111001011100100111111101101000110011101100100110111100000101001100001110010000101011100100101011000001100100100011111110010101111110010111001001111111011010001100111011001001101111000001010011000011100100001010111001101010110000011001001000111111100101011111100101110010011111110110100011001110110010011011110000010100110000111001000010101110000000101100000110010010001111111001010111111001011100100111111101101000110011101100100110111100000101001100001110010000101011100,True,True,True,True,True,True,True,True,True,True,263,245,111,28,32,39,25,256,255
308,11011010000001011100000001110001010001100100100011001101011100011001110001000111011011001011010101100001010100000100011011011010000110100000010111000000011100010100011001001000110011010111000110011100010001110110110010110101011000010101000001000110110110100101101000000101110000000111000101000110010010001100110101110001100111000100011101101100101101010110000101010000010001101101101010001010000001011100000001110001010001100100100011001101011100011001110001000111011011001011010101100001010100000100011011011010,False,True,True,True,True,True,True,False,True,True,223,270,135,41,35,34,46,257,256
309,10101001011111010011110110011110010110101110111101001010101010100010001011111101001111000001011000100000011010100010100011001110011010010111110100111101100111100101101011101111010010101010101000100010111111010011110000010110001000000110101000101000110011100010100101111101001111011001111001011010111011110100101010101010001000101111110100111100000101100010000001101010001010001100111011111001011111010011110110011110010110101110111101001010101010100010001011111101001111000001011000100000011010100010100011001110,True,True,True,True,True,True,True,True,True,True,265,280,168,20,50,33,29,256,256
310,11101101101110110011110011111101100100101011000110100101110001011000110001110010110100011000010111001011000101111111001010100100001011011011101100111100111111011001001010110001101001011100010110001100011100101101000110000101110010110001011111110010101001000110110110111011001111001111110110010010101100011010010111000101100011000111001011010001100001011100101100010111111100101010010010111101101110110011110011111101100100101011000110100101110001011000110001110010110100011000010111001011000101111111001010100100,True,True,True,True,True,True,True,True,True,True,273,272,130,5,42,42,30,256,256
311,10001101101101110001110100101101011111000110010010011011010101010000100101100110101011011101110001100111110100111010001111100110010011011011011100011101001011010111110001100100100110110101010100001001011001101010110111011100011001111101001110100011111001100000110110110111000111010010110101111100011001001001101101010101000010010110011010101101110111000110011111010011101000111110011011011101101101110001110100101101011111000110010010011011010101010000100101100110101011011101110001100111110100111010001111100110,True,True,True,True,True,True,True,True,True,True,281,286,145,6,32,21,22,257,256
312,11011100101110110010010100011011010100000001010101011111000011100111101110001110110010001001011111000100111001000100011001110001000111001011101100100101000110110101000000010101010111110000111001111011100011101100100010010111110001001110010001000110011100010101110010111011001001010001101101010000000101010101111100001110011110111000111011001000100101111100010011100100010001100111000110001100101110110010010100011011010100000001010101011111000011100111101110001110110010001001011111000100111001000100011001110001,True,True,True,True,True,True,True,True,True,True,251,259,123,20,34,42,38,256,258
313,10011101001110000110010111011111110000001000000101000000000110100001000010001000011011100101001101111100000011011100100011011101010111010011100001100101110111111100000010000001010000000001101000010000100010000110111001010011011111000000110111001000110111010001110100111000011001011101111111000000100000010100000000011010000100001000100001101110010100110111110000001101110010001101110111001101001110000110010111011111110000001000000101000000000110100001000010001000011011100101001101111100000011011100100011011101,False,True,True,True,False,True,True,True,True,True,223,219,99,76,14,32,41,257,257
314,10111000011111110100100001110010010011101001100111000101100101010110100111000110001011010110010100100111110000100101101110101010011110000111111101001000011100100100111010011001110001011001010101101001110001100010110101100101001001111100001001011011101010100011100001111111010010000111001001001110100110011100010110010101011010011100011000101101011001010010011111000010010110111010101011101000011111110100100001110010010011101001100111000101100101010110100111000110001011010110010100100111110000100101101110101010,True,True,True,True,True,True,True,True,True,True,259,284,150,12,41,40,25,255,256
315,11100001001001101100010111110111101110101011110011101101000110001110111110010110001110101001111110101011010011100001010110010000001000010010011011000101111101111011101010111100111011010001100011101111100101100011101010011111101010110100111000010101100100000110000100100110110001011111011110111010101111001110110100011000111011111001011000111010100111111010101101001110000101011001000010110001001001101100010111110111101110101011110011101101000110001110111110010110001110101001111110101011010011100001010110010000,True,True,True,True,True,True,True,True,True,True,281,266,139,14,37,26,27,255,255
316,10110010101010110101001101000001001010101100001000010110100101110011000010111001111110000111000001000010111101101100101110111111011100101010101101010011010000010010101011000010000101101001011100110000101110011111100001110000010000101111011011001011101111110011001010101011010100110100000100101010110000100001011010010111001100001011100111111000011100000100001011110110110010111011111111100010101010110101001101000001001010101100001000010110100101110011000010111001111110000111000001000010111101101100101110111111,False,True,True,True,True,False,True,True,True,True,255,271,155,36,52,40,29,257,256
317,00101101010010110010101010110101000101001001101110101111101011110110100111001001010010111010101010101101100000011001000111100100111011010100101100101010101101010001010010011011101011111010111101101001110010010100101110101010101011011000000110010001111001001010110101001011001010101011010100010100100110111010111110101111011010011100100101001011101010101010110110000001100100011110010001111101010010110010101010110101000101001001101110101111101011110110100111001001010010111010101010101101100000011001000111100100,False,True,False,False,True,False,True,True,True,True,265,329,215,12,71,38,13,256,256
318,10000000010111110101011100111001101011111011111111110000101100010001110100110111000010000010001101111100111101101010100011100011010000000101111101010111001110011010111110111111111100001011000100011101001101110000100000100011011111001111011010101000111000110000000001011111010101110011100110101111101111111111000010110001000111010011011100001000001000110111110011110110101010001110001111010000010111110101011100111001101011111011111111110000101100010001110100110111000010000010001101111100111101101010100011100011,True,True,True,True,True,True,True,True,True,True,277,229,113,33,28,20,36,257,257
319,01101010101100111111010101001100101011101011011111111111000111011000010111110010010101010000010001111111011100110010011101101100101010101011001111110101010011001010111010110111111111110001110110000101111100100101010100000100011111110111001100100111011011001110101010110011111101010100110010101110101101111111111100011101100001011111001001010101000001000111111101110011001001110110110000111010101100111111010101001100101011101011011111111111000111011000010111110010010101010000010001111111011100110010011101101100,False,False,True,True,True,True,True,True,True,True,297,265,150,13,49,25,17,259,255
320,01000110101100110110100110101111101100111100110000010110100101111000000101001111010011101011110011011110100001110101110001101011100001101011001101101001101011111011001111001100000101101001011110000001010011110100111010111100110111101000011101011100011010111100011010110011011010011010111110110011110011000001011010010111100000010100111101001110101111001101111010000111010111000110101100010110101100110110100110101111101100111100110000010110100101111000000101001111010011101011110011011110100001110101110001101011,True,True,True,True,True,True,True,True,True,True,281,268,136,25,33,13,20,255,256
321,01010100111010010010101011011100011001000110011101100011000100101001111000100001000010111111001000010001100111110011000000000001100101001110100100101010110111000110010001100111011000110001001010011110001000010000101111110010000100011001111100110000000000011101010011101001001010101101110001100100011001110110001100010010100111100010000100001011111100100001000110011111001100000000000100000100111010010010101011011100011001000110011101100011000100101001111000100001000010111111001000010001100111110011000000000001,True,True,True,True,True,True,True,True,True,True,223,240,104,46,24,43,41,256,261
322,01001010001000101000100110101000110011000010001000110100100100010110000111111111100111000101111110010011100011010000010111000100100010100010001010001001101010001100110000100010001101001001000101100001111111111001110001011111100100111000110100000101110001001100101000100010100010011010100011001100001000100011010010010001011000011111111110011100010111111001001110001101000001011100010000011010001000101000100110101000110011000010001000110100100100010110000111111111100111000101111110010011100011010000010111000100,False,True,True,True,True,True,False,False,True,True,229,247,114,18,23,52,54,258,256
323,11110101101110010010101111110001011000010100110011011110101000101101001010011001011100110011100001001001100110011110011011010111001101011011100100101011111100010110000101001100110111101010001011010010100110010111001100111000010010011001100111100110110101110111010110111001001010111111000101100001010011001101111010100010110100101001100101110011001110000100100110011001111001101101011110100101101110010010101111110001011000010100110011011110101000101101001010011001011100110011100001001001100110011110011011010111,True,True,True,True,True,True,True,True,True,True,271,287,138,8,40,37,16,257,256
324,01100001011110111010101110111101010001010010110000001101010011100111001100000001011101001001011111101111101111111011100101100000101000010111101110101011101111010100010100101100000011010100111001110011000000010111010010010111111011111011111110111001011000001110000101111011101010111011110101000101001011000000110101001110011100110000000101110100100101111110111110111111101110010110000000110001011110111010101110111101010001010010110000001101010011100111001100000001011101001001011111101111101111111011100101100000,True,True,True,True,True,True,True,True,True,True,277,251,140,41,41,29,19,255,254
325,00011101100000111111101100111110100111001001000000001101010110001110110001011111111111010000111011010001000100010011111010010011110111011000001111111011001111101001110010010000000011010101100011101100010111111111110100001110110100010001000100111110100100111001110110000011111110110011111010011100100100000000110101011000111011000101111111111101000011101101000100010001001111101001001101001101100000111111101100111110100111001001000000001101010110001110110001011111111111010000111011010001000100010011111010010011,True,True,True,True,True,True,True,True,True,True,271,226,103,32,12,28,33,257,256
326,00110100001010111010111011100011101001110000110110000110011111011111100111101101101111101100011000001010100110100101000011000110111101000010101110101110111000111010011100001101100001100111110111111001111011011011111011000110000010101001101001010000110001101011010000101011101011101110001110100111000011011000011001111101111110011110110110111110110001100000101010011010010100001100011001100100001010111010111011100011101001110000110110000110011111011111100111101101101111101100011000001010100110100101000011000110,True,True,True,True,True,True,True,True,True,True,275,251,116,24,25,13,32,257,256
327,01000001111111101000010010100001001111100000100000100011101011010010011101001010011100001010101101110100100001000000110111011110100000011111111010000100101000010011111000001000001000111010110100100111010010100111000010101011011101001000010000001101110111101100000111111110100001001010000100111110000010000010001110101101001001110100101001110000101010110111010010000100000011011101111000010001111111101000010010100001001111100000100000100011101011010010011101001010011100001010101101110100100001000000110111011110,True,True,True,True,True,True,True,True,True,True,233,249,139,52,24,41,37,257,256
328,10101011000111010111011010001101100111110001010000010011010000010010000010010100111000000110010111001010101000111101001011110001011010110001110101110110100011011001111100010100000100110100000100100000100101001110000001100101110010101010001111010010111100010010101100011101011101101000110110011111000101000001001101000001001000001001010011100000011001011100101010100011110100101111000111111011000111010111011010001101100111110001010000010011010000010010000010010100111000000110010111001010101000111101001011110001,True,True,True,True,True,True,True,True,True,True,237,269,146,36,38,39,36,257,258
329,00011001110001100000001000001001001101001110010001111011110001100100110011100101001110111010010010001110101001001000000111110001110110011100011000000010000010010011010011100100011110111100011001001100111001010011101110100100100011101010010010000001111100011001100111000110000000100000100100110100111001000111101111000110010011001110010100111011101001001000111010100100100000011111000101001001110001100000001000001001001101001110010001111011110001100100110011100101001110111010010010001110101001001000000111110001,True,True,True,True,True,True,True,True,True,True,231,242,94,36,9,42,33,255,257
330,00001011101111010010110110110100101010100110110000010000001011011100110110101100011100111011110101000110110000001101110010100110110010111011110100101101101101001010101001101100000100000010110111001101101011000111001110111101010001101100000011011100101001101000101110111101001011011011010010101010011011000001000000101101110011011010110001110011101111010100011011000000110111001010011001011011101111010010110110110100101010100110110000010000001011011100110110101100011100111011110101000110110000001101110010100110,True,True,True,True,True,True,True,True,True,True,261,287,153,33,36,24,22,257,256
331,11001101010001001100011001110110111100100001111100010110110110110110111000100001110001000010000100110111001000100111111010000010000011010100010011000110011101101111001000011111000101101101101101101110001000011100010000100001001101110010001001111110100000100100110101000100110001100111011011110010000111110001011011011011011011100010000111000100001000010011011100100010011111101000001010011101010001001100011001110110111100100001111100010110110110110110111000100001110001000010000100110111001000100111111010000010,True,True,True,True,True,True,True,True,True,True,245,246,104,26,9,41,45,255,258
332,11111111100011011111001101001101110100101010111111110110001011101100100010011111011110011001110101101000110001111000110111000111001111111000110111110011010011011101001010101111111101100010111011001000100111110111100110011101011010001100011110001101110001110111111110001101111100110100110111010010101011111111011000101110110010001001111101111001100111010110100011000111100011011100011110101111100011011111001101001101110100101010111111110110001011101100100010011111011110011001110101101000110001111000110111000111,False,False,True,True,True,True,True,True,True,True,307,241,104,0,21,16,28,257,257
333,00001000110111111100001101100000011100111011101000101010100100100111101011111100000110100101101000001100111000110000010110101011110010001101111111000011011000000111001110111010001010101001001001111010111111000001101001011010000011001110001100000101101010111000100011011111110000110110000001110011101110100010101010010010011110101111110000011010010110100000110011100011000001011010101101011000110111111100001101100000011100111011101000101010100100100111101011111100000110100101101000001100111000110000010110101011,True,True,True,True,True,True,True,True,True,True,253,250,126,41,33,23,34,257,256
334,10100011001111101110101111101001100011011100000010101100100000000000111110101111101001000100111010001011010111000000111101110111011000110011111011101011111010011000110111000000101011001000000000001111101011111010010001001110100010110101110000001111011101110010001100111110111010111110100110001101110000001010110010000000000011111010111110100100010011101000101101011100000011110111011111110011001111101110101111101001100011011100000010101100100000000000111110101111101001000100111010001011010111000000111101110111,True,True,True,True,True,True,True,True,True,True,265,231,117,56,24,21,27,259,256
335,01110010100101010011101110101001101010011101000010010001110010111111011101101101110100001110001001001111001100011101101110110001101100101001010100111011101010011010100111010000100100011100101111110111011011011101000011100010010011110011000111011011101100011111001010010101001110111010100110101001110100001001000111001011111101110110110111010000111000100100111100110001110110111011000100100010100101010011101110101001101010011101000010010001110010111111011101101101110100001110001001001111001100011101101110110001,True,True,True,True,True,True,True,True,True,True,275,278,141,8,24,30,25,256,258
336,00010101011001001110110001000010001011011010010101111011001010010001101111001011001011000000101010101001011110000010010111110101110101010110010011101100010000100010110110100101011110110010100100011011110010110010110000001010101010010111100000100101111101011001010101100100111011000100001000101101101001010111101100101001000110111100101100101100000010101010100101111000001001011111010101000101011001001110110001000010001011011010010101111011001010010001101111001011001011000000101010101001011110000010010111110101,False,True,False,False,True,False,False,True,True,True,247,304,187,24,64,55,26,254,256
337,10010111011000011000100010111110101011110011010101010101010011111100010010011011110010010010000010010010100011110001010011101011010101110110000110001000101111101010111100110101010101010100111111000100100110111100100100100000100100101000111100010100111010110001011101100001100010001011111010101111001101010101010101001111110001001001101111001001001000001001001010001111000101001110101111000111011000011000100010111110101011110011010101010101010011111100010010011011110010010010000010010010100011110001010011101011,False,True,True,True,True,False,True,True,True,True,255,289,170,12,52,46,30,257,256
338,11011100111111100100100101001011111011000101101011010010001000111110101010010110111110001000100100100001101010010010110111001111000111001111111001001001010010111110110001011010110100100010001111101010100101101111100010001001001000011010100100101101110011110101110011111110010010010100101111101100010110101101001000100011111010101001011011111000100010010010000110101001001011011100111110001100111111100100100101001011111011000101101011010010001000111110101010010110111110001000100100100001101010010010110111001111,False,True,True,True,True,True,False,True,True,True,267,283,156,4,37,56,26,256,256
339,01001100110000101000000111010111100001010001000101001101111010111100001010101010101000101111001100110111011011011111101110100101100011001100001010000001110101111000010100010001010011011110101111000010101010101010001011110011001101110110110111111011101001011100110011000010100000011101011110000101000100010100110111101011110000101010101010100010111100110011011101101101111110111010010100011100110000101000000111010111100001010001000101001101111010111100001010101010101000101111001100110111011011011111101110100101,False,True,True,True,True,False,True,True,True,True,265,282,168,24,52,28,30,258,256
340,01100111110010010010101000000010111001110011011100101000111001011011001101001100100110100000010010011010101010000100011110100010101001111100100100101010000000101110011100110111001010001110010110110011010011001001101000000100100110101010100001000111101000101110011111001001001010100000001011100111001101110010100011100101101100110100110010011010000001001001101010101000010001111010001000110111110010010010101000000010111001110011011100101000111001011011001101001100100110100000010010011010101010000100011110100010,True,True,True,True,True,True,True,True,True,True,233,283,148,32,35,44,25,258,257
341,10000000111010100000001001010000101011011111011101110010001110111110011101101100011101110011101100101011000101110011001010111001010000001110101000000010010100001010110111110111011100100011101111100111011011000111011100111011001010110001011100110010101110010000000011101010000000100101000010101101111101110111001000111011111001110110110001110111001110110010101100010111001100101011100111010000111010100000001001010000101011011111011101110010001110111110011101101100011101110011101100101011000101110011001010111001,True,True,True,True,True,True,True,True,True,True,269,261,132,33,37,30,24,256,257
342,10110100010110000010101100101111101101001111000100001100110010111101100011110000010111001010101111001100111011101101001011100000011101000101100000101011001011111011010011110001000011001100101111011000111100000101110010101011110011001110111011010010111000000011010001011000001010110010111110110100111100010000110011001011110110001111000001011100101010111100110011101110110100101110000011100100010110000010101100101111101101001111000100001100110010111101100011110000010111001010101111001100111011101101001011100000,True,True,True,True,True,True,True,True,True,True,263,258,125,31,40,33,27,255,254
343,11110111111001000111111101100110011011110010010000101100000100100011011110111010010001111101000111110011110111000101111100010101001101111110010001111111011001100110111100100100001011000001001000110111101110100100011111010001111100111101110001011111000101010111011111100100011111110110011001101111001001000010110000010010001101111011101001000111110100011111001111011100010111110001010110100111111001000111111101100110011011110010010000101100000100100011011110111010010001111101000111110011110111000101111100010101,True,True,True,True,True,True,True,True,True,True,287,231,101,12,17,36,32,257,256
344,10010010110001011000010111011111101110011011110110010101010001010101001100100110110110001000011111110010100011101001110010001001010100101100010110000101110111111011100110111101100101010100010101010011001001101101100010000111111100101000111010011100100010010001001011000101100001011101111110111001101111011001010101000101010100110010011011011000100001111111001010001110100111001000100111000010110001011000010111011111101110011011110110010101010001010101001100100110110110001000011111110010100011101001110010001001,True,True,True,True,True,True,True,True,True,True,263,281,150,9,42,44,30,257,257
345,11101100000111010000001111100100000001110110110011010000110111001011011001111010001000010011101000010001111010100110110001001101001011000001110100000011111001000000011101101100110100001101110010110110011110100010000100111010000100011110101001101100010011010110110000011101000000111110010000000111011011001101000011011100101101100111101000100001001110100001000111101010011011000100110110111100000111010000001111100100000001110110110011010000110111001011011001111010001000010011101000010001111010100110110001001101,True,True,True,True,True,True,True,True,True,True,241,245,109,48,10,25,36,257,257
346,11110100110110010000110111111111111010101100010010111011101100101000100111110011111100100000011010111011111100110000100001101001001101001101100100001101111111111110101011000100101110111011001010001001111100111111001000000110101110111111001100001000011010010111010011011001000011011111111111101010110001001011101110110010100010011111001111110010000001101011101111110011000010000110100110100100110110010000110111111111111010101100010010111011101100101000100111110011111100100000011010111011111100110000100001101001,True,True,True,True,True,True,True,True,True,True,283,239,113,24,21,31,24,256,257
347,01101110011101100000110111001011101001110000100001100111000001100000101001100010110011100001011001011100101010101101100001101001101011100111011000001101110010111010011100001000011001110000011000001010011000101100111000010110010111001010101011011000011010011110111001110110000011011100101110100111000010000110011100000110000010100110001011001110000101100101110010101010110110000110100100111110011101100000110111001011101001110000100001100111000001100000101001100010110011100001011001011100101010101101100001101001,True,True,True,True,True,True,True,True,True,True,241,260,116,40,37,29,32,256,257
348,11111011100011111101000100101011110001100110100001010100001100010000010010000000101000101010000000010111010100100101111110011101001110111000111111010001001010111100011001101000010101000011000100000100100000001010001010100000000101110101001001011111100111010111101110001111110100010010101111000110011010000101010000110001000001001000000010100010101000000001011101010010010111111001110110101011100011111101000100101011110001100110100001010100001100010000010010000000101000101010000000010111010100100101111110011101,True,True,True,True,True,True,True,True,True,True,227,257,152,52,43,44,40,257,257
349,01010011011110000111000111110001001111101000010101011010000011000001110011110001000011101000101000010110100100001011011011000011100100110111100001110001111100010011111010000101010110100000110000011100111100010000111010001010000101101001000010110110110000111101001101111000011100011111000100111110100001010101101000001100000111001111000100001110100010100001011010010000101101101100001100000011011110000111000111110001001111101000010101011010000011000001110011110001000011101000101000010110100100001011011011000011,False,True,True,True,True,True,True,False,True,True,235,240,115,43,25,29,49,257,258
350,11111111011100010001010000110100101001101110101110100111000100100010111110100000111100101001111110110111011110010001010001110111001111110111000100010100001101001010011011101011101001110001001000101111101000001111001010011111101101110111100100010100011101110111111101110001000101000011010010100110111010111010011100010010001011111010000011110010100111111011011101111001000101000111011110101111011100010001010000110100101001101110101110100111000100100010111110100000111100101001111110110111011110010001010001110111,True,True,True,True,True,True,True,True,True,True,279,257,136,12,25,36,32,256,256
351,00100101110010101000001101011110001101110100111101010100111110100001010101101011100011101001000100010100000110111101111111100111111001011100101010000011010111100011011101001111010101001111101000010101011010111000111010010001000101000001101111011111111001111010010111001010100000110101111000110111010011110101010011111010000101010110101110001110100100010001010000011011110111111110011101110101110010101000001101011110001101110100111101010100111110100001010101101011100011101001000100010100000110111101111111100111,True,True,True,True,True,True,True,True,True,True,277,270,161,20,44,24,28,254,256
352,10000010011011100010110010001000011101011000110000101101111101110100101011101010010000111001100011100111110111101111110101101000010000100110111000101100100010000111010110001100001011011111011101001010111010100100001110011000111001111101111011111101011010000000001001101110001011001000100001110101100011000010110111110111010010101110101001000011100110001110011111011110111111010110100011010010011011100010110010001000011101011000110000101101111101110100101011101010010000111001100011100111110111101111110101101000,True,True,True,True,True,True,True,True,True,True,269,256,128,22,28,29,33,256,255
353,01101001111001111110111000011001011000001011001001001010110100010110001001001010110001001010000110110110011000001101010000000011101010011110011111101110000110010110000010110010010010101101000101100010010010101100010010100001101101100110000011010100000000111110100111100111111011100001100101100000101100100100101011010001011000100100101011000100101000011011011001100000110101000000001100111001111001111110111000011001011000001011001001001010110100010110001001001010110001001010000110110110011000001101010000000011,True,True,True,True,True,True,True,True,True,True,229,268,133,44,37,44,32,256,260
354,10000100101010010100100001101010000011101101001110100000101101010010010010110011101100010111101100011010111110001000010110011101010001001010100101001000011010100000111011010011101000001011010100100100101100111011000101111011000110101111100010000101100111010000010010101001010010000110101000001110110100111010000010110101001001001011001110110001011110110001101011111000100001011001110111010100101010010100100001101010000011101101001110100000101101010010010010110011101100010111101100011010111110001000010110011101,True,True,True,True,True,True,True,True,True,True,241,293,169,27,42,43,31,256,257
355,10010111110011000011111000010001110011100001101000001101010111010101010111111001100001000001000011100001001011001010000110110101010101111100110000111110000100011100111000011010000011010101110101010101111110011000010000010000111000010010110010100001101101010001011111001100001111100001000111001110000110100000110101011101010101011111100110000100000100001110000100101100101000011011010111000111110011000011111000010001110011100001101000001101010111010101010111111001100001000001000011100001001011001010000110110101,True,True,True,True,True,True,True,True,True,True,239,249,129,44,41,26,42,256,256
356,00000011101000001011100111100000100010101010011000000000001100000000011001101011111100010000110011010110111010100110000101101000110000111010000010111001111000001000101010100110000000000011000000000110011010111111000100001100110101101110101001100001011010001000001110100000101110011110000010001010101001100000000000110000000001100110101111110001000011001101011011101010011000010110100001010011101000001011100111100000100010101010011000000000001100000000011001101011111100010000110011010110111010100110000101101000,False,False,True,True,False,True,True,True,True,True,209,233,116,87,33,22,38,256,255
357,10111100101110101100010101100001011010000100001000001101010011000010000010110101000110010011000111011111011001100001000100100101011111001011101011000101011000010110100001000010000011010100110000100000101101010001100100110001110111110110011000010001001001010011110010111010110001010110000101101000010000100000110101001100001000001011010100011001001100011101111101100110000100010010010111101100101110101100010101100001011010000100001000001101010011000010000010110101000110010011000111011111011001100001000100100101,True,True,True,True,True,True,True,True,True,True,223,273,143,36,37,48,44,257,257
358,11111100101010100010100001111110010000001000101110100110000111001010100100000001011111100101110000100001100000110111101111101001001111001010101000101000011111100100000010001011101001100001110010101001000000010111111001011100001000011000001101111011111010010111110010101010001010000111111001000000100010111010011000011100101010010000000101111110010111000010000110000011011110111110100110101100101010100010100001111110010000001000101110100110000111001010100100000001011111100101110000100001100000110111101111101001,True,True,True,True,True,True,True,True,True,True,239,241,131,52,38,42,36,257,257
359,11111101100000101101000000001111101100010011111101110010000011100001111100000011101101010001001101000000110110010001111011101011001111011000001011010000000011111011000100111111011100100000111000011111000000111011010100010011010000001101100100011110111010110111110110000010110100000000111110110001001111110111001000001110000111110000001110110101000100110100000011011001000111101110101110101101100000101101000000001111101100010011111101110010000011100001111100000011101101010001001101000000110110010001111011101011,False,True,False,True,False,True,True,True,True,True,251,217,96,64,13,20,36,258,256
360,11010101011001000100000001000101111010110001011001010100000011100001001111111110111000100101010000000001101001011011001111110000000101010110010001000000010001011110101100010110010101000000111000010011111111101110001001010100000000011010010110110011111100000101010101100100010000000100010111101011000101100101010000001110000100111111111011100010010101000000000110100101101100111111000010000101011001000100000001000101111010110001011001010100000011100001001111111110111000100101010000000001101001011011001111110000,False,True,True,True,False,True,True,True,True,True,227,244,138,65,44,44,36,256,254
361,10101101010011101111111001010111000010011110000101101111110100011100110011010101100110001001010000001010011100011000111011111011011011010100111011111110010101110000100111100001011011111101000111001100110101011001100010010100000010100111000110001110111110110010110101001110111111100101011100001001111000010110111111010001110011001101010110011000100101000000101001110001100011101111101111111101010011101111111001010111000010011110000101101111110100011100110011010101100110001001010000001010011100011000111011111011,True,True,True,True,True,True,True,True,True,True,277,253,124,20,34,25,28,257,256
362,00001110111100101010101110011011110110100100111010010100111010010011100011001111010010101101010011000011111010110110110111111011110011101111001010101011100110111101101001001110100101001110100100111000110011110100101011010100110000111110101101101101111110111000111011110010101010111001101111011010010011101001010011101001001110001100111101001010110101001100001111101011011011011111101101011110111100101010101110011011110110100100111010010100111010010011100011001111010010101101010011000011111010110110110111111011,False,False,True,True,True,True,True,True,True,True,297,290,159,5,37,20,10,255,256
363,11101100000110111100101110101111001010000010100111011111000111010100101000001110101010111000011100010100101011000011011100111110001011000001101111001011101011110010100000101001110111110001110101001010000011101010101110000111000101001010110000110111001111100110110000011011110010111010111100101000001010011101111100011101010010100000111010101011100001110001010010101100001101110011111010111100000110111100101110101111001010000010100111011111000111010100101000001110101010111000011100010100101011000011011100111110,True,True,True,True,True,True,True,True,True,True,265,264,148,32,50,25,29,256,256
364,10011101010101001111011001100101110010101000010100010011110101000011000010100101110101000000011010000101011001011000001001110101010111010101010011110110011001011100101010000101000100111101010000110000101001011101010000000110100001010110010110000010011101010001110101010100111101100110010111001010100001010001001111010100001100001010010111010100000001101000010101100101100000100111010111001101010101001111011001100101110010101000010100010011110101000011000010100101110101000000011010000101011001011000001001110101,False,True,False,False,True,False,True,True,True,True,231,299,187,40,62,36,29,256,256
365,01111010111011000110001111000011100010100010111111101111110001111111100110011110110000001011101100111100110000110101100000000011101110101110110001100011110000111000101000101111111011111100011111111001100111101100000010111011001111001100001101011000000000111111101011101100011000111100001110001010001011111110111111000111111110011001111011000000101110110011110011000011010110000000001100101010111011000110001111000011100010100010111111101111110001111111100110011110110000001011101100111100110000110101100000000011,False,True,False,False,True,True,True,True,True,True,279,200,73,44,22,13,36,256,260
366,00101010000111000111000101011001001000010001001010011110101011110111001100110010100001101100110101000001101101111101110011111001111010100001110001110001010110010010000100010010100111101010111101110011001100101000011011001101010000011011011111011100111110011010101000011100011100010101100100100001000100101001111010101111011100110011001010000110110011010100000110110111110111001111100101111010000111000111000101011001001000010001001010011110101011110111001100110010100001101100110101000001101101111101110011111001,True,True,True,True,True,True,True,True,True,True,261,268,132,20,34,30,28,256,257
367,11001000011100011001101111011110010101001110101011010110100111101110111000011010110100001010011011111100111000001011110111010101000010000111000110011011110111100101010011101010110101101001111011101110000110101101000010100110111111001110000010111101110101010100100001110001100110111101111001010100111010101101011010011110111011100001101011010000101001101111110011100000101111011101010110011000011100011001101111011110010101001110101011010110100111101110111000011010110100001010011011111100111000001011110111010101,True,True,True,True,True,True,True,True,True,True,285,275,152,21,41,15,21,256,257
368,01010110110110001101111010110111101100100111010000101001011011001011111000011001100010011010100100110111011010001110011101100100100101101101100011011110101101111011001001110100001010010110110010111110000110011000100110101001001101110110100011100111011001001101011011011000110111101011011110110010011101000010100101101100101111100001100110001001101010010011011101101000111001110110010000000110110110001101111010110111101100100111010000101001011011001011111000011001100010011010100100110111011010001110011101100100,True,True,True,True,True,True,True,True,True,True,271,285,135,12,24,30,21,256,256
369,10000110110111111001001000111000010011101001110100010101110011100001110001001100111111001001101011001000000110110100000000111110010001101101111110010010001110000100111010011101000101011100111000011100010011001111110010011010110010000001101101000000001111100000011011011111100100100011100001001110100111010001010111001110000111000100110011111100100110101100100000011011010000000011111011010110110111111001001000111000010011101001110100010101110011100001110001001100111111001001101011001000000110110100000000111110,True,True,True,True,True,True,True,True,True,True,249,232,95,44,13,29,31,254,257
370,01010100100100101000010110111001000100010001111011001101111101001110100100000010100111101011000101011111001000010100110110000001100101001001001010000101101110010001000100011110110011011111010011101001000000101001111010110001010111110010000101001101100000011101010010010010100001011011100100010001000111101100110111110100111010010000001010011110101100010101111100100001010011011000000100000100100100101000010110111001000100010001111011001101111101001110100100000010100111101011000101011111001000010100110110000001,False,True,True,True,True,True,False,True,True,True,235,272,148,34,32,51,33,256,259
371,11111011010000001110011010000110001100001010000010001001111001111011000101011001110011101011000001110010000000110010110011101000001110110100000011100110100001100011000010100000100010011110011110110001010110011100111010110000011100100000001100101100111010000111101101000000111001101000011000110000101000001000100111100111101100010101100111001110101100000111001000000011001011001110100010101011010000001110011010000110001100001010000010001001111001111011000101011001110011101011000001110010000000110010110011101000,True,True,True,True,True,True,True,True,True,True,227,236,97,55,23,25,39,256,255
372,00011001000001110011111111101011001011011010001011011100011101111100101110111001000111011100000000101110001110000110001010101011110110010000011100111111111010110010110110100010110111000111011111001011101110010001110111000000001011100011100001100010101010111001100100000111001111111110101100101101101000101101110001110111110010111011100100011101110000000010111000111000011000101010101101001001000001110011111111101011001011011010001011011100011101111100101110111001000111011100000000101110001110000110001010101011,True,True,True,True,True,True,True,True,True,True,271,242,116,32,36,29,33,256,256
373,01001010100111011111111111101001111101010000001100101110011011110001111100101001100001111011000000010011011110001101100101111111100010101001110111111111111010011111010100000011001011100110111100011111001010011000011110110000000100110111100011011001011111111100101010011101111111111110100111110101000000110010111001101111000111110010100110000111101100000001001101111000110110010111111100011010100111011111111111101001111101010000001100101110011011110001111100101001100001111011000000010011011110001101100101111111,False,True,False,True,True,True,True,True,True,True,293,218,97,32,23,19,22,257,256
374,10011110000101111000100011110000001000101101100011101011101000001110011100010100000001010100111111101010101110101110111000111110010111100001011110001000111100000010001011011000111010111010000011100111000101000000010101001111111010101011101011101110001111100001111000010111100010001111000000100010110110001110101110100000111001110001010000000101010011111110101010111010111011100011111011001110000101111000100011110000001000101101100011101011101000001110011100010100000001010100111111101010101110101110111000111110,True,True,True,True,True,True,True,True,True,True,259,238,129,41,41,25,41,256,256
375,00001011100001101010011101100100011010001101010110011001111101010100110110011001111010000101011000001011000000011101000001001101110010111000011010100111011001000110100011010101100110011111010101001101100110011110100001010110000010110000000111010000010011011000101110000110101001110110010001101000110101011001100111110101010011011001100111101000010101100000101100000001110100000100110101011011100001101010011101100100011010001101010110011001111101010100110110011001111010000101011000001011000000011101000001001101,True,True,True,True,True,True,True,True,True,True,241,274,140,41,37,19,30,256,257
376,10000000100010011110101011010100100001101001001000101011011010101101101001100101100111101011110000111011011001010010001110100000010000001000100111101010110101001000011010010010001010110110101011011010011001011001111010111100001110110110010100100011101000000000000010001001111010101101010010000110100100100010101101101010110110100110010110011110101111000011101101100101001000111010000011010000100010011110101011010100100001101001001000101011011010101101101001100101100111101011110000111011011001010010001110100000,True,True,True,True,True,True,True,True,True,True,241,296,172,33,40,37,26,256,254
377,10101001100000100001101101001101110011111100011111011101101000011100011100100100111011111001010001111001011011100011110000001100011010011000001000011011010011011100111111000111110111011010000111000111001001001110111110010100011110010110111000111100000011000010100110000010000110110100110111001111110001111101110110100001110001110010010011101111100101000111100101101110001111000000110011111001100000100001101101001101110011111100011111011101101000011100011100100100111011111001010001111001011011100011110000001100,False,True,True,False,True,True,True,True,True,True,269,224,82,29,10,21,34,256,258
378,00000000111011010100011010100110110010001110001010001000000110110001101010111000000001011110110101001111101001110101100001110001110000001110110101000110101001101100100011100010100010000001101100011010101110000000010111101101010011111010011101011000011100011000000011101101010001101010011011001000111000101000100000011011000110101011100000000101111011010100111110100111010110000111000101010000111011010100011010100110110010001110001010001000000110110001101010111000000001011110110101001111101001110101100001110001,True,True,True,True,True,True,True,True,True,True,237,260,138,49,34,17,40,259,257
379,00100000011001001100111100111110101101000001000001011000000100110001010001111001110011000111101010110001100100000010000010110111111000000110010011001111001111101011010000010000010110000001001100010100011110011100110001111010101100011001000000100000101101111010000001100100110011110011111010110100000100000101100000010011000101000111100111001100011110101011000110010000001000001011011101110000011001001100111100111110101101000001000001011000000100110001010001111001110011000111101010110001100100000010000010110111,True,True,True,True,True,True,True,True,True,True,225,230,96,59,24,33,40,256,256
380,10000100000010101110111011100000110101111001011100100111101101111011101100100110100010100111100001011101011111011010110010101011010001000000101011101110111000001101011110010111001001111011011110111011001001101000101001111000010111010111110110101100101010110000010000001010111011101110000011010111100101110010011110110111101110110010011010001010011110000101110101111101101011001010101111010100000010101110111011100000110101111001011100100111101101111011101100100110100010100111100001011101011111011010110010101011,True,True,True,True,True,True,True,True,True,True,281,277,158,27,45,31,19,255,256
381,00010010100111001100010010010111101101100110100110110110001001110111011010010010000110000010000010010111000001101000001000011011110100101001110011000100100101111011011001101001101101100010011101110110100100100001100000100000100101110000011010000010000110111001001010011100110001001001011110110110011010011011011000100111011101101001001000011000001000001001011100000110100000100001101101000010100111001100010010010111101101100110100110110110001001110111011010010010000110000010000010010111000001101000001000011011,True,True,True,True,True,True,True,True,True,True,227,264,118,41,12,46,34,256,256
382,10001100001101011000101110100111110000111010011000001010110011110011110010000100011010001110001100110011100011000110100110000011010011000011010110001011101001111100001110100110000010101100111100111100100001000110100011100011001100111000110001101001100000110000110000110101100010111010011111000011101001100000101011001111001111001000010001101000111000110011001110001100011010011000001111011100001101011000101110100111110000111010011000001010110011110011110010000100011010001110001100110011100011000110100110000011,False,True,True,False,True,True,True,False,True,True,241,235,80,29,16,16,46,257,258
383,10010110010000100011110000111111101111000001111000001000100111110011111001010111011011100110111000110000000111100000000010010100010101100100001000111100001111111011110000011110000010001001111100111110010101110110111001101110001100000001111000000000100101000001011001000010001111000011111110111100000111100000100010011111001111100101011101101110011011100011000000011110000000001001010011000110010000100011110000111111101111000001111000001000100111110011111001010111011011100110111000110000000111100000000010010100,False,True,False,False,False,True,True,True,True,True,243,196,73,66,16,31,39,257,256
384,01001000111100110100111000110101111011001110100010110001011110100001100011000111111010101101000010101100101111001010101000001101100010001111001101001110001101011110110011101000101100010111101000011000110001111110101011010000101011001011110010101010000011011100100011110011010011100011010111101100111010001011000101111010000110001100011111101010110100001010110010111100101010100000110100011000111100110100111000110101111011001110100010110001011110100001100011000111111010101101000010101100101111001010101000001101,True,True,True,True,True,True,True,True,True,True,261,274,147,16,44,23,38,256,257
385,11000101110100001011100101101101111101001010110010111001010001010110101101001111110001101000000100000010100111010101101101100010000001011101000010111001011011011111010010101100101110010100010101101011010011111100011010000001000000101001110101011011011000100100010111010000101110010110110111110100101011001011100101000101011010110100111111000110100000010000001010011101010110110110001010010101110100001011100101101101111101001010110010111001010001010110101101001111110001101000000100000010100111010101101101100010,False,True,True,False,True,False,True,True,True,True,253,296,182,31,54,41,27,257,257
386,10011000010101001111101101010011011010100010011110011101011001000000001011001000111000011101011110001111011011100110010101111110010110000101010011111011010100110110101000100111100111010110010000000010110010001110000111010111100011110110111001100101011111100001100001010100111110110101001101101010001001111001110101100100000000101100100011100001110101111000111101101110011001010111111011001000010101001111101101010011011010100010011110011101011001000000001011001000111000011101011110001111011011100110010101111110,True,True,True,True,True,True,True,True,True,True,267,262,134,29,37,26,25,256,256
387,10110010000101101101111101101111100110111111100001010010011010101110110001010000101010111110101100010011010011001010111100000100011100100001011011011111011011111001101111111000010100100110101011101100010100001010101111101011000100110100110010101111000001000011001000010110110111110110111110011011111110000101001001101010111011000101000010101011111010110001001101001100101011110000010011100010000101101101111101101111100110111111100001010010011010101110110001010000101010111110101100010011010011001010111100000100,True,True,True,True,True,True,True,True,True,True,271,274,154,21,44,36,27,256,258
388,11001100001111101110011000101000111110000100101000100101111011001111000111000010010111100010101001110010100101000010111111110101000011000011111011100110001010001111100001001010001001011110110011110001110000100101111000101010011100101001010000101111111101010100110000111110111001100010100011111000010010100010010111101100111100011100001001011110001010100111001010010100001011111111010110011100001111101110011000101000111110000100101000100101111011001111000111000010010111100010101001110010100101000010111111110101,True,True,True,True,True,True,True,True,True,True,261,251,129,17,41,44,37,258,256
389,00010111110011011110001001001001101011101100101101011111000100010010111000111000101111101010101011110111010001110011101001010011110101111100110111100010010010011010111011001011010111110001000100101110001110001011111010101010111101110100011100111010010100111001011111001101111000100100100110101110110010110101111100010001001011100011100010111110101010101111011101000111001110100101001101000111110011011110001001001001101011101100101101011111000100010010111000111000101111101010101011110111010001110011101001010011,True,True,True,True,True,True,True,True,True,True,283,280,153,0,43,38,26,256,257
390,11101011000110001101011110010010100100000010000010010110100100110100000000010111011101100100100111111000110101110001010000101100001010110001100011010111100100101001000000100000100101101001001101000000000101110111011001001001111110001101011100010100001011000110101100011000110101111001001010010000001000001001011010010011010000000001011101110110010010011111100011010111000101000010110010111011000110001101011110010010100100000010000010010110100100110100000000010111011101100100100111111000110101110001010000101100,False,True,True,True,True,True,False,True,True,True,225,264,137,49,33,50,34,256,255
391,10010111110000010010110101100011101010011110011011111011100011101010000111010011010000100111100101111000010010001010000100010000010101111100000100101101011000111010100111100110111110111000111010100001110100110100001001111001011110000100100010100001000100000001011111000001001011010110001110101001111001101111101110001110101000011101001101000010011110010111100001001000101000010001000011000111110000010010110101100011101010011110011011111011100011101010000111010011010000100111100101111000010010001010000100010000,True,True,True,True,True,True,True,True,True,True,243,252,129,32,28,39,40,257,254
392,00001101100100100001011000101100000110100001000100010111110100000001001000110011010110110001110101001110001111110011110101111111110011011001001000010110001011000001101000010001000101111101000000010010001100110101101100011101010011100011111100111101011111111000110110010010000101100010110000011010000100010001011111010000000100100011001101011011000111010100111000111111001111010111111101011101100100100001011000101100000110100001000100010111110100000001001000110011010110110001110101001110001111110011110101111111,True,True,True,True,True,True,True,True,True,True,249,242,115,33,25,36,42,258,256
393,00000000001110101000110000010001111101101101011101100011101110101000010001010111000100001111001101111101011011001011010110001101110000000011101010001100000100011111011011010111011000111011101010000100010101110001000011110011011111010110110010110101100011011000000000111010100011000001000111110110110101110110001110111010100001000101011100010000111100110111110101101100101101011000110101010000001110101000110000010001111101101101011101100011101110101000010001010111000100001111001101111101011011001011010110001101,True,True,True,True,True,True,True,True,True,True,257,260,138,37,34,20,40,257,256
394,10011001001111000001110100111001110110010101111001010000010010001100100110110000111010000100000110110100100011110010000011100011010110010011110000011101001110011101100101011110010100000100100011001001101100001110100001000001101101001000111100100000111000110001100100111100000111010011100111011001010111100101000001001000110010011011000011101000010000011011010010001111001000001110001111001001001111000001110100111001110110010101111001010000010010001100100110110000111010000100000110110100100011110010000011100011,True,True,True,True,True,True,True,True,True,True,231,243,97,40,13,37,37,257,257
395,01110111000110010101111101000010101011010001100101101100101100111111111001101110111101111001011101100001001010101001111000011110101101110001100101011111010000101010110100011001011011001011001111111110011011101111011110010111011000010010101010011110000111101111011100011001010111110100001010101101000110010110110010110011111111100110111011110111100101110110000100101010100111100001111000100111000110010101111101000010101011010001100101101100101100111111111001101110111101111001011101100001001010101001111000011110,True,True,True,True,True,True,True,True,True,True,291,267,142,12,45,29,21,256,256
396,00110010100100101010111000100011010000001111100110000100001101000011001011001000010111011000010000011011001001100011110010101111111100101001001010101110001000110100000011111001100001000011010000110010110010000101110110000100000110110010011000111100101011111011001010010010101011100010001101000000111110011000010000110100001100101100100001011101100001000001101100100110001111001010111101100010100100101010111000100011010000001111100110000100001101000011001011001000010111011000010000011011001001100011110010101111,True,True,True,True,True,True,True,True,True,True,227,254,118,40,32,44,41,257,256
397,10001010110111100000000001001110110001111011111010100011110111001100100001111100111101011100100100110111110000001011010010010111010010101101111000000000010011101100011110111110101000111101110011001000011111001111010111001001001101111100000010110100100101110000101011011110000000000100111011000111101111101010001111011100110010000111110011110101110010010011011111000000101101001001011111011010110111100000000001001110110001111011111010100011110111001100100001111100111101011100100100110111110000001011010010010111,True,True,True,True,True,True,True,True,True,True,269,235,111,45,23,31,22,255,256
398,01010110101100010110010010111010101101010111001011010010111001011001101000010010100000110010011111011110010110110101000010010101100101101011000101100100101110101011010101110010110100101110010110011010000100101000001100100111110111100101101101010000100101011101011010110001011001001011101010110101011100101101001011100101100110100001001010000011001001111101111001011011010100001001010100000110101100010110010010111010101101010111001011010010111001011001101000010010100000110010011111011110010110110101000010010101,False,True,False,False,True,False,False,True,True,True,255,320,196,18,64,49,17,256,257
399,01011011110001101000111000100101001110001101010110110100101010111111011101011111000111110011000111000100011101000001110010001100100110111100011010001110001001010011100011010101101101001010101111110111010111110001111100110001110001000111010000011100100011001101101111000110100011100010010100111000110101011011010010101011111101110101111100011111001100011100010001110100000111001000110000001011110001101000111000100101001110001101010110110100101010111111011101011111000111110011000111000100011101000001110010001100,True,True,True,True,True,True,True,True,True,True,267,255,122,11,30,22,41,257,256
400,10111011011101110010100011001010100110100001011001101111010000101100110000010011100110101000000001101011111100111000001101011000011110110111011100101000110010101001101000010110011011110100001011001100000100111001101010000000011010111111001110000011010110000011101101110111001010001100101010011010000101100110111101000010110011000001001110011010100000000110101111110011100000110101100011101011011101110010100011001010100110100001011001101111010000101100110000010011100110101000000001101011111100111000001101011000,True,True,True,True,True,True,True,True,True,True,247,260,128,47,33,20,27,257,255
401,10101110001101001111101110101100110000100000000011000110011101100011001001111100101011111010110000011110101010001111000011110101011011100011010011111011101011001100001000000000110001100111011000110010011111001010111110101100000111101010100011110000111101010010111000110100111110111010110011000010000000001100011001110110001100100111110010101111101011000001111010101000111100001111010111111110001101001111101110101100110000100000000011000110011101100011001001111100101011111010110000011110101010001111000011110101,True,True,True,True,True,True,True,True,True,True,265,237,111,40,31,13,32,256,257
402,01011010101010100001000111001010011101101100001011100001011101000110010010100000101110111001110101110001010110000000110011001100100110101010101000010001110010100111011011000010111000010111010001100100101000001011101110011101011100010101100000001100110011001101101010101010000100011100101001110110110000101110000101110100011001001010000010111011100111010111000101011000000011001100110000001010101010100001000111001010011101101100001011100001011101000110010010100000101110111001110101110001010110000000110011001100,True,True,True,True,True,True,True,True,True,True,235,279,150,39,50,34,33,256,255
403,01000011000010011011111100111111110100110111111101011100100001011100111101111101011100110001111111101001000011011010101010100101100000110000100110111111001111111101001101111111010111001000010111001111011111010111001100011111111010010000110110101010101001011100001100001001101111110011111111010011011111110101110010000101110011110111110101110011000111111110100100001101101010101010010100010011000010011011111100111111110100110111111101011100100001011100111101111101011100110001111111101001000011011010101010100101,False,False,True,True,True,True,True,True,True,True,301,244,129,16,32,21,20,258,256
404,11000110101011110010010010111000000000011100000110000101101011010000101000101010001001101111011111101010100100000110110010110000000001101010111100100100101110000000000111000001100001011010110100001010001010100010011011110111111010101001000001101100101100000100011010101111001001001011100000000001110000011000010110101101000010100010101000100110111101111110101010010000011011001011000010010110101011110010010010111000000000011100000110000101101011010000101000101010001001101111011111101010100100000110110010110000,True,True,True,True,True,True,True,True,True,True,225,264,152,62,45,39,33,257,254
405,00011011000010000011110111000011101110010010101110110110011000001000010011000011100000000111111011101010100101011101101001001110110110110000100000111101110000111011100100101011101101100110000010000100110000111000000001111110111010101001010111011010010011101001101100001000001111011100001110111001001010111011011001100000100001001100001110000000011111101110101010010101110110100100111001001011000010000011110111000011101110010010101110110110011000001000010011000011100000000111111011101010100101011101101001001110,True,True,True,True,True,True,True,True,True,True,247,247,119,52,25,30,29,257,256
406,10010011001011010111011010111110101000010000001110101001101100010001110111000000101110101000100100001001000000010111111011100111010100110010110101110110101111101010000100000011101010011011000100011101110000001011101010001001000010010000000101111110111001110001001100101101011101101011111010100001000000111010100110110001000111011100000010111010100010010000100100000001011111101110011111000011001011010111011010111110101000010000001110101001101100010001110111000000101110101000100100001001000000010111111011100111,True,True,True,True,True,True,True,True,True,True,243,257,143,49,33,38,34,257,256
407,11100010101111110110010101000111000011000000111110100010100001011011110010001000010100111110100010100011101100001110110111011111001000101011111101100101010001110000110000001111101000101000010110111100100010000101001111101000101000111011000011101101110111110110001010111111011001010100011100001100000011111010001010000101101111001000100001010011111010001010001110110000111011011101111110110010101111110110010101000111000011000000111110100010100001011011110010001000010100111110100010100011101100001110110111011111,True,True,True,True,True,True,True,True,True,True,261,247,131,28,32,33,43,256,256
408,11010010101001010101110111101110010101111110111111101100110000100011101000011111110100111110000000110000001111010000111110000011000100101010010101011101111011100101011111101111111011001100001000111010000111111101001111100000001100000011110100001111100000110101001010100101010111011110111001010111111011111110110011000010001110100001111111010011111000000011000000111101000011111000001110000010101001010101110111101110010101111110111111101100110000100011101000011111110100111110000000110000001111010000111110000011,False,True,False,True,True,True,True,True,True,True,275,217,111,50,29,17,30,256,258
409,01100010111011101101001100101111111011100101010000111000010011000101001000101010111110000100001101110101110111111010101101101011101000101110111011010011001011111110111001010100001110000100110001010010001010101111100001000011011101011101111110101011011010111110001011101110110100110010111111101110010101000011100001001100010100100010101011111000010000110111010111011111101010110110101100110010111011101101001100101111111011100101010000111000010011000101001000101010111110000100001101110101110111111010101101101011,True,True,True,True,True,True,True,True,True,True,281,278,163,16,48,32,27,256,256
410,11011111111100101100101101001111011000111010010001100111011110001010100100101101010000100110001011001111100011111000011010101111000111111111001011001011010011110110001110100100011001110111100010101001001011010100001001100010110011111000111110000110101011110101111111110010110010110100111101100011101001000110011101111000101010010010110101000010011000101100111110001111100001101010111110001111111100101100101101001111011000111010010001100111011110001010100100101101010000100110001011001111100011111000011010101111,True,True,True,True,True,True,True,True,True,True,279,259,128,8,37,32,30,257,256
411,01100011000101110000000010010000100111000011110101011110001110111101110001110010110001001001110100011101101100110101110101101101101000110001011100000000100100001001110000111101010111100011101111011100011100101100010010011101000111011011001101011101011011011110001100010111000000001001000010011100001111010101111000111011110111000111001011000100100111010001110110110011010111010110110100110011000101110000000010010000100111000011110101011110001110111101110001110010110001001001110100011101101100110101110101101101,True,True,True,True,True,True,True,True,True,True,261,254,117,28,24,28,35,256,257
412,00011001001110110101101101111010110110010011001110011101011011111000001100110000000110111010110010011111001010100100101110010110110110010011101101011011011110101101100100110011100111010110111110000011001100000001101110101100100111110010101001001011100101101001100100111011010110110111101011011001001100111001110101101111100000110011000000011011101011001001111100101010010010111001011001001001001110110101101101111010110110010011001110011101011011111000001100110000000110111010110010011111001010100100101110010110,True,True,True,True,True,True,True,True,True,True,275,279,131,24,32,30,9,258,256
413,01010001100101010000100100011110000000000101111011001111010000010101000010110001111110000001100000101010000001000111011101100100100100011001010100001001000111100000000001011110110011110100000101010000101100011111100000011000001010100000010001110111011001001101000110010101000010010001111000000000010111101100111101000001010100001011000111111000000110000010101000000100011101110110010000000001100101010000100100011110000000000101111011001111010000010101000010110001111110000001100000101010000001000111011101100100,False,False,True,True,False,True,True,True,True,True,207,229,120,82,33,38,44,256,256
414,00110010110101111110000111101000111010111010001100101001100010001001010001001101101000000100101000000101001010111101110011000011111100101101011111100001111010001110101110100011001010011000100010010100010011011010000001001010000001010010101111011100110000111011001011010111111000011110100011101011101000110010100110001000100101000100110110100000010010100000010100101011110111001100001101100010110101111110000111101000111010111010001100101001100010001001010001001101101000000100101000000101001010111101110011000011,True,True,True,True,True,True,True,True,True,True,239,270,146,32,36,40,37,256,257
415,10100101111101011110010101111110011010010110110111000111111101111100011000101010110001101001101000001001110001101101011111001000011001011111010111100101011111100110100101101101110001111111011111000110001010101100011010011010000010011100011011010111110010000010010111110101111001010111111001101001011011011100011111110111110001100010101011000110100110100000100111000110110101111100100011110101111101011110010101111110011010010110110111000111111101111100011000101010110001101001101000001001110001101101011111001000,True,True,True,True,True,True,True,True,True,True,289,258,133,11,36,24,27,255,256
416,11011010110001101001010111001001010010011111001011000101111100100111000110111010001011011101111111011110101111011110010110100101000110101100011010010101110010010100100111110010110001011111001001110001101110100010110111011111110111101011110111100101101001010101101011000110100101011100100101001001111100101100010111110010011100011011101000101101110111111101111010111101111001011010010110001010110001101001010111001001010010011111001011000101111100100111000110111010001011011101111111011110101111011110010110100101,False,False,True,True,True,True,True,True,True,True,295,283,156,0,43,41,18,255,256
417,00011100111001111000001100101000101000110000101011111101000001001101001010101001011000111101100110000010100001100111000010001101110111001110011110000011001010001010001100001010111111010000010011010010101010010110001111011001100000101000011001110000100011011001110011100111100000110010100010100011000010101111110100000100110100101010100101100011110110011000001010000110011100001000110101001100111001111000001100101000101000110000101011111101000001001101001010101001011000111101100110000010100001100111000010001101,True,True,True,True,True,True,True,True,True,True,231,258,125,36,37,32,41,256,257
418,01101011000001010000110000001110011001010010101011001111110111110010100010010001110110100110000111011100100100011001001111110100101010110000010100001100000011100110010100101010110011111101111100101000100100011101101001100001110111001001000110010011111101001110101100000101000011000000111001100101001010101100111111011111001010001001000111011010011000011101110010010001100100111111010000111011000001010000110000001110011001010010101011001111110111110010100010010001110110100110000111011100100100011001001111110100,True,True,True,True,True,True,True,True,True,True,249,257,122,29,29,37,29,256,256
419,10101000000000101010011001010001110110101001001001001001000111111001100010111000011111001001101100001001010110010010001000110001011010000000001010100110010100011101101010010010010010010001111110011000101110000111110010011011000010010101100100100010001100010010100000000010101001100101000111011010100100100100100100011111100110001011100001111100100110110000100101011001001000100011000111111000000000101010011001010001110110101001001001001001000111111001100010111000011111001001101100001001010110010010001000110001,False,True,True,True,True,True,False,True,True,True,221,269,134,32,31,59,36,256,258
420,10010110101001110001100010111000100111001001111001000101011101001010011010111110101111101001101101011111111010000101000011011110010101101010011100011000101110001001110010011110010001010111010010100110101111101011111010011011010111111110100001010000110111100001011010100111000110001011100010011100100111100100010101110100101001101011111010111110100110110101111111101000010100001101111011000110101001110001100010111000100111001001111001000101011101001010011010111110101111101001101101011111111010000101000011011110,True,True,True,True,True,True,True,True,True,True,279,276,155,9,40,31,26,255,256
421,11011000110000011011100100000010111111010001100111110100000000011100010101000100101111011110000100001010011101100101011010101111000110001100000110111001000000101111110100011001111101000000000111000101010001001011110111100001000010100111011001010110101011110101100011000001101110010000001011111101000110011111010000000001110001010100010010111101111000010000101001110110010101101010111110001000110000011011100100000010111111010001100111110100000000011100010101000100101111011110000100001010011101100101011010101111,True,True,True,True,True,True,True,True,True,True,243,243,129,52,37,33,38,252,256
422,10010010111100011111010001100100011111000001000010001000111010001001111011101100111100111000111010110000101101110001001000000001010100101111000111110100011001000111110000010000100010001110100010011110111011001111001110001110101100001011011100010010000000010001001011110001111101000110010001111100000100001000100011101000100111101110110011110011100011101011000010110111000100100000000111000010111100011111010001100100011111000001000010001000111010001001111011101100111100111000111010110000101101110001001000000001,False,True,True,True,True,True,True,False,True,True,239,225,94,37,14,40,50,257,260
423,10000010000010100111111011011111101000000101000110110111101000100000101110011110101110110111001100110011000110100011000001000000010000100000101001111110110111111010000001010001101101111010001000001011100111101011101101110011001100110001101000110000010000000000001000001010011111101101111110100000010100011011011110100010000010111001111010111011011100110011001100011010001100000100000011010010000010100111111011011111101000000101000110110111101000100000101110011110101110110111001100110011000110100011000001000000,True,True,True,True,True,True,True,True,True,True,241,232,108,58,16,25,37,255,255
424,10001011100101011001000001001010101011101111000111011100100011110000000110110111101110100101100110101000111010110111010001101000010010111001010110010000010010101010111011110001110111001000111100000001101101111011101001011001101010001110101101110100011010000000101110010101100100000100101010101110111100011101110010001111000000011011011110111010010110011010100011101011011101000110100011011011100101011001000001001010101011101111000111011100100011110000000110110111101110100101100110101000111010110111010001101000,True,True,True,True,True,True,True,True,True,True,261,278,154,29,39,28,28,256,255
425,11100100100100110010101100011010100111100110011100010000011001011010010111110010100110001100011101001101001110010010000000101100001001001001001100101011000110101001111001100111000100000110010110100101111100101001100011000111010011010011100100100000001011000110010010010011001010110001101010011110011001110001000001100101101001011111001010011000110001110100110100111001001000000010110010110100100100110010101100011010100111100110011100010000011001011010010111110010100110001100011101001101001110010010000000101100,True,True,True,True,True,True,True,True,True,True,233,274,120,25,29,45,26,256,257
426,10001100101011110101000001111111010110111111010100100000011001011000110001100100111000001010011010001010000001001011010001010110010011001010111101010000011111110101101111110101001000000110010110001100011001001110000010100110100010100000010010110100010101100000110010101111010100000111111101011011111101010010000001100101100011000110010011100000101001101000101000000100101101000101011011011100101011110101000001111111010110111111010100100000011001011000110001100100111000001010011010001010000001001011010001010110,True,True,True,True,True,True,True,True,True,True,237,270,153,42,44,37,34,255,256
427,01011111101100000101101000101100000100001011110011100110100001000010011010010110110100011000011111101110100010100010100000000011100111111011000001011010001011000001000010111100111001101000010000100110100101101101000110000111111011101000101000101000000000111101111110110000010110100010110000010000101111001110011010000100001001101001011011010001100001111110111010001010001010000000001100001111101100000101101000101100000100001011110011100110100001000010011010010110110100011000011111101110100010100010100000000011,True,True,True,True,True,True,True,True,True,True,227,242,124,57,25,36,45,257,260
428,10110110111110111100111110010111110100011110100110011001010100101000100001100010111000010101011111110001100000100011101110111011011101101111101111001111100101111101000111101001100110010101001010001000011000101110000101010111111100011000001000111011101110110011011011111011110011111001011111010001111010011001100101010010100010000110001011100001010101111111000110000010001110111011101111100110111110111100111110010111110100011110100110011001010100101000100001100010111000010101011111110001100000100011101110111011,True,True,True,True,True,True,True,True,True,True,283,247,122,16,32,28,32,257,256
429,00011111011010011100010011100001110001010111010111000010101110000101001010111001000011000000111000101000100100001111011100010101110111110110100111000100111000011100010101110101110000101011100001010010101110010000110000001110001010001001000011110111000101011001111101101001110001001110000111000101011101011100001010111000010100101011100100001100000011100010100010010000111101110001010101001111011010011100010011100001110001010111010111000010101110000101001010111001000011000000111000101000100100001111011100010101,True,True,True,True,True,True,True,True,True,True,239,258,137,32,45,40,45,257,256
430,00000111000011100000101111010110000111010100100110101100110110000110101011101101100000000110110010011001100010000000111101000110110001110000111000001011110101100001110101001001101011001101100001101010111011011000000001101100100110011000100000001111010001101000011100001110000010111101011000011101010010011010110011011000011010101110110110000000011011001001100110001000000011110100011001010111000011100000101111010110000111010100100110101100110110000110101011101101100000000110110010011001100010000000111101000110,True,True,True,True,True,True,True,True,True,True,233,249,112,59,26,17,35,256,257
431,00111110100101100101011010000001111000100000101000001000011010000001000000111001010001110101101110010111111000010000011100010011111111101001011001010110100000011110001000001010000010000110100000010000001110010100011101011011100101111110000100000111000100111011111010010110010101101000000111100010000010100000100001101000000100000011100101000111010110111001011111100001000001110001001101101110100101100101011010000001111000100000101000001000011010000001000000111001010001110101101110010111111000010000011100010011,False,True,True,True,False,True,True,True,True,True,219,232,119,68,28,40,44,256,256
432,11111010010001001100001011101010010000010111001101000000011001101010101010010011101001010110011100000111100000100101101010101110001110100100010011000010111010100100000101110011010000000110011010101010100100111010010101100111000001111000001001011010101011100111101001000100110000101110101001000001011100110100000001100110101010101001001110100101011001110000011110000010010110101010111010101010010001001100001011101010010000010111001101000000011001101010101010010011101001010110011100000111100000100101101010101110,False,True,True,True,True,False,True,True,True,True,231,292,175,44,55,36,25,257,256
433,00011001000001010010000000111011010000000101111100100001010010111001010110111110111100100011110111110010111100011101011010111010110110010000010100100000001110110100000001011111001000010100101110010101101111101111001000111101111100101111000111010110101110101001100100000101001000000011101101000000010111110010000101001011100101011011111011110010001111011111001011110001110101101011101001001001000001010010000000111011010000000101111100100001010010111001010110111110111100100011110111110010111100011101011010111010,True,True,True,True,True,True,True,True,True,True,259,255,143,44,38,42,25,256,256
434,11001010110110101110000001000111111010101001111000000101001001011000000100011010001001111011001101000101001000110011100001010010000010101101101011100000010001111110101010011110000001010010010110000001000110100010011110110011010001010010001100111000010100100100101011011010111000000100011111101010100111100000010100100101100000010001101000100111101100110100010100100011001110000101001010011010110110101110000001000111111010101001111000000101001001011000000100011010001001111011001101000101001000110011100001010010,True,True,True,True,True,True,True,True,True,True,225,270,147,42,36,44,37,256,256
435,00111100111111001101000101101010111111110011011011001100111100110001011110001011000011011001011000011110111110010100000110111111111111001111110011010001011010101111111100110110110011001111001100010111100010110000110110010110000111101111100101000001101111111011110011111100110100010110101011111111001101101100110011110011000101111000101100001101100101100001111011111001010000011011111101101100111111001101000101101010111111110011011011001100111100110001011110001011000011011001011000011110111110010100000110111111,False,False,True,True,True,True,True,True,True,True,299,232,95,16,28,20,24,257,256
436,00000010001100100010010000101110001010100110111111010010011010010110101001111001000010001110111110110101111001111111011011010001110000100011001000100100001011100010101001101111110100100110100101101010011110010000100011101111101101011110011111110110110100011000001000110010001001000010111000101010011011111101001001101001011010100111100100001000111011111011010111100111111101101101000101010010001100100010010000101110001010100110111111010010011010010110101001111001000010001110111110110101111001111111011011010001,True,True,True,True,True,True,True,True,True,True,265,268,142,14,26,41,31,256,257
437,10110000011111011110010000000100111000011000000100000011001101100111100111101010100010100001010110100001011010110000110011100010011100000111110111100100000001001110000110000001000000110011011001111001111010101000101000010101101000010110101100001100111000100011000001111101111001000000010011100001100000010000001100110110011110011110101010001010000101011010000101101011000011001110001011100000011111011110010000000100111000011000000100000011001101100111100111101010100010100001010110100001011010110000110011100010,False,True,True,True,False,True,True,True,True,True,223,234,108,65,29,28,41,257,257
438,10111101010110110100101101000111011011000100000010000011111011001011111100100101101101011011001111110101110110001101001000011111011111010101101101001011010001110110110001000000100000111110110010111111001001011011010110110011111101011101100011010010000111110011110101011011010010110100011101101100010000001000001111101100101111110010010110110101101100111111010111011000110100100001111111101101010110110100101101000111011011000100000010000011111011001011111100100101101101011011001111110101110110001101001000011111,True,True,True,True,True,True,True,True,True,True,283,265,140,24,28,28,24,256,256
439,01100000111100011111111001100111011000011001110110001010001000100010000010000010111101111001100101110000010000001111111010101110101000001111000111111110011001110110000110011101100010100010001000100000100000101111011110011001011100000100000011111110101011101110000011110001111111100110011101100001100111011000101000100010001000001000001011110111100110010111000001000000111111101010111000110000111100011111111001100111011000011001110110001010001000100010000010000010111101111001100101110000010000001111111010101110,False,True,False,False,True,True,True,True,True,True,249,211,87,47,21,32,45,256,256
440,11100011110000101010110010111110011011101111001000100000111011110010001111000101101110011010001111100010101011110010100011011010001000111100001010101100101111100110111011110010001000001110111100100011110001011011100110100011111000101010111100101000110110100110001111000010101011001011111001101110111100100010000011101111001000111100010110111001101000111110001010101111001010001101101010110011110000101010110010111110011011101111001000100000111011110010001111000101101110011010001111100010101011110010100011011010,True,True,True,True,True,True,True,True,True,True,273,258,129,12,38,33,36,259,256
441,11000100101001000011111010101011100001101001001101010100100000010000001000110110101110001101000010001000110111101001001101000011000001001010010000111110101010111000011010010011010101001000000100000010001101101011100011010000100010001101111010010011010000110100010010100100001111101010101110000110100100110101010010000001000000100011011010111000110100001000100011011110100100110100001110010100101001000011111010101011100001101001001101010100100000010000001000110110101110001101000010001000110111101001001101000011,False,False,True,True,True,True,True,True,True,True,217,277,156,42,29,40,43,256,257
442,10000010011111011111111011011010000100001110111010011011011010110111110000101001001101001100101111001111001011001101110001011111010000100111110111111110110110100001000011101110100110110110101101111100001010010011010011001011110011110010110011011100010111110000001001111101111111101101101000010000111011101001101101101011011111000010100100110100110010111100111100101100110111000101111111010010011111011111111011011010000100001110111010011011011010110111110000101001001101001100101111001111001011001101110001011111,True,True,True,True,True,True,True,True,True,True,293,253,121,18,20,28,19,256,256
443,11001100001100101001100011100100011010101111101100001011101001010110001001111110110011110101001111011010100100001100010011100100000011000011001010011000111001000110101011111011000010111010010101100010011111101100111101010011110110101001000011000100111001000100110000110010100110001110010001101010111110110000101110100101011000100111111011001111010100111101101010010000110001001110010010011100001100101001100011100100011010101111101100001011101001010110001001111110110011110101001111011010100100001100010011100100,True,True,True,True,True,True,True,True,True,True,257,270,130,15,32,34,30,256,256
444,10010111100110100101101101000100101100011110110111110111000000000001111100011001100110101100110110101110110100011000000111110111010101111001101001011011010001001011000111101101111101110000000000011111000110011001101011001101101011101101000110000001111101110001011110011010010110110100010010110001111011011111011100000000000111110001100110011010110011011010111011010001100000011111011111000111100110100101101101000100101100011110110111110111000000000001111100011001100110101100110110101110110100011000000111110111,True,True,True,True,True,True,True,True,True,True,271,241,106,44,20,14,26,255,256
445,11110101111001100101011110110101010111100101010100000100101100100111011110010000001010011001000011000111001001111101100110001110001101011110011001010111101101010101111001010101000001001011001001110111100100000010100110010000110001110010011111011001100011100111010111100110010101111011010101011110010101010000010010110010011101111001000000101001100100001100011100100111110110011000111010100101111001100101011110110101010111100101010100000100101100100111011110010000001010011001000011000111001001111101100110001110,True,True,True,True,True,True,True,True,True,True,259,274,140,24,45,37,21,258,256
446,00110111110111001100011010110010101100001001100110001000011010100011110100110110001101101000100111001010110110010110100101011111111101111101110011000110101100101011000010011001100010000110101000111101001101100011011010001001110010101101100101101001010111111011011111011100110001101011001010110000100110011000100001101010001111010011011000110110100010011100101011011001011010010101111101100111110111001100011010110010101100001001100110001000011010100011110100110110001101101000100111001010110110010110100101011111,True,True,True,True,True,True,True,True,True,True,267,286,141,8,36,28,28,256,256
447,01101010100110011111010010010011101010111001001111010101000110101001001010111010110100010000010000111010101011001100000110111110101010101001100111110100100100111010101110010011110101010001101010010010101110101101000100000100001110101010110011000001101111101110101010011001111101001001001110101011100100111101010100011010100100101011101011010001000001000011101010101100110000011011111000111010100110011111010010010011101010111001001111010101000110101001001010111010110100010000010000111010101011001100000110111110,False,True,False,False,True,False,True,True,True,True,257,305,189,20,53,28,21,256,256
448,01010000011110111010001111001101111001000100000101101000110010011110110001100001101111001001000100111010111111011011010010101111100100000111101110100011110011011110010001000001011010001100100111101100011000011011110010010001001110101111110110110100101011111101000001111011101000111100110111100100010000010110100011001001111011000110000110111100100100010011101011111101101101001010111100000000011110111010001111001101111001000100000101101000110010011110110001100001101111001001000100111010111111011011010010101111,True,True,True,True,True,True,True,True,True,True,267,248,115,24,17,33,32,256,256
449,01010110011011010000001000101111111100110111110100001100000000000000110100011101111011001000101101011010111011100100000001000101100101100110110100000010001011111111001101111101000011000000000000001101000111011110110010001011010110101110111001000000010001011101011001101101000000100010111111110011011111010000110000000000000011010001110111101100100010110101101011101110010000000100010100000110011011010000001000101111111100110111110100001100000000000000110100011101111011001000101101011010111011100100000001000101,False,True,True,True,False,True,True,True,True,True,235,232,120,78,24,29,33,258,256
450,00101101110111111101110100000001101011110011000011100000101101010100001101111100111100110010101001010100011101001101010111011110111011011101111111011101000000011010111100110000111000001011010101000011011111001111001100101010010101000111010011010101110111101010110111011111110111010000000110101111001100001110000010110101010000110111110011110011001010100101010001110100110101011101111001111101110111111101110100000001101011110011000011100000101101010100001101111100111100110010101001010100011101001101010111011110,True,True,True,True,True,True,True,True,True,True,281,265,150,32,43,13,20,256,256
451,10111111000010100001100011110000101100000011110101100101110000111011111010010001011010111101101001011010100111010111101000011100011111110000101000011000111100001011000000111101011001011100001110111110100100010110101111011010010110101001110101111010000111000011111100001010000110001111000010110000001111010110010111000011101111101001000101101011110110100101101010011101011110100001110011101111000010100001100011110000101100000011110101100101110000111011111010010001011010111101101001011010100111010111101000011100,True,True,True,True,True,True,True,True,True,True,267,252,135,33,36,24,34,256,256
452,00010010011101000101110111010000011011010111001001010010001000100000100110110110001001011111110111110101000011001110000111111101110100100111010001011101110100000110110101110010010100100010001000001001101101100010010111111101111101010000110011100001111111011001001001110100010111011101000001101101011100100101001000100010000010011011011000100101111111011111010100001100111000011111110101000010011101000101110111010000011011010111001001010010001000100000100110110110001001011111110111110101000011001110000111111101,True,True,True,True,True,True,True,True,True,True,259,256,132,25,21,42,34,257,257
453,01111010001001101100110101101101101101010100010110011001100001000001000011111011010100011010000010001000001001000100000001000000101110100010011011001101011011011011010101000101100110011000010000010000111110110101000110100000100010000010010001000000010000001111101000100110110011010110110110110101010001011001100110000100000100001111101101010001101000001000100000100100010000000100000000101010001001101100110101101101101101010100010110011001100001000001000011111011010100011010000010001000001001000100000001000000,False,False,True,True,True,True,True,False,True,True,203,261,138,62,23,42,47,256,256
454,00111111001100110000001001111101000010010100100000110100001011110010100110011000010000011101110111010001001010111001100101111011111111110011001100000010011111010000100101001000001101000010111100101001100110000100000111011101110100010010101110011001011110111011111100110011000000100111110100001001010010000011010000101111001010011001100001000001110111011101000100101011100110010111101101101111001100110000001001111101000010010100100000110100001011110010100110011000010000011101110111010001001010111001100101111011,True,True,True,True,True,True,True,True,True,True,247,248,115,40,24,40,28,256,256
455,10101101010100111011110111011011001001111011001010110000010000100001111100000111011010100110011100100010000110101010011100101011011011010101001110111101110110110010011110110010101100000100001000011111000001110110101001100111001000100001101010100111001010110010110101010011101111011101101100100111101100101011000001000010000111110000011101101010011001110010001000011010101001110010101111111101010100111011110111011011001001111011001010110000010000100001111100000111011010100110011100100010000110101010011100101011,True,True,True,True,True,True,True,True,True,True,261,277,148,28,38,29,24,254,256
456,00110011011110001011100110000000011101110110101010101101001101010111001011010000100011000010100010110110110101110111100001101100111100110111100010111001100000000111011101101010101011010011010101110010110100001000110000101000101101101101011101111000011011001011001101111000101110011000000001110111011010101010110100110101011100101101000010001100001010001011011011010111011110000110110001100011011110001011100110000000011101110110101010101101001101010111001011010000100011000010100010110110110101110111100001101100,True,True,True,True,True,True,True,True,True,True,259,283,154,32,45,21,30,256,255
457,10101100001001001111110000011000011010010111011101101000010000101101001010101111010101000111000110110111010101001010000111100101011011000010010011111100000110000110100101110111011010000100001011010010101011110101010001110001101101110101010010100001111001010010110000100100111111000001100001101001011101110110100001000010110100101010111101010100011100011011011101010100101000011110010111111100001001001111110000011000011010010111011101101000010000101101001010101111010101000111000110110111010101001010000111100101,True,True,True,True,True,True,True,True,True,True,253,285,171,28,47,33,32,256,256
458,10001000000111000111011001010001010000011100110010010011011100000001100001010111111101110110001101000010001011111100011110001000010010000001110001110110010100010100000111001100100100110111000000011000010101111111011101100011010000100010111111000111100010000000100000011100011101100101000101000001110011001001001101110000000110000101011111110111011000110100001000101111110001111000100011011000000111000111011001010001010000011100110010010011011100000001100001010111111101110110001101000010001011111100011110001000,False,True,True,True,True,True,True,False,True,True,233,222,94,49,20,36,48,256,256
459,00000001110010000001011011101101101000000100110111111010010010101100101111110100100101001101110010001101000001110001000000001101110000011100100000010110111011011010000001001101111110100100101011001011111101001001010011011100100011010000011100010000000011011000000111001000000101101110110110100000010011011111101001001010110010111111010010010100110111001000110100000111000100000000110101010001110010000001011011101101101000000100110111111010010010101100101111110100100101001101110010001101000001110001000000001101,True,True,True,True,True,True,True,True,True,True,233,252,130,61,22,40,28,256,258
460,11001011100011000101111111000001100110101101100011100010011001110100100100001101100001101010010110110101110101100001001110011111000010111000110001011111110000011001101011011000111000100110011101001001000011011000011010100101101101011101011000010011100111110100101110001100010111111100000110011010110110001110001001100111010010010000110110000110101001011011010111010110000100111001111110011011100011000101111111000001100110101101100011100010011001110100100100001101100001101010010110110101110101100001001110011111,True,True,True,True,True,True,True,True,True,True,261,259,113,21,27,27,33,256,256
461,11111110001101000010101011100111001111000110010111010101101000001001010011010010110011011100110010001101101111000010101001001010001111100011010000101010111001110011110001100101110101011010000010010100110100101100110111001100100011011011110000101010010010100111111000110100001010101110011100111100011001011101010110100000100101001101001011001101110011001000110110111100001010100100101010101110001101000010101011100111001111000110010111010101101000001001010011010010110011011100110010001101101111000010101001001010,True,True,True,True,True,True,True,True,True,True,255,292,158,16,47,36,25,256,256
462,00010111010010101001111110000100100111011010110011111100001111100001011001100111110010000100000111001011000100001111110110011011110101110100101010011111100001001001110110101100111111000011111000010110011001111100100001000001110010110001000011111101100110111001011101001010100111111000010010011101101011001111110000111110000101100110011111001000010000011100101100010000111111011001101101000111010010101001111110000100100111011010110011111100001111100001011001100111110010000100000111001011000100001111110110011011,True,True,True,True,True,True,True,True,True,True,267,232,97,28,23,34,30,256,256
463,01011011101010001101110000011100011001100101011011111111000001101111011000011010000110110001000100010110001010100010010000111000100110111010100011011100000111000110011001010110111111110000011011110110000110100001101100010001000101100010101000100100001110001101101110101000110111000001110001100110010101101111111100000110111101100001101000011011000100010001011000101010001001000011100000001011101010001101110000011100011001100101011011111111000001101111011000011010000110110001000100010110001010100010010000111000,False,True,True,True,True,True,True,False,True,True,239,247,114,32,26,30,51,255,256
464,10110010101110111111010101011011001000100100000101001001100011011111011010101110010000011010110110100011011110001101011000011100011100101011101111110101010110110010001001000001010010011000110111110110101011100100000110101101101000110111100011010110000111000011001010111011111101010101101100100010010000010100100110001101111101101010111001000001101011011010001101111000110101100001110011100010101110111111010101011011001000100100000101001001100011011111011010101110010000011010110110100011011110001101011000011100,True,True,True,True,True,True,True,True,True,True,263,282,154,21,40,28,31,253,256
465,10100100010111001011010011101011100010010111011001000011001110100010110110001110000111011010000111001001101111111101111011101111011001000101110010110100111010111000100101110110010000110011101000101101100011100001110110100001110010011011111111011110111011110010010001011100101101001110101110001001011101100100001100111010001011011000111000011101101000011100100110111111110111101110111111110100010111001011010011101011100010010111011001000011001110100010110110001110000111011010000111001001101111111101111011101111,True,True,True,True,True,True,True,True,True,True,285,255,118,12,20,32,28,256,256
466,01100001010100001000011110110110110011110011100000011100010000011111000011110101111000000000110011000100011001100000100100111001101000010101000010000111101101101100111100111000000111000100000111110000111101011110000000001100110001000110011000001001001110011110000101010000100001111011011011001111001110000001110001000001111100001111010111100000000011001100010001100110000010010011100100110001010100001000011110110110110011110011100000011100010000011111000011110101111000000000110011000100011001100000100100111001,False,True,False,False,False,True,True,True,True,True,225,206,69,67,12,25,44,256,257
467,00111101011101100100101010101001111100001000001101100001000100011001101010100100001110110010011001110010111011010010100001010111111111010111011001001010101010011111000010000011011000010001000110011010101001000011101100100110011100101110110100101000010101111011110101110110010010101010100111110000100000110110000100010001100110101010010000111011001001100111001011101101001010000101011101101101011101100100101010101001111100001000001101100001000100011001101010100100001110110010011001110010111011010010100001010111,True,True,True,True,True,True,True,True,True,True,247,288,159,24,44,40,28,256,256
468,10111101010111000000110110111101011101010011100111011100101110001010101010101001111001110111101011110111011101001101100101111010011111010101110000001101101111010111010100111001110111001011100010101010101010011110011101111010111101110111010011011001011110100011110101011100000011011011110101110101001110011101110010111000101010101010100111100111011110101111011101110100110110010111101011101101010111000000110110111101011101010011100111011100101110001010101010101001111001110111101011110111011101001101100101111010,False,False,True,False,True,False,True,True,True,True,307,292,177,12,53,12,9,258,256
469,01010001100110111110010101101010100111010110101111000101101110100011101010011111010000111000010101000101000111010011111101101010100100011001101111100101011010101001110101101011110001011011101000111010100111110100001110000101010001010001110100111111011010101101000110011011111001010110101010011101011010111100010110111010001110101001111101000011100001010100010100011101001111110110101000000001100110111110010101101010100111010110101111000101101110100011101010011111010000111000010101000101000111010011111101101010,False,True,True,False,True,True,True,True,True,True,275,293,183,13,51,17,28,257,256
470,00011000000110100101000010110001010000000000100000010111100011101101111111000111100001110000100011101010100110011100111101110111110110000001101001010000101100010100000000001000000101111000111011011111110001111000011100001000111010101001100111001111011101111001100000011010010100001011000101000000000010000001011110001110110111111100011110000111000010001110101010011001110011110111011101001000000110100101000010110001010000000000100000010111100011101101111111000111100001110000100011101010100110011100111101110111,False,True,False,True,False,True,True,True,True,True,239,218,100,64,24,25,41,256,256
471,11010101000001101010010100011111001100111110000110000001111000110110010000010111111110001100100110001101001110111100011001111110000101010000011010100101000111110011001111100001100000011110001101100100000101111111100011001001100011010011101111000110011111100101010100000110101001010001111100110011111000011000000111100011011001000001011111111000110010011000110100111011110001100111111010000101000001101010010100011111001100111110000110000001111000110110010000010111111110001100100110001101001110111100011001111110,False,True,True,False,True,True,True,True,True,True,259,220,84,34,20,19,38,257,256
472,10100110111100010100011101001010001010101010100001010010010100110001000111101101111000101001100100001010011000011110100011111110011001101111000101000111010010100010101010101000010100100101001100010001111011011110001010011001000010100110000111101000111111100010011011110001010001110100101000101010101010000101001001010011000100011110110111100010100110010000101001100001111010001111111011110110111100010100011101001010001010101010100001010010010100110001000111101101111000101001100100001010011000011110100011111110,True,True,True,True,True,True,True,True,True,True,245,282,163,12,44,41,41,257,256
473,11000110110001010001101011011101010001110010000010001000100111100001011000111111011010000101101111111110110100000000100010110111000001101100010100011010110111010100011100100000100010001001111000010110001111110110100001011011111111101101000000001000101101110100011011000101000110101101110101000111001000001000100010011110000101100011111101101000010110111111111011010000000010001011011110010110110001010001101011011101010001110010000010001000100111100001011000111111011010000101101111111110110100000000100010110111,False,True,True,True,True,True,True,False,True,True,249,245,128,38,25,37,47,256,256
474,11001000001011000001011011001111100000111011011100100010011100101001001000110111000000010100001001000110100010011001110110011011000010000010110000010110110011111000001110110111001000100111001010010010001101110000000101000010010001101000100110011101100110110100100000101100000101101100111110000011101101110010001001110010100100100011011100000001010000100100011010001001100111011001101110011000001011000001011011001111100000111011011100100010011100101001001000110111000000010100001001000110100010011001110110011011,True,True,True,True,True,True,True,True,True,True,225,251,105,45,16,47,37,257,256
475,10000110110111110110011101100100010110110110010101101001100111110000111001111111011010100000100010011001101110110110101101010001010001101101111101100111011001000101101101100101011010011001111100001110011111110110101000001000100110011011101101101011010100010000011011011111011001110110010001011011011001010110100110011111000011100111111101101010000010001001100110111011011010110101000111010110110111110110011101100100010110110110010101101001100111110000111001111111011010100000100010011001101110110110101101010001,True,True,True,True,True,True,True,True,True,True,281,277,137,15,26,22,23,256,258
476,01101101111110001101001101101011100011001101000011101110100000100001111010011101100111101100011000000001000101111110110101110110101011011111100011010011011010111000110011010000111011101000001000011110100111011001111011000110000000010001011111101101011101101110110111111000110100110110101110001100110100001110111010000010000111101001110110011110110001100000000100010111111011010111011000111101111110001101001101101011100011001101000011101110100000100001111010011101100111101100011000000001000101111110110101110110,True,True,True,True,True,True,True,True,True,True,273,241,110,36,14,12,33,255,256
477,01001000110011000110111001111011111111110010100110010001010010100110100010110000110110100101011101111011111001111101000001001100100010001100110001101110011110111111111100101001100100010100101001101000101100001101101001010111011110111110011111010000010011001100100011001100011011100111101111111111001010011001000101001010011010001011000011011010010101110111101111100111110100000100110000011000110011000110111001111011111111110010100110010001010010100110100010110000110110100101011101111011111001111101000001001100,True,True,True,True,True,True,True,True,True,True,273,255,118,14,24,32,26,256,255
478,10100101110011111110100011001101001001100010100111001001001011111110001111011101100100010101000100010001111011110110000110001110011001011100111111101000110011010010011000101001110010010010111111100011110111011001000101010001000100011110111101100001100011100010010111001111111010001100110100100110001010011100100100101111111000111101110110010001010100010001000111101111011000011000111011110101110011111110100011001101001001100010100111001001001011111110001111011101100100010101000100010001111011110110000110001110,True,True,True,True,True,True,True,True,True,True,269,250,111,4,20,40,37,255,256
479,11101110010100101110101110110000111111110110110110010010111010011111101111011000100101000101111101110011001000011100001110111101001011100101001011101011101100001111111101101101100100101110100111111011110110001001010001011111011100110010000111000011101111010110111001010010111010111011000011111111011011011001001011101001111110111101100010010100010111110111001100100001110000111011110110111110010100101110101110110000111111110110110110010010111010011111101111011000100101000101111101110011001000011100001110111101,False,False,True,True,True,True,True,True,True,True,301,253,125,12,26,33,20,255,257
480,01100101110001110101000100001111100011111100110000111110010000000001001100111100111011101110001011011001111000011011111101001110101001011100011101010001000011111000111111001100001111100100000000010011001111001110111011100010110110011110000110111111010011101110010111000111010100010000111110001111110011000011111001000000000100110011110011101110111000101101100111100001101111110100111000110101110001110101000100001111100011111100110000111110010000000001001100111100111011101110001011011001111000011011111101001110,False,True,False,False,True,True,True,True,True,True,273,211,76,36,13,19,33,255,256
481,11110101101111001111111101011000101110110011111000111010101101000000101010100011001110111100000111111110011101010000001001011101001101011011110011111111010110001011101100111110001110101011010000001010101000110011101111000001111111100111010100000010010111010111010110111100111111110101100010111011001111100011101010110100000010101010001100111011110000011111111001110101000000100101110110100101101111001111111101011000101110110011111000111010101101000000101010100011001110111100000111111110011101010000001001011101,True,True,True,True,True,True,True,True,True,True,287,247,137,32,41,17,24,256,257
482,11011000010001001011101110010001010010011010100001101001111010110010111011110010001010001111010101100001110011110101011001111100000110000100010010111011100100010100100110101000011010011110101100101110111100100010100011110101011000011100111101010110011111000101100001000100101110111001000101001001101010000110100111101011001011101111001000101000111101010110000111001111010101100111110010001000010001001011101110010001010010011010100001101001111010110010111011110010001010001111010101100001110011110101011001111100,True,True,True,True,True,True,True,True,True,True,259,278,149,14,41,39,31,257,255
483,00100011010001101000011011001111010000110001100101011010100110101100111110111100011111010010110100001101010101011001101111110111111000110100011010000110110011110100001100011001010110101001101011001111101111000111110100101101000011010101010110011011111101111010001101000110100001101100111101000011000110010101101010011010110011111011110001111101001011010000110101010101100110111111011101110011010001101000011011001111010000110001100101011010100110101100111110111100011111010010110100001101010101011001101111110111,True,True,True,True,True,True,True,True,True,True,281,278,148,12,36,9,27,257,256
484,11010010000110111000001100010100000011100001101010010111011011110001001010010110100000000001011010011110111101000101010000111100000100100001101110000011000101000000111000011010100101110110111100010010100101101000000000010110100111101111010001010100001111000101001000011011100000110001010000001110000110101001011101101111000100101001011010000000000101101001111011110100010101000011110010000010000110111000001100010100000011100001101010010111011011110001001010010110100000000001011010011110111101000101010000111100,False,True,True,True,False,True,True,True,True,True,223,252,139,64,33,35,39,255,255
485,10110010110111000011101010000101111011111000110000110110001000110100111000001011100110011001001001000001001100000101000000010101011100101101110000111010100001011110111110001100001101100010001101001110000010111001100110010010010000010011000001010000000101010011001011011100001110101000010111101111100011000011011000100011010011100000101110011001100100100100000100110000010100000001010111100010110111000011101010000101111011111000110000110110001000110100111000001011100110011001001001000001001100000101000000010101,True,True,True,True,True,True,True,True,True,True,223,247,114,52,29,40,41,256,256
486,01111001010001011011110011011101110111100100001110010010111101101001101011010110001101011101101100100010010000101010010000001111101110010100010110111100110111011101111001000011100100101111011010011010110101100011010111011011001000100100001010100100000011111111100101000101101111001101110111011110010000111001001011110110100110101101011000110101110110110010001001000010101001000000111100101001010001011011110011011101110111100100001110010010111101101001101011010110001101011101101100100010010000101010010000001111,True,True,True,True,True,True,True,True,True,True,267,280,149,20,33,41,24,255,257
487,10110010100101100011111110100111111101000011011000100101000100110110010000010000001101100000100101100110000111001001111001101010011100101001011000111111101001111111010000110110001001010001001101100100000100000011011000001001011001100001110010011110011010100011001010010110001111111010011111110100001101100010010100010011011001000001000000110110000010010110011000011100100111100110101011100010100101100011111110100111111101000011011000100101000100110110010000010000001101100000100101100110000111001001111001101010,True,True,True,True,True,True,True,True,True,True,239,250,112,36,21,40,34,256,256
488,10111110100011000000110001000101110001101000111111000011100110000001000010101011011111110011001010001111111001100100010001100000011111101000110000001100010001011100011010001111110000111001100000010000101010110111111100110010100011111110011001000100011000000011111010001100000011000100010111000110100011111100001110011000000100001010101101111111001100101000111111100110010001000110000011101110100011000000110001000101110001101000111111000011100110000001000010101011011111110011001010001111111001100100010001100000,False,True,False,False,True,True,True,False,True,True,239,212,83,43,20,28,51,256,254
489,11101000111101100000001101110111001110101000111110000011100010001010010001000110010101011101100010100011110010111100000111101111001010001111011000000011011101110011101010001111100000111000100010100100010001100101010111011000101000111100101111000001111011110110100011110110000000110111011100111010100011111000001110001000101001000100011001010101110110001010001111001011110000011110111110111000111101100000001101110111001110101000111110000011100010001010010001000110010101011101100010100011110010111100000111101111,True,True,True,True,True,True,True,True,True,True,257,237,113,32,29,29,44,256,256
490,10110110001000000001111011010101110110110010011111111110100110000000011011110000101111111100111000111000111111100010111000011110011101100010000000011110110101011101101100100111111111101001100000000110111100001011111111001110001110001111111000101110000111100011011000100000000111101101010111011011001001111111111010011000000001101111000010111111110011100011100011111110001011100001111011100110001000000001111011010101110110110010011111111110100110000000011011110000101111111100111000111000111111100010111000011110,False,True,False,False,True,True,True,True,True,True,283,194,75,48,16,16,33,257,256
491,01001110111000110111111111111011100011100101011101100010101110101111010001100010110111100001000001101010100001101000101101111000100011101110001101111111111110111000111001010111011000101011101011110100011000101101111000010000011010101000011010001011011110001100111011100011011111111111101110001110010101110110001010111010111101000110001011011110000100000110101010000110100010110111100000011110111000110111111111111011100011100101011101100010101110101111010001100010110111100001000001101010100001101000101101111000,True,True,True,True,True,True,True,True,True,True,281,247,131,19,36,21,40,257,255
492,00001110111100110101110100001111110010000011001010001011100110110011010011000100011100100010111101000110111110110011111100011011110011101111001101011101000011111100100000110010100010111001101100110100110001000111001000101111010001101111101100111111000110111000111011110011010111010000111111001000001100101000101110011011001101001100010001110010001011110100011011111011001111110001101101011110111100110101110100001111110010000011001010001011100110110011010011000100011100100010111101000110111110110011111100011011,True,True,True,True,True,True,True,True,True,True,277,242,99,13,17,24,34,258,256
493,00100000110110101001100110110010111111101101100100101001100111001011100000110001111001111111111110001101001000010010010110010110111000001101101010011001101100101111111011011001001010011001110010111000001100011110011111111111100011010010000100100101100101101010000011011010100110011011001011111110110110010010100110011100101110000011000111100111111111111000110100100001001001011001011001110000110110101001100110110010111111101101100100101001100111001011100000110001111001111111111110001101001000010010010110010110,True,True,True,True,True,True,True,True,True,True,273,251,107,19,25,37,20,256,256
494,00011011100001001011101011011000000110010111101101110000001100000110010111010100010011111010100100101001000000110110011011101000110110111000010010111010110110000001100101111011011100000011000001100101110101000100111110101001001010010000001101100110111010001001101110000100101110101101100000011001011110110111000000110000011001011101010001001111101010010010100100000011011001101110100001001011100001001011101011011000000110010111101101110000001100000110010111010100010011111010100100101001000000110110011011101000,True,True,True,True,True,True,True,True,True,True,239,263,132,49,29,35,28,256,255
495,11000110011000111000101110001100111101000101011111111100001001111010010011000110101110000000101000100000101000101100011001101000000001100110001110001011100011001111010001010111111111000010011110100100110001101011100000001010001000001010001011000110011010000100011001100011100010111000110011110100010101111111110000100111101001001100011010111000000010100010000010100010110001100110100010010110011000111000101110001100111101000101011111111100001001111010010011000110101110000000101000100000101000101100011001101000,False,True,True,True,True,True,True,False,True,True,233,240,108,34,29,35,49,256,255
496,01100000111010001110111001001000010101000011111101011111110001101000111000101100101010110100100000001011001111010010101010000100101000001110100011101110010010000101010000111111010111111100011010001110001011001010101101001000000010110011110100101010100001001110000011101000111011100100100001010100001111110101111111000110100011100010110010101011010010000000101100111101001010101000010000110000111010001110111001001000010101000011111101011111110001101000111000101100101010110100100000001011001111010010101010000100,True,True,True,True,True,True,True,True,True,True,241,267,156,36,45,37,37,255,257
497,11000000100110001011010101100101111100101100000111011011001011010001110111011101111000110110010010110011101011010011111100111111000000001001100010110101011001011111001011000001110110110010110100011101110111011110001101100100101100111010110100111111001111110100000010011000101101010110010111110010110000011101101100101101000111011101110111100011011001001011001110101101001111110011111110010000100110001011010101100101111100101100000111011011001011010001110111011101111000110110010010110011101011010011111100111111,True,True,True,True,True,True,True,True,True,True,285,261,123,20,32,29,20,256,256
498,01100010101010111011010010101111110100110001000100100110000100110010010011100010101111110011011001001110010110000111011111000100101000101010101110110100101011111101001100010001001001100001001100100100111000101011111100110110010011100101100001110111110001001110001010101011101101001010111111010011000100010010011000010011001001001110001010111111001101100100111001011000011101111100010000110010101010111011010010101111110100110001000100100110000100110010010011100010101111110011011001001110010110000111011111000100,False,True,True,True,True,True,False,True,True,True,257,275,136,9,37,49,28,257,257
499,11000111010010001111100110111110111100100110110010101101001000001000011101110001011100111000011011000111100000111011110001011110000001110100100011111001101111101111001001101100101011010010000010000111011100010111001110000110110001111000001110111100010111100100011101001000111110011011111011110010011011001010110100100000100001110111000101110011100001101100011110000011101111000101111010010111010010001111100110111110111100100110110010101101001000001000011101110001011100111000011011000111100000111011110001011110,True,True,True,True,True,True,True,True,True,True,269,232,94,27,17,30,35,256,256
500,10011001110001001010111111110101010100111101101101010011101011100110101100100011110100111011000011111100001101011011011110111111010110011100010010101111111101010101001111011011010100111010111001101011001000111101001110110000111111000011010110110111101111110001100111000100101011111111010101010011110110110101001110101110011010110010001111010011101100001111110000110101101101111011111111001001110001001010111111110101010100111101101101010011101011100110101100100011110100111011000011111100001101011011011110111111,False,False,True,True,True,True,True,True,True,True,307,267,145,8,37,13,17,256,256
501,11110100111101101001111101001010101111011100111000010011110110110100001010000110000100101011010001110111000111001011101011101000001101001111011010011111010010101011110111001110000100111101101101000010100001100001001010110100011101110001110010111010111010000111010011110110100111110100101010111101110011100001001111011011010000101000011000010010101101000111011100011100101110101110100010100100111101101001111101001010101111011100111000010011110110110100001010000110000100101011010001110111000111001011101011101000,True,True,True,True,True,True,True,True,True,True,271,274,150,19,33,26,27,257,255
502,11011110001011001110011110000101001010110110011000011010101010001111101101000011010101011001001010101000101011000001001100001011000111100010110011100111100001010010101101100110000110101010100011111011010000110101010110010010101010001010110000010011000010110101111000101100111001111000010100101011011001100001101010101000111110110100001101010101100100101010100010101100000100110000101110001110001011001110011110000101001010110110011000011010101010001111101101000011010101011001001010101000101011000001001100001011,False,True,False,False,True,False,True,True,True,True,243,299,176,24,65,32,34,255,256
503,10000001111010000000110110011111110000001110000100101011000100000000010001001101110101010001010010100000100000011100101010000101010000011110100000001101100111111100000011100001001010110001000000000100010011011101010100010100101000001000000111001010100001010000000111101000000011011001111111000000111000010010101100010000000001000100110111010101000101001010000010000001110010101000010111010001111010000000110110011111110000001110000100101011000100000000010001001101110101010001010010100000100000011100101010000101,False,False,True,True,False,True,True,True,True,True,197,237,136,89,37,40,44,256,257
504,11100001111011000011101010000001101110110001010100000001010011011100001110001111100111000010011101011001101110011100000110111100001000011110110000111010100000011011101100010101000000010100110111000011100011111001110000100111010110011011100111000001101111000110000111101100001110101000000110111011000101010000000101001101110000111000111110011100001001110101100110111001110000011011110010110001111011000011101010000001101110110001010100000001010011011100001110001111100111000010011101011001101110011100000110111100,True,True,True,True,True,True,True,True,True,True,249,226,91,52,21,14,38,255,255
505,11001101001110111111010011101011011010000011011000110011000010000100111011100000010010011010011111100111011100101000101010111100000011010011101111110100111010110110100000110110001100110000100001001110111000000100100110100111111001110111001010001010101111000100110100111011111101001110101101101000001101100011001100001000010011101110000001001001101001111110011101110010100010101011110010011101001110111111010011101011011010000011011000110011000010000100111011100000010010011010011111100111011100101000101010111100,True,True,True,True,True,True,True,True,True,True,261,254,118,31,20,26,26,256,255
506,11110001000111001001111110010011111111101010110000100100000110111110101101001101011011110111011101101011011010101001010101101001001100010001110010011111100100111111111010101100001001000001101111101011010011010110111101110111011010110110101010010101011010010111000100011100100111111001001111111110101011000010010000011011111010110100110101101111011101110110101101101010100101010110100110100001000111001001111110010011111111101010110000100100000110111110101101001101011011110111011101101011011010101001010101101001,True,True,True,True,True,True,True,True,True,True,291,287,170,13,41,26,16,257,257
507,00110110001101101000110101001000000100101010001100111010110001011010001110011010001011111101011000101111010010000000000111011101111101100011011010001101010010000001001010100011001110101100010110100011100110100010111111010110001011110100100000000001110111011011011000110110100011010100100000010010101000110011101011000101101000111001101000101111110101100010111101001000000000011101110101100110001101101000110101001000000100101010001100111010110001011010001110011010001011111101011000101111010010000000000111011101,True,True,True,True,True,True,True,True,True,True,243,270,147,40,33,28,36,255,257
508,01001101100110001100010001001010111110110001100010100001010000001101110110000011110001001111000011011110000011000110010001001110100011011001100011000100010010101111101100011000101000010100000011011101100000111100010011110000110111100000110001100100010011101100110110011000110001000100101011111011000110001010000101000000110111011000001111000100111100001101111000001100011001000100111000011101100110001100010001001010111110110001100010100001010000001101110110000011110001001111000011011110000011000110010001001110,False,True,True,False,True,True,True,False,True,True,229,231,86,37,16,32,54,257,256
509,11010111111010110101111001100000110011011011101000001101010100110010001010011001100111011100110010101010100111000001111110101001000101111110101101011110011000001100110110111010000011010101001100100010100110011001110111001100101010101001110000011111101010010101011111101011010111100110000011001101101110100000110101010011001000101001100110011101110011001010101010011100000111111010100110000111111010110101111001100000110011011011101000001101010100110010001010011001100111011100110010101010100111000001111110101001,True,True,True,True,True,True,True,True,True,True,267,281,149,25,45,15,18,257,257
510,00111010101011101101101010110110101001010100010011010100000010000101100100000000011110100100000010110111110101010001110111111010111110101010111011011010101101101010010101000100110101000000100001011001000000000111101001000000101101111101010100011101111110101011101010101110110110101011011010100101010001001101010000001000010110010000000001111010010000001011011111010101000111011111101001101010101011101101101010110110101001010100010011010100000010000101100100000000011110100100000010110111110101010001110111111010,False,True,True,False,True,False,True,True,True,True,247,293,199,52,56,28,24,254,256
511,11001000110001111000001010101011101010010111000011100000001101010100101100101111010000000001001101001100011101110001010111101001000010001100011110000010101010111010100101110000111000000011010101001011001011110100000000010011010011000111011100010101111010010100100011000111100000101010101110101001011100001110000000110101010010110010111101000000000100110100110001110111000101011110100110011000110001111000001010101011101010010111000011100000001101010100101100101111010000000001001101001100011101110001010111101001,True,True,True,True,True,True,True,True,True,True,233,267,152,53,49,29,33,257,257
512,01100101010010110000110011101011010100101101001001101010101110100010110100000101110110110011000110110010101111110000000010011101101001010100101100001100111010110101001011010010011010101011101000101101000001011101101100110001101100101011111100000000100111011110010101001011000011001110101101010010110100100110101010111010001011010000010111011011001100011011001010111111000000001001110100110101010010110000110011101011010100101101001001101010101110100010110100000101110110110011000110110010101111110000000010011101,False,True,False,False,True,False,True,True,True,True,253,302,178,32,52,31,20,256,257
513,01111101011011101011001000011100100001100110101001100111111001101111111011101110001100110001100010100101100110011111100101000101101111010110111010110010000111001000011001101010011001111110011011111110111011100011001100011000101001011001100111111001010001011111110101101110101100100001110010000110011010100110011111100110111111101110111000110011000110001010010110011001111110010100010100101101011011101011001000011100100001100110101001100111111001101111111011101110001100110001100010100101100110011111100101000101,True,True,True,True,True,True,True,True,True,True,283,256,110,8,29,25,24,256,257
514,01110110000000110011010100111000100101101000001011010010001110111111011001010001101011101011011101100100010000110000011000011010101101100000001100110101001110001001011010000010110100100011101111110110010100011010111010110111011001000100001100000110000110101111011000000011001101010011100010010110100000101101001000111011111101100101000110101110101101110110010001000011000001100001101000100110000000110011010100111000100101101000001011010010001110111111011001010001101011101011011101100100010000110000011000011010,True,True,True,True,True,True,True,True,True,True,239,267,134,40,27,29,37,257,256
515,00110100000010010100001111011001011111110111110101010101101100110100110000111111100011101010101110101111100001011010010011010011111101000000100101000011110110010111111101111101010101011011001101001100001111111000111010101011101011111000010110100100110100111011010000001001010000111101100101111111011111010101010110110011010011000011111110001110101010111010111110000101101001001101001101100100000010010100001111011001011111110111110101010101101100110100110000111111100011101010101110101111100001011010010011010011,True,True,True,True,True,True,True,True,True,True,283,270,157,24,44,21,20,256,256
516,01110101101001000110101100001110100110110010110111010010010100100110001011111100010100101111001110001101101001010011001111001010101101011010010001101011000011101001101100101101110100100101001001100010111111000101001011110011100011011010010100110011110010101111010110100100011010110000111010011011001011011101001001010010011000101111110001010010111100111000110110100101001100111100101000100101101001000110101100001110100110110010110111010010010100100110001011111100010100101111001110001101101001010011001111001010,False,True,False,True,True,True,True,True,True,True,263,299,158,4,39,42,21,257,256
517,01111101100100100101001111100001000000110110111101010010111000010000111000100100110010110010101100110000111011110111011011100010101111011001001001010011111000010000001101101111010100101110000100001110001001001100101100101011001100001110111101110110111000101111110110010010010100111110000100000011011011110101001011100001000011100010010011001011001010110011000011101111011101101110001000101101100100100101001111100001000000110110111101010010111000010000111000100100110010110010101100110000111011110111011011100010,True,True,True,True,True,True,True,True,True,True,255,261,124,28,28,45,29,256,257
518,10100000101100111111101110111110000011011011011110010011011111010100010111011111010101011001010101110010111111101110100101011100011000001011001111111011101111100000110110110111100100110111110101000101110111110101010110010101011100101111111011101001010111000010000010110011111110111011111000001101101101111001001101111101010001011101111101010101100101010111001011111110111010010101110011110000101100111111101110111110000011011011011110010011011111010100010111011111010101011001010101110010111111101110100101011100,False,False,True,True,True,True,True,True,True,True,309,266,156,16,48,25,14,257,255
519,01010111110111000100100000111011011001000010110101010111100000110110000100111010111000000100001111110101101110101111100000010001100101111101110001001000001110110110010000101101010101111000001101100001001110101110000001000011111101011011101011111000000100011101011111011100010010000011101101100100001011010101011110000011011000010011101011100000010000111111010110111010111110000001000100000111110111000100100000111011011001000010110101010111100000110110000100111010111000000100001111110101101110101111100000010001,True,True,True,True,True,True,True,True,True,True,251,240,128,54,32,30,37,255,257
520,11100001011110100010111010110101111011100011000010100000100001110011111010010101101001110100000110011101010100011001101100010110001000010111101000101110101101011110111000110000101000001000011100111110100101011010011101000001100111010101000110011011000101100110000101111010001011101011010111101110001100001010000010000111001111101001010110100111010000011001110101010001100110110001011010110001011110100010111010110101111011100011000010100000100001110011111010010101101001110100000110011101010100011001101100010110,True,True,True,True,True,True,True,True,True,True,253,274,149,27,41,25,37,255,256
521,01100010001100000001100110001001011011011100110001011001000110100101000110110110110010101001010000000000101110100110011101101000101000100011000000011001100010010110110111001100010110010001101001010001101101101100101010010100000000001011101001100111011010001110001000110000000110011000100101101101110011000101100100011010010100011011011011001010100101000000000010111010011001110110100000110010001100000001100110001001011011011100110001011001000110100101000110110110110010101001010000000000101110100110011101101000,True,True,True,True,True,True,True,True,True,True,221,275,132,46,29,37,34,256,255
522,11010010100011100100110000101101110100000110101000111011111011010011111110100011110111101000110100000000100001101010011111011101000100101000111001001100001011011101000001101010001110111110110100111111101000111101111010001101000000001000011010100111110111010101001010001110010011000010110111010000011010100011101111101101001111111010001111011110100011010000000010000110101001111101110110000010100011100100110000101101110100000110101000111011111011010011111110100011110111101000110100000000100001101010011111011101,True,True,True,True,True,True,True,True,True,True,263,249,134,38,18,17,34,257,257
523,00011011100101111011100000011011011111011000111100110110110011100010001011101100000111101111101100000111000001000001101011101111110110111001011110111000000110110111110110001111001101101100111000100010111011000001111011111011000001110000010000011010111011111001101110010111101110000001101101111101100011110011011011001110001000101110110000011110111110110000011100000100000110101110111101001011100101111011100000011011011111011000111100110110110011100010001011101100000111101111101100000111000001000001101011101111,False,True,False,False,True,True,True,True,True,True,279,218,84,44,13,17,33,257,256
524,11100010111111000000000111101111110010011101100101011101010111110101011100000001001010001111010100010000000100000110000110011101001000101111110000000001111011111100100111011001010111010101111101010111000000010010100011110101000100000001000001100001100111010110001011111100000000011110111111001001110110010101110101011111010101110000000100101000111101010001000000010000011000011001110110110010111111000000000111101111110010011101100101011101010111110101011100000001001010001111010100010000000100000110000110011101,False,True,True,True,False,True,True,True,True,True,245,231,126,68,37,29,31,256,257
525,00011110010010000010001100001111001111101100110000111011111101111111010000110001000010001111111101111111101001111000110010110000110111100100100000100011000011110011111011001100001110111111011111110100001100010000100011111111011111111010011110001100101100001001111001001000001000110000111100111110110011000011101111110111111101000011000100001000111111110111111110100111100011001011000001001110010010000010001100001111001111101100110000111011111101111111010000110001000010001111111101111111101001111000110010110000,False,True,False,False,True,True,True,True,True,True,279,191,63,29,4,26,40,256,254
526,00110101100010110110001101110011110111111101010000000100001011110110101100010010101100111011101100001100011001000000001111101010111101011000101101100011011100111101111111010100000001000010111101101011000100101011001110111011000011000110010000000011111010101011010110001011011000110111001111011111110101000000010000101111011010110001001010110011101110110000110001100100000000111110101001100101100010110110001101110011110111111101010000000100001011110110101100010010101100111011101100001100011001000000001111101010,True,True,True,True,True,True,True,True,True,True,259,251,128,44,35,25,32,256,256
527,01111001100111100100000010000010111000011100100010100011110110011101110011001000010110010100101011001111011001000101100100100001101110011001111001000000100000101110000111001000101000111101100111011100110010000101100101001010110011110110010001011001001000011111100110011110010000001000001011100001110010001010001111011001110111001100100001011001010010101100111101100100010110010010000100101001100111100100000010000010111000011100100010100011110110011101110011001000010110010100101011001111011001000101100100100001,False,True,True,True,True,True,False,True,True,True,235,256,111,32,29,54,32,256,258
528,01011000101100100000001001101010111101110111110110110011101010000101011010100111100010100001101011000011001000101000101111001011100110001011001000000010011010101111011101111101101100111010100001010110101001111000101000011010110000110010001010001011110010111101100010110010000000100110101011110111011111011011001110101000010101101010011110001010000110101100001100100010100010111100101100001000101100100000001001101010111101110111110110110011101010000101011010100111100010100001101011000011001000101000101111001011,True,True,True,True,True,True,True,True,True,True,251,282,161,29,49,37,33,255,256
529,10100010011000000000000111100011101001101111011000010101110111111010100001000011000001110100001100101001000111100110110010111010011000100110000000000001111000111010011011110110000101011101111110101000010000110000011101000011001010010001111001101100101110100010001001100000000000011110001110100110111101100001010111011111101010000100001100000111010000110010100100011110011011001011101011110010011000000000000111100011101001101111011000010101110111111010100001000011000001110100001100101001000111100110110010111010,True,True,True,True,True,True,True,True,True,True,237,234,110,60,21,25,36,256,256
530,01000111010010011000000110111001000100100101000001000101010000100111110110100000010011001010101011001011000101110100011101000010100001110100100110000001101110010001001001010000010001010100001001111101101000000100110010101010110010110001011101000111010000101100011101001001100000011011100100010010010100000100010101000010011111011010000001001100101010101100101100010111010001110100001000010111010010011000000110111001000100100101000001000101010000100111110110100000010011001010101011001011000101110100011101000010,False,False,True,True,True,True,False,True,True,True,213,281,160,42,39,53,40,256,257
531,00010110111001011001010111101101100010111100000010111111000110001110011001010100111000011101001101100100100011101001110111001100110101101110010110010101111011011000101111000000101111110001100011100110010101001110000111010011011001001000111010011101110011001001011011100101100101011110110110001011110000001011111100011000111001100101010011100001110100110110010010001110100111011100110001000110111001011001010111101101100010111100000010111111000110001110011001010100111000011101001101100100100011101001110111001100,True,True,True,True,True,True,True,True,True,True,267,261,113,16,31,32,27,256,256
532,11110110110110000100010010111110001110111111110110101000010101100010001111010010010010011000001001111011011100000010101100100100001101101101100001000100101111100011101111111101101010000101011000100011110100100100100110000010011110110111000000101011001001000111011011011000010001001011111000111011111111011010100001010110001000111101001001001001100000100111101101110000001010110010010010100110110110000100010010111110001110111111110110101000010101100010001111010010010010011000001001111011011100000010101100100100,False,True,True,True,True,True,False,True,True,True,251,258,130,29,25,49,34,257,256
533,11001001111010110011001101101100011111101100111010000100111111010101111010100001110111110001000010001100011100010010000011101110000010011110101100110011011011000111111011001110100001001111110101011110101000011101111100010000100011000111000100100000111011100100100111101011001100110110110001111110110011101000010011111101010111101010000111011111000100001000110001110001001000001110111010011001111010110011001101101100011111101100111010000100111111010101111010100001110111110001000010001100011100010010000011101110,True,True,True,True,True,True,True,True,True,True,269,238,103,22,16,24,37,256,256
534,01110110011110000011111100010010110111011111010110100011011100011011010001100010110000110011111111000101111010111000010100010011101101100111100000111111000100101101110111110101101000110111000110110100011000101100001100111111110001011110101110000101000100111111011001111000001111110001001011011101111101011010001101110001101101000110001011000011001111111100010111101011100001010001001100100110011110000011111100010010110111011111010110100011011100011011010001100010110000110011111111000101111010111000010100010011,True,True,True,True,True,True,True,True,True,True,279,238,106,16,24,25,40,256,256
535,11000101111110010010010111001001011100001011111010100000010001000101100111000100001100111110001110000101001111011001011111010001000001011111100100100101110010010111000010111110101000000100010001011001110001000011001111100011100001010011110110010111110100010100010111111001001001011100100101110000101111101010000001000100010110011100010000110011111000111000010100111101100101111101000110010101111110010010010111001001011100001011111010100000010001000101100111000100001100111110001110000101001111011001011111010001,False,True,True,True,True,True,False,True,True,True,249,245,119,26,34,54,39,257,257
536,11101111000101010001011111010011101001010010111000100010111010111001101111011010011001010110000110111101111111000110101111101101001011110001010100010111110100111010010100101110001000101110101110011011110110100110010101100001101111011111110001101011111011010110111100010101000101111101001110100101001011100010001011101011100110111101101001100101011000011011110111111100011010111110110110111111000101010001011111010011101001010010111000100010111010111001101111011010011001010110000110111101111111000110101111101101,False,False,True,True,True,True,True,True,True,True,297,277,157,4,42,29,24,257,257
537,11000011100101101011010101011001001011101110001111111010001110111011010000010001010111011110111101110110110010110110001010000001000000111001011010110101010110010010111011100011111110100011101110110100000100010101110111101111011101101100101101100010100000010100001110010110101101010101100100101110111000111111101000111011101101000001000101011101111011110111011011001011011000101000000110010011100101101011010101011001001011101110001111111010001110111011010000010001010111011110111101110110110010110110001010000001,True,True,True,True,True,True,True,True,True,True,277,277,158,25,41,31,27,256,259
538,10010111000000010001111111000100111010110110011010101111110100011011111110000100101101110100101000100011100000001010111010100001010101110000000100011111110001001110101101100110101011111101000110111111100001001011011101001010001000111000000010101110101000010001011100000001000111111100010011101011011001101010111111010001101111111000010010110111010010100010001110000000101011101010000111000111000000010001111111000100111010110110011010101111110100011011111110000100101101110100101000100011100000001010111010100001,True,True,True,True,True,True,True,True,True,True,255,249,141,40,37,32,38,256,258
539,10000100000010100011010101010100010101011101111101001100000100101011010100001000100000110010101010010001000001010101010000101100010001000000101000110101010101000101010111011111010011000001001010110101000010001000001100101010100100010000010101010100001011000000010000001010001101010101010001010101110111110100110000010010101101010000100010000011001010101001000100000101010101000010110011010100000010100011010101010100010101011101111101001100000100101011010100001000100000110010101010010001000001010101010000101100,False,False,False,False,True,False,True,True,True,True,201,312,221,49,77,48,44,257,256
540,01101110001010110100011000000111000111110101100100111100010111111010000001101010001110110110010101001100100100110100110001100101101011100010101101000110000001110001111101011001001111000101111110100000011010100011101101100101010011001001001101001100011001011110111000101011010001100000011100011111010110010011110001011111101000000110101000111011011001010100110010010011010011000110010100111110001010110100011000000111000111110101100100111100010111111010000001101010001110110110010101001100100100110100110001100101,True,True,True,True,True,True,True,True,True,True,253,268,132,24,33,28,32,258,256
541,10100000111010010100000001100101011110001001010011101100110110100001100010000010001010101111101101010100001100010011010001110000011000001110100101000000011001010111100010010100111011001101101000011000100000100010101011111011010101000011000100110100011100000010000011101001010000000110010101111000100101001110110011011010000110001000001000101010111110110101010000110001001101000111000011110000111010010100000001100101011110001001010011101100110110100001100010000010001010101111101101010100001100010011010001110000,True,True,True,True,True,True,True,True,True,True,221,266,144,46,36,33,43,258,254
542,10101100110110100111001110101100100000111111100001001100111111001000111011000010011111100000110000110110110011010100110111111111011011001101101001110011101011001000001111111000010011001111110010001110110000100111111000001100001101101100110101001101111111110010110011011010011100111010110010000011111110000100110011111100100011101100001001111110000011000011011011001101010011011111111111111100110110100111001110101100100000111111100001001100111111001000111011000010011111100000110000110110110011010100110111111111,False,True,True,False,True,True,True,True,True,True,285,221,80,28,10,17,24,256,256
543,11100010011011110000111010110001111001101110100100101010001110110011001001010000010001011010111100011101111100111011000110000100001000100110111100001110101100011110011011101001001010100011101100110010010100000100010110101111000111011111001110110001100001000110001001101111000011101011000111100110111010010010101000111011001100100101000001000101101011110001110111110011101100011000010010110010011011110000111010110001111001101110100100101010001110110011001001010000010001011010111100011101111100111011000110000100,True,True,True,True,True,True,True,True,True,True,257,258,115,17,25,34,37,256,256
544,11110000100011001110100111001000001010010111100010111100000000100111001100110111011000001110100110111111010110001101001111111101001100001000110011101001110010000010100101111000101111000000001001110011001101110110000011101001101111110101100011010011111111010111000010001100111010011100100000101001011110001011110000000010011100110011011101100000111010011011111101011000110100111111110110100000100011001110100111001000001010010111100010111100000000100111001100110111011000001110100110111111010110001101001111111101,True,True,True,True,True,True,True,True,True,True,263,231,98,41,17,24,28,255,257
545,01010100110011001100010100111000110001010011111100111000001101011010011000111000001011001110111101100000100001100110100110101101100101001100110011000101001110001100010100111111001110000011010110100110001110000010110011101111011000001000011001101001101011011101010011001100110001010011100011000101001111110011100000110101101001100011100000101100111011110110000010000110011010011010110100000100110011001100010100111000110001010011111100111000001101011010011000111000001011001110111101100000100001100110100110101101,True,True,True,True,True,True,True,True,True,True,247,256,104,30,24,18,33,256,257
546,11110110111000010001010101011101110110111000101100001010010000110101100101101010101111111001100000000011010011000110111100110111001101101110000100010101010111011101101110001011000010100100001101011001011010101011111110011000000000110100110001101111001101110111011011100001000101010101110111011011100010110000101001000011010110010110101010111111100110000000001101001100011011110011011110100110111000010001010101011101110110111000101100001010010000110101100101101010101111111001100000000011010011000110111100110111,True,True,True,True,True,True,True,True,True,True,263,271,146,36,44,24,28,256,256
547,01010000111101101010000110010100101101010011010110001101010111011101110111110011010010011110010011110011001010001110110011011001100100001111011010100001100101001011010100110101100011010101110111011101111100110100100111100100111100110010100011101100110110011101000011110110101000011001010010110101001101011000110101011101110111011111001101001001111001001111001100101000111011001101100100000000111101101010000110010100101101010011010110001101010111011101110111110011010010011110010011110011001010001110110011011001,True,True,True,True,True,True,True,True,True,True,275,288,145,12,33,22,16,257,257
548,00100011111000000001001001001001000011110001101110101001100010001111001000100011101010010000011001101111101011110111010100011000111000111110000000010010010010010000111100011011101010011000100011110010001000111010100100000110011011111010111101110101000110001010001111100000000100100100100100001111000110111010100110001000111100100010001110101001000001100110111110101111011101010001100001110011111000000001001001001001000011110001101110101001100010001111001000100011101010010000011001101111101011110111010100011000,True,True,True,True,True,True,True,True,True,True,237,243,112,33,17,38,42,256,256
549,11101101101011001000100000101000110000011111010000111100000101100111001100101011011110110101010110110101101100000011001100000011001011011010110010001000001010001100000111110100001111000001011001110011001010110111101101010101101101011011000000110011000000110110110110101100100010000010100011000001111101000011110000010110011100110010101101111011010101011011010110110000001100110000001110111101101011001000100000101000110000011111010000111100000101100111001100101011011110110101010110110101101100000011001100000011,True,True,True,True,True,True,True,True,True,True,245,261,130,52,37,21,32,257,258
550,10000111111000001101100110000101111111100010110010110001010111001111011110011001000100001101111010011011010101000000111011101001010001111110000011011001100001011111111000101100101100010101110011110111100110010001000011011110100110110101010000001110111010010000011111100000110110011000010111111110001011001011000101011100111101111001100100010000110111101001101101010100000011101110100111010111111000001101100110000101111111100010110010110001010111001111011110011001000100001101111010011011010101000000111011101001,True,True,True,True,True,True,True,True,True,True,269,245,117,31,30,26,31,256,257
551,11101000000000000100011100110011110010011001101010010101010111001111110010110011111010101101110001011010100011111011000000111101001010000000000001000111001100111100100110011010100101010101110011111100101100111110101011011100010110101000111110110000001111010110100000000000010001110011001111001001100110101001010101011100111111001011001111101010110111000101101010001111101100000011110110111000000000000100011100110011110010011001101010010101010111001111110010110011111010101101110001011010100011111011000000111101,True,True,True,True,True,True,True,True,True,True,261,253,132,48,42,21,20,255,257
552,01111011010010001001100111100000101001110111001011110101010001101110110111110100010110110101100010101001100010110110001101001000101110110100100010011001111000001010011101110010111101010100011011101101111101000101101101011000101010011000101101100011010010001111101101001000100110011110000010100111011100101111010101000110111011011111010001011011010110001010100110001011011000110100100000101011010010001001100111100000101001110111001011110101010001101110110111110100010110110101100010101001100010110110001101001000,True,True,True,True,True,True,True,True,True,True,263,293,162,10,39,34,31,256,256
553,11111110010000100000011000101111111010011001001010011110100010011110011101111011001011000100011001001000101100100111001010010011001111100100001000000110001011111110100110010010100111101000100111100111011110110010110001000110010010001011001001110010100100110111111001000010000001100010111111101001100100101001111010001001111001110111101100101100010001100100100010110010011100101001001110101110010000100000011000101111111010011001001010011110100010011110011101111011001011000100011001001000101100100111001010010011,False,True,True,True,True,True,False,True,True,True,251,257,112,16,21,56,28,256,256
554,10110011000010101100101100110101111010110100101101011111111110100001001001101010010101100110001010010110100101000100011011110101011100110000101011001011001101011110101101001011010111111111101000010010011010100101011001100010100101101001010001000110111101010011001100001010110010110011010111101011010010110101111111111010000100100110101001010110011000101001011010010100010001101111010111100011000010101100101100110101111010110100101101011111111110100001001001101010010101100110001010010110100101000100011011110101,False,True,False,False,True,False,True,True,True,True,267,311,190,8,57,40,21,257,256
555,01010010010001000111010111101000100001010001111011111001100001011110011010010000000000011010010000110101111010011010011110110001100100100100010001110101111010001000010100011110111110011000010111100110100100000000000110100100001101011110100110100111101100011101001001000100011101011110100010000101000111101111100110000101111001101001000000000001101001000011010111101001101001111011000100000010010001000111010111101000100001010001111011111001100001011110011010010000000000011010010000110101111010011010011110110001,True,True,True,True,True,True,True,True,True,True,235,248,125,47,17,34,37,255,258
556,00011010110011100011001000110001011101000011101010000001011010111010100011101111001111101100010111000110100110010001100100101111110110101100111000110010001100010111010000111010100000010110101110101000111011110011111011000101110001101001100100011001001011111001101011001110001100100011000101110100001110101000000101101011101010001110111100111110110001011100011010011001000110010010111101001010110011100011001000110001011101000011101010000001011010111010100011101111001111101100010111000110100110010001100100101111,True,True,True,True,True,True,True,True,True,True,259,266,128,16,33,29,37,257,256
557,10011001010011100111101110010111110100111000000101110101001101110011101000100000101100101100011110101111100111110111111001000110010110010100111001111011100101111101001110000001011101010011011100111010001000001011001011000111101011111001111101111110010001100001100101001110011110111001011111010011100000010111010100110111001110100010000010110010110001111010111110011111011111100100011011001001010011100111101110010111110100111000000101110101001101110011101000100000101100101100011110101111100111110111111001000110,True,True,True,True,True,True,True,True,True,True,283,246,114,21,29,30,21,256,256
558,01001011101110101110000110101000011010111010100100000010101101011001010010111001101110010101000011100011010010011110111010011001100010111011101011100001101010000110101110101001000000101011010110010100101110011011100101010000111000110100100111101110100110011100101110111010111000011010100001101011101010010000001010110101100101001011100110111001010100001110001101001001111011101001100100011011101110101110000110101000011010111010100100000010101101011001010010111001101110010101000011100011010010011110111010011001,False,True,False,True,True,True,True,True,True,True,257,298,171,24,47,28,22,257,257
559,11001000111001011111110101100001010011111100010000011011000011011101101100100000110110111010100000010001110001010100100110010111000010001110010111111101011000010100111111000100000110110000110111011011001000001101101110101000000100011100010101001001100101110100100011100101111111010110000101001111110001000001101100001101110110110010000011011011101010000001000111000101010010011001011110011000111001011111110101100001010011111100010000011011000011011101101100100000110110111010100000010001110001010100100110010111,True,True,True,True,True,True,True,True,True,True,249,251,121,37,28,35,37,255,256
560,01011010100010110101110111101100101100000011100111101101111000011001111111111000111011111000010000010110000101010000010011000000100110101000101101011101111011001011000000111001111011011110000110011111111110001110111110000100000101100001010100000100110000001101101010001011010111011110110010110000001110011110110111100001100111111111100011101111100001000001011000010101000001001100000000001010100010110101110111101100101100000011100111101101111000011001111111111000111011111000010000010110000101010000010011000000,True,True,True,True,True,True,True,True,True,True,255,223,106,56,30,26,35,256,254
561,10010101000011111000001111000111111101110000101000100100100101000000100000011100110010000000110001101000110000110100010000000010010101010000111110000011110001111111011100001010001001001001010000001000000111001100100000001100011010001100001101000100000000100001010100001111100000111100011111110111000010100010010010010100000010000001110011001000000011000110100011000011010001000000001011000101000011111000001111000111111101110000101000100100100101000000100000011100110010000000110001101000110000110100010000000010,False,False,False,True,False,True,True,False,True,True,195,212,95,81,17,40,54,254,258
562,11000110011110011110000100010000010110010111010111101101111111101100101100111101010111110010000001000110100010011110011011100001000001100111100111100001000100000101100101110101111011011111111011001011001111010101111100100000010001101000100111100110111000010100011001111001111000010001000001011001011101011110110111111110110010110011110101011111001000000100011010001001111001101110000110010110011110011110000100010000010110010111010111101101111111101100101100111101010111110010000001000110100010011110011011100001,True,True,True,True,True,True,True,True,True,True,269,237,107,30,26,35,31,256,258
563,11010111111101100111101110100111110111110100101000000100011101110110111100111000001100011011100100111001111011000000001100101101000101111111011001111011101001111101111101001010000001000111011101101111001110000011000110111001001110011110110000000011001011010101011111110110011110111010011111011111010010100000010001110111011011110011100000110001101110010011100111101100000000110010110110000111111101100111101110100111110111110100101000000100011101110110111100111000001100011011100100111001111011000000001100101101,True,True,True,True,True,True,True,True,True,True,283,225,93,41,13,17,22,252,256
564,10101010111001101011110101001110111000001100111000011100000001110110100101000011110111111111111111100101010100110001101011011101011010101110011010111101010011101110000011001110000111000000011101101001010000111101111111111111111001010101001100011010110111010010101011100110101111010100111011100000110011100001110000000111011010010100001111011111111111111110010101010011000110101101110111111010111001101011110101001110111000001100111000011100000001110110100101000011110111111111111111100101010100110001101011011101,True,True,True,True,True,True,True,True,True,True,293,245,134,32,38,9,20,258,257
565,10111110011011110000010001001110000001100011101010010011000110100101011101010000001101001000110001100011111011111110000111110010011111100110111100000100010011100000011000111010100100110001101001010111010100000011010010001100011000111110111111100001111100100011111001101111000001000100111000000110001110101001001100011010010101110101000000110100100011000110001111101111111000011111001011101110011011110000010001001110000001100011101010010011000110100101011101010000001101001000110001100011111011111110000111110010,True,True,True,True,True,True,True,True,True,True,251,228,97,36,17,24,41,257,257
566,11010100001111001111001010000000011101100000101011110100100000011110001010111010110111010101010011101010000100010010011110111100000101000011110011110010100000000111011000001010111101001000000111100010101110101101110101010100111010100001000100100111101111000101010000111100111100101000000001110110000010101111010010000001111000101011101011011101010101001110101000010001001001111011110010000100001111001111001010000000011101100000101011110100100000011110001010111010110111010101010011101010000100010010011110111100,True,True,True,True,True,True,True,True,True,True,243,260,154,51,44,32,31,257,255
567,00111101110010001110100011111100100100011011101001011000010011111101100100111011111110000010001000101011110000010100000000011011111111011100100011101000111111001001000110111010010110000100111111011001001110111111100000100010001010111100000101000000000110111011110111001000111010001111110010010001101110100101100001001111110110010011101111111000001000100010101111000001010000000001101101101101110010001110100011111100100100011011101001011000010011111101100100111011111110000010001000101011110000010100000000011011,True,True,True,True,True,True,True,True,True,True,255,224,103,44,16,40,36,256,257
568,01001100100101000101110110111111111111101001101101111100010110101010111001101100111001110011001000110010001011011001101100110010100011001001010001011101101111111111111010011011011111000101101010101110011011001110011100110010001100100010110110011011001100101100110010010100010111011011111111111110100110110111110001011010101011100110110011100111001100100011001000101101100110110011001000011100100101000101110110111111111111101001101101111100010110101010111001101100111001110011001000110010001011011001101100110010,True,True,True,True,True,True,True,True,True,True,289,271,122,1,30,32,18,256,256
569,01110100101110100011101011101001010111100010001101011110010101000010010011111011011010110001100110010001110010011011001100000011101101001011101000111010111010010101111000100011010111100101010000100100111110110110101100011001100100011100100110110011000000111111010010111010001110101110100101011110001000110101111001010100001001001111101101101011000110011001000111001001101100110000001100100100101110100011101011101001010111100010001101011110010101000010010011111011011010110001100110010001110010011011001100000011,True,True,True,True,True,True,True,True,True,True,259,278,138,16,32,34,28,256,258
570,11010110000110010011110001100011101011100111011001011111111001110100011010011110001100110010110000111001001101011000010001110001000101100001100100111100011000111010111001110110010111111110011101000110100111100011001100101100001110010011010110000100011100010101011000011001001111000110001110101110011101100101111111100111010001101001111000110011001011000011100100110101100001000111000110000110000110010011110001100011101011100111011001011111111001110100011010011110001100110010110000111001001101011000010001110001,False,True,True,False,True,True,True,True,True,True,263,241,85,13,21,23,38,256,258
571,01011100111110010101100001010011100000001000011010100000010101010000100010111000011011010001100110000011010101010010101000010100100111001111100101011000010100111000000010000110101000000101010100001000101110000110110100011001100000110101010100101010000101001101110011111001010110000101001110000000100001101010000001010101000010001011100001101101000110011000001101010101001010100001010000001100111110010101100001010011100000001000011010100000010101010000100010111000011011010001100110000011010101010010101000010100,False,False,True,True,True,False,True,True,True,True,207,279,169,59,57,33,41,258,256
572,10101100100101100000110001000100100101101110011101100111111111110010010110011011001100100010000001101110100000001010111011110000011011001001011000001100010001001001011011100111011001111111111100100101100110110011001000100000011011101000000010101110111100000010110010010110000011000100010010010110111001110110011111111111001001011001101100110010001000000110111010000000101011101111000011111100100101100000110001000100100101101110011101100111111111110010010110011011001100100010000001101110100000001010111011110000,True,True,True,True,True,True,True,True,True,True,249,240,103,43,22,45,27,256,254
573,10100000100001000101011001000000110101110011000101000010101001111001010011010101110111111101001010111100110000000101010011100001011000001000010001010110010000001101011100110001010000101010011110010100110101011101111111010010101111001100000001010100111000010010000010000100010101100100000011010111001100010100001010100111100101001101010111011111110100101011110011000000010101001110000111110000100001000101011001000000110101110011000101000010101001111001010011010101110111111101001010111100110000000101010011100001,False,True,True,True,True,False,True,True,True,True,233,271,160,47,53,39,32,255,258
574,00001000111001010001110100001001101000101011000111111010100010010110001011001101000100111101110100111000101110000000110010101000110010001110010100011101000010011010001010110001111110101000100101100010110011010001001111011101001110001011100000001100101010001000100011100101000111010000100110100010101100011111101010001001011000101100110100010011110111010011100010111000000011001010100001011000111001010001110100001001101000101011000111111010100010010110001011001101000100111101110100111000101110000000110010101000,True,True,True,True,True,True,True,True,True,True,233,271,142,22,37,41,45,257,255
575,00111100101011100010110100110110001010000110101010011111011101011001101010101111010111100110110110010001111111111001011110010100111111001010111000101101001101100010100001101010100111110111010110011010101011110101111001101101100100011111111110010111100101001011110010101110001011010011011000101000011010101001111101110101100110101010111101011110011011011001000111111111100101111001010001101100101011100010110100110110001010000110101010011111011101011001101010101111010111100110110110010001111111111001011110010100,False,False,True,True,True,False,True,True,True,True,295,285,163,4,53,25,17,255,255
576,01010111100001011000001110010111110001011110010100010111101111010101101110110101111000011101000011111101011100000101100000111111100101111000010110000011100101111100010111100101000101111011110101011011101101011110000111010000111111010111000001011000001111111101011110000101100000111001011111000101111001010001011110111101010110111011010111100001110100001111110101110000010110000011111100000111100001011000001110010111110001011110010100010111101111010101101110110101111000011101000011111101011100000101100000111111,True,True,True,True,True,True,True,True,True,True,283,232,126,38,44,25,33,256,256
577,01011100100000111001100110110001001000101111100100110001100011101011011110111001011110011011001100111101111100001010111011101100100111001000001110011001101100010010001011111001001100011000111010110111101110010111100110110011001111011111000010101110111011001101110010000011100110011011000100100010111110010011000110001110101101111011100101111001101100110011110111110000101011101110110000001100100000111001100110110001001000101111100100110001100011101011011110111001011110011011001100111101111100001010111011101100,True,True,True,True,True,True,True,True,True,True,279,247,93,15,21,29,25,252,255
578,00111010100101010011000110001000111111100001110100100101100101110001010110100001010110010111101010000011101100111000011100000101111110101001010100110001100010001111111000011101001001011001011100010101101000010101100101111010100000111011001110000111000001011011101010010101001100011000100011111110000111010010010110010111000101011010000101011001011110101000001110110011100001110000010101101010100101010011000110001000111111100001110100100101100101110001010110100001010110010111101010000011101100111000011100000101,True,True,True,True,True,True,True,True,True,True,247,272,150,28,50,36,36,252,257
579,10011100001011010011010100111010001110000100111011001111101101011011110011010000110011001101101100110100000110111001101001100111010111000010110100110101001110100011100001001110110011111011010110111100110100001100110011011011001101000001101110011010011001110001110000101101001101010011101000111000010011101100111110110101101111001101000011001100110110110011010000011011100110100110011111001100001011010011010100111010001110000100111011001111101101011011110011010000110011001101101100110100000110111001101001100111,True,True,True,True,True,True,True,True,True,True,271,267,108,20,13,8,21,255,256
580,10100010101110111001101000001000111100000101010100000100111001000100011001110001110010000010011110010011000101001010000100010111011000101011101110011010000010001111000001010101000001001110010001000110011100011100100000100111100100110001010010100001000101110010001010111011100110100000100011110000010101010000010011100100010001100111000111001000001001111001001100010100101000010001011111110010101110111001101000001000111100000101010100000100111001000100011001110001110010000010011110010011000101001010000100010111,False,False,True,True,True,True,False,False,True,True,217,255,125,36,32,53,47,256,256
581,01100101010001000100001100100110100110111010111000101110010011100000000110111010111001100100110010100011101111111010101000110011101001010100010001000011001001101001101110101110001011100100111000000001101110101110011001001100101000111011111110101010001100111110010101000100010000110010011010011011101011100010111001001110000000011011101011100110010011001010001110111111101010100011001100110101010001000100001100100110100110111010111000101110010011100000000110111010111001100100110010100011101111111010101000110011,True,True,True,True,True,True,True,True,True,True,253,270,132,24,32,31,28,256,256
582,10010101101001100000111010110110010000011100010010111001110000111100011100011100001100010101001110010100000100001001110001101000010101011010011000001110101101100100000111000100101110011100001111000111000111000011000101010011100101000001000010011100011010000001010110100110000011101011011001000001110001001011100111000011110001110001110000110001010100111001010000010000100111000110100011000101101001100000111010110110010000011100010010111001110000111100011100011100001100010101001110010100000100001001110001101000,False,True,True,True,True,True,True,False,True,True,223,244,105,40,28,32,48,256,255
583,10101110101010101111110011000110010011010001011110011100001101111010001011010111001111111110101011101011001011111001011000101011011011101010101011111100110001100100110100010111100111000011011110100010110101110011111111101010111010110010111110010110001010110010111010101010111111001100011001001101000101111001110000110111101000101101011100111111111010101110101100101111100101100010101111111110101010101111110011000110010011010001011110011100001101111010001011010111001111111110101011101011001011111001011000101011,False,False,True,True,True,False,True,True,True,True,301,277,160,4,58,25,20,256,256
584,11100001100111100010111100010101101101100101010000000010101011111010001101110010110100000110011011001011010010010010011110100111001000011001111000101111000101011011011001010100000000101010111110100011011100101101000001100110110010110100100100100111101001110110000110011110001011110001010110110110010101000000001010101111101000110111001011010000011001101100101101001001001001111010011110110001100111100010111100010101101101100101010000000010101011111010001101110010110100000110011011001011010010010010011110100111,True,True,True,True,True,True,True,True,True,True,253,279,147,31,40,37,24,256,256
585,11110111100111100001000000001011000110010100011001001001100010110000000000110010000000110100111010001000111010111000001011111010001101111001111000010000000010110001100101000110010010011000101100000000001100100000001101001110100010001110101110000010111110100111011110011110000100000000101100011001010001100100100110001011000000000011001000000011010011101000100011101011100000101111101010100111100111100001000000001011000110010100011001001001100010110000000000110010000000110100111010001000111010111000001011111010,False,False,True,True,False,True,True,True,True,True,211,226,100,76,22,36,41,256,256
586,00101110100110110101111111111110111101111101110101111011010111110100111110111111110111100100100100100011010110111011000010001110111011101001101101011111111111101111011111011101011110110101111101001111101111111101111001001001001000110101101110110000100011101010111010011011010111111111111011110111110111010111101101011111010011111011111111011110010010010010001101011011101100001000111001111110100110110101111111111110111101111101110101111011010111110100111110111111110111100100100100100011010110111011000010001110,False,False,True,True,True,True,True,True,True,True,337,241,130,4,19,21,12,258,256
587,01010000011010010001000001100110111010011001001100110010101010111110000101111010100000111001101111011010011011100101100010010010100100000110100100010000011001101110100110010011001100101010101111100001011110101000001110011011110110100110111001011000100100101101000001101001000100000110011011101001100100110011001010101011111000010111101010000011100110111101101001101110010110001001001000000000011010010001000001100110111010011001001100110010101010111110000101111010100000111001101111011010011011100101100010010010,True,True,True,True,True,True,True,True,True,True,243,277,139,33,31,37,24,257,257
588,11011110100010100001100001110000011010011100110000000110010001100101000111101010100001101100110100101100001111111101101111100000000111101000101000011000011100000110100111001100000001100100011001010001111010101000011011001101001011000011111111011011111000000101111010001010000110000111000001101001110011000000011001000110010100011110101010000110110011010010110000111111110110111110000010001110100010100001100001110000011010011100110000000110010001100101000111101010100001101100110100101100001111111101101111100000,True,True,True,True,True,True,True,True,True,True,239,230,100,52,21,18,40,257,254
589,11001111100100111000101000110100101100010101111101010000100101001111110100001010110001001001011101101010000111000110100000001110000011111001001110001010001101001011000101011111010100001001010011111101000010101100010010010111011010100001110001101000000011100100111110010011100010100011010010110001010111110101000010010100111111010000101011000100100101110110101000011100011010000000111010011111100100111000101000110100101100010101111101010000100101001111110100001010110001001001011101101010000111000110100000001110,True,True,True,True,True,True,True,True,True,True,241,270,152,30,40,41,37,257,258
590,01111101010111001101111111101100110110000011101111101100001001101111100011110000001001000000101001111011011111001110011000011011101111010101110011011111111011001101100000111011111011000010011011111000111100000010010000001010011110110111110011100110000110111111110101011100110111111110110011011000001110111110110000100110111110001111000000100100000010100111101101111100111001100001101100101101010111001101111111101100110110000011101111101100001001101111100011110000001001000000101001111011011111001110011000011011,False,True,False,False,True,True,True,True,True,True,287,216,84,40,13,17,24,257,256
591,11111010011101101110011000111000111101010001110101110010110100101001101011001001100001010001010101101101101101000000101111000110001110100111011011100110001110001111010100011101011100101101001010011010110010011000010100010101011011011011010000001011110001100111101001110110111001100011100011110101000111010111001011010010100110101100100110000101000101010110110110110100000010111100011010101010011101101110011000111000111101010001110101110010110100101001101011001001100001010001010101101101101101000000101111000110,True,True,True,True,True,True,True,True,True,True,263,292,159,16,43,24,29,256,257
592,01101010010110111010001100111101001100010010000000100110001100101000110101001111011010000110010111111101001110110001011111100001101010100101101110100011001111010011000100100000001001100011001010001101010011110110100001100101111111010011101100010111111000011110101001011011101000110011110100110001001000000010011000110010100011010100111101101000011001011111110100111011000101111110000100111010010110111010001100111101001100010010000000100110001100101000110101001111011010000110010111111101001110110001011111100001,True,True,True,True,True,True,True,True,True,True,257,260,127,24,24,29,32,256,258
593,11001000101101111000101111111110111110101010010111110100010110010111001001010100100111110101011010000010001101101010101010111110000010001011011110001011111111101111101010100101111101000101100101110010010101001001111101010110100000100011011010101010101111100100100010110111100010111111111011111010101001011111010001011001011100100101010010011111010101101000001000110110101010101011111010011000101101111000101111111110111110101010010111110100010110010111001001010100100111110101011010000010001101101010101010111110,False,True,True,False,True,False,True,True,True,True,285,294,195,10,64,40,21,254,256
594,10001100101000110100001011000110011010100011111100011110101011001010100010101010111000001011100000110011011110000011100100100011010011001010001101000010110001100110101000111111000111101010110010101000101010101110000010111000001100110111100000111001001000110000110010100011010000101100011001101010001111110001111010101100101010001010101011100000101110000011001101111000001110010010001111011100101000110100001011000110011010100011111100011110101011001010100010101010111000001011100000110011011110000011100100100011,True,True,True,True,True,True,True,True,True,True,241,267,140,29,48,28,42,260,256
595,00110101101010011100010111001111101110110110010111111100001100110011110100010101000110100101001010001010100110110111110000101101111101011010100111000101110011111011101101100101111111000011001100111101000101010001101001010010100010101001101101111100001011011011010110101001110001011100111110111011011001011111110000110011001111010001010100011010010100101000101010011011011111000010110101100101101010011100010111001111101110110110010111111100001100110011110100010101000110100101001010001010100110110111110000101101,True,True,True,True,True,True,True,True,True,True,279,286,159,8,45,29,24,257,256
596,00011011000011110110100101000010001011000101010101000110110110111001000100111100000111010101010111111110101010010101100000111011110110110000111101101001010000100010110001010101010001101101101110010001001111000001110101010101111111101010100101011000001110111001101100001111011010010100001000101100010101010100011011011011100100010011110000011101010101011111111010101001010110000011101101001011000011110110100101000010001011000101010101000110110110111001000100111100000111010101010111111110101010010101100000111011,False,True,True,False,True,False,True,True,True,True,259,290,180,24,57,29,33,257,256
597,00111100011101101001101011010111100000001000101111000010111111011100000100000000101011010101111110001000001010000111000111000101111111000111011010011010110101111000000010001011110000101111110111000001000000001010110101011111100010000010100001110001110001011011110001110110100110101101011110000000100010111100001011111101110000010000000010101101010111111000100000101000011100011100010101101100011101101001101011010111100000001000101111000010111111011100000100000000101011010101111110001000001010000111000111000101,True,True,True,True,True,True,True,True,True,True,243,232,129,60,41,32,44,257,257
598,01010001110100110011101000001011010000100001100010101111110100010110111010110111001110111111000000000110110001001010111000010001100100011101001100111010000010110100001000011000101011111101000101101110101101110011101111110000000001101100010010101110000100011101000111010011001110100000101101000010000110001010111111010001011011101011011100111011111100000000011011000100101011100001000100000001110100110011101000001011010000100001100010101111110100010110111010110111001110111111000000000110110001001010111000010001,True,True,True,True,True,True,True,True,True,True,243,248,129,48,29,30,40,256,256
599,10001010011110000000110100101100000110000111000110000001011111001001100000110000101100110100010000010001100110100000101101011011010010100111100000001101001011000001100001110001100000010111110010011000001100001011001101000100000100011001101000001011010110110000101001111000000011010010110000011000011100011000000101111100100110000011000010110011010001000001000110011010000010110101101111011010011110000000110100101100000110000111000110000001011111001001100000110000101100110100010000010001100110100000101101011011,False,False,True,True,False,True,True,False,True,True,209,235,99,69,23,31,46,257,256
600,00011011001000011011101110111011110000011110000100100110110100111001100111100011101000101011111101011110101100111111101100001011110110110010000110111011101110111100000111100001001001101101001110011001111000111010001010111111010111101011001111111011000010111001101100100001101110111011101111000001111000010010011011010011100110011110001110100010101111110101111010110011111110110000101101001011001000011011101110111011110000011110000100100110110100111001100111100011101000101011111101011110101100111111101100001011,True,True,True,True,True,True,True,True,True,True,291,242,108,20,21,21,25,256,257
601,00010111010000000010111010110110111011000111010011001000010101110101100011010100000000000110010001110110010010101000000101100111110101110100000000101110101101101110110001110100110010000101011101011000110101000000000001100100011101100100101010000001011001111001011101000000001011101011011011101100011101001100100001010111010110001101010000000000011001000111011001001010100000010110011101000111010000000010111010110110111011000111010011001000010101110101100011010100000000000110010001110110010010101000000101100111,False,True,True,True,False,True,True,True,True,True,227,264,145,68,39,30,30,257,256
602,10110111101010000101000011101001100100001011010001001000110001010001000100011110001001011101000010110000011001000100011010100000011101111010100001010000111010011001000010110100010010001100010100010001000111100010010111010000101100000110010001000110101000000011011110101000010100001110100110010000101101000100100011000101000100010001111000100101110100001011000001100100010001101010000011100111101010000101000011101001100100001011010001001000110001010001000100011110001001011101000010110000011001000100011010100000,False,False,True,True,True,True,False,False,True,True,203,266,141,35,28,52,59,254,254
603,01100011001001111010110110100000100010001101011110101110001100001000100111000011101100101110100010011000001010101101111100110001101000110010011110101101101000001000100011010111101011100011000010001001110000111011001011101000100110000010101011011111001100011110001100100111101011011010000010001000110101111010111000110000100010011100001110110010111010001001100000101010110111110011000100110011001001111010110110100000100010001101011110101110001100001000100111000011101100101110100010011000001010101101111100110001,True,True,True,True,True,True,True,True,True,True,245,262,125,24,28,33,43,257,257
604,00100010101010010011001000001101011011100000100011011111101010100001100000101111010011101110010100001010101001010100001110010110111000101010100100110010000011010110111000001000110111111010101000011000001011110100111011100101000010101010010101000011100101101010001010101001001100100000110101101110000010001101111110101010000110000010111101001110111001010000101010100101010000111001011001110010101010010011001000001101011011100000100011011111101010100001100000101111010011101110010100001010101001010100001110010110,False,True,True,False,True,False,True,True,True,True,237,291,179,36,57,37,31,257,256
605,00110001111111000000000000010001101000100111100101001001110000011101011100010010101100111011110010100011010111000000111001000000111100011111110000000000000100011010001001111001010010011100000111010111000100101011001110111100101000110101110000001110010000001011000111111100000000000001000110100010011110010100100111000001110101110001001010110011101111001010001101011100000011100100000001100001111111000000000000010001101000100111100101001001110000011101011100010010101100111011110010100011010111000000111001000000,False,True,True,True,False,True,True,True,True,True,223,219,98,74,25,33,35,257,254
606,10101000011111111100011010010011010010101110101101111101100001100011010000101110001011000010111000110011010111111000001100110001011010000111111111000110100100110100101011101011011111011000011000110100001011100010110000101110001100110101111110000011001100010010100001111111110001101001001101001010111010110111110110000110001101000010111000101100001011100011001101011111100000110011000111111000011111111100011010010011010010101110101101111101100001100011010000101110001011000010111000110011010111111000001100110001,True,True,True,True,True,True,True,True,True,True,265,245,114,24,31,23,40,258,258
607,10100100101011001011111110101011010100110001000010000100011110110011011101001001111010110111101111100010101101000111001101011100011001001010110010111111101010110101001100010000100001000111101100110111010010011110101101111011111000101011010001110011010111000010010010101100101111111010101101010011000100001000010001111011001101110100100111101011011110111110001010110100011100110101110011110100101011001011111110101011010100110001000010000100011110110011011101001001111010110111101111100010101101000111001101011100,True,True,True,True,True,True,True,True,True,True,277,282,157,9,40,32,26,256,255
608,10100001000100110000001001101101101010001110010110100100010010100111011010011001101000111011100101110001000000011110110110101000011000010001001100000010011011011010100011100101101001000100101001110110100110011010001110111001011100010000000111101101101010000010000100010011000000100110110110101000111001011010010001001010011101101001100110100011101110010111000100000001111011011010100011110001000100110000001001101101101010001110010110100100010010100111011010011001101000111011100101110001000000011110110110101000,True,True,True,True,True,True,True,True,True,True,233,274,136,34,20,37,35,252,255
609,10110000000100001111000110110000010000100011110101000010000110011011001001110000110110001101011100000010100110010110111000101110011100000001000011110001101100000100001000111101010000100001100110110010011100001101100011010111000000101001100101101110001011100011000000010000111100011011000001000010001111010100001000011001101100100111000011011000110101110000001010011001011011100010111011100000000100001111000110110000010000100011110101000010000110011011001001110000110110001101011100000010100110010110111000101110,False,True,True,True,True,True,True,False,True,True,219,234,96,57,20,32,49,257,256
610,00010011101001111010011101100001011111111101110100000000000110000110111010111110001011000001011011100100100011111010110010111111110100111010011110100111011000010111111111011101000000000001100001101110101111100010110000010110111001001000111110101100101111111001001110100111101001110110000101111111110111010000000000011000011011101011111000101100000101101110010010001111101011001011111101000011101001111010011101100001011111111101110100000000000110000110111010111110001011000001011011100100100011111010110010111111,True,True,True,True,True,True,True,True,True,True,275,224,110,49,24,26,26,256,256
611,01001000000111101101100001000111110100001100011010010110101001000000111000110111010101110100000100011100011011010101101100110111100010000001111011011000010001111101000011000110100101101010010000001110001101110101011101000001000111000110110101011011001101111100100000011110110110000100011111010000110001101001011010100100000011100011011101010111010000010001110001101101010110110011011100011000000111101101100001000111110100001100011010010110101001000000111000110111010101110100000100011100011011010101101100110111,True,True,True,True,True,True,True,True,True,True,245,258,129,40,24,19,42,256,256
612,01111110011111010001000101100101100110011010001000100101111010101100001101001111100011010010001101000110000001001000001000000101101111100111110100010001011001011001100110100010001001011110101011000011010011111000110100100011010001100000010010000010000001011111111001111101000100010110010110011001101000100010010111101010110000110100111110001101001000110100011000000100100000100000010100101110011111010001000101100101100110011010001000100101111010101100001101001111100011010010001101000110000001001000001000000101,True,True,True,True,True,True,True,True,True,True,227,256,126,36,25,45,44,257,257
613,01011010111100010101110111011101001101010111101100110000010101100110110000101001010001001100011001111000111000100000111000011011100110101111000101011101110111010011010101111011001100000101011001101100001010010100010011000110011110001110001000001110000110111101101011110001010111011101110100110101011110110011000001010110011011000010100101000100110001100111100011100010000011100001101100001010111100010101110111011101001101010111101100110000010101100110110000101001010001001100011001111000111000100000111000011011,True,True,True,True,True,True,True,True,True,True,255,266,129,25,38,25,37,258,256
614,10100101011101101001101101011101011010011010010100000110001000001110110010001001011001011101000100111000101101010000101000101101011001010111011010011011010111010110100110100101000001100010000011101100100010010110010111010001001110001011010100001010001011010010010101110110100110110101110101101001101001010000011000100000111011001000100101100101110100010011100010110101000010100010110111110101011101101001101101011101011010011010010100000110001000001110110010001001011001011101000100111000101101010000101000101101,False,True,False,False,True,True,True,True,True,True,241,311,185,20,45,44,32,255,257
615,10011010001101101001001101011100000010011000101011100101000100000010101001100001011101100000100001111110000111010011000100011100010110100011011010010011010111000000100110001010111001010001000000101010011000010111011000001000011111100001110100110001000111000001101000110110100100110101110000001001100010101110010100010000001010100110000101110110000010000111111000011101001100010001110011001010001101101001001101011100000010011000101011100101000100000010101001100001011101100000100001111110000111010011000100011100,False,True,True,True,True,True,True,False,True,True,219,254,124,46,30,38,46,257,255
616,10100100001100110110001010000011000001110100101100110001000110000110011001011111001100010010001110111111010010110000000010111010011001000011001101100010100000110000011101001011001100010001100001100110010111110011000100100011101111110100101100000000101110100010010000110011011000101000001100000111010010110011000100011000011001100101111100110001001000111011111101001011000000001011101011110100001100110110001010000011000001110100101100110001000110000110011001011111001100010010001110111111010010110000000010111010,True,True,True,True,True,True,True,True,True,True,229,242,99,44,21,36,41,256,257
617,10000101010001110111100011010110001000000010110001111000000011010110010001000000011010111111101000110111000111111000010111100011010001010100011101111000110101100010000000101100011110000000110101100100010000000110101111111010001101110001111110000101111000110000010101000111011110001101011000100000001011000111100000001101011001000100000001101011111110100011011100011111100001011110001111010101010001110111100011010110001000000010110001111000000011010110010001000000011010111111101000110111000111111000010111100011,False,True,True,True,True,True,True,False,True,True,241,221,106,55,29,23,51,257,257
618,00001000101001010100011111001000100111001100111000101110010001010001000011110000110100010001110000100000111111110010100010111101110010001010010101000111110010001001110011001110001011100100010100010000111100001101000100011100001000001111111100101000101111011000100010100101010001111100100010011100110011100010111001000101000100001111000011010001000111000010000011111111001010001011110101011000101001010100011111001000100111001100111000101110010001010001000011110000110100010001110000100000111111110010100010111101,False,True,True,True,True,True,False,False,True,True,233,242,116,21,30,51,54,257,257
619,01100001101100111101110001001011011010100101111001011001000101110001010111100011100011000111101110001111110000100001111011011111101000011011001111011100010010110110101001011110010110010001011100010101111000111000110001111011100011111100001000011110110111111110000110110011110111000100101101101010010111100101100100010111000101011110001110001100011110111000111111000010000111101101111100110001101100111101110001001011011010100101111001011001000101110001010111100011100011000111101110001111110000100001111011011111,True,True,True,True,True,True,True,True,True,True,281,238,103,11,28,32,40,257,256
620,10101010100101111111010100000111101010001101101011011100011000100111100101111000111001111110111110111101100111000100110011100110011010101001011111110101000001111010100011011010110111000110001001111001011110001110011111101111101111011001110001001100111001100010101010010111111101010000011110101000110110101101110001100010011110010111100011100111111011111011110110011100010011001110011011111010100101111111010100000111101010001101101011011100011000100111100101111000111001111110111110111101100111000100110011100110,False,False,True,True,True,True,True,True,True,True,297,248,116,8,29,17,25,257,256
621,00010110111001111001111010100100110000000100011010011000111011001100101111101111100111101011011001000100001011110100111011001010110101101110011110011110101001001100000001000110100110001110110011001011111011111001111010110110010001000010111101001110110010101001011011100111100111101010010011000000010001101001100011101100110010111110111110011110101101100100010000101111010011101100101001000110111001111001111010100100110000000100011010011000111011001100101111101111100111101011011001000100001011110100111011001010,True,True,True,True,True,True,True,True,True,True,271,261,120,20,25,31,22,256,256
622,00011111110111110100011111011011110010010101110001110011110001010111101011011100100111111000110010001000011011000000001100100001110111111101111101000111110110111100100101011100011100111100010101111010110111001001111110001100100010000110110000000011001000011001111111011111010001111101101111001001010111000111001111000101011110101101110010011111100011001000100001101100000000110010000101001111110111110100011111011011110010010101110001110011110001010111101011011100100111111000110010001000011011000000001100100001,True,True,True,True,True,True,True,True,True,True,275,226,97,28,21,29,33,256,256
623,00000110101111101100010001110110011111000001110111001010000100011110001001001011000110101010000000011011110010101000101001010100110001101011111011000100011101100111110000011101110010100001000111100010010010110001101010100000000110111100101010001010010101001000011010111110110001000111011001111100000111011100101000010001111000100100101100011010101000000001101111001010100010100101010001010110101111101100010001110110011111000001110111001010000100011110001001001011000110101010000000011011110010101000101001010100,True,True,True,True,True,True,True,True,True,True,237,265,145,35,42,38,40,256,256
624,01111101001111001001101101111010010000111110101110101111000110111101000101111010111010100111010010110000101001111101000010001001101111010011110010011011011110100100001111101011101011110001101111010001011110101110101001110100101100001010011111010000100010011111110100111100100110110111101001000011111010111010111100011011110100010111101011101010011101001011000010100111110100001000100100101101001111001001101101111010010000111110101110101111000110111101000101111010111010100111010010110000101001111101000010001001,True,True,True,True,True,True,True,True,True,True,283,272,154,12,29,30,24,257,257
625,01010000101111011011010101100000000001101111001010011010000010001101111011101000110000101110011111000101100001010011011000111111100100001011110110110101011000000000011011110010100110100000100011011110111010001100001011100111110001011000010100110110001111111101000010111101101101010110000000000110111100101001101000001000110111101110100011000010111001111100010110000101001101100011111100000000101111011011010101100000000001101111001010011010000010001101111011101000110000101110011111000101100001010011011000111111,True,True,True,True,True,True,True,True,True,True,251,240,119,52,29,25,36,257,256
626,01000001111010100000010010101001110111000010000010100010000001011011001111100111011110100011000100011111111111100010011111110100100000011110101000000100101010011101110000100000101000100000010110110011111001110111101000110001000111111111111000100111111101001100000111101010000001001010100111011100001000001010001000000101101100111110011101111010001100010001111111111110001001111111010000010001111010100000010010101001110111000010000010100010000001011011001111100111011110100011000100011111111111100010011111110100,False,True,False,True,True,True,True,True,True,True,253,217,108,45,20,34,41,256,256
627,10001101110111001000010101110000111000011100100100101110101110001100101101100011110110100111001010100110010111001110110011111010010011011101110010000101011100001110000111001001001011101011100011001011011000111101101001110010101001100101110011101100111110100000110111011100100001010111000011100001110010010010111010111000110010110110001111011010011100101010011001011100111011001111101011011101110111001000010101110000111000011100100100101110101110001100101101100011110110100111001010100110010111001110110011111010,True,True,True,True,True,True,True,True,True,True,273,270,125,14,33,33,22,255,256
628,01110100111011011111100000111011111001000010101011100000111101101111100111010010000110010011011010001100100111001111110111010000101101001110110111111000001110111110010000101010111000001111011011111001110100100001100100110110100011001001110011111101110100001111010011101101111110000011101111100100001010101110000011110110111110011101001000011001001101101000110010011100111111011101000000100100111011011111100000111011111001000010101011100000111101101111100111010010000110010011011010001100100111001111110111010000,True,True,True,True,True,True,True,True,True,True,279,235,103,30,13,23,23,255,255
629,10100001010110011101101100011001111111010100010010100000011101001111110000111000011101101111000010101100100111001111010111110101011000010101100111011011000110011111110101000100101000000111010011111100001110000111011011110000101011001001110011110101111101010010000101011001110110110001100111111101010001001010000001110100111111000011100001110110111100001010110010011100111101011111010111110001010110011101101100011001111111010100010010100000011101001111110000111000011101101111000010101100100111001111010111110101,True,True,True,True,True,True,True,True,True,True,277,247,124,27,33,21,28,256,256
630,10001101111010000011011111111000010010001110011100100011011011111010101011101001000011001011100100001111001100100110101110000011010011011110100000110111111110000100100011100111001000110110111110101010111010010000110010111001000011110011001001101011100000110000110111101000001101111111100001001000111001110010001101101111101010101110100100001100101110010000111100110010011010111000001111011101111010000011011111111000010010001110011100100011011011111010101011101001000011001011100100001111001100100110101110000011,True,True,True,True,True,True,True,True,True,True,265,243,108,29,20,28,30,256,258
631,11100101001110111000110011001100011011010100110010111100111000010011010011111100010100100001010101100011011011001111011001100010001001010011101110001100110011000110110101001100101111001110000100110100111111000101001000010101011000110110110011110110011000100110010100111011100011001100110001101101010011001011110011100001001101001111110001010010000101010110001101101100111101100110001010110101001110111000110011001100011011010100110010111100111000010011010011111100010100100001010101100011011011001111011001100010,True,True,True,True,True,True,True,True,True,True,261,274,118,8,30,28,29,256,257
632,10010000010110110001011000110011000000100101110010011001000000011011110001010001010100111111101010100101010010011000000000010110010100000101101100010110001100110000001001011100100110010000000110111100010100010101001111111010101001010100100110000000000101100001000001011011000101100011001100000010010111001001100100000001101111000101000101010011111110101010010101001001100000000001011011000000010110110001011000110011000000100101110010011001000000011011110001010001010100111111101010100101010010011000000000010110,False,False,True,True,False,True,True,True,True,True,211,260,140,67,45,47,33,254,259
633,11100101001100010011110100000111011010100001000101001010111110100001111001100110001101100001111001100101000111101010000010010111001001010011000100111101000001110110101000010001010010101111101000011110011001100011011000011110011001010001111010100000100101110110010100110001001111010000011101101010000100010100101011111010000111100110011000110110000111100110010100011110101000001001011110110101001100010011110100000111011010100001000101001010111110100001111001100110001101100001111001100101000111101010000010010111,True,True,True,True,True,True,True,True,True,True,245,263,132,28,32,32,36,257,256
634,01000111100111100000011111011011101100010011100011111100111100110110101000011010111011010100111101101011000100011010000010001100100001111001111000000111110110111011000100111000111111001111001101101010000110101110110101001111011010110001000110100000100011001100011110011110000001111101101110110001001110001111110011110011011010100001101011101101010011110110101100010001101000001000110000010111100111100000011111011011101100010011100011111100111100110110101000011010111011010100111101101011000100011010000010001100,True,True,True,True,True,True,True,True,True,True,269,241,105,27,17,14,36,255,255
635,01101000001010011001100001000101000010010010000101100111001101010001011101111000101100110000110000100101101000010101100000101100101010000010100110011000010001010000100100100001011001110011010100010111011110001011001100001100001001011010000101011000001011001110100000101001100110000100010100001001001000010110011100110101000101110111100010110011000011000010010110100001010110000010110000111000001010011001100001000101000010010010000101100111001101010001011101111000101100110000110000100101101000010101100000101100,False,False,True,True,True,True,False,True,True,True,209,273,138,41,42,53,45,257,256
636,11110001101110110100100011111000001011011111110101000010001111100011001111000111111111011010110110111111101000000010000111010100001100011011101101001000111110000010110111111101010000100011111000110011110001111111110110101101101111111010000000100001110101000111000110111011010010001111100000101101111111010100001000111110001100111100011111111101101011011011111110100000001000011101010010100001101110110100100011111000001011011111110101000010001111100011001111000111111111011010110110111111101000000010000111010100,False,True,False,True,True,True,True,True,True,True,283,218,107,34,17,17,38,257,255
637,00101010100100110110011011111011110110000100110010110111011110101111011110111100000101100010110000101100010111101101001000100001111010101001001101100110111110111101100001001100101101110111101011110111101111000001011000101100001011000101111011010010001000011010101010010011011001101111101111011000010011001011011101111010111101111011110000010110001011000010110001011110110100100010000101111010100100110110011011111011110110000100110010110111011110101111011110111100000101100010110000101100010111101101001000100001,True,True,True,True,True,True,True,True,True,True,277,268,140,20,34,38,28,256,257
638,10000110010101000100110011111100110100011011000101001000101011101001001000110111111111111011100101100110011010100100110010100110010001100101010001001100111111001101000110110001010010001010111010010010001101111111111110111001011001100110101001001100101001100000011001010100010011001111110011010001101100010100100010101110100100100011011111111111101110010110011001101010010011001010011011010110010101000100110011111100110100011011000101001000101011101001001000110111111111111011100101100110011010100100110010100110,True,True,True,True,True,True,True,True,True,True,265,280,139,4,33,41,23,257,256
639,11011100100111110010110011011101101100011110000010011000110110100001001011001101100101011010000001011111010001000000100111011001000111001001111100101100110111011011000111100000100110001101101000010010110011011001010110100000010111110100010000001001110110010101110010011111001011001101110110110001111000001001100011011010000100101100110110010101101000000101111101000100000010011101100110001100100111110010110011011101101100011110000010011000110110100001001011001101100101011010000001011111010001000000100111011001,True,True,True,True,True,True,True,True,True,True,247,259,115,36,22,38,30,256,257
640,00011111101110010010110100110110111011001011011101111000000011111011001100011101011001110110101110001110110101101111001110100001110111111011100100101101001101101110110010110111011110000000111110110011000111010110011101101011100011101101011011110011101000011001111110111001001011010011011011101100101101110111100000001111101100110001110101100111011010111000111011010110111100111010000101001111101110010010110100110110111011001011011101111000000011111011001100011101011001110110101110001110110101101111001110100001,False,False,True,True,True,True,True,True,True,True,299,258,117,20,21,13,17,257,258
641,01100011100100111111100010100111110001000111010001110011001111000110010000011101000111001000011011011011001110111101111001000101101000111001001111111000101001111100010001110100011100110011110001100100000111010001110010000110110110110011101111011110010001011110001110010011111110001010011111000100011101000111001100111100011001000001110100011100100001101101101100111011110111100100010100110011100100111111100010100111110001000111010001110011001111000110010000011101000111001000011011011011001110111101111001000101,False,True,True,False,True,True,True,True,True,True,269,230,81,12,8,28,39,257,256
642,11001010011100100100000110101111100011000011110010000111011001100010010100001010001000000001000011110001010001100110100111101100000010100111001001000001101011111000110000111100100001110110011000100101000010100010000000010000111100010100011001101001111011000100101001110010010000011010111110001100001111001000011101100110001001010000101000100000000100001111000101000110011010011110110010011010011100100100000110101111100011000011110010000111011001100010010100001010001000000001000011110001010001100110100111101100,False,False,True,True,True,True,True,False,True,True,217,238,101,47,19,41,46,256,255
643,01110100101110101101110111111111100000000110010001011100110100011011001010000010001010100101110101100000011000101010000111010101101101001011101011011101111111111000000001100100010111001101000110110010100000100010101001011101011000000110001010100001110101011111010010111010110111011111111110000000011001000101110011010001101100101000001000101010010111010110000001100010101000011101010100100100101110101101110111111111100000000110010001011100110100011011001010000010001010100101110101100000011000101010000111010101,True,True,True,True,True,True,True,True,True,True,247,270,160,44,48,34,32,254,256
644,00110010010000000111010000100010110000000011110000010010011000111110010110001111001011011101111111010001010101100100101100111010111100100100000001110100001000101100000000111100000100100110001111100101100011110010110111011111110100010101011001001011001110101011001001000000011101000010001011000000001111000001001001100011111001011000111100101101110111111101000101010110010010110011101001100010010000000111010000100010110000000011110000010010011000111110010110001111001011011101111111010001010101100100101100111010,True,True,True,True,True,True,True,True,True,True,239,243,117,48,31,44,33,256,256
645,10110101100010110100010111011110001111001011111011111001111101001100110101010101110001011010110100101111001000101000111110101010011101011000101101000101110111100011110010111110111110011111010011001101010101011100010110101101001011110010001010001111101010100011010110001011010001011101111000111100101111101111100111110100110011010101010111000101101011010010111100100010100011111010101011100101100010110100010111011110001111001011111011111001111101001100110101010101110001011010110100101111001000101000111110101010,False,True,True,True,True,False,True,True,True,True,291,290,175,0,57,29,25,256,256
646,11001110110000110100110011010011101001001010111110000100000111100110101010100101101100001000100100001101001111110101011100001011000011101100001101001100110100111010010010101111100001000001111001101010101001011011000010001001000011010011111101010111000010110100111011000011010011001101001110100100101011111000010000011110011010101010010110110000100010010000110100111111010101110000101110011110110000110100110011010011101001001010111110000100000111100110101010100101101100001000100100001101001111110101011100001011,True,True,True,True,True,True,True,True,True,True,249,275,146,29,36,32,29,257,257
647,10111001010010100000110111001101011101111111101110111101001100010110000010110101100001011111110011000000001101001100000111100000011110010100101000001101110011010111011111111011101111010011000101100000101101011000010111111100110000000011010011000001111000000011100101001010000011011100110101110111111110111011110100110001011000001011010110000101111111001100000000110100110000011110000011101001010010100000110111001101011101111111101110111101001100010110000010110101100001011111110011000000001101001100000111100000,True,True,True,True,True,True,True,True,True,True,259,228,108,59,28,20,27,255,255
648,01100111101100000100100001110011101101110111000001010011110011111010010010001111111101010010110110001001111100011101011000001000101001111011000001001000011100111011011101110000010100111100111110100100100011111111010100101101100010011111000111010110000010001110011110110000010010000111001110110111011100000101001111001111101001001000111111110101001011011000100111110001110101100000100000110111101100000100100001110011101101110111000001010011110011111010010010001111111101010010110110001001111100011101011000001000,True,True,True,True,True,True,True,True,True,True,265,235,105,30,17,33,31,256,257
649,10101110000111101011111010100001010011010000101111101111101011010111000010100011011101100000111010100110101010001000100111010111011011100001111010111110101000010100110100001011111011111010110101110000101000110111011000001110101001101010100010001001110101110010111000011110101111101010000101001101000010111110111110101101011100001010001101110110000011101010011010101000100010011101011111111110000111101011111010100001010011010000101111101111101011010111000010100011011101100000111010100110101010001000100111010111,True,True,True,True,True,True,True,True,True,True,273,277,172,24,46,21,32,256,256
650,10011000011111001110000101001001100011010100000011101111000110001001111111001100110110001010110100011000011100110000111100111001010110000111110011100001010010011000110101000000111011110001100010011111110011001101100010101101000110000111001100001111001110010001100001111100111000010100100110001101010000001110111100011000100111111100110011011000101011010001100001110011000011110011100111001000011111001110000101001001100011010100000011101111000110001001111111001100110110001010110100011000011100110000111100111001,False,True,True,False,True,True,True,True,True,True,251,227,76,28,18,19,41,258,257
651,00100011000000110111001111010100110011100100100100011001111011101000101101010110010000100110111100010001110111111100110111100001111000110000001101110011110101001100111001001001000110011110111010001011010101100100001001101111000100011101111111001101111000011010001100000011011100111101010011001110010010010001100111101110100010110101011001000010011011110001000111011111110011011110000101110011000000110111001111010100110011100100100100011001111011101000101101010110010000100110111100010001110111111100110111100001,True,True,True,True,True,True,True,True,True,True,265,246,102,20,17,30,31,254,258
652,11000000001111000000000001110010011101000000100111101001111100100101000110110111011100111110010010010000010001101000101101100111000000000011110000000000011100100111010000001001111010011111001001010001101101110111001111100100100100000100011010001011011001110100000000111100000000000111001001110100000010011110100111110010010100011011011101110011111001001001000001000110100010110110011110010000001111000000000001110010011101000000100111101001111100100101000110110111011100111110010010010000010001101000101101100111,False,True,True,True,False,True,True,True,True,True,229,221,91,72,8,37,28,256,256
653,10101010111111100000001101000001000100011111100101000001000000111010001111111100001111011100100001000010110111010111111001011111011010101111111000000011010000010001000111111001010000010000001110100011111111000011110111001000010000101101110101111110010111110010101011111110000000110100000100010001111110010100000100000011101000111111110000111101110010000100001011011101011111100101111111111010111111100000001101000001000100011111100101000001000000111010001111111100001111011100100001000010110111010111111001011111,False,True,False,True,True,True,True,True,True,True,261,205,107,56,25,33,40,256,256
654,11001000011000100011110111000010110100011011011110010110000001100001110100011000101000100001101000111110011000011010101000111111000010000110001000111101110000101101000110110111100101100000011000011101000110001010001000011010001111100110000110101010001111110100100001100010001111011100001011010001101101111001011000000110000111010001100010100010000110100011111001100001101010100011111110011000011000100011110111000010110100011011011110010110000001100001110100011000101000100001101000111110011000011010101000111111,False,True,True,True,True,True,True,False,True,True,237,235,101,33,20,23,57,257,256
655,10100011100011010101100100111000101000110111111000011101100000100100110001011110101011000111000001100001101111000001100010010010011000111000110101011001001110001010001101111110000111011000001001001100010111101010110001110000011000011011110000011000100100100010001110001101010110010011100010100011011111100001110110000010010011000101111010101100011100000110000110111100000110001001001011110011100011010101100100111000101000110111111000011101100000100100110001011110101011000111000001100001101111000001100010010010,False,True,True,True,True,True,True,False,True,True,237,242,102,32,25,33,48,256,256
656,11011001111101000011101100110101000001101101101001010001001101011011100000111001011010010101100111111000011100111001101110000011000110011111010000111011001101010000011011011010010100010011010110111000001110010110100101011001111110000111001110011011100000110101100111110100001110110011010100000110110110100101000100110101101110000011100101101001010110011111100001110011100110111000001110001001111101000011101100110101000001101101101001010001001101011011100000111001011010010101100111111000011100111001101110000011,True,True,True,True,True,True,True,True,True,True,263,259,117,32,25,17,26,256,258
657,11001010111011101100101111111010101000010101000100010010001101111000011001011100011001110100000001011101100010000101111000011010000010101110111011001011111110101010000101010001000100100011011110000110010111000110011101000000010111011000100001011110000110100100101011101110110010111111101010100001010100010001001000110111100001100101110001100111010000000101110110001000010111100001101010011010111011101100101111111010101000010101000100010010001101111000011001011100011001110100000001011101100010000101111000011010,True,True,True,True,True,True,True,True,True,True,245,262,143,34,40,40,41,259,256
658,00100110011101100101111000011100001100000010001101110000011010100001110010000110110011010000111110111110000011001011100111010010111001100111011001011110000111000011000000100011011100000110101000011100100001101100110100001111101111100000110010111001110100101010011001110110010111100001110000110000001000110111000001101010000111001000011011001101000011111011111000001100101110011101001001110110011101100101111000011100001100000010001101110000011010100001110010000110110011010000111110111110000011001011100111010010,False,True,True,False,True,True,True,True,True,True,245,227,84,48,15,21,36,258,256
659,11011011110010110110110011010011011101110100011010100111111001101001110001100000110111100110001011101000000101001101111000100001000110111100101101101100110100110111011101000110101001111110011010011100011000001101111001100010111010000001010011011110001000010101101111001011011011001101001101110111010001101010011111100110100111000110000011011110011000101110100000010100110111100010000110001011110010110110110011010011011101110100011010100111111001101001110001100000110111100110001011101000000101001101111000100001,True,True,True,True,True,True,True,True,True,True,267,259,116,24,19,19,30,256,257
660,01100001100011001100111100100000001000111111111101000110110110010110010101100001111110111111000110011101110100110110010001110100101000011000110011001111001000000010001111111111010001101101100101100101011000011111101111110001100111011101001101100100011101001110000110001100110011110010000000100011111111110100011011011001011001010110000111111011111100011001110111010011011001000111010000110001100011001100111100100000001000111111111101000110110110010110010101100001111110111111000110011101110100110110010001110100,False,True,True,False,True,True,True,True,True,True,273,227,84,24,13,21,33,256,256
661,01011010011111111001110110000111011000101101011010010010000000100000001011010001101100000111001100001110011101000001111101010101100110100111111110011101100001110110001011010110100100100000001000000010110100011011000001110011000011100111010000011111010101011101101001111111100111011000011101100010110101101001001000000010000000101101000110110000011100110000111001110100000111110101010100001010011111111001110110000111011000101101011010010010000000100000001011010001101100000111001100001110011101000001111101010101,True,True,True,True,True,True,True,True,True,True,243,242,119,57,26,21,33,254,256
662,11101111111010101011111101011001010010011100111110110000101100111101001011011111000010111110010010101100000101001111100101001100001011111110101010111111010110010100100111001111101100001011001111010010110111110000101111100100101011000001010011111001010011000110111111101010101111110101100101001001110011111011000010110011110100101101111100001011111001001010110000010100111110010100110010111111111010101011111101011001010010011100111110110000101100111101001011011111000010111110010010101100000101001111100101001100,True,True,True,True,True,True,True,True,True,True,289,264,146,17,50,38,14,256,256
663,11111010111110001100010001100001011000101100110100101111101101000010000011110111111011110010011010001101111110001000101100110100001110101111100011000100011000010110001011001101001011111011010000100000111101111110111100100110100011011111100010001011001101000111101011111000110001000110000101100010110011010010111110110100001000001111011111101111001001101000110111111000100010110011010010101010111110001100010001100001011000101100110100101111101101000010000011110111111011110010011010001101111110001000101100110100,True,True,True,True,True,True,True,True,True,True,267,244,113,17,23,33,42,256,255
664,01000100100010110011000010110001000001100100001011110011011000010101011011111010101110010100101110111111101110001011000111101100100001001000101100110000101100010000011001000010111100110110000101010110111110101011100101001011101111111011100010110001111011001100010010001011001100001011000100000110010000101111001101100001010101101111101010111001010010111011111110111000101100011110110000010100100010110011000010110001000001100100001011110011011000010101011011111010101110010100101110111111101110001011000111101100,True,True,True,True,True,True,True,True,True,True,257,265,137,23,45,45,36,255,255
665,11101001000001001110111010000011010100111100010110011001111100100110111011000100101101011000010110000101011000100101000010110000001010010000010011101110100000110101001111000101100110011111001001101110110001001011010110000101100001010110001001010000101100000110100100000100111011101000001101010011110001011001100111110010011011101100010010110101100001011000010101100010010100001011000010111001000001001110111010000011010100111100010110011001111100100110111011000100101101011000010110000101011000100101000010110000,True,True,True,True,True,True,True,True,True,True,233,272,137,35,38,46,35,256,254
666,00111111001000111110101001111111101011111011100100011001001110101100010100111010111010101101000101000101110010111000000001100001111111110010001111101010011111111010111110111001000110010011101011000101001110101110101011010001010001011100101110000000011000011011111100100011111010100111111110101111101110010001100100111010110001010011101011101010110100010100010111001011100000000110000101101111001000111110101001111111101011111011100100011001001110101100010100111010111010101101000101000101110010111000000001100001,True,True,True,True,True,True,True,True,True,True,275,256,141,24,41,29,28,256,257
667,11101000001110000011111101000100101011000110110000100111110110000100000010001110110011011000101000101000000101000100000111011000001010000011100000111111010001001010110001101100001001111101100001000000100011101100110110001010001010000001010001000001110110000110100000111000001111110100010010101100011011000010011111011000010000001000111011001101100010100010100000010100010000011101100010111000001110000011111101000100101011000110110000100111110110000100000010001110110011011000101000101000000101000100000111011000,False,False,True,True,True,True,True,False,True,True,213,232,109,59,22,38,55,258,255
668,00111111010011111010000011010011110110111101100111101001100011100000010010110110011010110110000000010001101100101000010000000000111111110100111110100000110100111101101111011001111010011000111000000100101101100110101101100000000100011011001010000100000000001011111101001111101000001101001111011011110110011110100110001110000001001011011001101011011000000001000110110010100001000000000001101111010011111010000011010011110110111101100111101001100011100000010010110110011010110110000000010001101100101000010000000000,False,True,True,True,False,True,True,True,True,True,239,229,103,73,13,21,27,255,253
669,00010110000010101001101110100110110100100111000011101101110011101001100011010111100110101011010100011011110111001011011011010001110101100000101010011011101001101101001001110000111011011100111010011000110101111001101010110101000110111101110010110110110100011001011000001010100110111010011011010010011100001110110111001110100110001101011110011010101101010001101111011100101101101101000101000110000010101001101110100110110100100111000011101101110011101001100011010111100110101011010100011011110111001011011011010001,True,True,True,True,True,True,True,True,True,True,275,296,155,12,32,15,22,257,257
670,10001010110001100001111011011110001101100010001000001001001101110110100011011100011011111100001000111000100101011111111010000000010010101100011000011110110111100011011000100010000010010011011101101000110111000110111111000010001110001001010111111110100000000000101011000110000111101101111000110110001000100000100100110111011010001101110001101111110000100011100010010101111111101000000011011010110001100001111011011110001101100010001000001001001101110110100011011100011011111100001000111000100101011111111010000000,False,True,True,True,True,True,True,False,True,True,249,230,102,37,15,32,48,257,253
671,01111011001111111111110001111011000010111001010100101101101000100010011111001111011000110000100110000010010000011011000000010100101110110011111111111100011110110000101110010101001011011010001000100111110011110110001100001001100000100100000110110000000101001111101100111111111111000111101100001011100101010010110110100010001001111100111101100011000010011000001001000001101100000001010000101011001111111111110001111011000010111001010100101101101000100010011111001111011000110000100110000010010000011011000000010100,True,True,True,True,True,True,True,True,True,True,251,229,102,41,23,38,37,254,258
672,11111000010110001111001101101100010001010100110111001101110101001100111000010001101101110101011110100101010011010011000101011000001110000101100011110011011011000100010101001101110011011101010011001110000100011011011101010111101001010100110100110001010110000111100001011000111100110110110001000101010011011100110111010100110011100001000110110111010101111010010101001101001100010101100010101000010110001111001101101100010001010100110111001101110101001100111000010001101101110101011110100101010011010011000101011000,True,True,True,True,True,True,True,True,True,True,259,292,153,11,42,25,31,256,255
673,11011011011010110000001001111011010101111100000101100110010111010111001100001111011001010101110100001110011101011000000011011101000110110110101100000010011110110101011111000001011001100101110101110011000011110110010101011101000011100111010110000000110111010101101101101011000000100111101101010111110000010110011001011101011100110000111101100101010111010000111001110101100000001101110110001011011010110000001001111011010101111100000101100110010111010111001100001111011001010101110100001110011101011000000011011101,True,True,True,True,True,True,True,True,True,True,267,267,140,44,43,17,22,255,256
674,01110001000110010000010000111110110001110010111110001100100011110011100011111000011000100010110100011000100010110011110001011101101100010001100100000100001111101100011100101111100011001000111100111000111110000110001000101101000110001000101100111100010111011111000100011001000001000011111011000111001011111000110010001111001110001111100001100010001011010001100010001011001111000101110100100001000110010000010000111110110001110010111110001100100011110011100011111000011000100010110100011000100010110011110001011101,False,True,True,False,True,True,True,False,True,True,243,222,77,17,16,41,60,256,257
675,11011100110011110010100111111101101110001010000111101100111000111000001111000011001110101011110100111000011110110011001110000110000111001100111100101001111111011011100010100001111011001110001110000011110000110011101010111101001110000111101100110011100001100101110011001111001010011111110110111000101000011110110011100011100000111100001100111010101111010011100001111011001100111000011010001100110011110010100111111101101110001010000111101100111000111000001111000011001110101011110100111000011110110011001110000110,False,True,True,False,True,True,True,True,True,True,279,222,74,25,17,9,30,256,257
676,10111101101011111001010000110000101111110111101010000111011100011111000110000011101110111110000110011011101011011110000010011000011111011010111110010100001100001011111101111010100001110111000111110001100000111011101111100001100110111010110111100000100110000011110110101111100101000011000010111111011110101000011101110001111100011000001110111011111000011001101110101101111000001001100011101101101011111001010000110000101111110111101010000111011100011111000110000011101110111110000110011011101011011110000010011000,True,True,True,True,True,True,True,True,True,True,283,220,95,35,20,12,35,255,255
677,10010101100101010100010011011010001010111011101101100010110101011010010001001011011010000100100000111000100001101001011000000001010101011001010101000100110110100010101110111011011000101101010110100100010010110110100001001000001110001000011010010110000000010001010110010101010001001101101000101011101110110110001011010101101001000100101101101000010010000011100010000110100101100000000111000101100101010100010011011010001010111011101101100010110101011010010001001011011010000100100000111000100001101001011000000001,False,True,False,False,True,True,False,True,True,True,223,305,185,36,49,49,38,257,260
678,10001001000011100011010100000010010111100100100000111110110000010110101011010010101111100011101001110001110000100111000111011110010010010000111000110101000000100101111001001000001111101100000101101010110100101011111000111010011100011100001001110001110111100000100100001110001101010000001001011110010010000011111011000001011010101101001010111110001110100111000111000010011100011101111011011001000011100011010100000010010111100100100000111110110000010110101011010010101111100011101001110001110000100111000111011110,True,True,True,True,True,True,True,True,True,True,245,246,120,38,28,36,38,256,256
679,11001111100100100011111010001110101101001001110011011011011101110100100000111110011100010010001100110000101101100000110100101011000011111001001000111110100011101011010010011100110110110111011101001000001111100111000100100011001100001011011000001101001010110100111110010010001111101000111010110100100111001101101101110111010010000011111001110001001000110011000010110110000011010010101110011111100100100011111010001110101101001001110011011011011101110100100000111110011100010010001100110000101101100000110100101011,True,True,True,True,True,True,True,True,True,True,261,259,114,21,16,32,29,256,256
680,01001010000100001000000001011100010110011110011011110111011010001001010111101011100101001010010011110000000011001010011010110001100010100001000010000000010111000101100111100110111101110110100010010101111010111001010010100100111100000000110010100110101100011100101000010000100000000101110001011001111001101111011101101000100101011110101110010100101001001111000000001100101001101011000100011010000100001000000001011100010110011110011011110111011010001001010111101011100101001010010011110000000011001010011010110001,True,True,True,True,True,True,True,True,True,True,233,266,143,48,39,44,30,257,258
681,10110101110010101110101010100011001100100101110100111110001100111000010100001111011010111111100001110010110100011110000001111110011101011100101011101010101000110011001001011101001111100011001110000101000011110110101111111000011100101101000111100000011111100011010111001010111010101010001100110010010111010011111000110011100001010000111101101011111110000111001011010001111000000111111011100101110010101110101010100011001100100101110100111110001100111000010100001111011010111111100001110010110100011110000001111110,True,True,True,True,True,True,True,True,True,True,275,250,127,24,40,21,29,256,256
682,10010001101010100100000101100110111010011111001001001001100000000001000010111001010101111011100100000010101100100100111110011011010100011010101001000001011001101110100111110010010010011000000000010000101110010101011110111001000000101011001001001111100110110001000110101010010000010110011011101001111100100100100110000000000100001011100101010111101110010000001010110010010011111001101111000001101010100100000101100110111010011111001001001001100000000001000010111001010101111011100100000010101100100100111110011011,False,True,True,True,True,True,False,True,True,True,231,265,139,54,37,50,21,256,256
683,01101101001000010110011011000101010101111010101100011000011101110110001101011110001100011011101110101000100100001100000101110001101011010010000101100110110001010101011110101011000110000111011101100011010111100011000110111011101010001001000011000001011100011110110100100001011001101100010101010111101010110001100001110111011000110101111000110001101110111010100010010000110000010111000100111101001000010110011011000101010101111010101100011000011101110110001101011110001100011011101110101000100100001100000101110001,True,True,True,True,True,True,True,True,True,True,253,276,144,20,41,25,44,257,258
684,10100100100000011100110101110000000010001010101001011111100000111110111110111011001101100110111101010101100101011101100101011111011001001000000111001101011100000000100010101010010111111000001111101111101110110011011001101111010101011001010111011001010111110010010010000001110011010111000000001000101010100101111110000011111011111011101100110110011011110101010110010101110110010101111111110100100000011100110101110000000010001010101001011111100000111110111110111011001101100110111101010101100101011101100101011111,True,True,True,True,True,True,True,True,True,True,277,263,150,40,48,28,16,256,256
685,11010001101100011011101000100011011111100111101000110110010000010110001011110011001100100001000110110101010100100000101100011111000100011011000110111010001000110111111001111010001101100100000101100010111100110011001000010001101101010101001000001011000111110101000110110001101110100010001101111110011110100011011001000001011000101111001100110010000100011011010101010010000010110001111110000001101100011011101000100011011111100111101000110110010000010110001011110011001100100001000110110101010100100000101100011111,True,True,True,True,True,True,True,True,True,True,247,257,119,23,25,33,45,256,256
686,01010101010000101010010010010001001001101010101101000011000111001110101111101100100010000111010000000001110101010001011101001011100101010100001010100100100100010010011010101011010000110001110011101011111011001000100001110100000000011101010100010111010010111101010101000010101001001001000100100110101010110100001100011100111010111110110010001000011101000000000111010101000101110100101100000101010000101010010010010001001001101010101101000011000111001110101111101100100010000111010000000001110101010001011101001011,False,True,True,False,True,False,True,True,True,True,227,296,186,38,52,42,33,256,256
687,01101101100010000010110010010111011001110011011001111100101111100001110000011010010100000110111011011000111100010111101001001010101011011000100000101100100101110110011100110110011111001011111000011100000110100101000001101110110110001111000101111010010010101110110110001000001011001001011101100111001101100111110010111110000111000001101001010000011011101101100011110001011110100100101000111101100010000010110010010111011001110011011001111100101111100001110000011010010100000110111011011000111100010111101001001010,True,True,True,True,True,True,True,True,True,True,261,257,118,28,28,36,29,255,256
688,00010001011001100010010111001010110101010101010001111000100111111110110110001101100011010110001110110100111111011100001111111001110100010110011000100101110010101101010101010100011110001001111111101101100011011000110101100011101101001111110111000011111110011001000101100110001001011100101011010101010101000111100010011111111011011000110110001101011000111011010011111101110000111111100101000001011001100010010111001010110101010101010001111000100111111110110110001101100011010110001110110100111111011100001111111001,True,True,True,True,True,True,True,True,True,True,283,264,136,6,41,23,33,257,257
689,10001110101110010001101001111000011110100000110100101101111101011100000110100111111111110000111000101000110111011110000110101110010011101011100100011010011110000111101000001101001011011111010111000001101001111111111100001110001010001101110111100001101011100000111010111001000110100111100001111010000011010010110111110101110000011010011111111111000011100010100011011101111000011010111011011110101110010001101001111000011110100000110100101101111101011100000110100111111111110000111000101000110111011110000110101110,True,True,True,True,True,True,True,True,True,True,281,230,109,30,20,13,34,257,256
690,10000100011100110100011000101000000011001110001010000110101111101001011011010110011101110011001101011001011101011011110010000001010001000111001101000110001010000000110011100010100001101011111010010110110101100111011100110011010110010111010110111100100000010000010001110011010001100010100000001100111000101000011010111110100101101101011001110111001100110101100101110101101111001000000111010100011100110100011000101000000011001110001010000110101111101001011011010110011101110011001101011001011101011011110010000001,True,True,True,True,True,True,True,True,True,True,249,269,133,35,34,25,31,255,258
691,11100011010100011111001011001111001010000001100011010010110000110111010000100011010000000011101101001100000111011001010101101010001000110101000111110010110011110010100000011000110100101100001101110100001000110100000000111011010011000001110110010101011010100110001101010001111100101100111100101000000110001101001011000011011101000010001101000000001110110100110000011101100101010110101010110011010100011111001011001111001010000001100011010010110000110111010000100011010000000011101101001100000111011001010101101010,True,True,True,True,True,True,True,True,True,True,233,266,137,48,34,21,36,256,256
692,01110111011101011100110110101000100100001000010111010111111101110111001111110000110101110100011001000100000000101010001101001110101101110111010111001101101010001001000010000101110101111111011101110011111100001101011101000110010001000000001010100011010011101111011101110101110011011010100010010000100001011101011111110111011100111111000011010111010001100100010000000010101000110100111000100111011101011100110110101000100100001000010111010111111101110111001111110000110101110100011001000100000000101010001101001110,True,True,True,True,True,True,True,True,True,True,263,259,142,32,29,29,33,256,256
693,00000010100000000111110100010110000101000100100010111011010101100110000100001010010011001110110010100110111101111011110111010000110000101000000001111101000101100001010001001000101110110101011001100001000010100100110011101100101001101111011110111101110100001000001010000000011111010001011000010100010010001011101101010110011000010000101001001100111011001010011011110111101111011101000001010010100000000111110100010110000101000100100010111011010101100110000100001010010011001110110010100110111101111011110111010000,True,True,True,True,True,True,True,True,True,True,237,265,144,43,33,42,34,255,255
694,11100111001111100000110101010010011110111000110000000110000111000000110010000100101101001110000010000011001111011010011100001010001001110011111000001101010100100111101110001100000001100001110000001100100001001011010011100000100000110011110110100111000010100110011100111110000011010101001001111011100011000000011000011100000011001000010010110100111000001000001100111101101001110000101010110111001111100000110101010010011110111000110000000110000111000000110010000100101101001110000010000011001111011010011100001010,False,True,True,True,False,True,True,True,True,True,225,226,90,64,18,25,37,256,257
695,01001000001100010010010000010000011001000100001111011110010011111111001010010101101010101011011111110000001110001011101101100100100010000011000100100100000100000110010001000011110111100100111111110010100101011010101010110111111100000011100010111011011001001100100000110001001001000001000001100100010000111101111001001111111100101001010110101010101101111111000000111000101110110110010000011000001100010010010000010000011001000100001111011110010011111111001010010101101010101011011111110000001110001011101101100100,True,True,True,True,True,True,True,True,True,True,241,247,126,42,32,48,34,257,256
696,01011111001010010001011001001001101111011001101111010111001000101110110011111010001000111010111011100110010000101000101001000000100111110010100100010110010010011011110110011011110101110010001011101100111110100010001110101110111001100100001010001010010000001101111100101001000101100100100110111101100110111101011100100010111011001111101000100011101011101110011001000010100010100100000000001111001010010001011001001001101111011001101111010111001000101110110011111010001000111010111011100110010000101000101001000000,False,True,True,True,True,True,False,True,True,True,255,271,137,20,29,49,27,256,254
697,10101001111100011011101111111101010111000101100000001111101000101001011011111110110111111011111100111010010010001100011010000000011010011111000110111011111111010101110001011000000011111010001010010110111111101101111110111111001110100100100011000110100000000010100111110001101110111111110101011100010110000000111110100010100101101111111011011111101111110011101001001000110001101000000011111001111100011011101111111101010111000101100000001111101000101001011011111110110111111011111100111010010010001100011010000000,True,True,True,True,True,True,True,True,True,True,289,224,114,35,22,21,27,258,253
698,11101101110100100110000010010100100111011011101111111010100111001110111000010011001010010010100011000110010001110100100010100011001011011101001001100000100101001001110110111011111110101001110011101110000100110010100100101000110001100100011101001000101000110110110111010010011000001001010010011101101110111111101010011100111011100001001100101001001010001100011001000111010010001010001110111101110100100110000010010100100111011011101111111010100111001110111000010011001010010010100011000110010001110100100010100011,True,True,True,True,True,True,True,True,True,True,253,277,134,12,21,45,28,258,257
699,10011000111101001010000101010010000111011110110111011100111000101000101011101011111110010000100101011000101001100001111011110011010110001111010010100001010100100001110111101101110111001110001010001010111010111111100100001001010110001010011000011110111100110001100011110100101000010101001000011101111011011101110011100010100010101110101111111001000010010101100010100110000111101111001111001000111101001010000101010010000111011110110111011100111000101000101011101011111110010000100101011000101001100001111011110011,True,True,True,True,True,True,True,True,True,True,267,267,145,16,41,37,33,257,257
700,11101110100101110000111001110001000101101010100011111110111000101011001000111001101011010111010001100001110101000000000110100001001011101001011100001110011100010001011010101000111111101110001010110010001110011010110101110100011000011101010000000001101000010110111010010111000011100111000100010110101010001111111011100010101100100011100110101101011101000110000111010100000000011010000110111110100101110000111001110001000101101010100011111110111000101011001000111001101011010111010001100001110101000000000110100001,True,True,True,True,True,True,True,True,True,True,249,261,141,36,38,23,40,254,256
701,10000101010010111010000011000100101110001111100001000100011111111110000100010011010111011110111000100010001010111011010010001011010001010100101110100000110001001011100011111000010001000111111111100001000100110101110111101110001000100010101110110100100010110000010101001011101000001100010010111000111110000100010001111111111000010001001101011101111011100010001000101011101101001000101111010101010010111010000011000100101110001111100001000100011111111110000100010011010111011110111000100010001010111011010010001011,False,True,True,True,True,True,False,False,True,True,249,253,138,19,33,51,51,255,256
702,11110010011000010001111110000100010011010010110011101110000101100011010110100001100111001110110111111010011011011101100110100111001100100110000100011111100001000100110100101100111011100001011000110101101000011001110011101101111110100110110111011001101001110111001001100001000111111000010001001101001011001110111000010110001101011010000110011100111011011111101001101101110110011010011110100010011000010001111110000100010011010010110011101110000101100011010110100001100111001110110111111010011011011101100110100111,True,True,True,True,True,True,True,True,True,True,271,255,103,16,12,24,29,258,256
703,11100101100001111000111100111010101001100100110000101000110101000100111011000011000001111001100000101110001001110000001110100010001001011000011110001111001110101010011001001100001010001101010001001110110000110000011110011000001011100010011100000011101000100110010110000111100011110011101010100110010011000010100011010100010011101100001100000111100110000010111000100111000000111010001010110101100001111000111100111010101001100100110000101000110101000100111011000011000001111001100000101110001001110000001110100010,True,True,True,True,True,True,True,True,True,True,229,242,102,40,26,28,45,255,256
704,10001001100100110100010110110110011001110001010011000011111001000101000011010100101101011111100011101110110100100100001010001101010010011001001101000101101101100110011100010100110000111110010001010000110101001011010111111000111011101101001001000010100011010000100110010011010001011011011001100111000101001100001111100100010100001101010010110101111110001110111011010010010000101000110111011001100100110100010110110110011001110001010011000011111001000101000011010100101101011111100011101110110100100100001010001101,True,True,True,True,True,True,True,True,True,True,249,283,142,13,29,39,34,256,256
705,01010000111101111010101100010101101001000100101111001101001101110000011100100111000110111010100010000001001000111000010000011001100100001111011110101011000101011010010001001011110011010011011100000111001001110001101110101000100000010010001110000100000110011101000011110111101010110001010110100100010010111100110100110111000001110010011100011011101010001000000100100011100001000001100100000000111101111010101100010101101001000100101111001101001101110000011100100111000110111010100010000001001000111000010000011001,True,True,True,True,True,True,True,True,True,True,231,256,125,40,25,38,40,256,257
706,10110001001111000110011000011000010100001100010110010010111111101011000011110011011101100010101010011011111001100101100111011101011100010011110001100110000110000101000011000101100100101111111010110000111100110111011000101010100110111110011001011001110111010011000100111100011001100001100001010000110001011001001011111110101100001111001101110110001010101001101111100110010110011101110111100001001111000110011000011000010100001100010110010010111111101011000011110011011101100010101010011011111001100101100111011101,True,True,True,True,True,True,True,True,True,True,267,255,110,17,33,28,32,256,257
707,10100010011010000010010011110100110001101111010101110110101101111110101111010110110000010001110101101010001000001100111110001001011000100110100000100100111101001100011011110101011101101011011111101011110101101100000100011101011010100010000011001111100010010010001001101000001001001111010011000110111101010111011010110111111010111101011011000001000111010110101000100000110011111000100111110010011010000010010011110100110001101111010101110110101101111110101111010110110000010001110101101010001000001100111110001001,True,True,True,True,True,True,True,True,True,True,265,271,148,24,29,27,31,258,256
708,11100101001011010111000101101111111010010001100011101010100010011111000001101110101110001111111110101111110111001001011100100111001001010010110101110001011011111110100100011000111010101000100111110000011011101011100011111111101011111101110010010111001001110110010100101101011100010110111111101001000110001110101010001001111100000110111010111000111111111010111111011100100101110010011110110101001011010111000101101111111010010001100011101010100010011111000001101110101110001111111110101111110111001001011100100111,False,False,True,True,True,True,True,True,True,True,297,255,136,8,36,32,24,256,256
709,10000110011000001011010000011010000110001011000111000101011111001111111010001111011010011010101100111111001000100011010010101010010001100110000010110100000110100001100010110001110001010111110011111110100011110110100110101011001111110010001000110100101010100000011001100000101101000001101000011000101100011100010101111100111111101000111101101001101010110011111100100010001101001010101011010110011000001011010000011010000110001011000111000101011111001111111010001111011010011010101100111111001000100011010010101010,True,True,True,True,True,True,True,True,True,True,253,264,139,24,38,25,39,256,256
710,11010100101110010000010011100111000100110010001010100011100100011111110101100000111010111001010111110000111000000110100101000111000101001011100100000100111001110001001100100010101000111001000111111101011000001110101110010101111100001110000001101001010001110101010010111001000001001110011100010011001000101010001110010001111111010110000011101011100101011111000011100000011010010100011110000100101110010000010011100111000100110010001010100011100100011111110101100000111010111001010111110000111000000110100101000111,True,True,True,True,True,True,True,True,True,True,243,249,122,33,36,38,38,256,257
711,11111100110111001010101100010101111000000110111111011001101011000010000111110001100100100000011001011110001011011001010111011010001111001101110010101011000101011110000001101111110110011010110000100001111100011001001000000110010111100010110110010101110110100111110011011100101010110001010111100000011011111101100110101100001000011111000110010010000001100101111000101101100101011101101010101100110111001010101100010101111000000110111111011001101011000010000111110001100100100000011001011110001011011001010111011010,True,True,True,True,True,True,True,True,True,True,263,260,130,32,43,32,29,257,256
712,10000101101110110101100110010011001110011001110111100101000101000100111000111111010110101000101111111110111011010101101000110011010001011011101101011001100100110011100110011101111001010001010001001110001111110101101010001011111111101110110101011010001100110000010110111011010110011001001100111001100111011110010100010100010011100011111101011010100010111111111011101101010110100011001111010101101110110101100110010011001110011001110111100101000101000100111000111111010110101000101111111110111011010101101000110011,True,True,True,True,True,True,True,True,True,True,289,277,142,3,37,23,23,256,256
713,10011100101011011100001010101100010011111010010100010001000010110100001100100010111111011001011001001001110001010000011100011001010111001010110111000010101011000100111110100101000100010000101101000011001000101111110110010110010010011100010100000111000110010001110010101101110000101010110001001111101001010001000100001011010000110010001011111101100101100100100111000101000001110001100111001100101011011100001010101100010011111010010100010001000010110100001100100010111111011001011001001001110001010000011100011001,False,True,True,True,True,True,False,True,True,True,235,275,143,20,42,54,41,257,257
714,11011001010010110001101011000111111101100101001111111010010010011000011000111110100011011110101100110111001100111010110100100000000110010100101100011010110001111111011001010011111110100100100110000110001111101000110111101011001101110011001110101101001000000101100101001011000110101100011111110110010100111111101001001001100001100011111010001101111010110011011100110011101011010010000010001001010010110001101011000111111101100101001111111010010010011000011000111110100011011110101100110111001100111010110100100000,True,True,True,True,True,True,True,True,True,True,271,262,121,16,25,27,24,256,254
715,10101101110110110111100000110101100110111100110000100111111100110010001100000011000110101111111100001100001000001100011000000111011011011101101101111000001101011001101111001100001001111111001100100011000000110001101011111111000011000010000011000110000001110010110111011011011110000011010110011011110011000010011111110011001000110000001100011010111111110000110000100000110001100000011111111101110110110111100000110101100110111100110000100111111100110010001100000011000110101111111100001100001000001100011000000111,False,True,False,False,True,True,True,True,True,True,257,205,64,52,10,13,40,255,258
716,11000110100100011000011010001100110001100100011010011111100011111111101101111111111111001011111111101000110110111011011000101110000001101001000110000110100011001100011001000110100111111000111111111011011111111111110010111111111010001101101110110110001011100100011010010001100001101000110011000110010001101001111110001111111110110111111111111100101111111110100011011011101101100010111010010110100100011000011010001100110001100100011010011111100011111111101101111111111111001011111111101000110110111011011000101110,False,False,False,False,True,True,True,True,True,True,305,216,86,7,9,18,35,257,256
717,11110101011010010000000001100011111110001001000111110110111100110100010001100111011111001000000011010010101000101110000010001100001101010110100100000000011000111111100010010001111101101111001101000100011001110111110010000000110100101010001011100000100011000111010101101001000000000110001111111000100100011111011011110011010001000110011101111100100000001101001010100010111000001000110010100101011010010000000001100011111110001001000111110110111100110100010001100111011111001000000011010010101000101110000010001100,True,True,True,True,True,True,True,True,True,True,235,234,110,49,21,34,42,256,255
718,00101111111110011110101011111101011010001100001111010011011011001100001110010010000011010001100000101000010100011001110111000100111011111111100111101010111111010110100011000011110100110110110011000011100100100000110100011000001010000101000110011101110001001010111111111001111010101111110101101000110000111101001101101100110000111001001000001101000110000010100001010001100111011100010001111111111110011110101011111101011010001100001111010011011011001100001110010010000011010001100000101000010100011001110111000100,True,True,True,True,True,True,True,True,True,True,261,241,111,28,23,22,37,256,257
719,01000100010000010000001001011110001111101100111000010101110110000110000000010100010101110001011110000110101000011110111001100001100001000100000100000010010111100011111011001110000101011101100001100000000101000101011100010111100001101010000111101110011000011100010001000001000000100101111000111110110011100001010111011000011000000001010001010111000101111000011010100001111011100110000100010100010000010000001001011110001111101100111000010101110110000110000000010100010101110001011110000110101000011110111001100001,False,True,True,True,True,True,True,False,True,True,221,228,110,61,33,37,52,256,258
720,11000111010011111000010110010101111010001000111110101011111110001110010111011111001000110101010101001100101111010110001111011011000001110100111110000101100101011110100010001111101010111111100011100101110111110010001101010101010011001011110101100011110110110100011101001111100001011001010111101000100011111010101111111000111001011101111100100011010101010100110010111101011000111101101110010111010011111000010110010101111010001000111110101011111110001110010111011111001000110101010101001100101111010110001111011011,True,True,True,True,True,True,True,True,True,True,293,269,152,6,49,25,27,256,256
721,01100011100100100001000011000010010011010011110001101000111000100111111000000111101110110101011110011110010110010110101100000011101000111001001000010000110000100100110100111100011010001110001001111110000001111011101101010111100111100101100101101011000000111110001110010010000100001100001001001101001111000110100011100010011111100000011110111011010101111001111001011001011010110000001100110011100100100001000011000010010011010011110001101000111000100111111000000111101110110101011110011110010110010110101100000011,True,True,True,True,True,True,True,True,True,True,249,238,99,36,20,32,35,255,259
722,10110110110000001100001010011100110001101010110001010101010100000000100100011010100111001100001101101011110101000011100010000001011101101100000011000010100111001100011010101100010101010101000000001001000110101001110011000011011010111101010000111000100000010011011011000000110000101001110011000110101011000101010101010000000010010001101010011100110000110110101111010100001110001000000111100110110000001100001010011100110001101010110001010101010100000000100100011010100111001100001101101011110101000011100010000001,True,True,True,True,True,True,True,True,True,True,219,271,149,56,45,22,40,258,259
723,00001110100101000111110000101101110111101101010010011100101100001111110100000001111011100010100110101100000100010101101111111001110011101001010001111100001011011101111011010100100111001011000011111101000000011110111000101001101011000001000101011011111110011000111010010100011111000010110111011110110101001001110010110000111111010000000111101110001010011010110000010001010110111111100101011110100101000111110000101101110111101101010010011100101100001111110100000001111011100010100110101100000100010101101111111001,True,True,True,True,True,True,True,True,True,True,269,250,133,33,34,29,30,256,257
724,01001111000011101101001010100111000000101101001000000000111001101000101000000110110101001111010100110011000010010011101110011101100011110000111011010010101001110000001011010010000000001110011010001010000001101101010011110101001100110000100100111011100111011100111100001110110100101010011100000010110100100000000011100110100010100000011011010100111101010011001100001001001110111001110100011111000011101101001010100111000000101101001000000000111001101000101000000110110101001111010100110011000010010011101110011101,True,True,True,True,True,True,True,True,True,True,233,258,128,56,24,24,26,257,257
725,01101100001101110110101111100001001000110001101000001100010011100010101100000000100010010110000100110000110100100110000011110111101011000011011101101011111000010010001100011010000011000100111000101011000000001000100101100001001100001101001001100000111101111110110000110111011010111110000100100011000110100000110001001110001010110000000010001001011000010011000011010010011000001111011100111100001101110110101111100001001000110001101000001100010011100010101100000000100010010110000100110000110100100110000011110111,False,True,True,True,True,True,True,False,True,True,221,236,98,52,17,36,48,256,256
726,00010111101010010100000111101100110010100010000101100101000101010100110101000110110111000000111011111100010101110111100100001010110101111010100101000001111011001100101000100001011001010001010101001101010001101101110000001110111111000101011101111001000010101001011110101001010000011110110011001010001000010110010100010101010011010100011011011100000011101111110001010111011110010000101001000111101010010100000111101100110010100010000101100101000101010100110101000110110111000000111011111100010101110111100100001010,False,True,True,True,True,False,True,True,True,True,247,285,172,28,53,39,34,256,256
727,10001010010100011010011111101011111011111101000011000100101011011001001001000010010111011011010011010101101010000101101010010101010010100101000110100111111010111110111111010000110001001010110110010010010000100101110110110100110101011010100001011010100101010000101001010001101001111110101111101111110100001100010010101101100100100100001001011101101101001101010110101000010110101001010111011010010100011010011111101011111011111101000011000100101011011001001001000010010111011011010011010101101010000101101010010101,False,True,False,False,True,False,True,True,True,True,261,315,202,13,52,43,22,256,257
728,10100110101000111011010100001111100111101010100001001101011111101100010110001001110010010000001111101001101101001000010111111000011001101010001110110101000011111001111010101000010011010111111011000101100010011100100100000011111010011011010010000101111110000010011010100011101101010000111110011110101010000100110101111110110001011000100111001001000000111110100110110100100001011111100011110110101000111011010100001111100111101010100001001101011111101100010110001001110010010000001111101001101101001000010111111000,True,True,True,True,True,True,True,True,True,True,261,258,137,27,28,29,31,257,255
729,10010001011001100111110001000001101100011011101011001011100100011001110010101101001111100010100001110100010110010110101010001001010100010110011001111100010000011011000110111010110010111001000110011100101011010011111000101000011101000101100101101010100010010001000101100110011111000100000110110001101110101100101110010001100111001010110100111110001010000111010001011001011010101000100111000001011001100111110001000001101100011011101011001011100100011001110010101101001111100010100001110100010110010110101010001001,True,True,True,True,True,True,True,True,True,True,247,281,142,14,42,40,37,256,256
730,00101101111011101111000011000110000010000110110010010100000011011111110110101111010000101100000001100011100011001000101101110101111011011110111011110000110001100000100001101100100101000000110111111101101011110100001011000000011000111000110010001011011101011010110111101110111100001100011000001000011011001001010000001101111111011010111101000010110000000110001110001100100010110111010101111101111011101111000011000110000010000110110010010100000011011111110110101111010000101100000001100011100011001000101101110101,True,True,True,True,True,True,True,True,True,True,253,236,109,48,23,25,40,257,256
731,01100000100000010010001000000110000000001111000111000101001111011101100001010010011001011110111110110100000101001111010101010110101000001000000100100010000001100000000011110001110001010011110111011000010100100110010111101111101101000001010011110101010101101110000010000001001000100000011000000000111100011100010100111101110110000101001001100101111011111011010000010100111101010101011000110000100000010010001000000110000000001111000111000101001111011101100001010010011001011110111110110100000101001111010101010110,False,True,True,True,False,True,True,True,True,True,225,243,131,67,33,36,37,254,256
732,11001011110011000111010010001111101111000001001010111011101111001000001001001111011110011010101010110110010111101011101011100010000010111100110001110100100011111011110000010010101110111011110010000010010011110111100110101010101101100101111010111010111000100100101111001100011101001000111110111100000100101011101110111100100000100100111101111001101010101011011001011110101110101110001010011011110011000111010010001111101111000001001010111011101111001000001001001111011110011010101010110110010111101011101011100010,True,True,True,True,True,True,True,True,True,True,281,270,147,18,40,36,21,256,257
733,10011011001110010110100101101011010000101011100100101110010110110010111010001001111011010000100100110000011010100100011100011010010110110011100101101001011010110100001010111001001011100101101100101110100010011110110100001001001100000110101001000111000110100001101100111001011010010110101101000010101110010010111001011011001011101000100111101101000010010011000001101010010001110001101011001011001110010110100101101011010000101011100100101110010110110010111010001001111011010000100100110000011010100100011100011010,False,True,False,True,True,True,True,True,True,True,247,302,162,17,39,46,25,256,256
734,01011111110011110100100010100101010001101001111110100111001101111000000100011001011111001100000010110100110111010111001110111000100111111100111101001000101001010100011010011111101001110011011110000001000110010111110011000000101101001101110101110011101110001101111111001111010010001010010101000110100111111010011100110111100000010001100101111100110000001011010011011101011100111011100000001111110011110100100010100101010001101001111110100111001101111000000100011001011111001100000010110100110111010111001110111000,True,True,True,True,True,True,True,True,True,True,271,247,117,28,25,25,23,255,255
735,11110000110011101101010010000101001000101011111101010110011111110101010101101010100011110101101100110000010000110101001000001000001100001100111011010100100001010010001010111111010101100111111101010101011010101000111101011011001100000100001101010010000010000111000011001110110101001000010100100010101111110101011001111111010101010110101010001111010110110011000001000011010100100000100010100000110011101101010010000101001000101011111101010110011111110101010101101010100011110101101100110000010000110101001000001000,False,True,True,False,True,False,True,True,True,True,247,290,183,32,57,29,31,256,256
736,00010001010010100001000111000110011111110001000001001110010010010101100000001010001111010111100110001101100100100111011111000111110100010100101000010001110001100111111100010000010011100100100101011000000010100011110101111001100011011001001001110111110001111001000101001010000100011100011001111111000100000100111001001001010110000000101000111101011110011000110110010010011101111100011101000001010010100001000111000110011111110001000001001110010010010101100000001010001111010111100110001101100100100111011111000111,True,True,True,True,True,True,True,True,True,True,239,240,106,30,24,46,41,258,257
737,00001110000011011011101110011101100110001100101110101010100100101010100001110111011010111000011111010001101011110000101100010000110011100000110110111011100111011001100011001011101010101001001010101000011101110110101110000111110100011010111100001011000100001000111000001101101110111001110110011000110010111010101010010010101010000111011101101011100001111101000110101111000010110001000001011110000011011011101110011101100110001100101110101010100100101010100001110111011010111000011111010001101011110000101100010000,True,True,True,True,True,True,True,True,True,True,261,271,143,26,41,22,33,257,255
738,00001101101011011100100010001011100010011000100110110110010100010010011001101010000100101110001100001101011100001011111111101100110011011010110111001000100010111000100110001001101101100101000100100110011010100001001011100011000011010111000010111111111011001000110110101101110010001000101110001001100010011011011001010001001001100110101000010010111000110000110101110000101111111110110001011101101011011100100010001011100010011000100110110110010100010010011001101010000100101110001100001101011100001011111111101100,True,True,True,True,True,True,True,True,True,True,249,271,127,13,29,46,39,254,255
739,10110110111000011110011000001000010000011111111010111010111011100000001111101011100100000011100111000011010010101111110110100110011101101110000111100110000010000100000111111110101110101110111000000011111010111001000000111001110000110100101011111101101001100011011011100001111001100000100001000001111111101011101011101110000000111110101110010000001110011100001101001010111111011010011011100110111000011110011000001000010000011111111010111010111011100000001111101011100100000011100111000011010010101111110110100110,False,True,False,True,True,True,True,True,True,True,267,218,99,56,20,16,29,257,256
740,11011000101010011100000010101000011011001101101001010101101100101010111000100110110110111000011001011110011111101000100111011111000110001010100111000000101010000110110011011010010101011011001010101110001001101101101110000110010111100111111010001001110111110101100010101001110000001010100001101100110110100101010110110010101011100010011011011011100001100101111001111110100010011101111110001000101010011100000010101000011011001101101001010101101100101010111000100110110110111000011001011110011111101000100111011111,True,True,True,True,True,True,True,True,True,True,267,283,153,20,45,29,26,254,256
741,00111100110000001110011101001111010111100100000001011011010110101110100110110001100011000010011111110010001001101010000010010011111111001100000011100111010011110101111001000000010110110101101011101001101100011000110000100111111100100010011010100000100100111011110011000000111001110100111101011110010000000101101101011010111010011011000110001100001001111111001000100110101000001001001101101100110000001110011101001111010111100100000001011011010110101110100110110001100011000010011111110010001001101010000010010011,True,True,True,True,True,True,True,True,True,True,251,248,111,40,20,28,28,259,256
742,10101001001100110010001101110101111111001101111000101011110000100010101110101000100111111001001110010111111110100001111011111110011010010011001100100011011101011111110011011110001010111100001000101011101010001001111110010011100101111111101000011110111111100010100100110011001000110111010111111100110111100010101111000010001010111010100010011111100100111001011111111010000111101111111011111001001100110010001101110101111111001101111000101011110000100010101110101000100111111001001110010111111110100001111011111110,False,False,True,True,True,True,True,True,True,True,297,240,120,8,30,33,25,257,256
743,01001011000010101000010000111110110101010000000100010100100000111001110000100011001010000010001001100111011011010011101011001010100010110000101010000100001111101101010100000001000101001000001110011100001000110010100000100010011001110110110100111010110010101100101100001010100001000011111011010101000000010001010010000011100111000010001100101000001000100110011101101101001110101100101000011011000010101000010000111110110101010000000100010100100000111001110000100011001010000010001001100111011011010011101011001010,False,False,True,True,True,True,True,True,True,True,213,271,149,49,37,43,42,254,256
744,01001010001111111101001001110010010101001001111100111111011110010110001011111000001011010110101100001110000010011100011001100111100010100011111111010010011100100101010010011111001111110111100101100010111110000010110101101011000011100000100111000110011001111100101000111111110100100111001001010100100111110011111101111001011000101111100000101101011010110000111000001001110001100110011100011010001111111101001001110010010101001001111100111111011110010110001011111000001011010110101100001110000010011100011001100111,True,True,True,True,True,True,True,True,True,True,273,242,109,20,31,35,26,258,256
745,01000010101110100010010001110011011000101101001001001010011000100011000101100101010100011111000011111010111110101011000000000110100000101011101000100100011100110110001011010010010010100110001000110001011001010101000111110000111110101111101010110000000001101100001010111010001001000111001101100010110100100100101001100010001100010110010101010001111100001111101011111010101100000000011000010010101110100010010001110011011000101101001001001010011000100011000101100101010100011111000011111010111110101011000000000110,True,True,True,True,True,True,True,True,True,True,233,273,151,33,44,41,40,258,260
746,01110001000000100100011111101001001011101000110101111100011111111100111000010001011101011001010010100111011000101011011101110001101100010000001001000111111010010010111010001101011111000111111111001110000100010111010110010100101001110110001010110111011100011111000100000010010001111110100100101110100011010111110001111111110011100001000101110101100101001010011101100010101101110111000100100001000000100100011111101001001011101000110101111100011111111100111000010001011101011001010010100111011000101011011101110001,True,True,True,True,True,True,True,True,True,True,267,254,133,17,32,42,36,256,258
747,00010010000011010011100001000011100010010011011010110011101101011100111101001011011000000001110010010000010000011010101001100110110100100000110100111000010000111000100100110110101100111011010111001111010010110110000000011100100100000100000110101010011001101001001000001101001110000100001110001001001101101011001110110101110011110100101101100000000111001001000001000001101010100110011001000010000011010011100001000011100010010011011010110011101101011100111101001011011000000001110010010000010000011010101001100110,True,True,True,True,True,True,True,True,True,True,223,261,121,53,20,35,30,256,256
748,01011000000111110001110001000010001110101111001110000011001100100000010000010110001111001100001101101111010001110111011111100000100110000001111100011100010000100011101011110011100000110011001000000100000101100011110011000011011011110100011101110111111000001101100000011111000111000100001000111010111100111000001100110010000001000001011000111100110000110110111101000111011101111110000000001000000111110001110001000010001110101111001110000011001100100000010000010110001111001100001101101111010001110111011111100000,False,True,False,False,True,True,True,False,True,True,239,199,66,60,9,22,47,257,254
749,00001001100101101000000011011000011100001110100010111100001100001111101101101001110100110011011011000110010011101110100001010100110010011001011010000000110110000111000011101000101111000011000011111011011010011101001100110110110001100100111011101000010101001000100110010110100000001101100001110000111010001011110000110000111110110110100111010011001101101100011001001110111010000101010001011001100101101000000011011000011100001110100010111100001100001111101101101001110100110011011011000110010011101110100001010100,True,True,True,True,True,True,True,True,True,True,245,255,110,37,17,21,35,253,255
750,01110000101000110101111101011011111001011001011000101001100011111010000101011010110011001001000111011011111111100110111110100011101100001010001101011111010110111110010110010110001010011000111110100001010110101100110010010001110110111111111001101111101000111111000010100011010111110101101111100101100101100010100110001111101000010101101011001100100100011101101111111110011011111010001100100000101000110101111101011011111001011001011000101001100011111010000101011010110011001001000111011011111111100110111110100011,True,True,True,True,True,True,True,True,True,True,287,262,135,9,36,29,28,256,257
751,01000100000111010000101000111111011001101111111111101100000010011100010011110100100000011111111010110110001110110110111011001001100001000001110100001010001111110110011011111111111011000000100111000100111101001000000111111110101101100011101101101110110010011100010000011101000010100011111101100110111111111110110000001001110001001111010010000001111111101011011000111011011011101100100100010100000111010000101000111111011001101111111111101100000010011100010011110100100000011111111010110110001110110110111011001001,True,True,True,True,True,True,True,True,True,True,277,220,98,37,9,25,32,256,256
752,11100011010111001110010101100111000000110101001010111000010111001111111000000011010110111101000101101010101111000001001001000001001000110101110011100101011001110000001101010010101110000101110011111110000000110101101111010001011010101011110000010010010000010110001101011100111001010110011100000011010100101011100001011100111111100000001101011011110100010110101010111100000100100100000110110011010111001110010101100111000000110101001010111000010111001111111000000011010110111101000101101010101111000001001001000001,True,True,True,True,True,True,True,True,True,True,249,263,146,48,49,31,27,257,259
753,00001001010111111101000000001110000011111011111111011100100100000010100110100001101010110010111010001110000111011001111100111000110010010101111111010000000011100000111110111111110111001001000000101001101000011010101100101110100011100001110110011111001110001000100101011111110100000000111000001111101111111101110010010000001010011010000110101011001011101000111000011101100111110011100001011001010111111101000000001110000011111011111111011100100100000010100110100001101010110010111010001110000111011001111100111000,True,True,True,True,True,True,True,True,True,True,261,223,106,50,25,25,29,256,255
754,01011110001110110010011010100001011101111011101111010101010110100111100000001101000010100100111101000101011100001010000001110100100111100011101100100110101000010111011110111011110101010101101001111000000011010000101001001111010001010111000010100000011101001101111000111011001001101010000101110111101110111101010101011010011110000000110100001010010011110100010101110000101000000111010000001110001110110010011010100001011101111011101111010101010110100111100000001101000010100100111101000101011100001010000001110100,True,True,True,True,True,True,True,True,True,True,251,271,161,43,41,25,29,256,255
755,00010010111001011001110010110000110110101010001000110101101111011111110011000111000110101100001101111001110101000010101100000100110100101110010110011100101100001101101010100010001101011011110111111100110001110001101011000011011110011101010000101011000001001001001011100101100111001011000011011010101000100011010110111101111111001100011100011010110000110111100111010100001010110000010001000010111001011001110010110000110110101010001000110101101111011111110011000111000110101100001101111001110101000010101100000100,True,True,True,True,True,True,True,True,True,True,259,269,134,21,40,28,35,257,258
756,10100100111110110101011110000011110000110100101001111010010110110101111111110101110010101011010100001000000001001110101100101000011001001111101101010111100000111100001101001010011110100101101101011111111101011100101010110101000010000000010011101011001010000010010011111011010101111000001111000011010010100111101001011011010111111111010111001010101101010000100000000100111010110010100011110100111110110101011110000011110000110100101001111010010110110101111111110101110010101011010100001000000001001110101100101000,True,True,True,True,True,True,True,True,True,True,265,274,169,39,48,28,19,257,255
757,11010110111010001101011010010011001000001000011001000000101011001011101011001110111011101100111001011010100111010101001011000100000101101110100011010110100100110010000010000110010000001010110010111010110011101110111011001110010110101001110101010010110001000101011011101000110101101001001100100000100001100100000010101100101110101100111011101110110011100101101010011101010100101100010010000110111010001101011010010011001000001000011001000000101011001011101011001110111011101100111001011010100111010101001011000100,False,True,False,True,True,True,True,True,True,True,247,300,166,27,44,39,23,256,257
758,00000110010101010110111010010111000110011000010000000100011110011010101011010011111110110100101110111101101101111110011010100010110001100101010101101110100101110001100110000100000001000111100110101010110100111111101101001011101111011011011111100110101000101000011001010101011011101001011100011001100001000000010001111001101010101101001111111011010010111011110110110111111001101010001001010110010101010110111010010111000110011000010000000100011110011010101011010011111110110100101110111101101101111110011010100010,True,True,True,True,True,True,True,True,True,True,273,281,160,23,44,25,23,252,257
759,00110100011110010010011010001111000110001001100101000011010010010011011101101001010011001101111000100111100010000100010011000100111101000111100100100110100011110001100010011001010000110100100100110111011010010100110011011110001001111000100001000100110001001011010001111001001001101000111100011000100110010100001101001001001101110110100101001100110111100010011110001000010001001100010001100100011110010010011010001111000110001001100101000011010010010011011101101001010011001101111000100111100010000100010011000100,False,True,True,True,True,True,False,True,True,True,231,267,109,8,9,50,41,256,257
760,00011000100100010100100000010001110001101110011100100010110011101000001000111001000001110010111010011000011100011110000101001111110110001001000101001000000100011100011011100111001000101100111010000010001110010000011100101110100110000111000111100001010011111001100010010001010010000001000111000110111001110010001011001110100000100011100100000111001011101001100001110001111000010100111101001000100100010100100000010001110001101110011100100010110011101000001000111001000001110010111010011000011100011110000101001111,False,True,True,True,True,True,True,False,True,True,223,234,92,36,16,45,49,256,256
761,00111001000100110000100010011111101110001110111010010111100011111101000100111101000110000101100111110100101000110011110001100111111110010001001100001000100111111011100011101110100101111000111111010001001111010001100001011001111101001010001100111100011001111011100100010011000010001001111110111000111011101001011110001111110100010011110100011000010110011111010010100011001111000110011101101001000100110000100010011111101110001110111010010111100011111101000100111101000110000101100111110100101000110011110001100111,True,True,True,True,True,True,True,True,True,True,271,232,92,8,12,32,40,256,256
762,11001110111001100011000101111011011000000000001010100100101001101111111011011010101000101110011100110111010000110110111101010001000011101110011000110001011110110110000000000010101001001010011011111110110110101010001011100111001101110100001101101111010100010100111011100110001100010111101101100000000000101010010010100110111111101101101010100010111001110011011101000011011011110101000110011110111001100011000101111011011000000000001010100100101001101111111011011010101000101110011100110111010000110110111101010001,True,True,True,True,True,True,True,True,True,True,265,267,141,37,33,22,25,257,258
763,01001010001111010011101010010001110101100001011110001110000001000011000010111001100001001001100011110011101100111111111000010001100010100011110100111010100100011101011000010111100011100000010000110000101110011000010010011000111100111011001111111110000100011100101000111101001110101001000111010110000101111000111000000100001100001011100110000100100110001111001110110011111111100001000100011010001111010011101010010001110101100001011110001110000001000011000010111001100001001001100011110011101100111111111000010001,False,True,True,True,True,True,True,False,True,True,245,226,91,32,19,32,46,256,256
764,10001101011111010101001111110000111000011010001101010010001010101101010111100010111110110110110110100000111001100100111000011011010011010111110101010011111100001110000110100011010100100010101011010101111000101111101101101101101000001110011001001110000110110000110101111101010100111111000011100001101000110101001000101010110101011110001011111011011011011010000011100110010011100001101111011101011111010101001111110000111000011010001101010010001010101101010111100010111110110110110110100000111001100100111000011011,True,True,True,True,True,True,True,True,True,True,273,275,152,21,40,16,30,257,256
765,10000000110000010111111000011011100011101111011100100001011100000010100011100010011001111010100111100000010010100010101000100010010000001100000101111110000110111000111011110111001000010111000000101000111000100110011110101001111000000100101000101010001000100000000011000001011111100001101110001110111101110010000101110000001010001110001001100111101010011110000001001010001010100010001011010000110000010111111000011011100011101111011100100001011100000010100011100010011001111010100111100000010010100010101000100010,False,True,True,True,True,True,True,False,True,True,225,232,114,54,29,41,48,255,256
766,11010011010110101011100111011011010011011100010100100101000111100101110000100110100101110011010101110111011000000100010011010000000100110101101010111001110110110100110111000101001001010001111001011100001001101001011100110101011101110110000001000100110100000101001101011010101110011101101101001101110001010010010100011110010111000010011010010111001101010111011101100000010001001101000010000011010110101011100111011011010011011100010100100101000111100101110000100110100101110011010101110111011000000100010011010000,True,True,True,True,True,True,True,True,True,True,251,292,159,26,37,35,24,252,255
767,01110001000011111011101001100001001000011000010001001111110010111011011010111001111001011001110001010011001001001001110111111110101100010000111110111010011000010010000110000100010011111100101110110110101110011110010110011100010100110010010010011101111111101111000100001111101110100110000100100001100001000100111111001011101101101011100111100101100111000101001100100100100111011111111000100001000011111011101001100001001000011000010001001111110010111011011010111001111001011001110001010011001001001001110111111110,True,True,True,True,True,True,True,True,True,True,267,243,103,17,17,45,29,253,256
768,00010101000000001001001111111100110111110010111111100110100010001100101011011111000001110001000001000001101011010101101111101111110101010000000010010011111111001101111100101111111001101000100011001010110111110000011100010000010000011010110101011011111011111001010100000000100100111111110011011111001011111110011010001000110010101101111100000111000100000100000110101101010110111110111101000101000000001001001111111100110111110010111111100110100010001100101011011111000001110001000001000001101011010101101111101111,True,True,True,True,True,True,True,True,True,True,267,232,121,44,31,31,30,256,256
769,00011000101011011110111111110011000001010111100011001111100011101011110010000011011101000001111000111110100001011000101001100001110110001010110111101111111100110000010101111000110011111000111010111100100000110111010000011110001111101000010110001010011000011001100010101101111011111111001100000101011110001100111110001110101111001000001101110100000111100011111010000101100010100110000101001000101011011110111111110011000001010111100011001111100011101011110010000011011101000001111000111110100001011000101001100001,True,True,True,True,True,True,True,True,True,True,267,226,102,32,29,22,41,256,258
770,00000010001011111001001110001010010011001101001011000010001000100001011100011111011010011101011011011000000010000100010110000001110000100010111110010011100010100100110011010010110000100010001000010111000111110110100111010110110110000000100001000101100000011000001000101111100100111000101001001100110100101100001000100010000101110001111101101001110101101101100000001000010001011000000101010010001011111001001110001010010011001101001011000010001000100001011100011111011010011101011011011000000010000100010110000001,False,False,True,True,True,True,False,False,True,True,217,252,122,46,26,53,47,257,259
771,10101010011010010111101000000100000000011100100000001001100000101000101101100110001100001010110101101110011110111001111101000101011010100110100101111010000001000000000111001000000010011000001010001011011001100011000010101101011011100111101110011111010001010010101001101001011110100000010000000001110010000000100110000010100010110110011000110000101011010110111001111011100111110100010111111010011010010111101000000100000000011100100000001001100000101000101101100110001100001010110101101110011110111001111101000101,False,True,True,True,False,True,True,True,True,True,229,253,134,64,34,33,32,256,256
772,11101010100101101010011111110100000010111111110101111111010000010001101100001011101101111010000101111110000000101010110001000110001010101001011010100111111101000000101111111101011111110100000100011011000010111011011110100001011111100000001010101100010001100110101010010110101001111111010000001011111111010111111101000001000110110000101110110111101000010111111000000010101011000100011010111010100101101010011111110100000010111111110101111111010000010001101100001011101101111010000101111110000000101010110001000110,True,True,True,True,True,True,True,True,True,True,269,248,155,44,45,29,33,256,256
773,01110111000110100000110000000110111111100101000011000100110010100101101011010000111010100110111111111110000000100010010101001100101101110001101000001100000001101111111001010000110001001100101001011010110100001110101001101111111111100000001000100101010011001111011100011010000011000000011011111110010100001100010011001010010110101101000011101010011011111111111000000010001001010100110000100111000110100000110000000110111111100101000011000100110010100101101011010000111010100110111111111110000000100010010101001100,True,True,True,True,True,True,True,True,True,True,243,243,123,49,29,30,33,256,256
774,11011010010000000110101110011101000011010110100101011010100110100011111101110100011100110000011110010101111110001101110000100000000110100100000001101011100111010000110101101001010110101001101000111111011101000111001100000111100101011111100011011100001000000101101001000000011010111001110100001101011010010101101010011010001111110111010001110011000001111001010111111000110111000010000010001010010000000110101110011101000011010110100101011010100110100011111101110100011100110000011110010101111110001101110000100000,True,True,True,True,True,True,True,True,True,True,251,254,133,44,30,19,32,254,256
775,10011001110010100001000110110011000000011100010101011111111011101010010100010100010110100011011110111101100101010100110001110011010110011100101000010001101100110000000111000101010111111110111010100101000101000101101000110111101111011001010101001100011100110001100111001010000100011011001100000001110001010101111111101110101001010001010001011010001101111011110110010101010011000111001111001001110010100001000110110011000000011100010101011111111011101010010100010100010110100011011110111101100101010100110001110011,True,True,True,True,True,True,True,True,True,True,259,275,149,20,45,29,33,256,257
776,01111010111011101100011000110011011011000011000000110010011010010101001110100100011110001001011111011110011011111001100111010000101110101110111011000110001100110110110000110000001100100110100101010011101001000111100010010111110111100110111110011001110100001111101011101110110001100011001101101100001100000011001001101001010100111010010001111000100101111101111001101111100110011101000000101010111011101100011000110011011011000011000000110010011010010101001110100100011110001001011111011110011011111001100111010000,True,True,True,True,True,True,True,True,True,True,267,253,106,22,19,22,27,256,255
777,10011011111001110000000100011100101010011111110011011100010100111101011101000101101011000000000010111111000001101111011100110000010110111110011100000001000111001010100111111100110111000101001111010111010001011010110000000000101111110000011011110111001100000001101111100111000000010001110010101001111111001101110001010011110101110100010110101100000000001011111100000110111101110011000011001011111001110000000100011100101010011111110011011100010100111101011101000101101011000000000010111111000001101111011100110000,True,True,True,True,True,True,True,True,True,True,259,222,104,60,30,22,27,255,255
778,00111011101111001010001001011100111100000011010110111000010110100010100100001001001101010011010101001010111001110000101011101100111110111011110010100010010111001111000000110101101110000101101000101001000010010011010100110101010010101110011100001010111011001011101110111100101000100101110011110000001101011011100001011010001010010000100100110101001101010100101011100111000010101110110001101011101111001010001001011100111100000011010110111000010110100010100100001001001101010011010101001010111001110000101011101100,True,True,True,True,True,True,True,True,True,True,251,293,168,24,50,41,25,256,255
779,11000000010101010011100001001000111110000000100011101010101010110001101100000000100110001111111000110011011101010001001110000110000000000101010100111000010010001111100000001000111010101010101100011011000000001001100011111110001100110111010100010011100001100100000001010101001110000100100011111000000010001110101010101011000110110000000010011000111111100011001101110101000100111000011010010000010101010011100001001000111110000000100011101010101010110001101100000000100110001111111000110011011101010001001110000110,True,True,True,True,True,True,True,True,True,True,221,240,121,61,36,26,44,257,257
780,11101110000101100110001111010011110101000111010000010000000000011000001100011101011010010011001111101111010100000001001011001011001011100001011001100011110100111101010001110100000100000000000110000011000111010110100100110011111011110101000000010010110010110110111000010110011000111101001111010100011101000001000000000001100000110001110101101001001100111110111101010000000100101100101110111110000101100110001111010011110101000111010000010000000000011000001100011101011010010011001111101111010100000001001011001011,False,True,True,True,False,True,True,True,True,True,233,237,114,68,25,25,32,256,256
781,11011111001111100100001111111111010001000001111111011100110001110001001100101100111100101010000101001001011001000111000000101001000111110011111001000011111111110100010000011111110111001100011100010011001011001111001010100001010010010110010001110000001010010101111100111110010000111111111101000100000111111101110011000111000100110010110011110010101000010100100101100100011100000010100110001111001111100100001111111111010001000001111111011100110001110001001100101100111100101010000101001001011001000111000000101001,True,True,True,True,True,True,True,True,True,True,259,227,99,28,26,42,34,256,257
782,01111100011010111001001000101000100111100101010110111111100100100010111110101111111011000100101101101101010101110011001010001111101111000110101110010010001010001001111001010101101111111001001000101111101011111110110001001011011011010101011100110010100011111111110001101011100100100010100010011110010101011011111110010010001011111010111111101100010010110110110101010111001100101000111100101100011010111001001000101000100111100101010110111111100100100010111110101111111011000100101101101101010101110011001010001111,True,True,True,True,True,True,True,True,True,True,287,280,160,0,49,45,24,257,256
783,01000110101000011101111100000011010110001110011101000010100011101100010100101011111100110011001100110111000100110101011110110111100001101010000111011111000000110101100011100111010000101000111011000101001010111111001100110011001101110001001101010111101101111100011010100001110111110000001101011000111001110100001010001110110001010010101111110011001100110011011100010011010101111011011100010110101000011101111100000011010110001110011101000010100011101100010100101011111100110011001100110111000100110101011110110111,True,True,True,True,True,True,True,True,True,True,269,260,124,21,33,17,32,256,256
784,00000110001011000000000010001010010010111010000000010011100001101110101000111011101010110010000110010000001100101100011000011101110001100010110000000000100010100100101110100000000100111000011011101010001110111010101100100001100100000011001011000110000111011000011000101100000000001000101001001011101000000001001110000110111010100011101110101011001000011001000000110010110001100001110101010110001011000000000010001010010010111010000000010011100001101110101000111011101010110010000110010000001100101100011000011101,False,False,True,True,False,True,True,True,True,True,205,244,119,75,31,36,43,257,257
785,10000101001101100110100101100111011000000011001110110010101110001011111100100010111011100111001010010001100010001111110100011010010001010011011001101001011001110110000000110011101100101011100010111111001000101110111001110010100100011000100011111101000110100000010100110110011010010110011101100000001100111011001010111000101111110010001011101110011100101001000110001000111111010001101011010101001101100110100101100111011000000011001110110010101110001011111100100010111011100111001010010001100010001111110100011010,True,True,True,True,True,True,True,True,True,True,257,264,123,20,30,36,31,256,256
786,01100011110011011010011011001010110011100100111100111010000110000111110100010100010011010010000011000110101110011011010110011011101000111100110110100110110010101100111001001111001110100001100001111101000101000100110100100000110001101011100110110101100110111110001111001101101001101100101011001110010011110011101000011000011111010001010001001101001000001100011010111001101101011001101100110011110011011010011011001010110011100100111100111010000110000111110100010100010011010010000011000110101110011011010110011011,True,True,True,True,True,True,True,True,True,True,261,270,115,16,20,20,27,256,256
787,10000100001111111001000011001001011111111010101001001011001011011000100110011000101111011100010111101101100110100101000110011011010001000011111110010000110010010111111110101010010010110010110110001001100110001011110111000101111011011001101001010001100110110000010000111111100100001100100101111111101010100100101100101101100010011001100010111101110001011110110110011010010100011001101111010100001111111001000011001001011111111010101001001011001011011000100110011000101111011100010111101101100110100101000110011011,True,True,True,True,True,True,True,True,True,True,269,269,130,11,33,43,27,256,256
788,11111110111101100101010000011001100011100000101011011111110111101000000111001010010010001101010000000101111011110101000011000000001111101111011001010100000110011000111000001010110111111101111010000001110010100100100011010100000001011110111101010000110000000111111011110110010101000001100110001110000010101101111111011110100000011100101001001000110101000000010111101111010100001100000010101110111101100101010000011001100011100000101011011111110111101000000111001010010010001101010000000101111011110101000011000000,True,True,True,True,True,True,True,True,True,True,247,236,128,63,34,25,31,256,255
789,11111111011001101000101110001100100001110000000101100001100010101101001010011111111101000110011110000010101110010111000011001010001111110110011010001011100011001000011100000001011000011000101011010010100111111111010001100111100000101011100101110000110010100111111101100110100010111000110010000111000000010110000110001010110100101001111111110100011001111000001010111001011100001100101010101111011001101000101110001100100001110000000101100001100010101101001010011111111101000110011110000010101110010111000011001010,True,True,True,True,True,True,True,True,True,True,251,244,118,36,39,32,37,258,256
790,00111001001111000101001110000000110000000101011100001000001110000010110111101110110011110011111001110100101011010010101011001110111110010011110001010011100000001100000001010111000010000011100000101101111011101100111100111110011101001010110100101010110011101011100100111100010100111000000011000000010101110000100000111000001011011110111011001111001111100111010010101101001010101100111001101001001111000101001110000000110000000101011100001000001110000010110111101110110011110011111001110100101011010010101011001110,True,True,True,True,True,True,True,True,True,True,251,245,119,52,37,28,24,258,256
791,01000010001001001010111100011011101010011101111100001011100010011101000011100110001111111100001001000100001100000111010000010001100000100010010010101111000110111010100111011111000010111000100111010000111001100011111111000010010001000011000001110100000100011100001000100100101011110001101110101001110111110000101110001001110100001110011000111111110000100100010000110000011101000001000100010010001001001010111100011011101010011101111100001011100010011101000011100110001111111100001001000100001100000111010000010001,False,True,True,True,True,True,True,False,True,True,233,228,101,36,16,42,52,258,257
792,10110100011110111111100010111010101000101110011000010011010001110101000010011000010101010101100000001101111001100110101100100111011101000111101111111000101110101010001011100110000100110100011101010000100110000101010101011000000011011110011001101011001001110011010001111011111110001011101010100010111001100001001101000111010100001001100001010101010110000000110111100110011010110010011111100100011110111111100010111010101000101110011000010011010001110101000010011000010101010101100000001101111001100110101100100111,True,True,True,True,True,True,True,True,True,True,255,271,146,28,44,25,32,256,256
793,10001100111011100001111111110100011100110010111011101101111110110110100100001000101011010100001110000000011000000110100111011000010011001110111000011111111101000111001100101110111011011111101101101001000010001010110101000011100000000110000001101001110110000000110011101110000111111111010001110011001011101110110111111011011010010000100010101101010000111000000001100000011010011101100011011100111011100001111111110100011100110010111011101101111110110110100100001000101011010100001110000000011000000110100111011000,True,True,True,True,True,True,True,True,True,True,261,230,103,49,16,17,32,256,255
794,01000000101101001011000010111110011111111001101100111011010011101000001011001110110001111101011110000011011110100100100001101100100000001011010010110000101111100111111110011011001110110100111010000010110011101100011111010111100000110111101001001000011011001100000010110100101100001011111001111111100110110011101101001110100000101100111011000111110101111000001101111010010010000110110000010000101101001011000010111110011111111001101100111011010011101000001011001110110001111101011110000011011110100100100001101100,True,True,True,True,True,True,True,True,True,True,269,241,108,37,20,26,25,256,255
795,11101011111111011100101001111110111001110011110010110011101011101001101111110010000111111110100101011111110010000111000011000101001010111111110111001010011111101110011100111100101100111010111010011011111100100001111111101001010111111100100001110000110001010110101111111101110010100111111011100111001111001011001110101110100110111111001000011111111010010101111111001000011100001100010110111011111111011100101001111110111001110011110010110011101011101001101111110010000111111110100101011111110010000111000011000101,False,False,True,True,True,True,True,True,True,True,313,229,108,12,29,25,16,256,257
796,11100000100010001101100011011111001010010100100111101001110011010000000011110000001111100111101110111001101101100000101000110101001000001000100011011000110111110010100101001001111010011100110100000000111100000011111001111011101110011011011000001010001101010110000010001000110110001101111100101001010010011110100111001101000000001111000000111110011110111011100110110110000010100011010110110000100010001101100011011111001010010100100111101001110011010000000011110000001111100111101110111001101101100000101000110101,True,True,True,True,True,True,True,True,True,True,249,239,106,47,17,25,32,256,256
797,11011000111100111000000011000101011010010100111001010100000001110110110110001000110011010110100110010101010111110011000001000001000110001111001110000000110001010110100101001110010101000000011101101101100010001100110101101001100101010101111100110000010000010101100011110011100000001100010101101001010011100101010000000111011011011000100011001101011010011001010101011111001100000100000110001000111100111000000011000101011010010100111001010100000001110110110110001000110011010110100110010101010111110011000001000001,True,True,True,True,True,True,True,True,True,True,231,267,136,48,42,27,34,257,257
798,10100100000011110100010000000100111101000001100110010110111111001010010011111011100100001011110111111010101001011111111000011101011001000000111101000100000001001111010000011001100101101111110010100100111110111001000010111101111110101010010111111110000111010010010000001111010001000000010011110100000110011001011011111100101001001111101110010000101111011111101010100101111111100001110111110100000011110100010000000100111101000001100110010110111111001010010011111011100100001011110111111010101001011111111000011101,True,True,True,True,True,True,True,True,True,True,269,231,121,44,25,36,24,259,256
799,11101000011111100111010001000011000000001010100100011000111100001100101010110000010011001000001101001110000101100011001010011011001010000111111001110100010000110000000010101001000110001111000011001010101100000100110010000011010011100001011000110010100110110110100001111110011101000100001100000000101010010001100011110000110010101011000001001100100000110100111000010110001100101001101110111000011111100111010001000011000000001010100100011000111100001100101010110000010011001000001101001110000101100011001010011011,False,False,True,True,True,True,True,True,True,True,217,245,109,52,29,33,44,256,256
800,00000110111100111101010111011011011100010010011101101000011111000010110100000000101111011101100001011010001000111110110110010011110001101111001111010101110110110111000100100111011010000111110000101101000000001011110111011000010110100010001111101101100100111000011011110011110101011101101101110001001001110110100001111100001011010000000010111101110110000101101000100011111011011001001101010110111100111101010111011011011100010010011101101000011111000010110100000000101111011101100001011010001000111110110110010011,True,True,True,True,True,True,True,True,True,True,269,252,125,35,22,28,31,256,256
801,10101000010000000101100111001010111111110000111011001000001001000101101001000010000000110001100011010100011000001010010110110101011010000100000001011001110010101111111100001110110010000010010001011010010000100000001100011000110101000110000010100101101101010010100001000000010110011100101011111111000011101100100000100100010110100100001000000011000110001101010001100000101001011011010111111000010000000101100111001010111111110000111011001000001001000101101001000010000000110001100011010100011000001010010110110101,False,False,True,True,True,True,True,True,True,True,213,253,134,60,35,45,44,258,256
802,10111100000110100100000101001011010011000011100101101110011101101001001001101001110010111110100101100001110011010101110110011011011111000001101001000001010010110100110000111001011011100111011010010010011010011100101111101001011000011100110101011101100110110011110000011010010000010100101101001100001110010110111001110110100100100110100111001011111010010110000111001101010111011001101111101100000110100100000101001011010011000011100101101110011101101001001001101001110010111110100101100001110011010101110110011011,True,True,True,True,True,True,True,True,True,True,263,281,136,24,28,32,16,258,256
803,10001100000111110011000000001001011101110101010011001010101111001010100111001010001011111010000001010011101101010000101101010010010011000001111100110000000010010111011101010100110010101011110010101001110010100010111110100000010100111011010100001011010100100000110000011111001100000000100101110111010101001100101010111100101010011100101000101111101000000101001110110101000010110101001011011100000111110011000000001001011101110101010011001010101111001010100111001010001011111010000001010011101101010000101101010010,False,True,True,False,True,False,True,True,True,True,241,286,177,46,57,37,22,256,256
804,01010001011100000010001111000000001100011101010011111110110001101010111011100110000000100000101001101110100100000111100010011011100100010111000000100011110000000011000111010100111111101100011010101110111001100000001000001010011011101001000001111000100110111101000101110000001000111100000000110001110101001111111011000110101011101110011000000010000010100110111010010000011110001001101100000001011100000010001111000000001100011101010011111110110001101010111011100110000000100000101001101110100100000111100010011011,False,True,True,True,False,True,True,True,True,True,231,224,103,68,21,25,40,256,256
805,10010000000111001001011011101001011001001010001111111111100100010111111101001111100100011001010010010010010010110100110100011001010100000001110010010110111010010110010010100011111111111001000101111111010011111001000110010100100100100100101101001101000110010001000000011100100101101110100101100100101000111111111110010001011111110100111110010001100101001001001001001011010011010001100111000000000111001001011011101001011001001010001111111111100100010111111101001111100100011001010010010010010010110100110100011001,False,True,True,True,True,True,False,True,True,True,255,265,134,18,26,60,21,255,257
806,11101010111001111110111000111000000000101001001101000111000110000101010101101011011101010100011001011001011001011111000100011111001010101110011111101110001110000000001010010011010001110001100001010101011010110111010101000110010110010110010111110001000111110110101011100111111011100011100000000010100100110100011100011000010101010110101101110101010001100101100101100101111100010001111110111010111001111110111000111000000000101001001101000111000110000101010101101011011101010100011001011001011001011111000100011111,False,True,True,True,True,False,True,True,True,True,261,269,149,28,52,29,32,257,256
807,01101101010011000110111101110011001010110000101010100011100010101000001101000011001110010011101110000110000001000101111110110001101011010100110001101111011100110010101100001010101000111000101010000011010000110011100100111011100001100000010001011111101100011110110101001100011011110111001100101011000010101010001110001010100000110100001100111001001110111000011000000100010111111011000100111101010011000110111101110011001010110000101010100011100010101000001101000011001110010011101110000110000001000101111110110001,True,True,True,True,True,True,True,True,True,True,245,260,128,32,37,25,40,256,258
808,00000011111101001100100000101000001101110010000011001010100000011110001111010100000001111011111110101111111000110110110000100000110000111111010011001000001010000011011100100000110010101000000111100011110101000000011110111111101011111110001101101100001000001000001111110100110010000010100000110111001000001100101010000001111000111101010000000111101111111010111111100011011011000010000001010011111101001100100000101000001101110010000011001010100000011110001111010100000001111011111110101111111000110110110000100000,False,True,False,True,False,True,True,True,True,True,241,209,100,71,21,22,38,256,256
809,10100010000011011110011100000111011101000000011100010100111001100010000111111100011110010000000100001001111010011101111110010010011000100000110111100111000001110111010000000111000101001110011000100001111111000111100100000001000010011110100111011111100100100010001000001101111001110000011101110100000001110001010011100110001000011111110001111001000000010000100111101001110111111001001011110010000011011110011100000111011101000000011100010100111001100010000111111100011110010000000100001001111010011101111110010010,False,True,False,False,True,True,True,True,True,True,241,202,74,56,5,33,40,256,256
810,10110110101001001100100100110101101101011101000110001100111110110100111010100010101000101010001001100000001101001101100111111101011101101010010011001001001101011011010111010001100011001111101101001110101000101010001010100010011000000011010011011001111111010011011010100100110010010011010110110101110100011000110011111011010011101010001010100010101000100110000000110100110110011111110111100110101001001100100100110101101101011101000110001100111110110100111010100010101000101010001001100000001101001101100111111101,True,True,True,True,True,True,True,True,True,True,259,295,161,16,33,24,24,258,257
811,11011001010111001000110100001011001011000011001000101101101110101100101101101100010001000110000101100111010010001001000010111001000110010101110010001101000010110010110000110010001011011011101011001011011011000100010001100001011001110100100010010000101110010101100101011100100011010000101100101100001100100010110110111010110010110110110001000100011000010110011101001000100100001011100110001001010111001000110100001011001011000011001000101101101110101100101101101100010001000110000101100111010010001001000010111001,False,True,True,True,True,True,False,True,True,True,231,291,144,16,38,59,42,256,257
812,00011000000110110011101100000001110100010101101101000110101010000101101011101001001101100010100111000101110101001110001000000001110110000001101100111011000000011101000101011011010001101010100001011010111010010011011000101001110001011101010011100010000000011001100000011011001110110000000111010001010110110100011010101000010110101110100100110110001010011100010111010100111000100000000101001000000110110011101100000001110100010101101101000110101010000101101011101001001101100010100111000101110101001110001000000001,True,True,True,True,True,True,True,True,True,True,227,274,150,52,37,26,37,255,259
813,11101100100111110001110011000011011110010100011111011000100001011100101110101010010011000010101111010100001100101100100110010111001011001001111100011100110000110111100101000111110110001000010111001011101010100100110000101011110101000011001011001001100101110110110010011111000111001100001101111001010001111101100010000101110010111010101001001100001010111101010000110010110010011001011110111100100111110001110011000011011110010100011111011000100001011100101110101010010011000010101111010100001100101100100110010111,True,True,True,True,True,True,True,True,True,True,261,269,130,16,41,41,28,256,256
814,00010101001011001011001111101011101000001010100011000100111000111110001111011011110001100100111010010111101100100101111010111001110101010010110010110011111010111010000010101000110001001110001111100011110110111100011001001110100101111011001001011110101110011001010100101100101100111110101110100000101010001100010011100011111000111101101111000110010011101001011110110010010111101011100101000101001011001011001111101011101000001010100011000100111000111110001111011011110001100100111010010111101100100101111010111001,True,True,True,True,True,True,True,True,True,True,275,272,139,8,40,36,26,255,257
815,11010101100101011100001100101011011001000111011101110100101110001001110100111010000111011000101000000101000100101101100000111100000101011001010111000011001010110110010001110111011101001011100010011101001110100001110110001010000001010001001011011000001111000101010110010101110000110010101101100100011101110111010010111000100111010011101000011101100010100000010100010010110110000011110010000101100101011100001100101011011001000111011101110100101110001001110100111010000111011000101000000101000100101101100000111100,True,True,True,True,True,True,True,True,True,True,243,276,146,31,40,40,35,255,256
816,11110110110110101101010101100110000101100100110110000010001101101111011100000110110110011001011110011101111101011111110100110100001101101101101011010101011001100001011001001101100000100011011011110111000001101101100110010111100111011111010111111101001101000111011011011010110101010110011000010110010011011000001000110110111101110000011011011001100101111001110111110101111111010011010010100110110110101101010101100110000101100100110110000010001101101111011100000110110110011001011110011101111101011111110100110100,True,True,True,True,True,True,True,True,True,True,287,274,134,21,29,17,18,257,256
817,11111000111001001010100110110000010011101111000010010100000011001010010010100100010101110001100001101111110101000110100100111101001110001110010010101001101100000100111011110000100101000000110010100100101001000101011100011000011011111101010001101001001111010111100011100100101010011011000001001110111100001001010000001100101001001010010001010111000110000110111111010100011010010011110110101000111001001010100110110000010011101111000010010100000011001010010010100100010101110001100001101111110101000110100100111101,True,True,True,True,True,True,True,True,True,True,239,273,144,28,34,44,32,253,257
818,11000100110011111000010111001000010000101011111110010010111100001111011101010100011110001001010100100111100110101110110001011111000001001100111110000101110010000100001010111111100100101111000011110111010101000111100010010101001001111001101011101100010111110100010011001111100001011100100001000010101111111001001011110000111101110101010001111000100101010010011110011010111011000101111110010100110011111000010111001000010000101011111110010010111100001111011101010100011110001001010100100111100110101110110001011111,True,True,True,True,True,True,True,True,True,True,269,253,132,18,41,44,31,255,256
819,01111101001110010000100011110000110011001101000001010100001011101101110011111010110110110001111100111111111010011100010000010111101111010011100100001000111100001100110011010000010101000010111011011100111110101101101100011111001111111110100111000100000101111111110100111001000010001111000011001100110100000101010000101110110111001111101011011011000111110011111111101001110001000001011100101101001110010000100011110000110011001101000001010100001011101101110011111010110110110001111100111111111010011100010000010111,True,True,True,True,True,True,True,True,True,True,275,232,104,28,21,25,32,256,256
820,11110100011111011110101010111011111111000110110110100101110100100000111110010011110001010001100100100101010010011010010001110001001101000111110111101010101110111111110001101101101001011101001000001111100100111100010100011001001001010100100110100100011100010111010001111101111010101011101111111100011011011010010111010010000011111001001111000101000110010010010101001001101001000111000110100100011111011110101010111011111111000110110110100101110100100000111110010011110001010001100100100101010010011010010001110001,True,True,True,True,True,True,True,True,True,True,271,271,145,8,29,39,28,256,258
821,00100110100100110000010000100001011010000001000001010100011100111010101110110111000011010010111001001001001111001101100001000000111001101001001100000100001000010110100000010000010101000111001110101011101101110000110100101110010010010011110011011000010000001010011010010011000001000010000101101000000100000101010001110011101010111011011100001101001011100100100100111100110110000100000001110110100100110000010000100001011010000001000001010100011100111010101110110111000011010010111001001001001111001101100001000000,False,False,True,True,True,True,True,True,True,True,213,259,129,57,25,46,35,256,255
822,01011111110011110110110101011010011110101010001001111101111100111110011011010010010101011100011111100101110011100000001010001101100111111100111101101101010110100111101010100010011111011111001111100110110100100101010111000111111001011100111000000010100011011101111111001111011011010101101001111010101000100111110111110011111001101101001001010101110001111110010111001110000000101000110100001111110011110110110101011010011110101010001001111101111100111110011011010010010101011100011111100101110011100000001010001101,False,False,True,True,True,True,True,True,True,True,295,258,138,17,37,20,17,257,257
823,01001101101010010001010001001100110110011001001100101110100100111111001010011010100010110010011001001000101001010010100110000101100011011010100100010100010011001101100110010011001011101001001111110010100110101000101100100110010010001010010100101001100001011100110110101001000101000100110011011001100100110010111010010011111100101001101010001011001001100100100010100101001010011000010100011101101010010001010001001100110110011001001100101110100100111111001010011010100010110010011001001000101001010010100110000101,False,True,False,True,True,True,False,True,True,True,233,314,164,4,40,60,22,255,257
824,11001000111011101010001011100101100000000101101101110001001100110111000110010111001011111000100001110000001101101101011000011110000010001110111010100010111001011000000001011011011100010011001101110001100101110010111110001000011100000011011011010110000111100100100011101110101000101110010110000000010110110111000100110011011100011001011100101111100010000111000000110110110101100001111010011000111011101010001011100101100000000101101101110001001100110111000110010111001011111000100001110000001101101101011000011110,True,True,True,True,True,True,True,True,True,True,249,246,107,42,28,32,37,256,256
825,00110011011101100111000011100111000010010101010100100110010100000110011101001101011111010110111101111110101100011010101011100010111100110111011001110000111001110000100101010101001001100101000001100111010011010111110101101111011111101011000110101010111000101011001101110110011100001110011100001001010101010010011001010000011001110100110101111101011011110111111010110001101010101110001001100011011101100111000011100111000010010101010100100110010100000110011101001101011111010110111101111110101100011010101011100010,True,True,True,True,True,True,True,True,True,True,275,283,153,16,47,20,21,257,257
826,00111010011111111000011101011011000001001010001010000100100001001001101101100100111010010010000011000010010011110010011001001011111110100111111110000111010110110000010010100010100001001000010010011011011001001110100100100000110000100100111100100110010010111011101001111111100001110101101100000100101000101000010010000100100110110110010011101001001000001100001001001111001001100100101101101010011111111000011101011011000001001010001010000100100001001001101101100100111010010010000011000010010011110010011001001011,False,True,True,True,True,True,False,True,True,True,231,264,124,32,17,60,28,257,256
827,01100110010010001000010001010100011111101111101111000100011101010001110010101111100010111111011011001011110100111011011101101110101001100100100010000100010101000111111011111011110001000111010100011100101011111000101111110110110010111101001110110111011011101110011001001000100001000101010001111110111110111100010001110101000111001010111110001011111101101100101111010011101101110110111000110110010010001000010001010100011111101111101111000100011101010001110010101111100010111111011011001011110100111011011101101110,True,True,True,True,True,True,True,True,True,True,289,259,136,4,29,36,33,257,256
828,00110001100011111100001011110101001000010101000111101101111010010001110101101110011011000100011101110111000010011011010010101110111100011000111111000010111101010010000101010001111011011110100100011101011011100110110001000111011101110000100110110100101011101011000110001111110000101111010100100001010100011110110111101001000111010110111001101100010001110111011100001001101101001010111001100001100011111100001011110101001000010101000111101101111010010001110101101110011011000100011101110111000010011011010010101110,True,True,True,True,True,True,True,True,True,True,271,267,137,13,29,28,36,256,256
829,00001011100001011001100011000000100001100100100110001110001001010010000111110000000111110011010100111001111000010001010011111111110010111000010110011000110000001000011001001001100011100010010100100001111100000001111100110101001110011110000100010100111111111000101110000101100110001100000010000110010010011000111000100101001000011111000000011111001101010011100111100001000101001111111101011011100001011001100011000000100001100100100110001110001001010010000111110000000111110011010100111001111000010001010011111111,False,True,False,False,True,True,True,True,True,True,233,218,82,45,20,39,42,256,256
830,11000000011111110000000101010100110001010001110010101101111101000110010000001011011110000001011001001010101100010011011010101011000000000111111100000001010101001100010100011100101011011111010001100100000010110111100000010110010010101011000100110110101010110100000001111111000000010101010011000101000111001010110111110100011001000000101101111000000101100100101010110001001101101010101110010000011111110000000101010100110001010001110010101101111101000110010000001011011110000001011001001010101100010011011010101011,False,True,True,True,True,False,True,True,True,True,233,269,159,56,56,37,32,256,256
831,11001000010100100101000010110101011000011101000001011111011011100001000111001011011011111111110001101000111011101101101011001001000010000101001001010000101101010110000111010000010111110110111000010001110010110110111111111100011010001110111011011010110010010100100001010010010100001011010101100001110100000101111101101110000100011100101101101111111111000110100011101110110110101100100110011000010100100101000010110101011000011101000001011111011011100001000111001011011011111111110001101000111011101101101011001001,True,True,True,True,True,True,True,True,True,True,265,267,144,25,33,37,33,256,256
832,11011101100010010110100000111111101011010010010100100100100110100110100001011001110010101001010110001010010011111100101010110101000111011000100101101000001111111010110100100101001001001001101001101000010110011100101010010101100010100100111111001010101101010101110110001001011010000011111110101101001001010010010010011010011010000101100111001010100101011000101001001111110010101011010110001101100010010110100000111111101011010010010100100100100110100110100001011001110010101001010110001010010011111100101010110101,False,True,False,False,True,False,False,True,True,True,251,315,191,12,54,52,18,257,256
833,11111100110111001001100110100100110001111011111011010011010101011100001100100101010111010011110101010001000101101010010100100111001111001101110010011001101001001100011110111110110100110101010111000011001001010101110100111101010100010001011010100101001001110111110011011100100110011010010011000111101111101101001101010101110000110010010101011101001111010101000100010110101001010010011110101100110111001001100110100100110001111011111011010011010101011100001100100101010111010011110101010001000101101010010100100111,False,True,False,True,True,True,True,True,True,True,271,305,172,4,45,32,16,256,256
834,01001101001001001100100001000001010010101011010101101111110010110000101000010010000011111101101000110001011001101110010100110111100011010010010011001000010000010100101010110101011011111100101100001010000100100000111111011010001100010110011011100101001101111100110100100100110010000100000101001010101101010110111111001011000010100001001000001111110110100011000101100110111001010011011100011101001001001100100001000001010010101011010101101111110010110000101000010010000011111101101000110001011001101110010100110111,True,True,True,True,True,True,True,True,True,True,241,282,154,28,40,48,30,257,256
835,10010000100110000011110111011110111110000110010110011001000101000011111101001111010100111000110101101101010101110100001001001010010100001001100000111101110111101111100001100101100110010001010000111111010011110101001110001101011011010101011101000010010010100001000010011000001111011101111011111000011001011001100100010100001111110100111101010011100011010110110101010111010000100100101011000000100110000011110111011110111110000110010110011001000101000011111101001111010100111000110101101101010101110100001001001010,True,True,True,True,True,True,True,True,True,True,259,268,144,27,34,31,29,256,256
836,00110111000110010000110111100100010101111100000111011101111100000100110111011100110001010000100011110110001110110000000110001001111101110001100100001101111001000101011111000001110111011111000001001101110111001100010100001000111101100011101100000001100010011011011100011001000011011110010001010111110000011101110111110000010011011101110011000101000010001111011000111011000000011000100101100111000110010000110111100100010101111100000111011101111100000100110111011100110001010000100011110110001110110000000110001001,False,True,True,False,True,True,True,True,True,True,251,222,83,40,13,29,44,257,256
837,01001000100110010000001010101001001111000011011001010011111100100000000100011110000101001010011100000110111111011101000000000010100010001001100100000010101010010011110000110110010100111111001000000001000111100001010010100111000001101111110111010000000000101100100010011001000000101010100100111100001101100101001111110010000000010001111000010100101001110000011011111101110100000000001000011000100110010000001010101001001111000011011001010011111100100000000100011110000101001010011100000110111111011101000000000010,False,False,True,True,False,True,True,True,True,True,213,231,117,77,26,43,34,256,260
838,01011010011101000111110000011110011100010101100000010001000011001100000011011101101111001010111001111001100011011101101101010011100110100111010001111100000111100111000101011000000100010000110011000000110111011011110010101110011110011000110111011011010100111101101001110100011111000001111001110001010110000001000100001100110000001101110110111100101011100111100110001101110110110101001100001010011101000111110000011110011100010101100000010001000011001100000011011101101111001010111001111001100011011101101101010011,True,True,True,True,True,True,True,True,True,True,259,242,101,37,22,17,33,257,257
839,01101110100100111001101110100011011110111010001001010001011111010000101001100110001010011000000001100100010001001101011010111000101011101001001110011011101000110111101110100010010100010111110100001010011001100010100110000000011001000100010011010110101110001110111010010011100110111010001101111011101000100101000101111101000010100110011000101001100000000110010001000100110101101011100000111110100100111001101110100011011110111010001001010001011111010000101001100110001010011000000001100100010001001101011010111000,True,True,True,True,True,True,True,True,True,True,241,273,139,26,26,37,35,256,255
840,10011111100101001000001011010001000100000010011111100010001010001000011101010011010001010000101100010111101101001110111000100110010111111001010010000010110100010001000000100111111000100010100010000111010100110100010100001011000101111011010011101110001001100001111110010100100000101101000100010000001001111110001000101000100001110101001101000101000010110001011110110100111011100010011011001111100101001000001011010001000100000010011111100010001010001000011101010011010001010000101100010111101101001110111000100110,False,True,True,True,True,True,False,False,True,True,227,262,141,29,29,53,49,258,256
841,10110110111011011111001011110010011111110011111010111001101101010110011111001011011111000010100011111111000101011000010101111101011101101110110111110010111100100111111100111110101110011011010101100111110010110111110000101000111111110001010110000101011111010011011011101101111100101111001001111111001111101011100110110101011001111100101101111100001010001111111100010101100001010111110111100110111011011111001011110010011111110011111010111001101101010110011111001011011111000010100011111111000101011000010101111101,False,False,True,True,True,True,True,True,True,True,319,247,129,8,41,24,16,257,257
842,01110110010011110110011100000011011000100101100111000111011111110011001101111110010011010000010001110010101100100110110000000110101101100100111101100111000000110110001001011001110001110111111100110011011111100100110100000100011100101011001001101100000001101111011001001111011001110000001101100010010110011100011101111111001100110111111001001101000001000111001010110010011011000000011000100110010011110110011100000011011000100101100111000111011111110011001101111110010011010000010001110010101100100110110000000110,False,True,True,False,True,True,True,True,True,True,259,235,82,36,13,29,25,256,259
843,00011001000110100110010111011101010001011111110100111000001110111110010001100111000001110001011110110110100010111101010111011110110110010001101001100101110111010100010111111101001110000011101111100100011001110000011100010111101101101000101111010101110111101001100100011010011001011101110101000101111111010011100000111011111001000110011100000111000101111011011010001011110101011101111001001001000110100110010111011101010001011111110100111000001110111110010001100111000001110001011110110110100010111101010111011110,True,True,True,True,True,True,True,True,True,True,283,255,127,16,28,26,29,260,256
844,01011010100010010001111011111011001000111101010001100001111011101111101100001101000100100000111001111111000001110000101111111011100110101000100100011110111110110010001111010100011000011110111011111011000011010001001000001110011111110000011100001011111110111101101010001001000111101111101100100011110101000110000111101110111110110000110100010010000011100111111100000111000010111111101100001010100010010001111011111011001000111101010001100001111011101111101100001101000100100000111001111111000001110000101111111011,False,True,False,True,True,True,True,True,True,True,275,218,97,29,14,25,41,256,256
845,11100110010110000110011000000100010110001100001100110000100000010001011100001010101110011000001111011000000111010110110000111100001001100101100001100110000001000101100011000011001100001000000100010111000010101011100110000011110110000001110101101100001111000110011001011000011001100000010001011000110000110011000010000001000101110000101010111001100000111101100000011101011011000011110010110110010110000110011000000100010110001100001100110000100000010001011100001010101110011000001111011000000111010110110000111100,False,False,True,False,False,True,True,False,True,True,213,226,84,65,29,30,50,255,256
846,10011001010110011000010001110001100000010010001101011110100001100001100001001100010001100101101000000101001001111000010110000110010110010101100110000100011100011000000100100011010111101000011000011000010011000100011001011010000001010010011110000101100001100001100101011001100001000111000110000001001000110101111010000110000110000100110001000110010110100000010100100111100001011000011011001001010110011000010001110001100000010010001101011110100001100001100001001100010001100101101000000101001001111000010110000110,False,False,True,True,True,True,True,False,True,True,203,246,102,49,25,42,53,257,257
847,11111010110111010001000000101010101011111110000100011000110001010101101110001111001001001000110000111000011101001010010011001001001110101101110100010000001010101010111111100001000110001100010101011011100011110010010010001100001110000111010010100100110010010111101011011101000100000010101010101111111000010001100011000101010110111000111100100100100011000011100001110100101001001100100110101010110111010001000000101010101011111110000100011000110001010101101110001111001001001000110000111000011101001010010011001001,True,True,True,True,True,True,True,True,True,True,239,273,148,24,43,42,40,257,256
848,00000100111001100110101010010000000110000100010001110110000101010111110001001010011010010110011101000100111110100110111001010010110001001110011001101010100100000001100001000100011101100001010101111100010010100110100101100111010001001111101001101110010100101000010011100110011010101001000000011000010001000111011000010101011111000100101001101001011001110100010011111010011011100101001001010100111001100110101010010000000110000100010001110110000101010111110001001010011010010110011101000100111110100110111001010010,True,True,True,True,True,True,True,True,True,True,233,281,148,27,36,44,31,254,257
849,11100000010011110111101001010011001111001000101001000111011110100010101100101001110110001110111101001110000011110011101100110011001000000100111101111010010100110011110010001010010001110111101000101011001010011101100011101111010011100000111100111011001100110110000001001111011110100101001100111100100010100100011101111010001010110010100111011000111011110100111000001111001110110011001110110000010011110111101001010011001111001000101001000111011110100010101100101001110110001110111101001110000011110011101100110011,True,True,True,True,True,True,True,True,True,True,269,255,111,19,20,29,24,257,256
850,11111010001101100011101010111010000000001111110011110110010011001110110001001111100101011010001001010101101110111011110110101000001110100011011000111010101110100000000011111100111101100100110011101100010011111001010110100010010101011011101110111101101010000111101000110110001110101011101000000000111111001111011001001100111011000100111110010101101000100101010110111011101111011010100010101010001101100011101010111010000000001111110011110110010011001110110001001111100101011010001001010101101110111011110110101000,True,True,True,True,True,True,True,True,True,True,275,268,145,27,35,21,23,257,255
851,00110110011110000001011000110011100101110011100111011001000111110010011100001001001011011011100110100001000111010101001111001100111101100111100000010110001100111001011100111001110110010001111100100111000010010010110110111001101000010001110101010011110011001011011001111000000101100011001110010111001110011101100100011111001001110000100100101101101110011010000100011101010100111100110001100110011110000001011000110011100101110011100111011001000111110010011100001001001011011011100110100001000111010101001111001100,True,True,True,True,True,True,True,True,True,True,259,251,93,20,21,33,25,255,256
852,11101010001000000101001010101111010011111101000111111010101010010101110101011110110100011111010010101111110111000001111000100111001010100010000001010010101011110100111111010001111110101010100101011101010111101101000111110100101011111101110000011110001001110110101000100000010100101010111101001111110100011111101010101001010111010101111011010001111101001010111111011100000111100010011110111010001000000101001010101111010011111101000111111010101010010101110101011110110100011111010010101111110111000001111000100111,False,True,True,False,True,False,True,True,True,True,285,277,185,20,56,25,24,256,256
853,10111001000000110110011010101101110111001001110110011100001001101110001111100100110111101111011101000001010100101001100011010100011110010000001101100110101011011101110010011101100111000010011011100011111001001101111011110111010000010101001010011000110101000011100100000011011001101010110111011100100111011001110000100110111000111110010011011110111101110100000101010010100110001101010011101001000000110110011010101101110111001001110110011100001001101110001111100100110111101111011101000001010100101001100011010100,True,True,True,True,True,True,True,True,True,True,267,268,128,25,24,24,22,256,256
854,11110010110110111010101100111010101001100111010110010101001000000011011001010111110110011011000101010010101000110001111010111010001100101101101110101011001110101010011001110101100101010010000000110110010101111101100110110001010100101010001100011110101110100111001011011011101010110011101010100110011101011001010100100000001101100101011111011001101100010101001010100011000111101011101010100010110110111010101100111010101001100111010110010101001000000011011001010111110110011011000101010010101000110001111010111010,False,True,False,False,True,False,True,True,True,True,267,314,189,16,62,24,18,256,256
855,00011000010100010011001100110000111111101101000010100000010111000110010001010100101101010101111101100111001101010111000010010110110110000101000100110011001100001111111011010000101000000101110001100100010101001011010101011111011001110011010101110000100101101001100001010001001100110011000011111110110100001010000001011100011001000101010010110101010111110110011100110101011100001001011001001000010100010011001100110000111111101101000010100000010111000110010001010100101101010101111101100111001101010111000010010110,True,True,True,True,True,True,True,True,True,True,243,279,151,28,48,38,33,256,256
856,00100110001101111001101011101011100110011011001110001100111100111100101110011110101011101100000110001010111110001011011011111000111001100011011110011010111010111001100110110011100011001111001111001011100111101010111011000001100010101111100010110110111110001010011000110111100110101110101110011001101100111000110011110011110010111001111010101110110000011000101011111000101101101111100001110110001101111001101011101011100110011011001110001100111100111100101110011110101011101100000110001010111110001011011011111000,True,True,True,True,True,True,True,True,True,True,293,251,101,9,33,14,23,255,255
857,11101000110010001011000100101010000010011000011011100011011001000001011100100100010101111000011101110001100001100111011011010001001010001100100010110001001010100000100110000110111000110110010000010111001001000101011110000111011100011000011001110110110100010110100011001000101100010010101000001001100001101110001101100100000101110010010001010111100001110111000110000110011101101101000110111000110010001011000100101010000010011000011011100011011001000001011100100100010101111000011101110001100001100111011011010001,False,True,True,True,True,True,True,False,True,True,229,261,116,28,26,43,48,253,257
858,01010011101010000010111001100010110100111100000111000100001010000110001100000000001010000000010110110011101000111010001010100011100100111010100000101110011000101101001111000001110001000010100001100011000000000010100000000101101100111010001110100010101000111101001110101000001011100110001011010011110000011100010000101000011000110000000000101000000001011011001110100011101000101010001100000011101010000010111001100010110100111100000111000100001010000110001100000000001010000000010110110011101000111010001010100011,False,False,True,True,False,True,True,False,True,True,203,240,123,75,33,29,49,256,257
859,01101110111010001011111010111001101100101111010010111010111101110101110010000001100001100110111011110011111000000001010101100110101011101110100010111110101110011011001011110100101110101111011101011100100000011000011001101110111100111110000000010101011001101110111011101000101111101011100110110010111101001011101011110111010111001000000110000110011011101111001111100000000101010110011000111110111010001011111010111001101100101111010010111010111101110101110010000001100001100110111011110011111000000001010101100110,True,True,True,True,True,True,True,True,True,True,285,257,134,36,38,20,17,257,256
860,10110111010100010001000101100111001010011100001100001001101110010111011100100011100001000010010110000010101000101100000010111110011101110101000100010001011001110010100111000011000010011011100101110111001000111000010000100101100000101010001011000000101111100011011101010001000100010110011100101001110000110000100110111001011101110010001110000100001001011000001010100010110000001011111011100111010100010001000101100111001010011100001100001001101110010111011100100011100001000010010110000010101000101100000010111110,False,True,True,True,True,True,False,True,True,True,227,258,127,36,36,52,45,256,256
861,00000110111011110101100001010110010001001010010100010101001110110000100010111100111001001000101110010011100110110101011101101000110001101110111101011000010101100100010010100101000101010011101100001000101111001110010010001011100100111001101101010111011010001000011011101111010110000101011001000100101001010001010100111011000010001011110011100100100010111001001110011011010101110110100001010110111011110101100001010110010001001010010100010101001110110000100010111100111001001000101110010011100110110101011101101000,False,True,False,True,True,True,False,True,True,True,249,297,165,12,46,50,30,258,255
862,01100001111010100000110011101001011111001001110110111101100110100010001010111111001011100100001110000110100111100010101001000110101000011110101000001100111010010111110010011101101111011001101000100010101111110010111001000011100001101001111000101010010001101110000111101010000011001110100101111100100111011011110110011010001000101011111100101110010000111000011010011110001010100100011000110001111010100000110011101001011111001001110110111101100110100010001010111111001011100100001110000110100111100010101001000110,True,True,True,True,True,True,True,True,True,True,261,259,127,19,29,32,33,256,256
863,10000111001001110001000100010001001110000100011111001001011110110001101000011011111011011110010101110000000100010011000010100100010001110010011100010001000100010011100001000111110010010111101100011010000110111110110111100101011100000001000100110000101001000000011100100111000100010001000100111000010001111100100101111011000110100001101111101101111001010111000000010001001100001010010011010111001001110001000100010001001110000100011111001001011110110001101000011011111011011110010101110000000100010011000010100100,False,True,True,True,True,True,False,False,True,True,229,240,105,33,17,53,48,256,255
864,00010010010010000000001000001011100100110001100110100100011000011111000111011011110010100111010101111001111101110101101011101011110100100100100000000010000010111001001100011001101001000110000111110001110110111100101001110101011110011111011101011010111010111001001001001000000000100000101110010011000110011010010001100001111100011101101111001010011101010111100111110111010110101110101101000010010010000000001000001011100100110001100110100100011000011111000111011011110010100111010101111001111101110101101011101011,True,True,True,True,True,True,True,True,True,True,255,256,126,37,28,34,26,257,256
865,01111100100011111110001101100010111110111000100101111010100011010111011000001100101101000000101001100000101100100110110000110011101111001000111111100011011000101111101110001001011110101000110101110110000011001011010000001010011000001011001001101100001100111111110010001111111000110110001011111011100010010111101010001101011101100000110010110100000010100110000010110010011011000011001100101100100011111110001101100010111110111000100101111010100011010111011000001100101101000000101001100000101100100110110000110011,True,True,True,True,True,True,True,True,True,True,255,248,112,32,29,33,36,256,256
866,11110101110110000001010111101111111100011111111110110011100111100110100001001001010101110101110010000111100000010110100001011101001101011101100000010101111011111111000111111111101100111001111001101000010010010101011101011100100001111000000101101000010111010111010111011000000101011110111111110001111111111011001110011110011010000100100101010111010111001000011110000001011010000101110110100101110110000001010111101111111100011111111110110011100111100110100001001001010101110101110010000111100000010110100001011101,True,True,True,True,True,True,True,True,True,True,283,239,129,36,37,29,24,255,257
867,11011110100010111111111101011010101110100011100010101011011100011111000010011000011111110101110111000011001010101101110110010101000111101000101111111111010110101011101000111000101010110111000111110000100110000111111101011101110000110010101011011101100101010101111010001011111111110101101010111010001110001010101101110001111100001001100001111111010111011100001100101010110111011001010110001110100010111111111101011010101110100011100010101011011100011111000010011000011111110101110111000011001010101101110110010101,False,False,True,True,True,False,True,True,True,True,295,267,159,12,54,20,30,256,257
868,10000000101011100110001100111101101110011110101101100100000100101000011110010100101010001101000000100011001010110001001110010001010000001010111001100011001111011011100111101011011001000001001010000111100101001010100011010000001000110010101100010011100100010000000010101110011000110011110110111001111010110110010000010010100001111001010010101000110100000010001100101011000100111001000111010000101011100110001100111101101110011110101101100100000100101000011110010100101010001101000000100011001010110001001110010001,True,True,True,True,True,True,True,True,True,True,229,269,136,37,37,42,36,256,257
869,11111101111001011001101100011110100110101011011001010000000100100101100110100110110111000010011000111100010000011100111001000001001111011110010110011011000111101001101010110110010100000001001001011001101001101101110000100110001111000100000111001110010000010111110111100101100110110001111010011010101101100101000000010010010110011010011011011100001001100011110001000001110011100100000110101101111001011001101100011110100110101011011001010000000100100101100110100110110111000010011000111100010000011100111001000001,True,True,True,True,True,True,True,True,True,True,247,257,111,36,22,34,28,256,258
870,01000111100000101101001000101010010010011011101011010100110111100101010100101011111001000110011111110010110101100100110000010010100001111000001011010010001010100100100110111010110101001101111001010101001010111110010001100111111100101101011001001100000100101100011110000010110100100010101001001001101110101101010011011110010101010010101111100100011001111111001011010110010011000001001000010111100000101101001000101010010010011011101011010100110111100101010100101011111001000110011111110010110101100100110000010010,False,True,False,True,True,True,False,True,True,True,253,297,172,18,51,49,20,256,257
871,10100011010100011100101000101010001111000101100101010011110101000001011100111001011101100010111101111101110011110111001111111010011000110101000111001010001010100011110001011001010100111101010000010111001110010111011000101111011111011100111101110011111110100010001101010001110010100010101000111100010110010101001111010100000101110011100101110110001011110111110111001111011100111111101011110011010100011100101000101010001111000101100101010011110101000001011100111001011101100010111101111101110011110111001111111010,True,True,True,True,True,True,True,True,True,True,285,266,146,8,45,29,28,256,256
872,01001000000000010110101001100010101100011011010001100100001011111100111010000011010110100011101001110000100011010111110000000001100010000000000101101010011000101011000110110100011001000010111111001110100000110101101000111010011100001000110101111100000000011100100000000001011010100110001010110001101101000110010000101111110011101000001101011010001110100111000010001101011111000000000100011000000000010110101001100010101100011011010001100100001011111100111010000011010110100011101001110000100011010111110000000001,False,True,True,True,False,True,True,True,True,True,221,242,123,68,28,24,42,257,261
873,11101000110011001000100001111010110001000010110011111001001001011101111110101100000101001110101100010111111101011101100101000011001010001100110010001000011110101100010000101100111110010010010111011111101011000001010011101011000101111111010111011001010000110110100011001100100010000111101011000100001011001111100100100101110111111010110000010100111010110001011111110101110110010100001110111000110011001000100001111010110001000010110011111001001001011101111110101100000101001110101100010111111101011101100101000011,True,True,True,True,True,True,True,True,True,True,265,261,133,20,37,41,32,256,258
874,10010000000011001011000101010000101001011100111111001110111111110010110011110100010110011000000001000111110001100101100110101100010100000000110010110001010100001010010111001111110011101111111100101100111101000101100110000000010001111100011001011001101011000001000000001100101100010101000010100101110011111100111011111111001011001111010001011001100000000100011111000110010110011010110011000000000011001011000101010000101001011100111111001110111111110010110011110100010110011000000001000111110001100101100110101100,True,True,True,True,True,True,True,True,True,True,247,236,106,48,37,35,30,257,255
875,01010100100100101001111001100100000101010000111101010110001011111011111000111110010000111101011100011010011101111000111001000001100101001001001010011110011001000001010100001111010101100010111110111110001111100100001111010111000110100111011110001110010000011101010010010010100111100110010000010101000011110101011000101111101111100011111001000011110101110001101001110111100011100100000100000100100100101001111001100100000101010000111101010110001011111011111000111110010000111101011100011010011101111000111001000001,True,True,True,True,True,True,True,True,True,True,259,248,124,26,32,35,33,256,258
876,00110101010110101100001001110000000000110000011001011101110111011010111110000010000111011010001000011000001011011110111101010100111101010101101011000010011100000000001100000110010111011101110110101111100000100001110110100010000110000010110111101111010101001011010101011010110000100111000000000011000001100101110111011101101011111000001000011101101000100001100000101101111011110101010001100101010110101100001001110000000000110000011001011101110111011010111110000010000111011010001000011000001011011110111101010100,False,True,True,True,False,True,True,True,True,True,243,251,137,64,37,22,33,256,256
877,10010110011000111110100011000111001010111010110100000011000111100110001101001101000110010101000100111100000111011110111100110010010101100110001111101000110001110010101110101101000000110001111001100011010011010001100101010001001111000001110111101111001100100001011001100011111010001100011100101011101011010000001100011110011000110100110100011001010100010011110000011101111011110011001011000110011000111110100011000111001010111010110100000011000111100110001101001101000110010101000100111100000111011110111100110010,True,True,True,True,True,True,True,True,True,True,255,252,107,21,25,19,38,258,256
878,10011000110111110101111100010110011001101011000111000111100000101101110010111110000100000100111110100010110011100000100000110001010110001101111101011111000101100110011010110001110001111000001011011100101111100001000001001111101000101100111000001000001100010001100011011111010111110001011001100110101100011100011110000010110111001011111000010000010011111010001011001110000010000011000111001000110111110101111100010110011001101011000111000111100000101101110010111110000100000100111110100010110011100000100000110001,True,True,True,True,True,True,True,True,True,True,251,227,92,36,26,31,45,256,258
879,11010010011001000010101011011111110100010110101000010000111001001110000010011001001111111011011010101111011010100001001111110101000100100110010000101010110111111101000101101010000100001110010011100000100110010011111110110110101011110110101000010011111101010101001001100100001010101101111111010001011010100001000011100100111000001001100100111111101101101010111101101010000100111111010110000010011001000010101011011111110100010110101000010000111001001110000010011001001111111011011010101111011010100001001111110101,True,True,True,True,True,True,True,True,True,True,263,273,158,26,38,37,26,255,256
880,10001000011101100011010111110011001100100101010001011010111001111100010100110010010000001110011110010111010011100000000000010100010010000111011000110101111100110011001001010100010110101110011111000101001100100100000011100111100101110100111000000000000101000000100001110110001101011111001100110010010101000101101011100111110001010011001001000000111001111001011101001110000000000001010011011000011101100011010111110011001100100101010001011010111001111100010100110010010000001110011110010111010011100000000000010100,True,True,True,True,True,True,True,True,True,True,233,246,114,55,32,36,27,255,260
881,10101101100111100101001011111101000010101101000011101100010110001111111000011100111001010101100010101010001000111000000011000101011011011001111001010010111111010000101011010000111011000101100011111110000111001110010101011000101010100010001110000000110001010010110110011110010100101111110100001010110100001110110001011000111111100001110011100101010110001010101000100011100000001100010111111101100111100101001011111101000010101101000011101100010110001111111000011100111001010101100010101010001000111000000011000101,True,True,True,True,True,True,True,True,True,True,253,261,143,28,51,33,40,257,256
882,01100010010011001001101100101110011100100100010111000110000000001110110111000100100101011111011110101000001110100110101010111110101000100100110010011011001011100111001001000101110001100000000011101101110001001001010111110111101010000011101001101010101111101110001001001100100110110010111001110010010001011100011000000000111011011100010010010101111101111010100000111010011010101011111000110010010011001001101100101110011100100100010111000110000000001110110111000100100101011111011110101000001110100110101010111110,True,True,True,True,True,True,True,True,True,True,253,267,135,32,33,40,24,258,256
883,10101111000111110100110001100011000101111110000000001110100110000101100101111000111000000101000100000110100011010010000111000101011011110001111101001100011000110001011111100000000011101001100001011001011110001110000001010001000001101000110100100001110001010010111100011111010011000110001100010111111000000000111010011000010110010111100011100000010100010000011010001101001000011100010111111111000111110100110001100011000101111110000000001110100110000101100101111000111000000101000100000110100011010010000111000101,False,True,True,True,True,True,True,False,True,True,229,221,95,52,23,29,52,256,256
884,01001100000011111100110111100011110011100110101100111100001010000111010100110001100101010111100010000111000001011010001011101110100011000000111111001101111000111100111001101011001111000010100001110101001100011001010101111000100001110000010110100010111011101100110000001111110011011110001111001110011010110011110000101000011101010011000110010101011110001000011100000101101000101110111000011100000011111100110111100011110011100110101100111100001010000111010100110001100101010111100010000111000001011010001011101110,True,True,True,True,True,True,True,True,True,True,257,239,106,33,32,20,38,258,256
885,00111111000011101011010000000000000010001011101100111100001000000111000101100000001001010111000101010001000011111110001001111000111111110000111010110100000000000000100010111011001111000010000001110001011000000010010101110001010100010000111111100010011110001011111100001110101101000000000000001000101110110011110000100000011100010110000000100101011100010101000100001111111000100111100001101111000011101011010000000000000010001011101100111100001000000111000101100000001001010111000101010001000011111110001001111000,False,False,False,True,False,True,True,False,True,True,215,205,99,85,29,37,47,256,255
886,11100111011100111001011100010110001100101000100010001000101011011010111100101101001010001011110101010110100001001101001101000010001001110111001110010111000101100011001010001000100010001010110110101111001011010010100010111101010101101000010011010011010000100110011101110011100101110001011000110010100010001000100010101101101011110010110100101000101111010101011010000100110100110100001010110111011100111001011100010110001100101000100010001000101011011010111100101101001010001011110101010110100001001101001101000010,False,True,False,False,True,True,False,True,True,True,245,306,178,8,50,49,37,256,257
887,00010001000100101001001111111010100101011011101101100000010011000000111100101101110010111000011100001000111011010011011000001000110100010001001010010011111110101001010110111011011000000100110000001111001011011100101110000111000010001110110100110110000010001001000100010010100100111111101010010101101110110110000001001100000011110010110111001011100001110000100011101101001101100000100001000001000100101001001111111010100101011011101101100000010011000000111100101101110010111000011100001000111011010011011000001000,True,True,True,True,True,True,True,True,True,True,235,253,122,43,24,44,36,256,257
888,10001101001010000001101111000101011111010111001110001110011111111101000110101110110010100110101110101111111010010001101001111111010011010010100000011011110001010111110101110011100011100111111111010001101011101100101001101011101011111110100100011010011111110000110100101000000110111100010101111101011100111000111001111111110100011010111011001010011010111010111111101001000110100111111111011101001010000001101111000101011111010111001110001110011111111101000110101110110010100110101110101111111010010001101001111111,False,False,True,True,True,True,True,True,True,True,301,251,136,13,32,16,22,256,256
889,01100101110000010101101110100001110010000101001101000001010111100010001110100000111011000011001011010010010110011011110110010101101001011100000101011011101000011100100001010011010000010101111000100011101000001110110000110010110100100101100110111101100101011110010111000001010110111010000111001000010100110100000101011110001000111010000011101100001100101101001001011001101111011001010100110101110000010101101110100001110010000101001101000001010111100010001110100000111011000011001011010010010110011011110110010101,True,True,True,True,True,True,True,True,True,True,241,278,150,36,40,39,32,256,257
890,01100100111111101100000010001110010101101110100001010101010100111000100110100111001110100111000100010111100101001111010000001001101001001111111011000000100011100101011011101000010101010101001110001001101001110011101001110001000101111001010011110100000010011110010011111110110000001000111001010110111010000101010101010011100010011010011100111010011100010001011110010100111101000000100100110100111111101100000010001110010101101110100001010101010100111000100110100111001110100111000100010111100101001111010000001001,True,True,True,True,True,True,True,True,True,True,249,270,146,28,36,36,28,255,257
891,00010110100110100101011111000011110010000010111000000110000110110010001011001101001000011010110001011100010110011001111101010101110101101001101001010111110000111100100000101110000001100001101100100010110011010010000110101100010111000101100110011111010101011001011010011010010101111100001111001000001011100000011000011011001000101100110100100001101011000101110001011001100111110101010101000110100110100101011111000011110010000010111000000110000110110010001011001101001000011010110001011100010110011001111101010101,True,True,True,True,True,True,True,True,True,True,243,272,139,32,44,34,34,256,256
892,01011110111011000000011110000010111100001011001011111101010111100001000010011101110011010110100110000111000111110100010100101110100111101110110000000111100000101111000010110010111111010101111000010000100111011100110101101001100001110001111101000101001011101101111011101100000001111000001011110000101100101111110101011110000100001001110111001101011010011000011100011111010001010010111000001110111011000000011110000010111100001011001011111101010111100001000010011101110011010110100110000111000111110100010100101110,True,True,True,True,True,True,True,True,True,True,263,239,120,42,33,28,33,255,256
893,00011000000010111010101101111111011001111101101101000110100101001110111100101001110100111010111001011001001101100010100010110001110110000000101110101011011111110110011111011011010001101001010011101111001010011101001110101110010110010011011000101000101100011001100000001011101010110111111101100111110110110100011010010100111011110010100111010011101011100101100100110110001010001011000101001000000010111010101101111111011001111101101101000110100101001110111100101001110100111010111001011001001101100010100010110001,True,True,True,True,True,True,True,True,True,True,275,282,150,16,37,30,21,256,258
894,01111001110011111000000101010000001001110110101111101010110010001000110100101010110011100010100101000111100010011101010100111001101110011100111110000001010100000010011101101011111010101100100010001101001010101100111000101001010001111000100111010101001110011111100111001111100000010101000000100111011010111110101011001000100011010010101011001110001010010100011110001001110101010011100100101001110011111000000101010000001001110110101111101010110010001000110100101010110011100010100101000111100010011101010100111001,True,True,True,True,True,True,True,True,True,True,251,280,159,24,49,34,28,257,257
895,11001010000011011111100101111110111101001011101101100000101111010111100000000011000110000100100010111110010000101101010000000110000010100000110111111001011111101111010010111011011000001011110101111000000000110001100001001000101111100100001011010100000001100100101000001101111110010111111011110100101110110110000010111101011110000000001100011000010010001011111001000010110101000000011010011010000011011111100101111110111101001011101101100000101111010111100000000011000110000100100010111110010000101101010000000110,False,True,True,True,False,True,True,True,True,True,245,230,119,66,31,36,33,256,259
896,10100100000000010101111111100011000111000110000111100000010111100001101001011110101100011110100100111011001110010110010001010001011001000000000101011111111000110001110001100001111000000101111000011010010111101011000111101001001110110011100101100100010100010010010000000001010111111110001100011100011000011110000001011110000110100101111010110001111010010011101100111001011001000101000111110100000000010101111111100011000111000110000111100000010111100001101001011110101100011110100100111011001110010110010001010001,True,True,True,True,True,True,True,True,True,True,245,231,105,44,29,34,40,257,258
897,11011100000001011110110101010110001100110011100101100100111101100011111111011010111111001010001001101000011111001101111010010000000111000000010111101101010101100011001100111001011001001111011000111111110110101111110010100010011010000111110011011110100100000101110000000101111011010101011000110011001110010110010011110110001111111101101011111100101000100110100001111100110111101001000010001100000001011110110101010110001100110011100101100100111101100011111111011010111111001010001001101000011111001101111010010000,True,True,True,True,True,True,True,True,True,True,275,246,116,28,29,26,24,257,255
898,10100011101011010101111111100111000100111111000010011100110100100000011001001110111010100011001001100011111101011010001101110110011000111010110101011111111001110001001111110000100111001101001000000110010011101110101000110010011000111111010110100011011101100010001110101101010111111110011100010011111100001001110011010010000001100100111011101010001100100110001111110101101000110111011011110011101011010101111111100111000100111111000010011100110100100000011001001110111010100011001001100011111101011010001101110110,True,True,True,True,True,True,True,True,True,True,277,250,114,16,20,21,28,255,256
899,11001111011111101111111001111100110011111011010100000001010110100111100010101100011101011100101111110011100000100110001111001110000011110111111011111110011111001100111110110101000000010101101001111000101011000111010111001011111100111000001001100011110011100100111101111110111111100111110011001111101101010000000101011010011110001010110001110101110010111111001110000010011000111100111010011111011111101111111001111100110011111011010100000001010110100111100010101100011101011100101111110011100000100110001111001110,False,False,True,True,True,True,True,True,True,True,297,222,96,26,28,17,21,256,256
900,10100110000100010001000100111111001110011001101111000101111101000010111100100101001110010111100000011000101111110001110011111101011001100001000100010001001111110011100110011011110001011111010000101111001001010011100101111000000110001011111100011100111111010010011000010001000100010011111100111001100110111100010111110100001011110010010100111001011110000001100010111111000111001111110111110110000100010001000100111111001110011001101111000101111101000010111100100101001110010111100000011000101111110001110011111101,True,True,True,True,True,True,True,True,True,True,269,223,89,20,21,41,36,256,257
901,00110010000001101101101010111010000011101001110110101100101011000000011001000000111111110111101001111001100010000111101011110010111100100000011011011010101110100000111010011101101011001010110000000110010000001111111101111010011110011000100001111010111100101011001000000110110110101011101000001110100111011010110010101100000001100100000011111111011110100111100110001000011110101111001001100010000001101101101010111010000011101001110110101100101011000000011001000000111111110111101001111001100010000111101011110010,True,True,True,True,True,True,True,True,True,True,259,243,121,52,27,20,25,256,257
902,01010011011010110010000010110011111111011011100011101110010101111011000111101001001100010011100011110000111101101011011110011100100100110110101100100000101100111111110110111000111011100101011110110001111010010011000100111000111100001111011010110111100111001101001101101011001000001011001111111101101110001110111001010111101100011110100100110001001110001111000011110110101101111001110000000011011010110010000010110011111111011011100011101110010101111011000111101001001100010011100011110000111101101011011110011100,True,True,True,True,True,True,True,True,True,True,287,245,104,17,21,22,25,257,255
903,11100100110111001000000001111100000000110011000101010010100101000011011111111001010001010001100101011011111011000111101000011100001001001101110010000000011111000000001100110001010100101001010000110111111110010100010100011001010110111110110001111010000111000110010011011100100000000111110000000011001100010101001010010100001101111111100101000101000110010101101111101100011110100001110010110100110111001000000001111100000000110011000101010010100101000011011111111001010001010001100101011011111011000111101000011100,True,True,True,True,True,True,True,True,True,True,241,242,120,49,33,33,34,257,256
904,00110101001010011010100010101010111100100100000010011001011001100011000101110101100101010011011010100000100001000100111001100011111101010010100110101000101010101111001001000000100110010110011000110001011101011001010100110110101000001000010001001110011000111011010100101001101010001010101011110010010000001001100101100110001100010111010110010101001101101010000010000100010011100110001101100101001010011010100010101010111100100100000010011001011001100011000101110101100101010011011010100000100001000100111001100011,False,True,False,True,True,False,True,True,True,True,227,302,169,24,52,45,32,255,257
905,11001011111010110000000101101001111111010010110110010101111100100010000100110011111110000110000100111110100000010101011100111000000010111110101100000001011010011111110100101101100101011111001000100001001100111111100001100001001111101000000101010111001110000100101111101011000000010110100111111101001011011001010111110010001000010011001111111000011000010011111010000001010101110011100010011011111010110000000101101001111111010010110110010101111100100010000100110011111110000110000100111110100000010101011100111000,True,True,True,True,True,True,True,True,True,True,257,238,121,45,35,37,27,256,255
906,00001101100100000100111100011001001111101111000110100000001100111101110011011111000010010100010110101001100010110110101111100000110011011001000001001111000110010011111011110001101000000011001111011100110111110000100101000101101010011000101101101011111000001000110110010000010011110001100100111110111100011010000000110011110111001101111100001001010001011010100110001011011010111110000001011101100100000100111100011001001111101111000110100000001100111101110011011111000010010100010110101001100010110110101111100000,True,True,True,True,True,True,True,True,True,True,253,239,103,38,21,30,33,257,254
907,01011011001100001101000111101110111110010011011100011101010100101110001111111111001101110011110010011000010110100000100011110001100110110011000011010001111011101111100100110111000111010101001011100011111111110011011100111100100110000101101000001000111100011101101100110000110100011110111011111001001101110001110101010010111000111111111100110111001111001001100001011010000010001111000100001011001100001101000111101110111110010011011100011101010100101110001111111111001101110011110010011000010110100000100011110001,True,True,True,True,True,True,True,True,True,True,279,234,95,17,18,22,33,256,258
908,11001010101111000001001110001000101111000011111010101100010011101001111101111111000100110010111010001101011100100100000010111101000010101011110000010011100010001011110000111110101011000100111010011111011111110001001100101110100011010111001001000000101111010100101010111100000100111000100010111100001111101010110001001110100111110111111100010011001011101000110101110010010000001011110110011010101111000001001110001000101111000011111010101100010011101001111101111111000100110010111010001101011100100100000010111101,True,True,True,True,True,True,True,True,True,True,265,251,132,25,36,39,33,256,256
909,10100001100100101101110101000101111111010010111000011010000001100111010100111110000100001000001111111100001011010101100100111110011000011001001011011101010001011111110100101110000110100000011001110101001111100001000010000011111111000010110101011001001111100010000110010010110111010100010111111101001011100001101000000110011101010011111000010000100000111111110000101101010110010011111011110001100100101101110101000101111111010010111000011010000001100111010100111110000100001000001111111100001011010101100100111110,True,True,True,True,True,True,True,True,True,True,257,242,126,39,32,33,33,256,256
910,00101001000001011110010000110100100101000100000001100011101011100110011011110010101011101110011000001001100110101010110000000011111010010000010111100100001101001001010001000000011000111010111001100110111100101010111011100110000010011001101010101100000000111010100100000101111001000011010010010100010000000110001110101110011001101111001010101110111001100000100110011010101011000000001101111001000001011110010000110100100101000100000001100011101011100110011011110010101011101110011000001001100110101010110000000011,True,True,True,True,True,True,True,True,True,True,229,260,130,56,38,33,28,258,260
911,10101111010110100000000110111001000011100000000100101000100111001100100011100110101000111110111010100001001111011110101000110011011011110101101000000001101110010000111000000001001010001001110011001000111001101010001111101110101000010011110111101010001100110010111101011010000000011011100100001110000000010010100010011100110010001110011010100011111011101010000100111101111010100011001111111111010110100000000110111001000011100000000100101000100111001100100011100110101000111110111010100001001111011110101000110011,True,True,True,True,True,True,True,True,True,True,245,245,120,48,22,25,32,256,256
912,10110101101011101100010100100100101111000100110101011000011110111110101111000111111101101001100010101111101011010111000111001011011101011010111011000101001001001011110001001101010110000111101111101011110001111111011010011000101011111010110101110001110010110011010110101110110001010010010010111100010011010101100001111011111010111100011111110110100110001010111110101101011100011100101111100101101011101100010100100100101111000100110101011000011110111110101111000111111101101001100010101111101011010111000111001011,False,False,True,True,True,True,True,True,True,True,295,279,158,4,48,29,24,255,256
913,01100001001011110010111001100101110010111111001010001110000000100001010010101001001000110110111100001011010011111011000110101111101000010010111100101110011001011100101111110010100011100000001000010100101010010010001101101111000010110100111110110001101011111110000100101111001011100110010111001011111100101000111000000010000101001010100100100011011011110000101101001111101100011010111100110001001011110010111001100101110010111111001010001110000000100001010010101001001000110110111100001011010011111011000110101111,True,True,True,True,True,True,True,True,True,True,257,262,135,27,40,48,28,256,256
914,01010000011110111000000011110010011011000010100001001101000001010001111010011100101010011110111011000110011101111101000011001001100100000111101110000000111100100110110000101000010011010000010100011110100111001010100111101110110001100111011111010000110010011101000001111011100000001111001001101100001010000100110100000101000111101001110010101001111011101100011001110111110100001100100100000000011110111000000011110010011011000010100001001101000001010001111010011100101010011110111011000110011101111101000011001001,True,True,True,True,True,True,True,True,True,True,243,240,109,48,17,26,32,256,257
915,11001110000110100001010100111100100101101110111110000100001000001011101111011010101111010101001101001000000110001010111010101001000011100001101000010101001111001001011011101111100001000010000010111011110110101011110101010011010010000001100010101110101010010100111000011010000101010011110010010110111011111000010000100000101110111101101010111101010100110100100000011000101011101010100110011110000110100001010100111100100101101110111110000100001000001011101111011010101111010101001101001000000110001010111010101001,True,True,True,True,True,True,True,True,True,True,249,283,173,37,49,34,29,259,257
916,01100010011111010011101001011101000101000111000010110110110111000100011110011110110001001110111110011000101100010011100100101011101000100111110100111010010111010001010001110000101101101101110001000111100111101100010011101111100110001011000100111001001010111110001001111101001110100101110100010100011100001011011011011100010001111001111011000100111011111001100010110001001110010010101100110010011111010011101001011101000101000111000010110110110111000100011110011110110001001110111110011000101100010011100100101011,True,True,True,True,True,True,True,True,True,True,269,262,119,4,24,40,35,257,256
917,00010111111001011010111001111010111100001100010001101100111001101110001010111001011000000111110100011111000000110101010001001001110101111110010110101110011110101111000011000100011011001110011011100010101110010110000001111101000111110000001101010100010010011001011111100101101011100111101011110000110001000110110011100110111000101011100101100000011111010001111100000011010101000100100101000111111001011010111001111010111100001100010001101100111001101110001010111001011000000111110100011111000000110101010001001001,True,True,True,True,True,True,True,True,True,True,263,248,119,28,36,27,34,256,257
918,01000001111110000001010111011001011101110111100101100101011110011100000110110100011111111001011001001001011110001000001000111101100000011111100000010101110110010111011101111001011001010111100111000001101101000111111110010110010010010111100010000010001111011100000111111000000101011101100101110111011110010110010101111001110000011011010001111111100101100100100101111000100000100011110100010001111110000001010111011001011101110111100101100101011110011100000110110100011111111001011001001001011110001000001000111101,True,True,True,True,True,True,True,True,True,True,269,236,113,35,32,41,29,255,257
919,11100000111000010000011001000011000011010001101111001110110100110001100111101000011100011101000110011100100110000111110101111010001000001110000100000110010000110000110100011011110011101101001100011001111010000111000111010001100111001001100001111101011110100110000011100001000001100100001100001101000110111100111011010011000110011110100001110001110100011001110010011000011111010111101010110000111000010000011001000011000011010001101111001110110100110001100111101000011100011101000110011100100110000111110101111010,False,True,True,False,True,True,True,True,True,True,245,226,77,35,6,13,45,256,256
920,00001100001001110011000110011011111000111110110111100111010100001010111100111000001101000011001000000001000111000010010001101110110011000010011100110001100110111110001111101101111001110101000010101111001110000011010000110010000000010001110000100100011011101000110000100111001100011001101111100011111011011110011101010000101011110011100000110100001100100000000100011100001001000110111001011100001001110011000110011011111000111110110111100111010100001010111100111000001101000011001000000001000111000010010001101110,False,True,True,False,True,True,True,True,True,True,241,223,82,45,13,25,42,256,256
921,11111100101100011100101101011001010101010010100111100111100100101100111000101011011111001000110110111100100010100000001101101101001111001011000111001011010110010101010100101001111001111001001011001110001010110111110010001101101111001000101000000011011011010111110010110001110010110101100101010101001010011110011110010010110011100010101101111100100011011011110010001010000000110110110110101100101100011100101101011001010101010010100111100111100100101100111000101011011111001000110110111100100010100000001101101101,True,True,True,True,True,True,True,True,True,True,267,289,155,16,50,40,20,255,257
922,11000101001100011110100011000000001001000100100000101100011000111101001000111111000010101001010010111111101110111100100000101111000001010011000111101000110000000010010001001000001011000110001111010010001111110000101010010100101111111011101111001000001011110100010100110001111010001100000000100100010010000010110001100011110100100011111100001010100101001011111110111011110010000010111110010101001100011110100011000000001001000100100000101100011000111101001000111111000010101001010010111111101110111100100000101111,True,True,True,True,True,True,True,True,True,True,237,237,120,42,29,48,43,257,256
923,00111101110000000010011111000000000000100110000001110010011101100110100010110101111111001001001110000111011110111110100100100011111111011100000000100111110000000000001001100000011100100111011001101000101101011111110010010011100001110111101111101001001000111011110111000000001001111100000000000010011000000111001001110110011010001011010111111100100100111000011101111011111010010010001101101101110000000010011111000000000000100110000001110010011101100110100010110101111111001001001110000111011110111110100100100011,False,True,False,False,False,True,True,True,True,True,247,208,83,72,8,32,24,255,257
924,00001100111010011111100110011000110011101000101011011001111011001111011110000000010101110000010110000001111000101001100101100101110011001110100111111001100110001100111010001010110110011110110011110111100000000101011100000101100000011110001010011001011001011000110011101001111110011001100011001110100010101101100111101100111101111000000001010111000001011000000111100010100110010110010101011100111010011111100110011000110011101000101011011001111011001111011110000000010101110000010110000001111000101001100101100101,True,True,True,True,True,True,True,True,True,True,257,242,101,41,34,24,26,257,256
925,00011011000011111010110101100001110011111110111011101111001111100011010110100111001001001010011001110100010100011100001011101001110110110000111110101101011000011100111111101110111011110011111000110101101001110010010010100110011101000101000111000010111010011001101100001111101011010110000111001111111011101110111100111110001101011010011100100100101001100111010001010001110000101110100101001011000011111010110101100001110011111110111011101111001111100011010110100111001001001010011001110100010100011100001011101001,True,True,True,True,True,True,True,True,True,True,283,258,122,12,26,22,25,258,257
926,00010011001011101100001000001010111100010011001010100111001111101111101000100000111100100101011001110000111110000101100111011101110100110010111011000010000010101111000100110010101001110011111011111010001000001111001001010110011100001111100001011001110111011001001100101110110000100000101011110001001100101010011100111110111110100010000011110010010101100111000011111000010110011101110101000011001011101100001000001010111100010011001010100111001111101111101000100000111100100101011001110000111110000101100111011101,True,True,True,True,True,True,True,True,True,True,259,248,116,29,33,38,30,256,257
927,01001010100101110111001001100010011001001100100110100100100001011000010001100101011100101011101111111000110000100010011110110101100010101001011101110010011000100110010011001001101001001000010110000100011001010111001010111011111110001100001000100111101101011100101010010111011100100110001001100100110010011010010010000101100001000110010101110010101110111111100011000010001001111011010100011010100101110111001001100010011001001100100110100100100001011000010001100101011100101011101111111000110000100010011110110101,False,True,True,True,True,True,False,True,True,True,245,282,139,12,35,55,30,256,256
928,11001010010101111010010011111100011101010110100110111110001010001000011000111010100111111101000110001001001110001001000000010100000010100101011110100100111111000111010101101001101111100010100010000110001110101001111111010001100010010011100010010000000101000100101001010111101001001111110001110101011010011011111000101000100001100011101010011111110100011000100100111000100100000001010010011010010101111010010011111100011101010110100110111110001010001000011000111010100111111101000110001001001110001001000000010100,True,True,True,True,True,True,True,True,True,True,245,262,141,23,31,41,38,260,258
929,11110100001011101101101000110011001100101010111001000000111011010011100011000101010011010111111101010111101111000001001111000011001101000010111011011010001100110011001010101110010000001110110100111000110001010100110101111111010101111011110000010011110000110111010000101110110110100011001100110010101011100100000011101101001110001100010101001101011111110101011110111100000100111100001110100100001011101101101000110011001100101010111001000000111011010011100011000101010011010111111101010111101111000001001111000011,True,True,True,True,True,True,True,True,True,True,267,263,134,28,36,21,28,257,258
930,10110011011110100110100100100001000000111111010010101001101001100101011100101011011001010110100101111000001100010000000110110000011100110111101001101001001000010000001111110100101010011010011001010111001010110110010101101001011110000011000100000001101100000011001101111010011010010010000100000011111101001010100110100110010101110010101101100101011010010111100000110001000000011011000011100011011110100110100100100001000000111111010010101001101001100101011100101011011001010110100101111000001100010000000110110000,True,True,True,True,True,True,True,True,True,True,235,274,146,47,36,36,24,260,256
931,01110000110001101000101010001101010000010111011011100100101000000000001010010101010110011101100111100110010011100011110011101010101100001100011010001010100011010100000101110110111001001010000000000010100101010101100111011001111001100100111000111100111010101111000011000110100010101000110101000001011101101110010010100000000000101001010101011001110110011110011001001110001111001110101000100000110001101000101010001101010000010111011011100100101000000000001010010101010110011101100111100110010011100011110011101010,True,True,True,True,True,True,True,True,True,True,235,275,151,45,47,29,29,256,256
932,00111101010001000001110111100000111110100010011011010111101010100000010011001000100111000110001010001100001110001000100001001100111111010100010000011101111000001111101000100110110101111010101000000100110010001001110001100010100011000011100010001000010011001011110101000100000111011110000011111010001001101101011110101010000001001100100010011100011000101000110000111000100010000100110001101101010001000001110111100000111110100010011011010111101010100000010011001000100111000110001010001100001110001000100001001100,False,True,True,True,True,True,True,False,True,True,223,245,115,36,21,37,53,257,255
933,00101110101001001101111000000000000010101111010111100010100101111110101110001011011001110001101111100001111100001011110101001101111011101010010011011110000000000000101011110101111000101001011111101011100010110110011100011011111000011111000010111101010011011010111010100100110111100000000000001010111101011110001010010111111010111000101101100111000110111110000111110000101111010100110101111110101001001101111000000000000010101111010111100010100101111110101110001011011001110001101111100001111100001011110101001101,True,True,True,True,True,True,True,True,True,True,273,244,137,48,43,25,24,259,256
934,11001001010010011100000010000010111010111110000101011000101110111110001000100011011100110101010010100110000111001011001001010001000010010100100111000000100000101110101111100001010110001011101111100010001000110111001101010100101001100001110010110010010100010100100101001001110000001000001011101011111000010101100010111011111000100010001101110011010101001010011000011100101100100101000110011001010010011100000010000010111010111110000101011000101110111110001000100011011100110101010010100110000111001011001001010001,False,True,True,True,True,True,False,True,True,True,233,275,148,29,45,53,37,256,257
935,01110111111111101011111100011110110011110001001101100000110010101000001101100101111011011001010001001101101111101001000010000011101101111111111010111111000111101100111100010011011000001100101010000011011001011110110110010100010011011011111010010000100000111111011111111110101111110001111011001111000100110110000011001010100000110110010111101101100101000100110110111110100100001000001100100111111111101011111100011110110011110001001101100000110010101000001101100101111011011001010001001101101111101001000010000011,True,True,True,True,True,True,True,True,True,True,279,238,110,28,20,29,28,257,257
936,11000101101111010001110110111000100111011111100001101010001111100001100111011111011000111110010100100000000000000101010000110100000001011011110100011101101110001001110111111000011010100011111000011001110111110110001111100101001000000000000001010100001101000100010110111101000111011011100010011101111110000110101000111110000110011101111101100011111001010010000000000000010101000011010010010101101111010001110110111000100111011111100001101010001111100001100111011111011000111110010100100000000000000101010000110100,True,True,True,True,True,True,True,True,True,True,249,224,108,60,21,22,36,256,255
937,01101010001010101101000100001100110111000000101100100110000110111101111011101111011001110010001111100010101101010001001010011100101010100010101011010001000011001101110000001011001001100001101111011110111011110110011100100011111000101011010100010010100111001110101000101010110100010000110011011100000010110010011000011011110111101110111101100111001000111110001010110101000100101001110000111010001010101101000100001100110111000000101100100110000110111101111011101111011001110010001111100010101101010001001010011100,True,True,True,True,True,True,True,True,True,True,257,273,142,21,37,33,33,257,255
938,11000000111111011010100010011101111101111111011010010000110110001111011010001011001101101011110011011101100001010001101111011001000000001111110110101000100111011111011111110110100100001101100011110110100010110011011010111100110111011000010100011011110110010100000011111101101010001001110111110111111101101001000011011000111101101000101100110110101111001101110110000101000110111101100110010000111111011010100010011101111101111111011010010000110110001111011010001011001101101011110011011101100001010001101111011001,True,True,True,True,True,True,True,True,True,True,289,253,122,20,17,19,28,259,257
939,00110110101110110011111010000011011000111110001000001011011001101101011110000110110001011110100010001101100100010001101110111011111101101011101100111110100000110110001111100010000010110110011011010111100001101100010111101000100011011001000100011011101110111011011010111011001111101000001101100011111000100000101101100110110101111000011011000101111010001000110110010001000110111011101101100110101110110011111010000011011000111110001000001011011001101101011110000110110001011110100010001101100100010001101110111011,True,True,True,True,True,True,True,True,True,True,271,254,113,20,16,24,40,255,256
940,10011011110111110011100101101010001110011101001101110010101011111110101010100011111010010010010010110101111110011011101011010001010110111101111100111001011010100011100111010011011100101010111111101010101000111110100100100100101101011111100110111010110100010001101111011111001110010110101000111001110100110111001010101111111010101010001111101001001001001011010111111001101110101101000111001011110111110011100101101010001110011101001101110010101011111110101010100011111010010010010010110101111110011011101011010001,False,False,True,True,True,True,True,True,True,True,299,291,172,0,47,27,13,256,257
941,11000101000111110110101000101001010001100000001101111101010001101011011100111100100010000011110010010010010100110000011010111010000001010001111101101010001010010100011000000011011111010100011010110111001111001000100000111100100100100101001100000110101110100100010100011111011010100010100101000110000000110111110101000110101101110011110010001000001111001001001001010011000001101011101010010101000111110110101000101001010001100000001101111101010001101011011100111100100010000011110010010010010100110000011010111010,True,True,True,True,True,True,True,True,True,True,237,272,150,35,34,37,35,256,256
942,01101111101000110111101010101110000111110110010100100100010011001000000110100111101111000101001111111100111111000100011110100101101011111010001101111010101011100001111101100101001001000100110010000001101001111011110001010011111111001111110001000111101001011110111110100011011110101010111000011111011001010010010001001100100000011010011110111100010100111111110011111100010001111010010100111111101000110111101010101110000111110110010100100100010011001000000110100111101111000101001111111100111111000100011110100101,True,True,True,True,True,True,True,True,True,True,281,244,124,16,25,32,28,254,256
943,10101010100011101000001110100101101001011100011011011111010101010100010010011011101111011110110010001110000101100011100101011100011010101000111010000011101001011010010111000110110111110101010101000100100110111011110111101100100011100001011000111001010111000010101010001110100000111010010110100101110001101101111101010101010001001001101110111101111011001000111000010110001110010101110011111010100011101000001110100101101001011100011011011111010101010100010010011011101111011110110010001110000101100011100101011100,True,True,True,True,True,True,True,True,True,True,269,288,166,13,45,29,30,256,255
944,11000101001100001011010011000100001101001110011000111100101111001110111111110111010000010110011001001000001011111001011100111110000001010011000010110100110001000011010011100110001111001011110011101111111101110100000101100110010010000010111110010111001111100100010100110000101101001100010000110100111001100011110010111100111011111111011101000001011001100100100000101111100101110011111010010101001100001011010011000100001101001110011000111100101111001110111111110111010000010110011001001000001011111001011100111110,True,True,True,True,True,True,True,True,True,True,265,240,102,27,25,37,27,256,256
945,10010101001000101011011111010000000010110110010011110101000101101011011110000001111110101010111010111101000000100010110000110110010101010010001010110111110100000000101101100100111101010001011010110111100000011111101010101110101111010000001000101100001101100001010100100010101101111101000000001011011001001111010100010110101101111000000111111010101011101011110100000010001011000011011011000101001000101011011111010000000010110110010011110101000101101011011110000001111110101010111010111101000000100010110000110110,False,True,True,True,True,False,True,True,True,True,251,276,175,49,52,32,30,257,256
946,11110010101111011000100011000110111101110000101101100110010101110101110101001111011101011100111010100101111000101000001000101001001100101011110110001000110001101111011100001011011001100101011101011101010011110111010111001110101001011110001010000010001010010111001010111101100010001100011011110111000010110110011001010111010111010100111101110101110011101010010111100010100000100010100110100010101111011000100011000110111101110000101101100110010101110101110101001111011101011100111010100101111000101000001000101001,True,True,True,True,True,True,True,True,True,True,271,287,162,12,49,34,29,256,257
947,01011010001100010111100011011011100100101110001001110110010011111011010000101001000001011100100110110000100001001010011010000101100110100011000101111000110110111001001011100010011101100100111110110100001010010000010111001001101100001000010010100110100001011101101000110001011110001101101110010010111000100111011001001111101101000010100100000101110010011011000010000100101001101000010100001010001100010111100011011011100100101110001001110110010011111011010000101001000001011100100110110000100001001010011010000101,False,True,True,True,True,True,False,True,True,True,235,274,135,25,26,53,37,257,257
948,10000100110001001000100101111110101111001010011110110010101100101001110110011000101100100100010111100100101000001110101110000001010001001100010010001001011111101011110010100111101100101011001010011101100110001011001001000101111001001010000011101011100000010000010011000100100010010111111010111100101001111011001010110010100111011001100010110010010001011110010010100000111010111000000111010100110001001000100101111110101111001010011110110010101100101001110110011000101100100100010111100100101000001110101110000001,False,True,True,True,True,True,False,True,True,True,245,277,145,23,42,57,27,256,259
949,01001100000011110110010101110100001000110010001100011011100100011110100101110011001101100000100111111000100001011100100110101110100011000000111101100101011101000010001100100011000110111001000111101001011100110011011000001001111110001000010111001001101011101100110000001111011001010111010000100011001000110001101110010001111010010111001100110110000010011111100010000101110010011010111000011100000011110110010101110100001000110010001100011011100100011110100101110011001101100000100111111000100001011100100110101110,True,True,True,True,True,True,True,True,True,True,245,247,102,29,20,36,38,256,256
950,01111100000110011001000111001001100111001100001100111010000111110100010011101011000011111010110000110000000000011001101101010000101111000001100110010001110010011001110011000011001110100001111101000100111010110000111110101100001100000000000110011011010100001111110000011001100100011100100110011100110000110011101000011111010001001110101100001111101011000011000000000001100110110101000000101100000110011001000111001001100111001100001100111010000111110100010011101011000011111010110000110000000000011001101101010000,False,True,True,False,True,True,True,True,True,True,231,221,77,62,14,14,35,256,254
951,11011000010001101110110111000110100001011111100001010010101100100111101101110101100010101111011001110111110010011100010011110011000110000100011011101101110001101000010111111000010100101011001001111011011101011000101011110110011101111100100111000100111100110101100001000110111011011100011010000101111110000101001010110010011110110111010110001010111101100111011111001001110001001111001110001000010001101110110111000110100001011111100001010010101100100111101101110101100010101111011001110111110010011100010011110011,True,True,True,True,True,True,True,True,True,True,279,259,121,12,29,33,30,255,257
952,10000000101010100000111111000111011000000111001001100111110101100100001010011011011011100010011000010001110010010110011011010011010000001010101000001111110001110110000001110010011001111101011001000010100110110110111000100110000100011100100101100110110100110000000010101010000011111100011101100000011100100110011111010110010000101001101101101110001001100001000111001001011001101101001111010000101010100000111111000111011000000111001001100111110101100100001010011011011011100010011000010001110010010110011011010011,True,True,True,True,True,True,True,True,True,True,241,253,113,41,24,32,32,256,256
953,11100010000001100101100001000111000110101000001011110001101101001000001100000001100111101011110011111011001100000011111110001111001000100000011001011000010001110001101010000010111100011011010010000011000000011001111010111100111110110011000000111111100011110110001000000110010110000100011100011010100000101111000110110100100000110000000110011110101111001111101100110000001111111000111110110010000001100101100001000111000110101000001011110001101101001000001100000001100111101011110011111011001100000011111110001111,False,True,False,False,True,True,True,True,True,True,241,207,75,60,16,21,43,256,256
954,11101101000111001100110100000100110001110100110110101100100010111011100100111100010000101101111010001100000001100000100001000000001011010001110011001101000001001100011101001101101011001000101110111001001111000100001011011110100011000000011000001000010000000110110100011100110011010000010011000111010011011010110010001011101110010011110001000010110111101000110000000110000010000100000010111101000111001100110100000100110001110100110110101100100010111011100100111100010000101101111010001100000001100000100001000000,True,True,True,True,True,True,True,True,True,True,221,240,102,55,14,34,43,257,255
955,11000110110111010011101001101000010011110010110001101101110010100001000100110110100000001011010010001111000100000100000000100011000001101101110100111010011010000100111100101100011011011100101000010001001101101000000010110100100011110001000001000000001000110100011011011101001110100110100001001111001011000110110111001010000100010011011010000000101101001000111100010000010000000010001110010110110111010011101001101000010011110010110001101101110010100001000100110110100000001011010010001111000100000100000000100011,False,False,True,True,True,True,True,True,True,True,217,253,120,54,13,41,43,259,257
956,00010110101101000111111000001110011111001011010110100111101000111111111001010100010110101001101011111010010110000001111011011001110101101011010001111110000011100111110010110101101001111010001111111110010101000101101010011010111110100101100000011110110110011001011010110100011111100000111001111100101101011010011110100011111111100101010001011010100110101111101001011000000111101101100101000110101101000111111000001110011111001011010110100111101000111111111001010100010110101001101011111010010110000001111011011001,True,True,True,True,True,True,True,True,True,True,287,264,147,20,40,19,22,257,257
957,00010010110001001000001100100100111111111000111111111000010011001100110110101100101100110001000111000010101100100100000110111100110100101100010010000011001001001111111110001111111110000100110011001101101011001011001100010001110000101011001001000001101111001001001011000100100000110010010011111111100011111111100001001100110011011010110010110011000100011100001010110010010000011011110001000010110001001000001100100100111111111000111111111000010011001100110110101100101100110001000111000010101100100100000110111100,True,True,True,True,True,True,True,True,True,True,247,237,90,25,20,48,35,258,255
958,00000011011011111000010100000010000001000001001001001100110000001001001111100010000010010011111111000010110011110101110001100010110000110110111110000101000000100000010000010010010011001100000010010011111000100000100100111111110000101100111101011100011000101000001101101111100001010000001000000100000100100100110011000000100100111110001000001001001111111100001011001111010111000110001001010011011011111000010100000010000001000001001001001100110000001001001111100010000010010011111111000010110011110101110001100010,False,False,False,True,False,True,False,True,True,True,213,217,91,66,15,53,43,256,256
959,11000010101000011000110101010111010110010100101010100000000110100111001010001111011101001111001001111110110001111101000010010010000000101010000110001101010101110101100101001010101000000001101001110010100011110111010011110010011111101100011111010000100100100100001010100001100011010101011101011001010010101010000000011010011100101000111101110100111100100111111011000111110100001001001010010010101000011000110101010111010110010100101010100000000110100111001010001111011101001111001001111110110001111101000010010010,True,True,True,True,True,True,True,True,True,True,245,280,165,34,45,34,27,257,257
960,01011110011110000110001001011111011000000011001001100010100010001100010011100001011000000110110100010110101011000110110001111000100111100111100001100010010111110110000000110010011000101000100011000100111000010110000001101101000101101010110001101100011110001101111001111000011000100101111101100000001100100110001010001000110001001110000101100000011011010001011010101100011011000111100000001110011110000110001001011111011000000011001001100010100010001100010011100001011000000110110100010110101011000110110001111000,False,True,True,True,True,True,True,False,True,True,227,239,97,40,25,33,51,256,255
961,01001100001101000011100001011111111111110011100101001001001001011101001011101111011110100101000011000010001001000000101100111100100011000011010000111000010111111111111100111001010010010010010111010010111011110111101001010000110000100010010000001011001111001100110000110100001110000101111111111111001110010100100100100101110100101110111101111010010100001100001000100100000010110011110000011100001101000011100001011111111111110011100101001001001001011101001011101111011110100101000011000010001001000000101100111100,False,True,True,True,True,True,False,True,True,True,253,239,115,34,24,49,30,257,255
962,11100001011101101100000101011000110000001010010000101111010000100011000001110001111011001011101100001001111001011110000000101110001000010111011011000001010110001100000010100100001011110100001000110000011100011110110010111011000010011110010111100000001011100110000101110110110000010101100011000000101001000010111101000010001100000111000111101100101110110000100111100101111000000010111010110001011101101100000101011000110000001010010000101111010000100011000001110001111011001011101100001001111001011110000000101110,True,True,True,True,True,True,True,True,True,True,229,234,109,59,33,41,45,257,257
963,00001010001000111000100101011011111111011101000010101111111110010111100110110000000010001110010110101100101111101011010011011000110010100010001110001001010110111111110111010000101011111111100101111001101100000000100011100101101011001011111010110100110110001000101000100011100010010101101111111101110100001010111111111001011110011011000000001000111001011010110010111110101101001101100001011010001000111000100101011011111111011101000010101111111110010111100110110000000010001110010110101100101111101011010011011000,True,True,True,True,True,True,True,True,True,True,273,255,138,26,40,37,29,257,255
964,01011111101001000111011100001010101000001001001010111100011100101110001101000100110001111000100101001111011011100001000101100110100111111010010001110111000010101010000010010010101111000111001011100011010001001100011110001001010011110110111000010001011001101101111110100100011101110000101010100000100100101011110001110010111000110100010011000111100010010100111101101110000100010110011000001111101001000111011100001010101000001001001010111100011100101110001101000100110001111000100101001111011011100001000101100110,True,True,True,True,True,True,True,True,True,True,247,263,132,18,33,44,41,256,256
965,00110111110001000011001011010000011011001110000111110000000100001111011001110101010001100110000000101110010011000111110001000011111101111100010000110010110100000110110011100001111100000001000011110110011101010100011001100000001011100100110001111100010000111011011111000100001100101101000001101100111000011111000000010000111101100111010101000110011000000010111001001100011111000100001101100111110001000011001011010000011011001110000111110000000100001111011001110101010001100110000000101110010011000111110001000011,False,True,False,False,True,True,True,True,True,True,235,214,77,56,16,24,44,256,256
966,11101000010001011101000010011010110100000101001001011000000111000001110001100110010000110110011110001001011010011010011010010101001010000100010111010000100110101101000001010010010110000001110000011100011001100100001101100111100010010110100110100110100101010110100001000101110100001001101011010000010100100101100000011100000111000110011001000011011001111000100101101001101001101001010110111000010001011101000010011010110100000101001001011000000111000001110001100110010000110110011110001001011010011010011010010101,True,True,True,True,True,True,True,True,True,True,221,277,140,40,30,41,36,256,257
967,00001010110000111011111110010110111001001101000011001000101001101011110111110110101111011011011101001000010001011111101010111101110010101100001110111111100101101110010011010000110010001010011010111101111101101011110110110111010010000100010111111010101111011000101011000011101111111001011011100100110100001100100010100110101111011111011010111101101101110100100001000101111110101011110101011010110000111011111110010110111001001101000011001000101001101011110111110110101111011011011101001000010001011111101010111101,True,True,True,True,True,True,True,True,True,True,293,274,156,13,37,31,22,258,257
968,00000000111101101101010011011110001111100010111111011010000110110000000111011101100011111000001101100110100000101011110011001000110000001111011011010100110111100011111000101111110110100001101100000001110111011000111110000011011001101000001010111100110010001000000011110110110101001101111000111110001011111101101000011011000000011101110110001111100000110110011010000010101111001100100001010000111101101101010011011110001111100010111111011010000110110000000111011101100011111000001101100110100000101011110011001000,True,True,True,True,True,True,True,True,True,True,261,225,96,50,17,14,35,256,255
969,00101000010000001100100101101111111101001111010010100110011000101011101010111001101111110011100000011111101100100101101101001111111010000100000011001001011011111111010011110100101001100110001010111010101110011011111100111000000111111011001001011011010011111010100001000000110010010110111111110100111101001010011001100010101110101011100110111111001110000001111110110010010110110100111101111000010000001100100101101111111101001111010010100110011000101011101010111001101111110011100000011111101100100101101101001111,True,True,True,True,True,True,True,True,True,True,281,252,126,28,30,29,16,256,256
970,11010110000001010000111001011011001110110111000000101110110110100010011101011101010100101010001111110110001101011011101001010010000101100000010100001110010110110011101101110000001011101101101000100111010111010101001010100011111101100011010110111010010100100101011000000101000011100101101100111011011100000010111011011010001001110101110101010010101000111111011000110101101110100101001010000110000001010000111001011011001110110111000000101110110110100010011101011101010100101010001111110110001101011011101001010010,True,True,True,True,True,True,True,True,True,True,259,292,172,30,45,30,26,257,257
971,01110111110000111111101111100111101011011011100001100110110100100001001110000010000011110101110100111001110110110110100001110110101101111100001111111011111001111010110110111000011001101101001000010011100000100000111101011101001110011101101101101000011101101111011111000011111110111110011110101101101110000110011011010010000100111000001000001111010111010011100111011011011010000111011000100111110000111111101111100111101011011011100001100110110100100001001110000010000011110101110100111001110110110110100001110110,True,True,True,True,True,True,True,True,True,True,287,235,102,32,9,13,25,256,256
972,10011000001110011001010111101101110100100000110101001000000001000001010011101000000110000111101110100010111110111011011100111000010110000011100110010101111011011101001000001101010010000000010000010100111010000001100001111011101000101111101110110111001110000001100000111001100101011110110111010010000011010100100000000100000101001110100000011000011110111010001011111011101101110011100011001000001110011001010111101101110100100000110101001000000001000001010011101000000110000111101110100010111110111011011100111000,False,True,True,True,False,True,True,True,True,True,239,238,116,64,21,26,31,256,255
973,10111000000001000000100110001010110001000101001100000000010110011011111110010100110110011100011011001100010001111101001001001000011110000000010000001001100010101100010001010011000000000101100110111111100101001101100111000110110011000100011111010010010010000011100000000100000010011000101011000100010100110000000001011001101111111001010011011001110001101100110001000111110100100100100011101000000001000000100110001010110001000101001100000000010110011011111110010100110110011100011011001100010001111101001001001000,False,False,True,True,True,True,True,True,True,True,215,236,100,59,20,44,39,258,255
974,00110010010110100110101001000011111111001101101110001101101101011111111011111010001101011000110011000000011011111011110011111000111100100101101001101010010000111111110011011011100011011011010111111110111110100011010110001100110000000110111110111100111110001011001001011010011010100100001111111100110110111000110110110101111111101111101000110101100011001100000001101111101111001111100001100010010110100110101001000011111111001101101110001101101101011111111011111010001101011000110011000000011011111011110011111000,False,False,True,True,True,True,True,True,True,True,295,235,102,21,17,13,24,255,255
975,10010101010010000000101010001010011101100011001001101001000101111001010100110001000101010010111101010101111111101000001110010001010101010100100000001010100010100111011000110010011010010001011110010101001100010001010100101111010101011111111010000011100100010001010101001000000010101000101001110110001100100110100100010111100101010011000100010101001011110101010111111110100000111001000111000101010010000000101010001010011101100011001001101001000101111001010100110001000101010010111101010101111111101000001110010001,False,True,False,False,True,False,False,True,True,True,235,297,189,24,61,49,34,257,258
976,01111010000001100001110100100000000010100001010100111010000001000011100010101100110100000011011110001111011011000101110010111111101110100000011000011101001000000000101000010101001110100000010000111000101011001101000000110111100011110110110001011100101111111111101000000110000111010010000000001010000101010011101000000100001110001010110011010000001101111000111101101100010111001011111100101010000001100001110100100000000010100001010100111010000001000011100010101100110100000011011110001111011011000101110010111111,False,True,True,True,False,True,True,True,True,True,227,232,121,72,30,29,40,256,256
977,00011011001001011001101110011110011001011011100001011111000101001011110110110110000110100110101101000001110100000100101100000100110110110010010110011011100111100110010110111000010111110001010010111101101101100001101001101011010000011101000001001011000001001001101100100101100110111001111001100101101110000101111100010100101111011011011000011010011010110100000111010000010010110000010001001011001001011001101110011110011001011011100001011111000101001011110110110110000110100110101101000001110100000100101100000100,True,True,True,True,True,True,True,True,True,True,251,271,128,32,29,39,26,255,258
978,00000001011101111011101001011011000101001010011000010000011101000110000000000000010100111110111100110110001100000010011011011010110000010111011110111010010110110001010010100110000100000111010001100000000000000101001111101111001101100011000000100110110110101000000101110111101110100101101100010100101001100001000001110100011000000000000001010011111011110011011000110000001001101101101001010001011101111011101001011011000101001010011000010000011101000110000000000000010100111110111100110110001100000010011011011010,False,True,True,True,False,True,True,True,True,True,225,241,119,77,23,29,32,256,256
979,11111110001001011101101011000101101101100011001001010101111111000111011111100011001111001010100001011110110111110000011110100110001111100010010111011010110001011011011000110010010101011111110001110111111000110011110010101000010111101101111100000111101001100111111000100101110110101100010110110110001100100101010111111100011101111110001100111100101010000101111011011111000001111010011010101110001001011101101011000101101101100011001001010101111111000111011111100011001111001010100001011110110111110000011110100110,True,True,True,True,True,True,True,True,True,True,291,252,126,12,38,28,29,256,256
980,00010011101110010000000001010101101111111110011010010000010010010011110111110100000100110100000001011000000111011101100111100011110100111011100100000000010101011011111111100110100100000100100100111101111101000001001101000000010110000001110111011001111000111001001110111001000000000101010110111111111001101001000001001001001111011111010000010011010000000101100000011101110110011110001101000011101110010000000001010101101111111110011010010000010010010011110111110100000100110100000001011000000111011101100111100011,False,True,True,True,False,True,True,True,True,True,243,224,106,69,16,34,26,256,257
981,01001101010101001000010010000111110010010100010011000101100100000011111100110100011111000011110010001000000010101010101101110000100011010101010010000100100001111100100101000100110001011001000000111111001101000111110000111100100010000000101010101011011100001100110101010100100001001000011111001001010001001100010110010000001111110011010001111100001111001000100000001010101010110111000000011101010101001000010010000111110010010100010011000101100100000011111100110100011111000011110010001000000010101010101101110000,True,True,True,True,True,True,True,True,True,True,221,255,139,47,40,45,40,257,254
982,10000111101011001011110101100100000010001010010110110110001010000001110000011000010011011010101000100100101101001110011110000001010001111010110010111101011001000000100010100101101101100010100000011100000110000100110110101010001001001011010011100111100000010000011110101100101111010110010000001000101001011011011000101000000111000001100001001101101010100010010010110100111001111000000111010111101011001011110101100100000010001010010110110110001010000001110000011000010011011010101000100100101101001110011110000001,True,True,True,True,True,True,True,True,True,True,225,269,145,51,38,42,35,256,259
983,01100000000001011000011101011100001110000111011010110111101110001010111010101011110010011100111000111101011111001001110100011111101000000000010110000111010111000011100001110110101101111011100010101110101010111100100111001110001111010111110010011101000111111110000000000101100001110101110000111000011101101011011110111000101011101010101111001001110011100011110101111100100111010001111100110000000001011000011101011100001110000111011010110111101110001010111010101011110010011100111000111101011111001001110100011111,True,True,True,True,True,True,True,True,True,True,277,238,119,39,36,16,28,257,256
984,10011000010101001011010110011111000011011110111001011100111100011001101000010010010010111011010111000101001111001110011010100101010110000101010010110101100111110000110111101110010111001111000110011010000100100100101110110101110001010011110011100110101001010001100001010100101101011001111100001101111011100101110011110001100110100001001001001011101101011100010100111100111001101010010111001000010101001011010110011111000011011110111001011100111100011001101000010010010010111011010111000101001111001110011010100101,True,True,True,True,True,True,True,True,True,True,267,283,144,12,42,37,21,258,256
985,01110111100110011111111100110001101111001100000111011101101110011000001011110100110011100101000010110010001111000010110001011110101101111001100111111111001100011011110011000001110111011011100110000010111101001100111001010000101100100011110000101100010111101111011110011001111111110011000110111100110000011101110110111001100000101111010011001110010100001011001000111100001011000101111000100111100110011111111100110001101111001100000111011101101110011000001011110100110011100101000010110010001111000010110001011110,False,True,True,False,True,True,True,True,True,True,279,227,82,24,21,25,29,257,256
986,00100000011010010001010001011100001010110110101101010101100000100010010100101101000100011100110011100111010010100111000011111100111000000110100100010100010111000010101101101011010101011000001000100101001011010001000111001100111001110100101001110000111111001010000001101001000101000101110000101011011010110101010110000010001001010010110100010001110011001110011101001010011100001111110001110000011010010001010001011100001010110110101101010101100000100010010100101101000100011100110011100111010010100111000011111100,True,True,True,True,True,True,True,True,True,True,233,283,156,27,45,42,37,257,255
987,11101010001100110110000001011100010010000111100110111110100110100111011110000011101010011011010110000110000101001100111001110011001010100011001101100000010111000100100001111001101111101001101001110111100000111010100110110101100001100001010011001110011100110110101000110011011000000101110001001000011110011011111010011010011101111000001110101001101101011000011000010100110011100111001110111010001100110110000001011100010010000111100110111110100110100111011110000011101010011011010110000110000101001100111001110011,True,True,True,True,True,True,True,True,True,True,257,253,105,32,20,17,28,256,257
988,10000000001110010000000010110001011100000001111010010110011100100100010100110000000100011010110010010101100100001001011010111100010000000011100100000000101100010111000000011110100101100111001001000101001100000001000110101100100101011001000010010110101111000000000000111001000000001011000101110000000111101001011001110010010001010011000000010001101011001001010110010000100101101011110011010000001110010000000010110001011100000001111010010110011100100100010100110000000100011010110010010101100100001001011010111100,False,False,True,True,False,True,False,True,True,True,201,248,124,79,36,53,33,256,255
989,00100101001000001100010011010001101001011000101011001101011010011110100011100111110000011101001011011001100000011001001100001100111001010010000011000100110100011010010110001010110011010110100111101000111001111100000111010010110110011000000110010011000011001010010100100000110001001101000110100101100010101100110101101001111010001110011111000001110100101101100110000001100100110000110001110101001000001100010011010001101001011000101011001101011010011110100011100111110000011101001011011001100000011001001100001100,True,True,True,True,True,True,True,True,True,True,233,267,117,32,25,29,33,256,257
990,00000011000110111101101111101011100011011111011110011010100101100111110110111101011000000011101011001111111000001011110101100100110000110001101111011011111010111000110111110111100110101001011001111101101111010110000000111010110011111110000010111101011001001000001100011011110110111110101110001101111101111001101010010110011111011011110101100000001110101100111111100000101111010110010001010011000110111101101111101011100011011111011110011010100101100111110110111101011000000011101011001111111000001011110101100100,False,False,True,True,True,True,True,True,True,True,297,241,116,30,29,14,20,258,256
991,01110011101111100010001010001111110010000111100111111000010111100101011111011110100111010100010101000001100010000111100001110111101100111011111000100010100011111100100001111001111110000101111001010111110111101001110101000101010000011000100001111000011101111111001110111110001000101000111111001000011110011111100001011110010101111101111010011101010001010100000110001000011110000111011100100011101111100010001010001111110010000111100111111000010111100101011111011110100111010100010101000001100010000111100001110111,True,True,True,True,True,True,True,True,True,True,275,222,107,24,28,29,41,256,256
992,10101011111001011101000101011011101101011000001111100111100011001100111011010101000101110101010011101011001010101000000111110111011010111110010111010001010110111011010110000011111001111000110011001110110101010001011101010100111010110010101010000001111101110010101111100101110100010101101110110101100000111110011110001100110011101101010100010111010101001110101100101010100000011111011111111011111001011101000101011011101101011000001111100111100011001100111011010101000101110101010011101011001010101000000111110111,False,True,True,True,True,False,True,True,True,True,285,285,171,20,57,17,20,257,256
993,10000010001001010110001101000011100000011011010110111111111111111001001110001110100111101010100011000011000111000110111101011101010000100010010101100011010000111000000110110101101111111111111110010011100011101001111010101000110000110001110001101111010111010000001000100101011000110100001110000001101101011011111111111111100100111000111010011110101010001100001100011100011011110101110111010010001001010110001101000011100000011011010110111111111111111001001110001110100111101010100011000011000111000110111101011101,True,True,True,True,True,True,True,True,True,True,273,237,116,26,25,16,39,257,257
994,10100000100101001001110111110101101001111101010111010110010111011011011011010010101001110010001110010110101100111000110110000110011000001001010010011101111101011010011111010101110101100101110110110110110100101010011100100011100101101011001110001101100001100010000010010100100111011111010110100111110101011101011001011101101101101101001010100111001000111001011010110011100011011000011011110000100101001001110111110101101001111101010111010110010111011011011011010010101001110010001110010110101100111000110110000110,False,True,False,True,True,True,True,True,True,True,277,298,162,11,40,29,17,256,257
995,01110011001010000010101100100010110101101010111101000101111010001110011000010000001100111111110111010101001100000100100110111100101100110010100000101011001000101101011010101111010001011110100011100110000100000011001111111101110101010011000001001001101111001111001100101000001010110010001011010110101011110100010111101000111001100001000000110011111111011101010100110000010010011011110000100011001010000010101100100010110101101010111101000101111010001110011000010000001100111111110111010101001100000100100110111100,True,True,True,True,True,True,True,True,True,True,251,267,144,33,41,34,30,256,255
996,10010001100001001010101101011011010111101001100000010100110011001011000111111011110000111001010011000111111010011110111110010011010100011000010010101011010110110101111010011000000101001100110010110001111110111100001110010100110001111110100111101111100100110001000110000100101010110101101101011110100110000001010011001100101100011111101111000011100101001100011111101001111011111001001111000001100001001010101101011011010111101001100000010100110011001011000111111011110000111001010011000111111010011110111110010011,True,True,True,True,True,True,True,True,True,True,271,257,123,22,33,26,25,256,256
997,10000100111100100100011111110101111101100011001010100000001110110110101100001011010010111001100000010100111111010111010001101111010001001111001001000111111101011111011000110010101000000011101101101011000010110100101110011000000101001111110101110100011011110000010011110010010001111111010111110110001100101010000000111011011010110000101101001011100110000001010011111101011101000110111111010100111100100100011111110101111101100011001010100000001110110110101100001011010010111001100000010100111111010111010001101111,True,True,True,True,True,True,True,True,True,True,269,253,134,35,33,27,27,256,256
998,00111110001001000011010011100001100001001000111000110001110101001001001110110110001111010010100000001001010011001010001111100011111111100010010000110100111000011000010010001110001100011101010010010011101101100011110100101000000010010100110010100011111000111011111000100100001101001110000110000100100011100011000111010100100100111011011000111101001010000000100101001100101000111110001101101110001001000011010011100001100001001000111000110001110101001001001110110110001111010010100000001001010011001010001111100011,True,True,True,True,True,True,True,True,True,True,231,248,107,28,16,40,44,257,257
999,01100111000001111111011000001101110101101100100010010011001111000100110100001000010001010100011100010010100011101000100110000100101001110000011111110110000011011101011011001000100100110011110001001101000010000100010101000111000100101000111010001001100001001110011100000111111101100000110111010110110010001001001100111100010011010000100001000101010001110001001010001110100010011000010000110111000001111111011000001101110101101100100010010011001111000100110100001000010001010100011100010010100011101000100110000100,False,True,True,True,True,True,True,False,True,True,225,251,113,29,17,45,49,256,257
1000,11111100000011101111111101001111010101101101100011101110000100110111000000000111111001000000010001011100101101111111010100001010001111000000111011111111010011110101011011011000111011100001001101110000000001111110010000000100010111001011011111110101000010100111110000001110111111110100111101010110110110001110111000010011011100000000011111100100000001000101110010110111111101010000101010101100000011101111111101001111010101101101100011101110000100110111000000000111111001000000010001011100101101111111010100001010,True,True,True,True,True,True,True,True,True,True,267,220,114,60,27,24,29,256,257
