key_id,key_bits,overall_passed,frequency_passed,run_count_passed,run_L1_passed,template_4_1_passed,template_4_2_passed,template_4_3_passed,template_4_4_passed,linear_complexity_passed,blind_spot_complexity_passed,frequency,run_count,run_L1,template_4_1,template_4_2,template_4_3,template_4_4,linear_complexity,blind_spot_complexity
1,10001011101010101000101001101110011000010101100100011001110000100110101010101111011100011011110011111111100010001010000110010101,True,True,True,True,True,True,True,True,True,True,65,71,41,3,14,8,9,65,64
2,01110001101101110001111111101011010001101101011100011110001010011111000111100000100010011001100101110001101011111110001100011100,True,True,True,True,True,True,True,True,True,True,70,57,22,2,5,4,11,64,63
3,10101011111110111011011110101111011100100010111110000111111100110011001011111000001001001010110111100111100010110101111010100010,True,True,True,True,True,True,True,True,True,True,76,64,36,3,10,8,5,65,65
4,01110101000011100011101110000000001100111111001110010110101100011100000001000101010010101110010011011100101010101100011000000010,True,True,True,True,True,True,True,True,True,True,58,63,33,15,11,7,8,64,66
5,01011111101110000000000001000101000101001100110111011010101110110110010001110110011010111100100111100101000011011000001101000100,True,True,True,True,True,True,True,True,True,True,61,65,33,12,7,7,7,65,64
6,00000001001000011010010000011100001011001000000110010000100000101101111001011010010000111001100011010101111101010001100110011010,True,True,True,True,True,True,True,True,True,True,52,63,30,15,6,10,10,64,64
7,10010010101011001101111111010100010011100111101001110001110110101010010000000001100110101100101110101001101110001011111111110001,True,True,True,True,True,True,True,True,True,True,69,67,37,6,10,6,5,65,66
8,01110010001000010010010000110010001000100111111111110000100111111110100011010001111011100001111001111000011000000101000110001001,True,True,True,True,True,True,True,True,True,True,60,52,20,8,1,11,13,65,64
9,10010100000010011111011011010100100101000010011100100110001111101111010001010100010000011010101100100111110000001110010111110111,True,True,True,True,True,True,True,True,True,True,63,65,35,9,8,10,7,66,64
10,01001001001011011101001010111101100010101110110101010110100010001000101001000010011001101001111000111100100010010101001111011101,True,True,True,True,True,True,True,True,True,True,63,78,47,1,11,13,7,65,65
11,01111100100111011110000100000010010001100001011110100001111101001101100011011101111001110010001110101000101001011100001010110101,True,True,True,True,True,True,True,True,True,True,64,64,33,7,7,9,9,64,64
12,01100111000100000011110001101110101001010001111100010001000010000011101001010111101011101010001001111100010000011101000001110111,True,True,True,True,True,True,True,True,True,True,60,60,31,10,6,8,12,65,64
13,01110001010100110101111010000011000100000111101100011000101011011110101000010100101101111000111111011101110000010101011000111101,True,True,True,True,True,True,True,True,True,True,66,66,38,7,11,6,10,64,65
14,11111001000001011101111011111100010001011000100100101101000100100100000100100010111101010000000000011101101101001000111010000101,True,True,True,True,True,True,True,True,True,True,57,63,35,13,6,15,10,64,65
15,10011111001011010000000100101110110111000111101110010111000110011000010001101111110011000110010000110101001110011100111001111111,True,True,True,True,True,True,True,True,True,True,69,57,20,6,4,6,7,64,64
16,01001100110001110110101010111101110000000001111011111101101011100011011010011111011101110001110110111010101111100000100000000111,True,True,True,True,True,True,True,True,True,True,71,58,29,13,6,1,6,64,65
17,00010011000010011001011000111110101001011001011111011101001111101010110001110100001010100011110011000100101110100000011000000011,True,True,True,True,True,True,True,True,True,True,61,64,32,9,9,8,9,64,65
18,00001000110011110011110101010110001000100001110101001110100010000010101011110001011001001000000100111000100011001101010110101101,True,True,True,True,True,True,True,True,True,True,57,70,39,7,11,10,11,65,65
19,10010001010110110000001011010000100100011010111101010011010110011001011001010010100001011010000110000001000111010100011011010101,True,True,True,True,True,True,True,True,True,True,56,77,47,9,13,10,9,62,65
20,00101110000110111000101010010011101011010100100011100000101011110011101100001011110010011000010010111001110000010100000101110110,True,True,True,True,True,True,True,True,True,True,60,67,35,9,11,11,8,64,64
21,00011100001001111101111101010110011100001010100011010010111111001101100111111100001110111000110110111000111101011101111110000011,True,True,True,True,True,True,True,True,True,True,74,56,24,5,6,3,8,66,66
22,00000010000111000000001111001001100001010111111101101110110010110100111111100110100110010011110001111110011101010110110011000000,True,True,True,True,True,True,True,True,True,True,65,55,22,13,5,5,5,64,62
23,00000111010100101111100001001111011110010000001011001000010111111010000010101010001101011010010001000011110101010111110011001011,True,True,True,True,True,True,True,True,True,True,62,66,39,10,12,10,8,64,64
24,00111111110101001101111010110110001100101111111000111001101101000100100100010001101111011011101100001000101110101100111000110100,True,True,True,True,True,True,True,True,True,True,70,65,30,1,5,7,8,65,63
25,00101001011001100011110010011111011100100001110100010000101100100011001111010110010011100111100000000000000011100000010101011101,True,True,True,True,True,True,True,True,True,True,57,58,26,17,7,9,7,64,65
26,00110000000111100001111100010100001000101010111001001111011011011000011110101011101011110100010111000100010101111111100111100111,True,True,True,True,True,True,True,True,True,True,68,60,31,7,10,7,9,65,64
27,10111011010001010010110010001110011101011010010101001011101001100000100000101101000100000111101001010101011010100011010110111100,True,True,True,True,True,True,True,True,True,True,61,78,49,6,13,9,7,65,63
28,00101110101101110101111011001000001010010011100011000001011100100011111110010000011111100000000010111100010001100001000001100100,True,True,True,True,True,True,True,True,True,True,57,55,24,15,6,11,10,65,63
29,11001011011101101101000101101010101000010101011101001100100110111010000001001000100011110100100111100010000101011000000100010010,True,True,True,True,True,True,True,True,True,True,57,74,44,8,10,13,9,64,64
30,00100101011111011011111110111101001000101100100101111010011001011000110001010101001010111110111110001011010101001110001000011001,True,True,True,True,True,True,True,True,True,True,69,72,42,1,13,11,6,64,65
31,11101000101011100110100111010010111110100011011100000001010000100110111110111111001010110010001000001011100100100110111111111001,True,True,True,True,True,True,True,True,True,True,68,63,33,7,7,10,6,63,65
32,10010000100111101000001101001011110011010100110111110100111010110010010110110000100000111010011001101110110100011010100110001010,True,True,True,True,True,True,True,True,True,True,63,72,38,6,6,7,6,63,64
33,10101110110100001111100001001011110100010111110001000111111010101101110101101100000111110111000100111001010101001010100011011110,True,True,True,True,True,True,True,True,True,True,70,68,41,4,11,7,8,64,64
34,10010100000010110000111011001111010011101010011011000111110100111100010001001101001110000011001111010011100000011011010000000010,True,True,True,True,True,True,True,True,True,True,59,60,27,14,3,5,8,63,68
35,01100011001111101110110111010010100001101011010101010100000111010011011110110110101001101011000111010100110110001110011000110101,True,True,True,True,True,True,True,True,True,True,69,76,43,3,10,1,6,64,65
36,11010100101111100110100101111010000010111100001001000101001010100100011110111101010111010011100000001111110001001101100010010110,True,True,True,True,True,True,True,True,True,True,64,68,39,7,10,11,7,65,64
37,01010110000111011001111100110101110101101000110101110011010001000100011100100110110000000111100110001101001110111111111000011100,True,True,True,True,True,True,True,True,True,True,67,61,26,6,5,3,8,63,64
38,11101010100101111000000000100011010000100110000100011010111100000011100100100011110101111000011011100101110101111100110101001011,True,True,True,True,True,True,True,True,True,True,62,63,33,12,9,8,8,64,64
39,01011100000100101000111000001110000101000010101111100100100000110011001001001111010100110001011011111011100101010011011100010010,True,True,True,True,True,True,True,True,True,True,59,67,35,8,9,12,8,64,64
40,10101010111111101010000101010110101101110000111010011010010011010100101010101000101110100111011101010011111011110011110010111101,True,True,True,True,True,True,True,True,True,True,73,79,54,2,16,5,3,64,65
41,11011011010111010000000010101010010111011101011010110111111100001010010001010111111011001101101000001100111111110111011110010111,True,True,True,True,True,True,True,True,True,True,74,67,40,8,11,6,4,65,64
42,10011111100111111101000010000000010010000100001100111111111001100001011010000101111111100001001111010011001111001001000110000001,True,True,True,True,True,True,True,True,True,True,62,49,19,14,2,9,9,64,66
43,10010011011010010000011000011111101010000011111111100010111101110101111110001100011011110111001000011000111000000100001000000010,True,True,True,True,True,True,True,True,True,True,62,52,23,14,3,7,11,66,67
44,11010011000001110101110101111000100011111011011110011000101101000100100110110101110110000011110010001100000101101010110111001110,True,True,True,True,True,True,True,True,True,True,67,66,32,6,7,6,8,65,64
45,01001101110110110111110011100110101101111000000111001001001111000100110001010111101000100001100111000110001010110101101001000000,True,True,True,True,True,True,True,True,True,True,63,65,30,7,6,7,7,63,62
46,01001110000101000100001011001000010000111000010111111100011100110111010101011110100010010000110101101011010000111110000101010110,True,True,True,True,True,True,True,True,True,True,60,67,39,8,11,9,11,64,64
47,01100010101110001001101110010111001111010101010111001001010100011100001100110111010010011010011110010001001111001001010110011010,True,True,True,True,True,True,True,True,True,True,65,75,40,1,11,10,5,65,64
48,11100011000111001100001011010100110101011010101001011110100100101110100110101110110101000011000111000011110011011000100110100001,True,True,True,True,True,True,True,True,True,True,64,73,39,4,10,5,8,65,66
49,01110101100001101101011010001110001111111010010110001110011100100001110000011000100100001101100101111011111001111000010001101011,True,True,True,True,True,True,True,True,True,True,66,60,25,6,5,6,10,65,64
50,00001100000010111101011100100100111100101001011111001011010001001000010110111000010000100110100001111111011011100001100100100010,True,True,True,True,True,True,True,True,True,True,59,63,31,9,6,14,9,64,64
51,11110011111110010001000111001010110100101001011101010100010101110000001001001110010101101101001111000011101100001100010011100011,True,True,True,True,True,True,True,True,True,True,64,67,34,5,10,10,8,61,65
52,11111100111111101111111010010111010000011010011101001110010110000000111000100101001101001000110110010111110110000000101110010000,True,True,True,True,True,True,True,True,True,True,66,58,27,11,5,8,5,65,62
53,00011000011111111011101111010011100111111000100001100100001000011010110000110011100010000010111001000101110011011000101101100100,True,True,True,True,True,True,True,True,True,True,62,57,21,7,4,9,11,63,64
54,00001100110100100011001111100011010010100000000100110101011011010000100010110110001110000111111111010010100100101011001100100101,True,True,True,True,True,True,True,True,True,True,59,68,35,8,8,10,8,64,64
55,10110001011011010100010110111100101010110001011001000011110011010110101101100110101100110000100110110110111001100001000010110010,True,True,True,True,True,True,True,True,True,True,64,76,40,4,11,9,7,63,65
56,01000000001001110110100010111001000010110110110001111010111011101111000000101011000010110010001111001010110110110101101001010100,True,True,True,True,True,True,True,True,True,True,62,71,41,10,11,9,7,64,64
57,01011000010010000111000010110111100100100011101111000000101010101101010101001110001011111101111000000100111110101001111100011110,True,True,True,True,True,True,True,True,True,True,65,63,36,9,11,8,8,65,64
58,10110100011111001110110111111100111101100001100010011111110011101110011111000010101100011010001000001000010000010010111100110001,True,True,True,True,True,True,True,True,True,True,67,55,22,7,3,7,10,64,65
59,00000111110111101101100011111101011011010001110000001011101010011000100011111100011011011111110101001110001111011010001100010010,True,True,True,True,True,True,True,True,True,True,70,59,28,5,4,4,10,64,64
60,00101011000111011111011011010101100111000001000110110111011010111100000001101001000101000111000011100110111110001100010111100001,True,True,True,True,True,True,True,True,True,True,65,62,29,8,7,5,10,64,66
61,10110111101110011111010010101110110111010101001000011111001001010001011000110110011000110010101100010100011000000011011100011010,True,True,True,True,True,True,True,True,True,True,65,70,37,5,9,7,8,64,64
62,10101000010101011001110011011011001111110000000101110111000111000001010011011111011011001011101110111001101010010110111100100010,True,True,True,True,True,True,True,True,True,True,69,68,36,7,9,7,5,64,64
63,11100000010110010101010000011110101111101110100111001000010100100000100010000111110011001000100110101010010010001001100111101101,True,True,True,True,True,True,True,True,True,True,59,67,36,9,8,12,8,63,65
64,01100111101110000010110001000001101010001000001101110101110101000010100110100111011101101101011011110111010111110001010101001110,True,True,True,True,True,True,True,True,True,True,67,71,42,7,10,5,7,64,64
65,01000000111000011110011011100000110101100010010111001101011110101101101101100000100110000101011010101000101110110111010110111010,True,True,True,True,True,True,True,True,True,True,65,71,40,9,10,5,7,64,64
66,01000111101010001000111101001000010001000011111110000100101101010000101111001101101111110100110001010011100010100111110100100101,True,True,True,True,True,True,True,True,True,True,63,66,37,4,7,11,10,64,64
67,11110101000110101110110110101001100111000010010110101110110001101010110000110100110101110101100100101100011010110111101010011101,True,True,True,True,True,True,True,True,True,True,70,79,46,2,12,4,5,66,65
68,10000011101000100101100011010111111111000010000110001111101000101000010001010111101000011110101010010111000010110011111011011001,True,True,True,True,True,True,True,True,True,True,64,63,35,7,9,8,11,64,65
69,10011011011000110011110010101100011111011011110101000011100000100111000101111000100100000010100110101101000110001010101001110001,True,True,True,True,True,True,True,True,True,True,62,67,34,6,9,7,10,64,66
70,10111001011001100110010111101111011001110011100000100011111110011010101100110011110010001010000011010101011000100001001001110010,True,True,True,True,True,True,True,True,True,True,65,66,30,5,8,9,6,64,65
71,01111100101001111010101111001101101000110100000101010100100101111110110101010001111110000100011001111010100110100001000001010100,True,True,True,True,True,True,True,True,True,True,64,71,44,6,12,7,7,65,64
72,11110001111101010100110011010000100100100001011101100101101110101010111110010011111100011011101110100110110001100000001001111010,True,True,True,True,True,True,True,True,True,True,68,66,34,6,7,7,6,64,64
73,10100111111100010101111111001110000101001111001111011000100101110100110101110100101100011000010000110010101111110110110001011010,True,True,True,True,True,True,True,True,True,True,70,66,35,3,9,8,7,64,64
74,11001001010001111000101100100000111101110101101001001110010100111110011111010111000110101100110000010000101011001001111111111100,True,True,True,True,True,True,True,True,True,True,68,62,29,5,8,9,6,65,63
75,10101000111111011110100101000111111000000100001011101010001001001000010100110110011101001101110111100100100100010000111010011000,True,True,True,True,True,True,True,True,True,True,61,66,35,6,5,11,8,65,63
76,11100010011000000111011011001001100001011011110011111100111100100111010111110001001100001001000111110010100101111000101001001001,True,True,True,True,True,True,True,True,True,True,65,61,25,5,5,12,7,64,65
77,10111011110101110000110000000000010000011110111110101110111111000111000110011101111011110111100010010110011101111101111011001011,True,True,True,True,True,True,True,True,True,True,75,53,23,11,4,4,6,64,64
78,00001111010010110011111000111001011001110001100010011111101010100010110011010100011101010001010001001101000101101111111110110111,True,True,True,True,True,True,True,True,True,True,69,66,34,1,9,7,9,64,64
79,00111101100011100000011111010100111100100100100101010100000000111000001011101000110000100010101111110000011101101011001001011110,True,True,True,True,True,True,True,True,True,True,60,61,32,13,9,9,8,64,64
80,10001110010011001110111100111011001000011000001010011110100011101010110110001000100001100000000011101101110111000001101111111010,True,True,True,True,True,True,True,True,True,True,63,58,25,12,3,5,9,65,64
81,01000101101101001001111100011110110010011110111011101011010000000011010100011101100100101000110100100100010010100100011111111010,True,True,True,True,True,True,True,True,True,True,64,69,38,5,5,10,7,64,64
82,00110001001001011111000010100111000000100101100100111101011011111100110000011001110000101001110000000011010000110100101111110111,True,True,True,True,True,True,True,True,True,True,61,58,25,13,6,9,7,63,64
83,01001010010001101000111101010111110001110011000001010011100010111010001111111101000101111101011101110010110011000110101101000011,True,True,True,True,True,True,True,True,True,True,68,66,35,3,9,6,9,63,65
84,01000101010110010101101001111010001100001000100110001001101000101010100101001101011011000011010000110001101100000110011001111101,True,True,True,True,True,True,True,True,True,True,58,74,40,5,10,7,10,64,65
85,01001110001101101101001111110111000100010011011000100101000001000001011011011111000010000011011100001010010000101101100100111100,True,True,True,True,True,True,True,True,True,True,59,63,29,9,4,11,10,64,63
86,10110110001111111100100011001011001000000011100010001010010011010101001111101101110000101011011110011011100001000010011111011001,True,True,True,True,True,True,True,True,True,True,65,63,30,7,6,9,8,64,65
87,00100010111001000111110011011010111101110010101111000111011100100010011100001110111000111101101000000111010010111110101110111100,True,True,True,True,True,True,True,True,True,True,71,61,28,4,6,7,7,65,63
88,00000010000000101001110111000010101000110001100100101111110110010011000011011010101001000011101100110010111000101001000001111111,True,True,True,True,True,True,True,True,True,True,58,62,30,12,8,10,9,64,64
89,01001010010111110110111111000000100111010101001000100101000000110100111100010111001101101101000001011100001000101001110011010001,True,True,True,True,True,True,True,True,True,True,60,68,38,9,8,10,8,66,66
90,11010101001000001001000101100010101110100110001111111101010100001110001111111110011010010000110100110010100011111100101001100011,True,True,True,True,True,True,True,True,True,True,65,65,34,4,9,8,9,62,65
91,11111010110101100011011001100111000101111001111001011101101111101110000101110101010110001010110011111010011011011101101110100111,True,True,True,True,True,True,True,True,True,True,78,69,35,1,10,4,4,62,64
92,11001011010100101110011010011100101110011001101101010101101101101001101001011100001010011001111101110000111110001111010000110001,True,True,True,True,True,True,True,True,True,True,69,71,35,3,9,5,5,63,65
93,00010110001010010101110000011110000100000101000100000011101001010110010100011001110010100010111001100101010110110000011110110000,True,True,True,True,True,True,True,True,True,True,54,67,36,11,13,11,10,64,62
94,00001111101110101000001101010001011101000001110110110100011001000010010110101111000111110001010011000001101000111100000101100110,True,True,True,True,True,True,True,True,True,True,60,63,32,10,7,6,11,63,64
95,11101011001000111010010001000110010101110011011111000010011010001111000101101000100001011000101110011000111111101101110000000110,True,True,True,True,True,True,True,True,True,True,63,62,28,6,6,9,11,65,67
96,00011101101011011101011101100001110111011001000100011100101111101110001111100001000000101110100010111000100111110110011000001101,True,True,True,True,True,True,True,True,True,True,67,60,27,7,5,7,10,63,65
97,11101011110111011011011001100101000011101001101010111000011011110110010100110000001001101000110000110011001010110001010100000100,True,True,True,True,True,True,True,True,True,True,62,70,35,8,9,6,7,64,66
98,10001011011111101010111010110101011001001010100101000101001110111010100011001011011110101010100111101001010101101101000011011100,True,True,True,True,True,True,True,True,True,True,69,84,57,1,18,7,4,63,63
99,10001010001010110111001101010100101100100011100111010111011000011010000011011110000111101101101011100010010100010110010010000110,True,True,True,True,True,True,True,True,True,True,62,72,39,5,10,9,9,64,65
100,00101000001001110010100001010011110010011101110000110110011001010111100111101001111010110111100010100001010010101111010011110011,True,True,True,True,True,True,True,True,True,True,66,68,35,5,10,9,5,64,65
101,10001001000101100101111001110111001110011011111110110000101100111010000111000011000010000100101011010100001101100101011111011011,True,True,True,True,True,True,True,True,True,True,66,65,31,6,8,9,8,67,64
102,11111101010101110011111000001010011000100111010111011001011011011110110100010001100000000101000000000001101011100000001000111011,True,True,True,True,True,True,True,True,True,True,60,59,31,19,8,6,8,64,64
103,11111001011111001001011111001110110011000110010001101000100011010011101110111100010101010111101100001001011111110011110100000100,True,True,True,True,True,True,True,True,True,True,70,62,29,3,7,9,7,64,65
104,11001011010010100110001000010111011110100110100010011010011111100110100101010001000001101101001010100011001001101000101100100000,True,True,True,True,True,True,True,True,True,True,58,74,40,5,8,11,7,64,63
105,11100111000100010000100000011000111111000010110111001100010100011011010010010111111001100010001011010100000001000001010011110101,True,True,True,True,True,True,True,True,True,True,57,61,30,11,7,11,12,64,64
106,10100100111010100111111001001000110000101110000011100100101101000101101110000100011101100011110111100110011011000111101000010111,True,True,True,True,True,True,True,True,True,True,65,63,28,5,5,9,9,65,64
107,11011010011001100010010111000110110010001100000011101111010000001111110001011111010101111001011011001100110110101011110110010000,True,True,True,True,True,True,True,True,True,True,67,64,29,7,7,6,6,65,63
108,00111011110100101010111100001111101010110010010010010111011011001100101111111011001001010101110100101010101111000111101000010010,True,True,True,True,True,True,True,True,True,True,70,75,46,2,14,11,3,65,64
109,10111110000100101000110110101000111111110111111001100101110110000110100100011000110010101110101111100100011100001000110001110011,True,True,True,True,True,True,True,True,True,True,68,61,27,3,6,7,10,65,64
110,10100000001011000010110001110100111010110010101111101110110101011100001100101101111100111111101100011111111111000001000011000001,True,True,True,True,True,True,True,True,True,True,69,57,29,11,8,5,8,62,67
111,00111011110101010010110001100111111100100100001100001111010100001010000001001100010110000011110011100100111000001000000100111011,True,True,True,True,True,True,True,True,True,True,58,58,25,13,6,9,9,64,64
112,11011000110010110101101001110101100001101110101001101011101001000101011000010101101001101110000000111100011100111100001111001001,True,True,True,True,True,True,True,True,True,True,65,69,35,7,9,5,7,64,65
113,10001100110101100011111011001011010001011011000110100100001010010011101011100100101100110100001010101110110110100011111110101111,True,True,True,True,True,True,True,True,True,True,68,73,40,2,10,8,7,65,64
114,10010100000110111101110010100000011100011000011100101110010111101000100011001110110000001010000111100010110000001010100100111011,True,True,True,True,True,True,True,True,True,True,58,61,29,13,8,9,10,64,64
115,11011101001000111101011001010010101100001011010011000011111110000101111110110101011001110101110101010001000010010111100111010101,True,True,True,True,True,True,True,True,True,True,69,73,45,4,14,8,6,65,65
116,00010001101011100110010001010001111000101111011111111111001111100110001111010101000011011000011101111011000000011101011110010110,True,True,True,True,True,True,True,True,True,True,70,57,26,6,7,5,9,64,64
117,10111000111000000000110100100100100101001100101111100011001010011001011110110110011001011010001011100110000101110000110010001010,True,True,True,True,True,True,True,True,True,True,59,68,32,8,8,12,7,65,64
118,11101100100110000011001100100101011111110110010100000011011100001000010111011000111101010011111010010111110001001000010000101011,True,True,True,True,True,True,True,True,True,True,63,63,31,9,8,11,8,65,64
119,00011011001000000010000101011001001001000001010101000110100110101000001111100100100000011101000100110100111010111100001001110101,True,True,True,True,True,True,True,True,True,True,53,68,38,13,8,11,9,64,64
120,11111100001111000010101100110110010110001111110111001110110000110101111101100010110101101110110100000101111000011011000011111010,True,True,True,True,True,True,True,True,True,True,72,60,28,7,7,4,8,65,64
121,01111101100101010001111001110010100101000101100101111011111011110010011110001001001000010101110111000010001111101101111000111001,True,True,True,True,True,True,True,True,True,True,70,64,32,2,8,11,7,65,65
122,10011111110010011000111111110000101101101111000110101010100011111100110000111010111011111111100010001000111110010110001101101100,True,True,True,True,True,True,True,True,True,True,74,56,24,2,6,5,9,64,63
123,10101100100110101000010101011100010001010101010110000000000001000110101010011110100110100100001010111111110111001111010010000000,True,True,True,True,True,True,True,True,True,True,57,70,46,15,14,8,6,65,61
124,10110010101100000111000000011111000011110010101000111100001000110110100011111001100101011010011011011010000111000011110101100000,True,True,True,True,True,True,True,True,True,True,61,60,28,12,7,4,9,63,62
125,11100101111011111010101111001010000101110001111101101101110011011000011011101100000011011001111001010100010100011101000101101101,True,True,True,True,True,True,True,True,True,True,71,67,35,5,9,6,7,63,65
126,01111011100000100000111110001011100100100010000010101110011011111000001011110101011010011010111101011011101011000101000011010011,True,True,True,True,True,True,True,True,True,True,65,66,37,9,10,8,8,66,65
127,00100000100101001001001111111110111000001001100110010100010100011000101001101110101011000011110111111110111110100010111010001110,True,True,True,True,True,True,True,True,True,True,66,63,33,5,7,10,8,64,64
128,01111110001001000011001001110110011011111110011110010100000111101001101111111011110100001011111100000001100011110110010000001010,True,True,True,True,True,True,True,True,True,True,68,53,23,11,3,7,7,65,65
129,10010011110010011111000011111111000011000100011001011001101100111010111100010001011101001000011100110100101001011110010101100001,True,True,True,True,True,True,True,True,True,True,65,63,28,4,7,10,8,65,66
130,11100101100110000100011100000000101001010110100111110000000111001011011110011000010011111001111001010110101001001110101001001011,True,True,True,True,True,True,True,True,True,True,62,65,32,11,10,10,5,64,64
131,10010101001101110010000110001000001000000000011010011001100001111000001011001110110101110000010110000010101111111010011000010100,True,True,True,True,True,True,True,True,True,True,54,60,29,18,8,8,9,65,64
132,01010010101010101000000111111010001101101011111110001111101111000001100100010101111101111011101111011110101100010111110101001011,True,True,True,True,True,True,True,True,True,True,75,66,42,5,13,5,6,65,64
133,10001011110000011010000011100111011110111010100111101000111010111000011011111001011011011111110010111011110000011110100100000001,True,True,True,True,True,True,True,True,True,True,70,57,28,11,5,4,7,64,67
134,01111100101100000001100110110110110010110011010001000100101111010101000001100111110111111010001000110110101011010111000101100000,True,True,True,True,True,True,True,True,True,True,64,67,35,8,9,7,7,63,62
135,01000010110101000111000010111111100010011110000001101100001010101000011101010010101111101100100100110111111100100110111100100111,True,True,True,True,True,True,True,True,True,True,66,64,34,7,9,9,7,64,64
136,00001111010001010001100011101000101000100110010011100000101111000111100011011111011001001001110110111010100110010111111010011001,True,True,True,True,True,True,True,True,True,True,65,64,29,3,5,8,9,64,65
137,00101001110011000010110100010101100110101011100011100001100101010110101010101101100100111111100100011011010110101111100111100000,True,True,True,True,True,True,True,True,True,True,66,73,41,4,15,6,5,66,62
138,01110001010110000111101000000101111100101100110000100101000101110010101000100101001001101011001110100001101111001111100011100111,True,True,True,True,True,True,True,True,True,True,63,66,33,6,10,10,8,63,64
139,10110011000000100101101101010100010000101011001010111001010001100101100011110000001100001101001010100010101001001010001100101001,True,True,True,True,True,True,True,True,True,True,54,77,46,8,15,12,9,63,65
140,11110100001100111110111111101001011100010011010101001111001111111011100010001011010010001000111100101101000011101111101011001001,True,True,True,True,True,True,True,True,True,True,72,63,32,2,6,8,7,64,64
141,01111001110111111100010100111001100100111010011100101111001000010111001111110011000100110111110110010011001011001101111110100010,True,True,True,True,True,True,True,True,True,True,73,61,24,1,4,9,4,63,65
142,11001011000101001101110101100110011100001111000101011111100110000000010100101100111001110010011010010100110000001011100011011000,True,True,True,True,True,True,True,True,True,True,61,64,27,9,9,8,6,64,63
143,00000001000001100000010101100001011111100011100110011010001011000100101110110100011011110110000011000011011010101110011010011111,True,True,True,True,True,True,True,True,True,True,60,60,27,13,7,6,10,64,64
144,10110001101001101000111000110101111110111110110000111011101000010001001100010011001110011110011110010010011110011101100111010100,True,True,True,True,True,True,True,True,True,True,69,62,24,2,2,5,7,64,63
145,11010011110110011101010001111000000101001110011101010010001100001110101101011110101011100100101010100000001101010111110101011101,True,True,True,True,True,True,True,True,True,True,67,73,46,8,14,4,5,65,65
146,00110000111101000100011010010111110011110000110010101011110000111000010001011001100001111010111111101110111111010011011101010010,True,True,True,True,True,True,True,True,True,True,69,61,30,5,7,6,8,64,65
147,00101110111111110000000110111100010011011000011111000001100011011111111111111001100000111000001110000100110100010100011000100111,True,True,True,True,True,True,True,True,True,True,66,46,14,12,2,5,11,66,64
148,10000100000010101111100111111010000100010100101101111110110000011000011110100100111111111010010100101110010110111100101001010000,True,True,True,True,True,True,True,True,True,True,65,62,35,9,9,11,6,65,62
149,10100010101010001011101101011110001000010111011100011001000111110100000000110000111110111010010111001110101000000001111101011011,True,True,True,True,True,True,True,True,True,True,64,63,36,12,9,6,9,65,64
150,10101000101001110100001011000011010000100011110001100110100000101111011001101001010101110010111011011010010000011011001011011000,True,True,True,True,True,True,True,True,True,True,60,72,39,7,9,8,8,65,63
151,10101100111111110100101100100010111110110011111000101011000111100111000001010110011010010101101001101000000111001101011100000010,True,True,True,True,True,True,True,True,True,True,66,66,35,8,10,7,6,62,67
152,11010001001111011111011011110111100011111000010001100010111101111010101011111001100100111011101010100000100110100111010011011000,True,True,True,True,True,True,True,True,True,True,72,64,32,3,6,5,6,64,63
153,10001111011101110111101010110011000101001110001011111100011100001010111001111001001001011101101110100111111111001010111001000010,True,True,True,True,True,True,True,True,True,True,73,64,33,2,9,9,6,65,65
154,10000100011100110110100110100111101001101000111100010001110010101111101011100001010010111001001011101110111111111101000000011000,True,True,True,True,True,True,True,True,True,True,67,62,31,6,6,7,7,65,65
155,01001110110100011001100111100111011111010100011110000100010100111000110000101001101111000000111000000011000110001000110100010101,True,True,True,True,True,True,True,True,True,True,59,60,26,9,5,5,12,64,65
156,11110101100101100000111000011010111000101010110101111111100101001011111000110000110011010000110001111101000000011100000010111000,True,True,True,True,True,True,True,True,True,True,63,58,28,12,10,5,9,65,63
157,01000101111100011011101001000101110000110110100001000001011100110000001101001100100011110000101110101010110101010011010100011110,True,True,True,True,True,True,True,True,True,True,60,69,39,8,10,7,10,64,64
158,10101011111110001000011111110111000010000010100010011001001110000100001001100011111100111010010111110010010000110001001000000011,True,True,True,True,True,True,True,True,True,True,59,55,24,11,4,12,11,64,66
159,01111000001110011111101000100101111001000011101000110100010110101001010111011001000010000000111000100011010001100111100000010010,True,True,True,True,True,True,True,True,True,True,57,61,30,11,5,10,11,64,65
160,11000101010111010111010001100110011010011110101111100101000011111111110111001110010100000100011011100111101010101011000101111100,True,True,True,True,True,True,True,True,True,True,72,66,36,3,12,5,6,64,63
161,00100101011011100011110110000010101100111100000110011110111101101111001001001101100111010001011110101100001110110000001111100110,True,True,True,True,True,True,True,True,True,True,68,61,26,8,6,6,6,64,64
162,00010111000001110011110100101010111011111011011110001000110110111010101110010110110011001110000011101001110111001011110111010011,True,True,True,True,True,True,True,True,True,True,73,66,32,4,8,5,5,65,64
163,00101010100001010001101010111011101001101100101011001000101000001011000011001101011110110011110011101101101001100000111001111010,True,True,True,True,True,True,True,True,True,True,64,73,40,6,11,6,6,65,64
164,10000011001011000101111100111011110011000101101100111111001110011110010100111110100001100111000101000001100101111101101110010110,True,True,True,True,True,True,True,True,True,True,70,60,24,5,7,7,6,64,64
165,01110011001010000100101011100010011111000100011011000101001001000100101100100010000111111010000100111000000111111011110101111101,True,True,True,True,True,True,True,True,True,True,62,62,31,6,6,13,10,64,65
166,10111100110001011011100011001111010011111011011110101011000001111001110001001000111101110011011001110001010111000100110010000100,True,True,True,True,True,True,True,True,True,True,68,62,25,3,5,7,8,64,64
167,11011000001111110101110111100101011000101111111000101111110111100000100011000100001000101000001110100101110010000100001110111000,True,True,True,True,True,True,True,True,True,True,64,56,27,9,7,10,11,64,63
168,01101110101000000000010010010000000100101100100000101010000001100100000001100000001011001101010111010010000001101110101101111100,False,True,True,True,False,True,True,True,True,True,48,61,34,27,8,10,7,65,63
169,10100010000001111011100010011000011110111101110111101110001000101001010010011001101011110111100110111111011011111110010110001011,True,True,True,True,True,True,True,True,True,True,73,61,29,4,5,8,7,63,64
170,01000111110100101111110011110000000111000010110000100101100010110111111111000000010101010110100110101001011001001111111000000001,True,True,True,True,True,True,True,True,True,True,63,58,32,15,10,8,7,64,68
171,00101110100101011101000110010100101111010010010000000010011001111100001001110000011111100101110111111100001010101000010110110101,True,True,True,True,True,True,True,True,True,True,63,66,38,10,11,11,6,64,64
172,00010101101010010010010000110010100011111110110000010001001110100011100100101011010100110100110101110001100001001000110010001110,True,True,True,True,True,True,True,True,True,True,57,71,37,4,8,12,10,64,64
173,11011110010110101100000011101100101000100001000010010111100010101001011100110101110011110101111100111111000000010101000011101101,True,True,True,True,True,True,True,True,True,True,65,65,36,10,11,9,7,64,65
174,01001111100101010001010001111101011110100100011000100001001110000000100101010100001001001111000100110001110101011100111101011110,True,True,True,True,True,True,True,True,True,True,61,67,38,6,10,10,9,63,64
175,11011010111101110101100000111000000100110010110011000111110100000110111110110111010110010100110101011110011101000000110011100011,True,True,True,True,True,True,True,True,True,True,68,63,29,10,7,3,6,64,65
176,11100110100111000001010100001111110011111101011111000010100000000101000111001110001010010100110010001100001000000101110001101111,True,True,True,True,True,True,True,True,True,True,60,57,27,13,8,8,10,65,64
177,11101111001100100001110000110110111100000001011100101111111101110011011000100101100011001101010000011001000101110001010000111011,True,True,True,True,True,True,True,True,True,True,65,59,24,9,6,8,9,64,64
178,10101100100111001111011001101000001010010010001001101001000011011111111001011010011010011010110001010100010011001010110111010101,True,True,True,True,True,True,True,True,True,True,64,77,44,3,10,10,5,65,65
179,01100010101011110101000001111100010111100100101101001101111001010010000100001111000111101011010000001100100110100000011001111100,True,True,True,True,True,True,True,True,True,True,61,63,32,10,8,8,8,64,63
180,11000100011011000101000101101101101101110001001100110010110101000101110100110011011011100011001111100001111110101001101111010100,True,True,True,True,True,True,True,True,True,True,68,70,33,1,7,6,8,64,63
181,01110111001011110101001110100000111110101100000001110111011110011111001000110011011011011101101000100111101000000000000011110110,True,True,True,True,True,True,True,True,True,True,67,57,27,16,3,3,5,65,67
182,11010000010000001110011000101100111100001001001111001100111010110001111110110101100110010100111100001001111010110111010110110001,True,True,True,True,True,True,True,True,True,True,66,63,27,7,6,6,7,64,66
183,00000110000011010000110110110011000101100011110101111110100100100001000111000100111100101110110110110110111111100100010100001010,True,True,True,True,True,True,True,True,True,True,63,63,30,7,5,9,10,65,65
184,01010101000011000001000101011010001011011110101011100000110001000100110000101101111000000111011010101011101111010000101011111000,True,True,True,True,True,True,True,True,True,True,60,69,43,10,14,7,10,65,63
185,10000000010101111011100111110010111000001110101001110010110001100001111100011111011110001110011101101110001001011000111000111001,True,True,True,True,True,True,True,True,True,True,68,55,21,8,6,5,9,64,65
186,10111100010100001000001011000000110100100001000000111011100011010100011111111000010001101111010000001111101101111010011110011011,True,True,True,True,True,True,True,True,True,True,62,55,26,14,3,6,11,66,64
187,01001010100110010010011111010101011101101101010100111101110011111111010001101010001010011011000001101111101100110010110010010001,True,True,True,True,True,True,True,True,True,True,69,74,42,2,10,7,4,62,66
188,10011101011001010110111011011011101100001010111011001001011111111011110011000111100011011101010100010110011100000011110001000101,True,True,True,True,True,True,True,True,True,True,71,67,35,4,10,7,7,64,65
189,10110001111001111111101010001011010000001000110001111010010010000010100111000011111110111000101011111111000001110010111001111011,True,True,True,True,True,True,True,True,True,True,69,55,26,8,6,7,9,63,64
190,00011011000100101010110011000000101101001011101011101110110010000010000100011100110000101001101111001000101101001101111001000011,True,True,True,True,True,True,True,True,True,True,59,68,33,8,8,11,9,63,65
191,11000111000000101100000011010111000111010001110100000111000110011100101010110001010001101000101010000101100100110010100100000111,True,True,True,True,True,True,True,True,True,True,55,65,32,11,10,8,12,64,65
192,10100100110111011100111110111100000000101010011100001111000110110001001011111011000001001100101001111101010010101011010110000001,True,True,True,True,True,True,True,True,True,True,64,65,35,11,9,7,6,65,67
193,01001011001000111101101000111100110111001000011111111110100001001110000011000011110010010011101111110010110000100110100000011000,True,True,True,True,True,True,True,True,True,True,63,55,21,9,2,8,8,65,65
194,11111010111100001101000101100011101011001110011001110100000111111000001010001010100000110110011001110000010111101011011000000010,True,True,True,True,True,True,True,True,True,True,62,60,29,13,8,5,9,63,67
195,11010011010000110110101101011011100110001010011100000011010100001001010011011010000101010101101100011001111011101111110110011111,True,True,True,True,True,True,True,True,True,True,68,71,38,6,9,4,6,65,64
196,11001000011011111101100101010010100111101000110111111010100110100101010101110010110100100111011101001111111000111110100011010111,True,True,True,True,True,True,True,True,True,True,74,71,41,1,10,6,4,65,64
197,01100010111101000001011010010011100100111111001100011010011111001101001000110111100101000000101000111110111110010000000110101000,True,True,True,True,True,True,True,True,True,True,62,61,29,9,5,8,7,64,63
198,11101100110111101101111011001110110010110100100001111010110001110111000111101101100010100001010011001101110111001111011000101110,True,True,True,True,True,True,True,True,True,True,74,66,29,2,5,5,6,64,64
199,11111010001010111101010111101110000110000100100100011110011101110111010101000010110111101100011110010001001101011010011110010110,True,True,True,True,True,True,True,True,True,True,70,68,37,3,9,8,7,65,64
200,01111010000010101001011001100010001110000001001100010100110110011011100000110101011000110001000001000110011010100111100110111011,True,True,True,True,True,True,True,True,True,True,58,66,30,9,7,7,10,65,64
201,11010000110001010101111010011000100111000000011000010010010111100100100100101110110111100110110001111010011100000001001101001101,True,True,True,True,True,True,True,True,True,True,60,65,30,10,5,10,7,64,65
202,11101111110011110110100001011011011101001010111100111101101101011001001010001011100001001010111100011010001100000110111010001100,True,True,True,True,True,True,True,True,True,True,69,68,35,4,8,7,7,65,64
203,01110000011110011100000100110000111000001011101111011010001010010010001010001001101110110011010000101000011011001110000000010011,True,True,True,True,True,True,True,True,True,True,56,60,26,14,4,9,10,67,66
204,00010110101111111101110111010100111010000011100011011100100110001011000101101000000011010101010001010001111100100000110111010100,True,True,True,True,True,True,True,True,True,True,63,67,38,8,10,6,9,64,63
205,10011011111010011000110000110101010010111001101101001011101111000010000010100001011001000000000011101001100110111011011000011010,True,True,True,True,True,True,True,True,True,True,60,66,33,13,6,6,7,65,64
206,01011001101110010110101011001011011101010111101001000001100111101100100001000010000111011111110000111110011011101000110110001001,True,True,True,True,True,True,True,True,True,True,67,66,33,6,7,7,7,64,64
207,01101010100110001001000011011010010010111111000100001011010101010110010100001001010111111001111100111110011110110001111001011100,True,True,True,True,True,True,True,True,True,True,67,69,38,3,12,10,6,64,63
208,11011000100010000010100101011010111010000110000011100011110011011111001111100110011111001011111110110101011011011011111110111111,True,True,True,True,True,True,True,True,True,True,76,59,28,5,7,5,6,64,64
209,01110100010110100111100110000011111101100000001100101111010101000000110101000000010011011100110010101110011101111111011000110110,True,True,True,True,True,True,True,True,True,True,65,61,30,13,7,4,6,65,64
210,11000000110110111110110110100100001101111101100011000111011101011010111101101000100100010001100100100001001111000011011110100010,True,True,True,True,True,True,True,True,True,True,65,64,30,6,2,8,10,64,65
211,01101000001011110001010010101011010001011010001001010101101110010000010001011111101110000100000001010000110110000010011110011011,True,True,True,True,True,True,True,True,True,True,57,68,40,12,11,12,10,65,64
212,11010100000101010101111011110111101101100000010011001000000000000000010101000001001011000111011101000010101010111110101010010010,True,True,True,True,True,True,True,True,True,True,56,68,46,21,14,9,6,65,64
213,11000101011100110110100010101111101011110011011011011101100111101111110011111001000110100000000100011101110010001000011011001011,True,True,True,True,True,True,True,True,True,True,70,63,29,6,6,7,7,66,64
214,10111111100110010000001010011101001011100000001100100101010011010110110010011110100001000100011000111001000101100010000101011101,True,True,True,True,True,True,True,True,True,True,58,67,35,9,8,12,9,64,65
215,10001100010000010001001100010010101111010010010110010110110010111101011011100001100010000001100110110110111101011011010011111010,True,True,True,True,True,True,True,True,True,True,63,70,36,6,7,10,8,63,64
216,01100001000110100111000000001001111100010110111011110011000001100101100110001101000010011110010010110010110001011110000101000001,True,True,True,True,True,True,True,True,True,True,57,60,25,12,6,10,10,66,66
217,11010011000011000011011100110110011011010000111011111001100111101110101010111010011101111000000100111110010110001000011111000011,True,True,True,True,True,True,True,True,True,True,69,59,23,8,4,3,7,64,66
218,10000111010110110011000110000110010100010011111100001111001100101000011110010111110100010101101010000000010111111110110110110111,True,True,True,True,True,True,True,True,True,True,67,61,30,9,8,6,8,64,64
219,00010100110001110110000101011110110111001100010010111101001100011000100000111100010101011010100111100011010110101011111010110111,True,True,True,True,True,True,True,True,True,True,67,70,38,3,12,6,9,65,64
220,00010100100010110000000101110000001110000001011111111010101000110101100100100010111111101010010110100001001101100000110000111001,True,True,True,True,True,True,True,True,True,True,57,62,34,14,10,10,10,64,65
221,10110100101011000011001101010000111110110011100111100011110000000010000011011011110111111100011011001100010010111001110111010010,True,True,True,True,True,True,True,True,True,True,67,60,26,9,4,5,7,64,64
222,10101110011010100101000000111001001010010100110100000111010000101011010110000000011101001010110101000011110111100100001101011101,True,True,True,True,True,True,True,True,True,True,59,73,46,13,12,7,6,64,65
223,10110110100101101011111110000111100100001010010000101010000110111101011100000111110111011000100100000110010101100100100001010100,True,True,True,True,True,True,True,True,True,True,61,68,39,9,10,11,8,63,63
224,00010101001001111011111110110111010101010010101101001101000000110100100100111010001001110101000100010110100101111100001111100111,True,True,True,True,True,True,True,True,True,True,66,72,43,4,10,9,6,65,64
225,10000010011101010000111011000001110111001111011111100101011101000110110100111100110100011101110000011000000010010101100000100101,True,True,True,True,True,True,True,True,True,True,62,61,30,13,6,6,8,64,64
226,10000110011101011001101010011101001110110011111011000001010011101110011001000110110000100000001111111000010110001000010000001011,True,True,True,True,True,True,True,True,True,True,60,59,25,13,5,7,9,64,65
227,11110111011111111010100001111001011110101110101101110001011000110110100011011101111000011010111110110111111001111011001110111001,True,True,True,True,True,True,True,True,True,True,82,61,30,2,6,2,5,64,65
228,10111110000101100000010101001101000110110011001101110110100000011000111101010100111000001001110111010011110100010110000001000111,True,True,True,True,True,True,True,True,True,True,61,63,31,12,6,5,9,65,64
229,01100011001111100000000100010111100101010111000111010101110001101001010111110101101101011110100010000110110111010011001110010000,True,True,True,True,True,True,True,True,True,True,65,67,36,7,10,6,7,63,63
230,10100100111010011110001001010000000111001000110000100111101000000111111011111111111101010110111011001011011000000011011001011000,True,True,True,True,True,True,True,True,True,True,65,58,28,12,5,7,6,64,63
231,00111111010010111111101111001001001001010001001111110110100000000011000000110100110110001011110100100010101000010011111100001001,True,True,True,True,True,True,True,True,True,True,62,60,31,11,5,11,7,66,65
232,01010000010101000101011001110000110000011000100001010110000110100010000011100000001101100111101001000100000000110100100100010001,True,True,True,True,True,True,True,True,True,True,46,62,32,18,7,10,14,64,65
233,11111100010001110010110101000000010101110100011000001101001100010001110000001110101011100101111010011001010000001111101010100010,True,True,True,True,True,True,True,True,True,True,59,64,36,12,10,7,10,64,65
234,00001111100011101011111010001000000000010101000100000001100110100001110010011100111001110001101001010010000011010110100000001010,True,True,True,True,True,True,True,True,True,True,52,59,30,19,6,7,10,64,66
235,11001110100100100110100111011000111110011111101111000001011000000000001110110011101111100011010010100100001011110000000011100001,True,True,True,True,True,True,True,True,True,True,62,53,21,17,3,6,7,63,65
236,11111100001110011000111011011011110100001001001110100000100110101110101100111101101101100100101100001011011010111001000101110101,True,True,True,True,True,True,True,True,True,True,69,69,35,5,7,8,6,64,64
237,01110100001001110110101100001001010011011011100100101100010110100101101000010111111110000010001010001101011000011000000111001001,True,True,True,True,True,True,True,True,True,True,59,68,36,9,8,11,9,64,65
238,10110010000001011111000101101111001000000100101110001101100111110011101100111000000110101110001010011010001110110000100001100101,True,True,True,True,True,True,True,True,True,True,61,61,27,11,6,9,9,64,64
239,10001111000011111001111110000011011011001001110100011101000111000010110011100011111011100101011101000001100001010000000001010101,True,True,True,True,True,True,True,True,True,True,62,57,27,13,7,5,10,65,66
240,10101100101010000101010100101111011100001111010111011111000111111001100011110110110000110010011001100010110001011000011000000010,True,True,True,True,True,True,True,True,True,True,64,64,32,8,10,7,9,64,66
241,10111001010101100101011001001100010010101101101010111100101011101001101011110110110010111101110111000100010011101011001111001110,True,True,True,True,True,True,True,True,True,True,72,78,45,0,14,9,3,65,64
242,00101111011101000110100010101111111100001000001110011101010101111100100111100111100110101111110110010111101100110000101010000101,True,True,True,True,True,True,True,True,True,True,71,64,35,5,11,7,6,64,65
243,11011000011111010000001111100100001101010101010101011000001110110101110101111001000001100000010110001111011011001000010111011100,True,True,True,True,True,True,True,True,True,True,63,64,35,13,11,5,8,65,63
244,11010110110110001100001011111100011000101010010011010001010110111110011001001000011011010010011011010100010011010011000111010011,True,True,True,True,True,True,True,True,True,True,64,73,36,2,7,8,8,64,65
245,01110101110000010110101010101011011111100100100011011110101111110010001101100011110000100011111101111010100010101111111000000010,True,True,True,True,True,True,True,True,True,True,70,63,38,7,11,7,8,60,67
246,00001111111000100000011010110111110001111100101000011111100011111001010010001011010011010001010100101011010010101110001010111001,True,True,True,True,True,True,True,True,True,True,65,66,38,5,12,9,9,64,65
247,01111110010011001001010100001101111110100001000001110111000110101000001111010111011010010001111101110001111110010011110000011101,True,True,True,True,True,True,True,True,True,True,68,58,28,8,4,6,8,63,65
248,11001110000101111110011011110001101100001010111000011010101111100011110110110100011001110011110100010101101110111000110011100000,True,True,True,True,True,True,True,True,True,True,70,60,25,5,7,3,8,65,62
249,01101101101110011011000111111111101001100011011010011001000101111010011001100100010001000000111011011100001001010111001001001001,True,True,True,True,True,True,True,True,True,True,65,66,29,4,3,10,7,64,64
250,00010101110000110100101011000011110010001000100000010001101011111111111000101011000111101110001101011100101000101011010111110110,True,True,True,True,True,True,True,True,True,True,65,65,37,5,12,9,11,63,64
251,10111110101101001010111100100011111100101101000100100100110001001000000101000000101011110011111101100011001111110101100000011000,True,True,True,True,True,True,True,True,True,True,63,62,32,9,8,10,7,65,65
252,01110001000010100000100100011010110000001010110100001111110000100100001100110111010111001010010011100010101001000110010111010010,True,True,True,True,True,True,True,True,True,True,55,69,38,9,9,13,10,64,64
253,10111011011001010010110100111101001000110010110100100101010110100111101111111011110010111100000011010111110011011000010111001100,True,True,True,True,True,True,True,True,True,True,71,70,37,4,9,8,3,63,64
254,10100111101110001100000000011001110100101010000001011100001001001001011101010101100000100011001110111110101110101110100111110011,True,True,True,True,True,True,True,True,True,True,63,65,35,12,9,7,6,65,65
255,01011001110011111111111110111001011001111101011001111101101001110100000011010001011011001100011011001110100000110000000010110100,True,True,True,True,True,True,True,True,True,True,69,59,26,10,5,3,5,64,63
256,11010111000011000001100100001111100001010101000000001111000111110011011100001100110000111111111101011101010110011110110100101010,True,True,True,True,True,True,True,True,True,True,66,58,29,12,9,3,8,65,64
257,10100001100101100010101010010110110001110000101100100001101110111101110111000101000010100100010101011101001110000001100011110111,True,True,True,True,True,True,True,True,True,True,62,69,38,7,11,9,10,67,64
258,11011100110000001101110100010101010101011110000110100101101000100100111000010110110000101001010101111100011110110010110001101110,True,True,True,True,True,True,True,True,True,True,64,72,41,6,13,8,8,64,64
259,10110010010011000101000100110111100001101011100011001001111111011110010001010111011100100010010001101011011000101101101101001101,True,True,True,True,True,True,True,True,True,True,66,71,35,1,6,11,8,65,65
260,11110001110110011111110001111100001001000100111000110000100101101001100000100010011010010111111101011001000011111011001010100110,True,True,True,True,True,True,True,True,True,True,65,60,26,5,5,10,9,65,64
261,11100000100110111111101010001000111100101010010110011100000001111000011101110101110110101110100000011011010010010100110101111011,True,True,True,True,True,True,True,True,True,True,67,65,35,10,8,6,6,65,64
262,01110000011110110000000010011101111011010110101000010010011101110100101101010100111111010011110100110010001010111011010101110000,True,True,True,True,True,True,True,True,True,True,66,69,40,9,9,6,4,66,62
263,01000000000111010001111111010100000000010111101100001000111000101000011110110010000011110110110011100110010000111101100001100000,True,True,True,True,True,True,True,True,True,True,56,51,21,20,3,5,10,64,63
264,00001100000100100001001000001111100100101100110101000101101000101101110111100111001101010001100001110111001101100010001101010011,True,True,True,True,True,True,True,True,True,True,59,66,30,7,6,9,10,64,65
265,00111101100111101100010100100011001000000111001101000111000100001000110001101100110100100100010110010011001011111011000100011011,True,True,True,True,True,True,True,True,True,True,59,64,24,4,3,11,11,64,64
266,10100111001101101010001011101011100111010010010101101110010101000001001111001100000111001100011110001111110100101101011011100111,True,True,True,True,True,True,True,True,True,True,69,69,35,4,9,6,5,66,64
267,00000001100010000111010110010111111011100111011011101111001111001001100000001100011100101100010000111110011000101011010111110100,True,True,True,True,True,True,True,True,True,True,65,57,23,10,6,6,8,65,64
268,01111111011010101110110011010010000111010000111011000011000111100000010011110101101101001000010011011101101011000010000001110011,True,True,True,True,True,True,True,True,True,True,64,62,29,11,4,5,8,64,65
269,10010111110111000101000111001010100000000000001011100011000100111100010001101010011101000101101011110101100110001011111110110101,True,True,True,True,True,True,True,True,True,True,63,65,37,10,11,8,9,63,64
270,01010100101111101101101101110000111011010100000001010110011100011001100101100100001010001111000000010101110000111000001011001110,True,True,True,True,True,True,True,True,True,True,60,65,34,13,11,7,8,67,64
271,01110101111001000110100110010101000010101100110110011000111000011101100000011000110001100010111110111110110110010110010100000110,True,True,True,True,True,True,True,True,True,True,63,65,29,7,8,6,9,63,66
272,10010010110111111011011011101101010101101000000010001011001011110110110001110100101111011001111100001110001000010011101000110110,True,True,True,True,True,True,True,True,True,True,68,68,36,6,7,8,7,65,64
273,00101010100100110010011101110000101010111101011001000101101111010011100001000101111111101111101000111111001111011011010001011001,True,True,True,True,True,True,True,True,True,True,71,68,38,2,10,9,6,63,65
274,00000111011011111001110111011110101010010011001100011110001011101100011000000111000010100001100101110010001100101101001000101011,True,True,True,True,True,True,True,True,True,True,63,64,29,7,8,8,9,62,64
275,00101101100110011101000000100001000010110100101100011100011001100100111101011011000100110101000011000100011111010011001001011101,True,True,True,True,True,True,True,True,True,True,59,68,31,6,6,10,9,63,65
276,10111001100111110100001000111110001001000100001100011011010001011100110010011110000100100100101111011001010000011000001101111110,True,True,True,True,True,True,True,True,True,True,61,60,25,7,3,11,10,64,64
277,01001001110011001001000000100011001101001101010101000000110100000001111000100110000001001000000001001010101111011011010100101010,True,True,True,True,True,True,True,True,True,True,50,69,40,18,9,10,7,64,64
278,00101011010001110110100011000101101010110100011010101001000011101101111111111111111010001111111001011000100101001010000000011110,True,True,True,True,True,True,True,True,True,True,68,65,39,6,10,7,8,65,66
279,10100101000101100000001101011110101001111001000111000111101100010101001011110001010101010001011010011001011110011011000011101001,True,True,True,True,True,True,True,True,True,True,63,73,43,5,13,8,8,64,65
280,11111101010011110111111110000111001011011011110111100101011001110001010011110111100011110011000010010011000000110010110101110001,True,True,True,True,True,True,True,True,True,True,73,59,26,5,7,6,6,64,66
281,00000110010110101010111110101100001000101011010111011101101101101100010001100111011000111110010101010011011100010101011110001011,True,True,True,True,True,True,True,True,True,True,68,74,43,3,15,7,8,65,64
282,11010100010001001001110101110110000100000100000101001010010001011101011111110001100001101111000000000110110011010010010011011101,True,True,True,True,True,True,True,True,True,True,58,65,34,12,6,11,9,64,65
283,01000011000100111000011001110111000110010000001111110111000101011001011000101000011000000111101000110111100000110101010111111010,True,True,True,True,True,True,True,True,True,True,61,59,28,11,7,5,11,65,64
284,00001010000111100001101111000000001001010100100111110000011101110001100010010001011101010111111000000111111000000101101110111000,True,True,True,True,True,True,True,True,True,True,59,53,25,16,7,8,10,64,63
285,00101010010000000101000000100011001011100111111011010101010000001001010010001100111101110110110001111101111110101010001011011110,True,True,True,True,True,True,True,True,True,True,63,67,40,10,11,9,7,64,64
286,01011010000001110111111011000011000111110100001110001001101100101001001011000100100000010110100000111000001001100110111011000011,True,True,True,True,True,True,True,True,True,True,58,60,26,13,4,8,10,64,66
287,11101110110101010010000010001111011011111100011111010101001101101001110001101110011000111110100101000011001100000101001011011111,True,True,True,True,True,True,True,True,True,True,70,65,33,5,7,5,7,64,64
288,11011111101101010110011111101011111010001011010101001001011111110111100000011100101010111110110101111100111011101001000001010000,True,True,True,True,True,True,True,True,True,True,75,66,41,6,12,6,3,65,63
289,11101100110100111011101101111001001001100011101101011101000111001010011100111110101100011111110010110010010011101111000010001110,True,True,True,True,True,True,True,True,True,True,73,64,27,1,4,7,5,65,64
290,11000100001001110000111110011111101001110000001010101110100100111110011011000000101101011010000000100010100110101100110111000101,True,True,True,True,True,True,True,True,True,True,61,63,32,12,8,8,8,64,65
291,00100101010100101101000010101000010001101111111100001000010000000001101011010011011010010001100110101000011010111000110110110111,True,True,True,True,True,True,True,True,True,True,58,70,40,11,9,8,9,63,64
292,00010011010011001111110011111010011010011100000111011011110000011000110100010000010100000110111011110101110101100010011101111101,True,True,True,True,True,True,True,True,True,True,67,60,27,8,3,4,8,63,65
293,00011111010010001001001101001001001001101101110000001010101100101011010100010011010110110111110010010010001101000001000010000111,True,True,True,True,True,True,True,True,True,True,57,72,39,7,7,14,8,64,65
294,11100001011110011000010000010111000001111101001100011011001011011111000000010100000101111100111100010011110101000101100110100001,True,True,True,True,True,True,True,True,True,True,61,57,26,13,7,8,10,64,66
295,01001100001011001111101110100010011000000011111011010001011101110000100001111100110010111101001000000001100011100110110000101101,True,True,True,True,True,True,True,True,True,True,61,58,25,13,4,7,9,64,64
296,11100110000001100011000110100111001101010100101010000010001101010101100011101000001100000011111011010110100111001111001000010110,True,True,True,True,True,True,True,True,True,True,59,66,33,11,9,4,9,67,64
297,10011010010111110101111011110001100010000111011101101110011100110111001111111100011110000000010111100100011000111100011100000100,True,True,True,True,True,True,True,True,True,True,69,52,18,8,3,5,9,65,65
298,11010110111000101011101111001110010001011000011101010000011101011110011010100000110100110101100101111000000010010001100011100110,True,True,True,True,True,True,True,True,True,True,63,66,33,9,9,6,8,65,64
299,10110100000000000110111101111110011110011011000011100110001100100100110011010011111000010111111000100110011111110110000110011000,True,True,True,True,True,True,True,True,True,True,66,52,15,11,1,4,6,64,63
300,01010000000010100000010001101100010111000111001100101111000111001001000000101000110000110111010110110001101010001010010110111001,True,True,True,True,True,True,True,True,True,True,55,66,34,12,9,9,11,63,65
301,01010011110010111111101110010100110100011000110111000010110001101100110011110111001010000000011111100101110100100001110010011001,True,True,True,True,True,True,True,True,True,True,66,62,27,7,6,7,6,66,65
302,01011111101010010000110101000111011000001011110101110100000111010000000100010110011101000110010110010011001101010000111001101010,True,True,True,True,True,True,True,True,True,True,60,69,39,10,9,6,8,63,64
303,01100001110001000000000000100001110110011101111011111011111100101000011111100010010011010110101011111011010001101011111001101110,True,True,True,True,True,True,True,True,True,True,68,57,28,12,5,5,7,65,64
304,00110100010001010111010101111111001000000011101101011100011111010100110111010101111011010001100010111011001110101000011101010011,True,True,True,True,True,True,True,True,True,True,69,70,41,5,11,4,7,64,64
305,10011010010011101111110111101100100111011000010001001001011110101111001100011011000001101101011000110100111000110001011100010011,True,True,True,True,True,True,True,True,True,True,67,65,27,3,4,8,8,65,64
306,00111110111100001111010011011100011010111110111011011010110101111001010100101111000011100000100101000001111001001100010000001000,True,True,True,True,True,True,True,True,True,True,65,61,30,9,7,7,7,64,64
307,01000011010101100011011011101001110000100100001011001100000011101000001000101101110001110011000011010100111010010110011011101110,True,True,True,True,True,True,True,True,True,True,60,67,32,9,6,6,9,64,64
308,10000011100010010000110101111100010010100010100001001110011110100111011001101101101001010110010100011001110011111000110000010100,True,True,True,True,True,True,True,True,True,True,60,66,31,6,7,9,9,64,64
309,00111011010010001100000100100101001000000001101111011010000000001011111001000110000000101110100101001101010101010111011110000011,True,True,True,True,True,True,True,True,True,True,55,64,36,19,9,9,7,64,66
310,01111011010111100100100000001100001110010010010111011110000010111100101000101001011011101010111011100010111010000010010101111010,True,True,True,True,True,True,True,True,True,True,64,69,41,9,11,12,6,64,64
311,01011111101110000110101110010110101000010011111010100101111010100010111110010011101000111111010111010111111010010000110010100100,True,True,True,True,True,True,True,True,True,True,71,69,42,3,11,8,5,67,64
312,00000011001100101110010111000010101000110011011011010011101001101110001110100000000111110000111111100001010000111101001011011101,True,True,True,True,True,True,True,True,True,True,63,60,28,12,6,5,8,64,65
313,11011010011000001111100010001101101000010011010111111101000001001010110100101011110101110110111011111111001000001000110011100010,True,True,True,True,True,True,True,True,True,True,67,64,34,7,6,8,8,65,65
314,00101001110101001001000100001100001010101110001101110001000001110000010100010111011111011101010101011100110101101111000011101101,True,True,True,True,True,True,True,True,True,True,63,70,41,7,12,8,9,64,65
315,01100100001101000110100010011011010001011010010000110110111111011011100110000111001010011011101110110101100001010010000011101100,True,True,True,True,True,True,True,True,True,True,63,69,33,6,4,7,8,64,63
316,00101111011011101101100110010111111101100101001000111011101001101011100100101011010111001000101011101001110100101010111111111001,True,True,True,True,True,True,True,True,True,True,75,74,43,0,12,9,2,66,65
317,00101111011110001110101111011101000100101101111100011001000010001001000110111001111111011101000110110101000101000101001111000100,True,True,True,True,True,True,True,True,True,True,67,65,33,1,6,10,10,66,65
318,11110101010010110100001110111010011011100011000110101010000101110011001001001001011110110001001011110000110000011000110100110011,True,True,True,True,True,True,True,True,True,True,63,69,33,5,8,8,8,67,64
319,11101010111110001000010010000001011101100110101010100101101100101101100000001101011011001000111001100000010010010100110100101101,True,True,True,True,True,True,True,True,True,True,59,73,41,11,11,11,6,64,65
320,10001011001100000010011100000111111101000000011001101001110110010010110100010101111010110010101101000001110010100101110010001011,True,True,True,True,True,True,True,True,True,True,60,67,35,11,10,10,7,64,64
321,01001101110100011010011111110011011100011011110110101110110011111000011000011001000111101100011110010010011010001101001110101100,True,True,True,True,True,True,True,True,True,True,70,63,25,2,2,3,7,63,63
322,10010111000101001110101010110010011111101011101110010000001100010110111001110111111111101110100110010110001010101110100101011001,True,True,True,True,True,True,True,True,True,True,72,71,41,3,13,8,4,64,65
323,11001101101111011011111011110110100011010010011101000110000001111110100101100001011011001000100101010000100111101000111001010010,True,True,True,True,True,True,True,True,True,True,66,68,35,5,5,9,7,64,65
324,11000001111000101110011011001000001000111001000100011010011000101011101111110101001001001100001011110110000000011101001001100111,True,True,True,True,True,True,True,True,True,True,60,61,26,10,5,10,9,63,64
325,01111000001000101000100000101011011010110111000001101000010110100110001101101100101100010101111010101111110101110110111110000001,True,True,True,True,True,True,True,True,True,True,64,68,40,10,11,7,9,64,67
326,00100000101011111001010011001000001000100101011110100110100011011111011001111101100101100011101000101000110110110001011010111001,True,True,True,True,True,True,True,True,True,True,64,70,37,4,9,10,8,65,65
327,10101101010000101001010011101000111000011001100001000010101000100100101011101101011000101100111000110010110011110000011110110001,True,True,True,True,True,True,True,True,True,True,59,71,38,6,11,9,10,62,66
328,00000100011100010100111001001010101101010110101101111111110111111111010001001000000101100100101010100000100101100100111101010010,True,True,True,True,True,True,True,True,True,True,63,71,45,7,13,13,6,63,65
329,00111000000001110100000010100010010111001011011100101101101001011000110011111110100000010100011001101110100000010001001111111111,True,True,True,True,True,True,True,True,True,True,61,58,28,14,6,9,8,64,64
330,00101110011101111101101111100101000001101100001101011100000001110001000100101110000110100101001111100100111001101001110001011000,True,True,True,True,True,True,True,True,True,True,63,61,26,8,6,8,7,64,63
331,01110011101100100000000011010101100011000101101001111100101001110011101011001001000101010101001110111111111000010110010010111010,True,True,True,True,True,True,True,True,True,True,65,69,38,7,11,9,5,64,64
332,11000110010110110010110001001000110000000001110110111101001100000101111110111111010001001110011110111000000101001001111010100011,True,True,True,True,True,True,True,True,True,True,64,59,26,11,5,8,8,64,65
333,01111011011000000011110011100001101001100100100110000111100100110101000011010001001010100100011011001001110100001100001010001100,True,True,True,True,True,True,True,True,True,True,56,65,28,9,4,8,9,64,64
334,00001000110111111001110110111111101100011100000000010000101011010101101101110001100100110010101010101001100111111000110001111011,True,True,True,True,True,True,True,True,True,True,67,62,30,8,9,5,8,66,64
335,11111111011101100100001011100000111011111000001011011011010100110001011100000100011001110110011000000110000101001011111110011010,True,True,True,True,True,True,True,True,True,True,66,58,26,11,6,7,8,65,64
336,11001000110000110001011101000001010011010010110001100110011100001001000110010000000100100011101111110010101100110101111011000010,True,True,True,True,True,True,True,True,True,True,57,64,28,9,6,11,10,64,66
337,11101001100000010110111001110101110001101010100010000110100010000001000101111011101000001100100001101010011001011100000101001101,True,True,True,True,True,True,True,True,True,True,57,67,36,12,8,8,10,65,65
338,10001110011011000111111111100000011111011100100011011011000111110110011001111011010101101011110011010110010101000001100011001011,True,True,True,True,True,True,True,True,True,True,72,61,26,5,7,3,7,65,64
339,10100111101011011111110111001110011000101111000101000111100100100101100011110111110111111010011110010100000110110110001100100110,True,True,True,True,True,True,True,True,True,True,73,62,28,2,5,7,6,64,64
340,00011011111010111111101111100110011000000011001000111111000110110101001111101011111110001110111110000101010101111110101111110100,True,True,True,True,True,True,True,True,True,True,78,55,28,5,8,2,6,64,64
341,10010110111000010110111001101100000111001001000100011110011011000101101111110001001000000000110101010100100101110000100011010101,True,True,True,True,True,True,True,True,True,True,59,67,35,10,9,11,9,65,65
342,00111010010100111011001111110100010111111110111010011001100010100010101111110101101000010111100010101100000110110100000100010110,True,True,True,True,True,True,True,True,True,True,67,67,38,5,10,8,8,65,64
343,10011000000100001101100001110010101101011011000011000000100001111000011010110101010101010010001001101100000001101000010011110010,True,True,True,True,True,True,True,True,True,True,53,66,35,16,9,7,10,65,65
344,00111111110000000110000011010100000011111010101110110101111111101011001101110110010011011000111011101001011100110010101110011010,True,True,True,True,True,True,True,True,True,True,71,63,32,9,8,3,4,66,64
345,10001101110001010111110000111000110010001110101111100110011010010000110100000000001110100111101100110111000100010010101101101010,True,True,True,True,True,True,True,True,True,True,62,64,31,9,6,6,9,63,64
346,01101110001010011001100100111011010110000001110010001011011000010011011110110010010010101010010100010010100010100110100010010011,True,True,True,True,True,True,True,True,True,True,58,76,40,4,9,14,7,64,65
347,10101000000001001010001010001001000101100110111001100010110010100110110111110101100001011010111000110011111001100010100101011010,True,True,True,True,True,True,True,True,True,True,60,74,42,6,12,11,8,64,64
348,10000010000110000111010000101001001010110011000101001101110000101011111011010100001100111101100101101001111010011111110001100100,True,True,True,True,True,True,True,True,True,True,62,66,33,7,8,8,8,64,63
349,10110010111101110000111110111110001100000011100110000111111111000101010101010100000111010100111000000100100111010110110110100000,True,True,True,True,True,True,True,True,True,True,65,60,32,12,9,4,7,64,62
350,00101110101111111110101000111100000001110111011111110111100000100001101000111000010010111011111010001000111111010001000000000100,True,True,True,True,True,True,True,True,True,True,65,51,26,14,4,7,10,64,67
351,01110001000011111111100100010110011011011011000000111010010111010011010101010000011111110101100011000110000101111111001011011110,True,True,True,True,True,True,True,True,True,True,69,61,31,7,8,6,8,66,64
352,01110011100001100000111011000101011011001111011000001010010010001010101000101110110010011010010011001000111000011010010100101001,True,True,True,True,True,True,True,True,True,True,58,72,37,6,9,11,8,62,65
353,00011010011001000101010110111001011100101000101111111011001100111010000110101110011001011001001000010001101110100111001011100001,True,True,True,True,True,True,True,True,True,True,64,70,34,3,9,10,7,65,66
354,10100001000100000101110010101100000111011101101111101100010111001110000011101001010101000100011010110000100000101011100001101000,True,True,True,True,True,True,True,True,True,True,57,66,37,11,10,9,11,66,63
355,00011101101100011110001100010110010010111000101110101001100101100001010000110011100011000111100010000111111100011011111101111101,True,True,True,True,True,True,True,True,True,True,67,58,23,3,6,7,12,65,65
356,00100010101101110010100010100001000110100101011100011001110000010111111000101011000000100000111000100111001011111110010101111111,True,True,True,True,True,True,True,True,True,True,62,62,33,8,12,12,10,64,64
357,00000011001010111011110100100101111000111010010011011011110110011101010001000101100100101111110011111010100100001101101001111110,True,True,True,True,True,True,True,True,True,True,69,67,35,4,7,9,5,65,64
358,00001111101001101100001110011101000000110010000011011011111011100010110100011001000010011110111110111111100110100111011101100001,True,True,True,True,True,True,True,True,True,True,68,56,22,9,1,4,8,65,66
359,11011111111010001110011010111111111010101110110001100110010110010011000100001110100101111011101000101111010111000101011110111101,True,True,True,True,True,True,True,True,True,True,77,65,35,1,9,6,6,64,65
360,11011010111001101011000000011000110101110000000111111000111000110111101110000001010011101000110001001100000111100010010010111110,True,True,True,True,True,True,True,True,True,True,62,56,23,13,5,5,10,65,64
361,00010001001110000010010100011001101110011010011000001010011100011001010011000101010010010110111011110110010100101110011011100001,True,True,True,True,True,True,True,True,True,True,59,70,33,5,8,11,8,62,66
362,01010111011010010000101001011001100111000001011000100100101111011010011011110110111001001000101010101000001100011100001010110001,True,True,True,True,True,True,True,True,True,True,60,74,42,6,12,11,8,63,66
363,00111010000101111001111101111010001010010110001100100000100111011011001010111111001000000101101010101010101101101011010011011100,True,True,True,True,True,True,True,True,True,True,66,73,43,6,13,8,5,64,63
364,01110010101101010101010111110011101000100010011110001111100101110101100101110001111101011111111010111010110001111001011101000000,True,True,True,True,True,True,True,True,True,True,73,67,40,3,14,6,5,64,62
365,10000101011110110100011010001001001010111111000110000100010111000100110101110000000010000101000010110000111111110111001110010011,True,True,True,True,True,True,True,True,True,True,60,61,31,10,8,11,11,65,64
366,10000110111111010110100110000000000011011101010010111111011111000111010010000010010111101100100111001110011101101000000010111100,True,True,True,True,True,True,True,True,True,True,65,58,28,15,5,6,5,64,64
367,10101110001101110101111000111111101101011010100100001011111111001000001100101111110011000001101111111000010001110011111010001111,True,True,True,True,True,True,True,True,True,True,74,55,26,6,6,5,8,64,64
368,11111110011100110110101101001111011011000011101010101101010101011001010001111000010001001110111001010101110101001100001110011000,True,True,True,True,True,True,True,True,True,True,69,72,40,3,13,4,5,64,63
369,00001010100010101001111001100010111100010010110110011010111010111010101011011101001100111110101001101010011010110011000000010110,True,True,True,True,True,True,True,True,True,True,65,77,46,5,15,6,5,64,65
370,10011011100010111001001000000010100001100010000111010001101110111011100001100000001110110011111001111100101101111000101010010010,True,True,True,True,True,True,True,True,True,True,61,60,27,11,5,9,9,67,64
371,11110010001001011010111010010011011011100011000110011001000001011111101000110111011011010000000010010000110100101001001111010101,True,True,True,True,True,True,True,True,True,True,62,69,36,8,6,10,7,65,65
372,01001011111010001110011011101011101001101111011111100001101010101100101101010001001111101110100011101110101110101000001111001110,True,True,True,True,True,True,True,True,True,True,74,69,40,3,9,3,5,64,64
373,10011011010100100111010101100010001101001011100100110000010001100011100110001101111010100110100111100000001110100100010001101000,True,True,True,True,True,True,True,True,True,True,58,68,32,6,5,7,9,64,63
374,01100001001111100001000000101101011001111010010000000100101001001011100000010101011000011010110010010100110101000110100101111000,True,True,True,True,True,True,True,True,True,True,54,69,39,13,11,12,7,64,63
375,10101001011011010010110010000011011111101101001100000010010101101111001111100010000011011001100100011001000101101000010001011100,True,True,True,True,True,True,True,True,True,True,60,68,34,8,7,11,8,63,63
376,00110111111000000000010010101100110110111011111010010010010001010101101110110000110100111010011101101011011001011010010101110011,True,True,True,True,True,True,True,True,True,True,67,72,39,8,9,8,3,67,65
377,10011010100011101000111110011010011111011111000100001110000111010100111000000011110010111111110110111101101011100100001110101001,True,True,True,True,True,True,True,True,True,True,71,59,29,7,5,3,7,64,65
378,10000010001110101010101100010011001000110110011011010010010000001010001111111111101101110000100110100011000110000001110010000100,True,True,True,True,True,True,True,True,True,True,57,62,29,10,5,9,11,63,65
379,01011100100110000111110100101010111000110001111010000111000001101100110110110000000100001001000000000000010000110100010110111110,True,True,True,True,True,True,True,True,True,True,54,57,27,20,5,7,10,65,64
380,10110110100101110101101110010111101100011101011101100111000000011101110010010010111000000011011001001000011110010011110100110001,True,True,True,True,True,True,True,True,True,True,66,65,30,9,5,8,5,64,66
381,11010010000000010001000000101101110010101110111010001000110110110110110101110010101101001011111100110101000011110100000101010111,True,True,True,True,True,True,True,True,True,True,63,71,43,11,11,9,7,65,64
382,00011001100001110011101100111101101000000010010100001011001100011100100110100100010011110011010100110111110110110111010110001110,True,True,True,True,True,True,True,True,True,True,64,65,27,6,4,6,7,64,64
383,01100111101101001001110000010011101110111110000001011011110110110100001110000001000110101110110101011110010110000010111110000000,True,True,True,True,True,True,True,True,True,True,64,59,29,15,6,6,6,66,61
384,01110000001111001100110100000110101110010111100110010011011100000111010100110011101011110101101110000101111111011000110110001111,True,True,True,True,True,True,True,True,True,True,70,60,25,8,6,3,6,64,64
385,01000010110100101000100001010101011000011111101011111011110001110001000011011000100101011101101001000000101110011011010111111100,True,True,True,True,True,True,True,True,True,True,64,67,39,7,11,9,9,64,63
386,11001110000000011010100100011001000110111011000100011111101100110111110000110101010011000010000101110110001111110111000101000111,True,True,True,True,True,True,True,True,True,True,64,59,25,8,5,6,11,64,64
387,01011101010111001010011100010010100101111101011010010100101101000101010010011011011011100000110110001010101000000100110101000010,True,True,True,True,True,True,True,True,True,True,60,81,53,6,15,11,6,66,65
388,01111101001010011001011100101111011000111001101101000001010111110000100100111101000110100010000111001101010110100001101000111100,True,True,True,True,True,True,True,True,True,True,64,67,34,5,7,7,8,64,63
389,01011101000011010100011111001010001101011000101100111111110101010011101001000010011100010000011001011111111101001001010001100100,True,True,True,True,True,True,True,True,True,True,64,67,37,4,9,9,8,64,63
390,11100100010101011000001111111011101000001011011001110110110110000011111011101111101100101011111100100101011101101010101000110000,True,True,True,True,True,True,True,True,True,True,71,66,37,7,11,6,5,64,63
391,11110100101011001101011110011011000100000001001101110011000000111111100000101010011001110011000111100111011011011100010011010010,True,True,True,True,True,True,True,True,True,True,65,62,26,9,5,6,6,64,64
392,10000000101000001101100001001011000101100001100111011110001110100100101010000111101111010100001101010010000101001011110010110000,True,True,True,True,True,True,True,True,True,True,56,66,36,12,10,10,9,65,62
393,01010110100001100111101010001111101010001110101111001101111110111011100011111000010100110000000011110001111010000010001111010111,True,True,True,True,True,True,True,True,True,True,69,58,30,9,7,2,9,65,64
394,00111011110110011010111100101110101101010010111010100001011110100101110000110000101101110010001101010111001110101111000101100010,True,True,True,True,True,True,True,True,True,True,69,73,42,3,13,8,6,64,65
395,11000101010010111111100000110111101010000010111100101110000101111100010100111100111001110111010001110110010000100001100111110111,True,True,True,True,True,True,True,True,True,True,69,59,28,7,8,8,8,66,64
396,10000010001001110110000000010010111100011110010111101100111111010111000110001101010101010000010011000100011010010001010100110100,True,True,True,True,True,True,True,True,True,True,58,66,35,9,9,9,10,66,64
397,11000110011011010100110011000010010011110010001000100010101100101001110011000111111010110011001110010010001010100001110110010101,True,True,True,True,True,True,True,True,True,True,61,71,33,2,9,11,8,65,65
398,11010001111001011001101101010010011010110110110011001000000011110001100010001001011110001100000100010011001110111100010110010010,True,True,True,True,True,True,True,True,True,True,60,66,28,6,5,11,9,64,64
399,10111101111100010011111011000101001111000101100101100101010101010100101010011111101101101111101100110101101000010101010101101000,True,True,True,True,True,True,True,True,True,True,71,78,51,1,17,7,4,62,63
400,11101111110011000001110010110011011111111100011000101010000111000000100110011001101000101000001101000111110101000000101110101000,True,True,True,True,True,True,True,True,True,True,62,58,27,11,7,5,9,64,63
401,00011101111011000110111000100010010000010101100011010101000100100110010011001100010110101110001010001110111100100101001110111110,True,True,True,True,True,True,True,True,True,True,62,69,34,2,8,11,10,64,64
402,11111001111011001011010001101111010111000011110000001001001010001001001010101001111010101001101010100010101010001111101011011110,True,True,True,True,True,True,True,True,True,True,67,74,47,4,14,8,6,65,64
403,10001110011011011010110001111100011010000110111000110011010011100110001101101010101100000101011111100000110111110101100101111100,True,True,True,True,True,True,True,True,True,True,69,64,29,5,8,2,8,64,63
404,10011110010011000100111101100110010101100110111101101111000100000011011111101100010111110011011111110101011010100110101111110100,True,True,True,True,True,True,True,True,True,True,75,64,31,3,7,5,4,64,64
405,11010000010000000100101111110000110000101010111100000000110101111110010111010001101101110101101010000011011100110100010010010011,True,True,True,True,True,True,True,True,True,True,60,63,34,15,8,8,8,65,64
406,00101110010000100011011111101110001100010100011000000101110101010001111000110110101110100110111000011111011110110110001111011001,True,True,True,True,True,True,True,True,True,True,68,62,29,5,6,5,10,64,65
407,00111110010011011000101011111011101101011010100100000011001101010010100100111110011101110110011010011000001110011011111011000110,True,True,True,True,True,True,True,True,True,True,69,67,31,5,6,5,4,66,65
408,10100011110100000111001100001110101111101001111010111001111111101011011000111011100101001000110110001011100100100000101010011001,True,True,True,True,True,True,True,True,True,True,68,65,33,5,7,6,7,64,65
409,10011001011001011110110111111110000011000100110000101111101011000100011001111111001001010001100101101010101011000101010110001011,True,True,True,True,True,True,True,True,True,True,67,69,37,3,14,10,8,64,64
410,00011010110010000010101111001110001110011111101000010000011101010110010000010100010011010111101010110110100001000110011010011011,True,True,True,True,True,True,True,True,True,True,61,68,36,8,9,7,9,66,64
411,11001101000100011111001011001110010111000011001011000001111100011101000010100101111111011000001000000010110111010011111011000101,True,True,True,True,True,True,True,True,True,True,64,59,27,10,7,9,9,64,65
412,00110001111001010011000111001111111010010100010100110111110001100001110101101010001100001000100011101011001001011001000111111010,True,True,True,True,True,True,True,True,True,True,64,65,31,2,7,8,10,64,64
413,00010011011010101100110010100101001011001111000101001000110000010100100111010100001100110011110010010100010011101010110001110110,True,True,True,True,True,True,True,True,True,True,59,75,39,3,11,11,7,66,64
414,01101100111011010010111110001011101111011010111001100010100000000110011001111001000100000101101110011011101111100111111100001100,True,True,True,True,True,True,True,True,True,True,69,59,24,8,5,6,6,64,65
415,11000111110111101000000011000000101100010010000100010111011101010110000011010011100100100100010111111010011010110000111001110110,True,True,True,True,True,True,True,True,True,True,61,62,30,11,6,9,9,67,64
416,10101110100110001111100111010011100001000110111000110110001110000001111100111110111001101111010010010011010000101010000101010010,True,True,True,True,True,True,True,True,True,True,65,64,31,6,5,6,8,64,65
417,10111011000010100001111110101011010010011110011000100010111010101010001010010101110001010011001010001110001101000010101001000111,True,True,True,True,True,True,True,True,True,True,61,75,46,3,14,10,10,64,64
418,01111111011001001011000110010111110001000101010101000100010001000110011001011000001001001011010110110010010101111100000001010111,True,True,True,True,True,True,True,True,True,True,60,70,39,6,13,15,9,67,65
419,01110001010100011010000001101100100111100110001000111111001110001110011111001101001111011011011101110101100011001001110011011000,True,True,True,True,True,True,True,True,True,True,68,61,22,3,3,4,7,64,63
420,01010001001010110101101010110100111011010001010011011000110101001010011110000000101100100011110111011100100101010010010010010100,True,True,True,True,True,True,True,True,True,True,60,81,50,4,13,12,5,62,64
421,11110110111100001110100010100100100110101001001001001000011000011111011010111100110101000010000111111111100110001100010111011110,True,True,True,True,True,True,True,True,True,True,67,62,30,5,5,9,8,65,64
422,00101101111100100001000101000000011001011100110100000000010010000101110001000010101001101110011101001000000011010110101111011111,True,True,True,True,True,True,True,True,True,True,56,62,33,17,8,11,8,64,64
423,10011111001101001110010101011000101101100100101010111101011101001100000110000000100011111010001011011100010101001010010011100010,True,True,True,True,True,True,True,True,True,True,62,72,41,6,12,10,7,64,65
424,01101000000100010010001000010001100110110110000101001111111011001011111001001000010100010100010100011100111110110101010001111101,True,True,True,True,True,True,True,True,True,True,60,66,36,6,7,12,11,67,65
425,11110111111000010011011100000011000011000100110000001110000000101110111111011101100010001100011010111011001000010001011110100010,True,True,True,True,True,True,True,True,True,True,61,54,22,13,3,8,12,63,65
426,00001100011101001000100000100000000011001111100000001011100110000000010010000011101010100011001001110110111010011000111111110011,True,True,True,True,True,True,True,True,True,True,54,52,20,20,3,7,10,64,65
427,01011111110001001110001110101011111001101011100001100110010111110110000001101000110001000000101000110001010101111011100101000011,True,True,True,True,True,True,True,True,True,True,64,62,31,8,10,6,10,64,66
428,01010001111001111111001111001001010100000110011000111011001101000000110101110111111001011110000011101100100100111010001001110000,True,True,True,True,True,True,True,True,True,True,65,59,25,8,5,6,6,65,62
429,11001111111101000001001111101101011101101111001110110010111110011110000000111110101100001100111101110010001111111001010001110110,True,True,True,True,True,True,True,True,True,True,76,54,22,7,4,4,5,64,64
430,11100110110101000101100011011101010010010101011000101011111110100001000001011100011011000001010111000001110011000100001100011101,True,True,True,True,True,True,True,True,True,True,61,67,36,8,11,8,11,64,64
431,10100101011110100011010111010100000110101000111111110100110000110110100111110000100000010011010100111100011010010000001000001011,True,True,True,True,True,True,True,True,True,True,60,65,37,12,7,6,9,64,64
432,11100010111001101010000001111101101101011001101000100111100000000001100101101110010001100111000001101111101111000111110000010001,True,True,True,True,True,True,True,True,True,True,63,55,22,14,4,5,9,64,65
433,10011001001010100111100001010100110000101100110010000000100111011111001110100100010110101001001001011010011101010101101011000010,True,True,True,True,True,True,True,True,True,True,59,76,44,7,12,12,5,64,66
434,11011011000001000000101011000000011111010100110110011000000101101100101100110001010111001110000100000110110100101000110101001011,True,True,True,True,True,True,True,True,True,True,57,67,34,15,10,8,8,64,64
435,01101011101100011110010111100010000111101111100101100000011111101101000111010100000011100100100010011011110000011001101011101110,True,True,True,True,True,True,True,True,True,True,67,59,27,9,5,6,8,64,64
436,10011010011101101011011000100110001001100100000101110000111000000100011101001101001011110101101000001100100101001010000000010001,True,True,True,True,True,True,True,True,True,True,54,67,34,13,6,10,9,64,66
437,01101111010101011100011110101011101111001101111010011100001011001010010110111111011111000101000001101110101111001111000100100011,True,True,True,True,True,True,True,True,True,True,74,66,36,3,10,6,6,65,65
438,01011101110010101000010010011001010110001001000101111101111100111001111111001101001100011110010000000000000000000001011111011000,True,True,True,True,True,True,True,True,True,True,59,55,26,19,7,9,5,64,68
439,11010111110101000001110011100001111101111101000001010110100110100011010011000010011111111101100100101111110000110100011001111110,True,True,True,True,True,True,True,True,True,True,71,58,28,7,5,4,7,65,64
440,11101001010010001111100111100011011010100101000011000001011010010110100111111010011110010010011101100100111101110110011110010110,True,True,True,True,True,True,True,True,True,True,69,68,33,3,6,9,4,64,64
441,11001111110010000001111100111100011110101100100101011111111111111000001000000001111101011111111100100111011011011011100110110111,True,True,True,True,True,True,True,True,True,True,78,49,20,10,4,5,4,64,64
442,10011101101101110010101111111011101100001001110110100111111101111010111111101110001010110001010001000001010101010110010001000011,True,True,True,True,True,True,True,True,True,True,72,67,39,4,11,8,7,64,65
443,11111001100000100011100000101001010101101110100100011001011001101101000111101010011110110001000110010011011110010011010000110011,True,True,True,True,True,True,True,True,True,True,63,67,30,5,6,8,8,64,64
444,11100011000101110000111111011101011111101010101011100111010111010000010100011001000000101101110000101011000111001001010110111111,True,True,True,True,True,True,True,True,True,True,69,65,37,7,13,7,8,63,64
445,01001110010011100111100011100111101011100100010101011000110011001011011010011011100010111000101111101101111101100010001010000011,True,True,True,True,True,True,True,True,True,True,68,66,30,2,8,8,8,65,66
446,00011110100101011010101011010011100011100100100011111100010011100010100100101010011100001100101110101100011110100011111010011000,True,True,True,True,True,True,True,True,True,True,64,69,36,1,10,8,8,64,63
447,11100100011010011100010001111001110010110010000001010010110010000100101000011000111000110100100111011111100110100010000111000111,True,True,True,True,True,True,True,True,True,True,59,61,24,6,4,11,11,64,65
448,01001101011011111111100011010100101011100010100100101111111100110010000000001000110111011011101001001011000001101000101111110011,True,True,True,True,True,True,True,True,True,True,67,64,34,8,8,9,6,64,65
449,11000001001010101000110001010010011011111100110101011111000011100011011000100100100111100111111000011100010101010110001011000101,True,True,True,True,True,True,True,True,True,True,63,67,35,4,12,10,10,64,65
450,00100011001000011000101001011000111111000101010100101001000001100011110001110101111011011010110100110000010100010111101010101000,True,True,True,True,True,True,True,True,True,True,59,71,41,5,13,9,10,67,63
451,11101111010100110011111100001001110101000111101011110010101100101111000111011010001101000000111111100011100010101010110110110110,True,True,True,True,True,True,True,True,True,True,72,66,36,4,10,4,7,64,64
452,00100011110001100011001110110000110011100100001000101101000100101001110101101101110100101010000001100000111101111011000010000111,True,True,True,True,True,True,True,True,True,True,59,62,27,9,5,8,11,64,64
453,01010101001111010111100100001000110011001010111011100101001101011110110110100110110001000111001111101101100111110100011110111011,True,True,True,True,True,True,True,True,True,True,73,70,36,1,8,5,5,65,64
454,11111001101111011001111011111010101000110011011111111011100000011101011000000001011101011111111010110111001101110111111110110001,True,True,True,True,True,True,True,True,True,True,81,55,27,8,6,1,4,64,66
455,11100001001110000000100101100110011010000010101011010011010111100001101110010010011110000010011110111001100001010101110011111011,True,True,True,True,True,True,True,True,True,True,63,63,29,11,8,8,6,64,64
456,11100111000110001111000110001111100101111000101011110101001100101000001000110111100111000001101110010101010001100000100000001100,True,True,True,True,True,True,True,True,True,True,60,58,24,10,8,6,11,64,65
457,10010111110111011111001011010100011101010111101001011011001111101101000000111110000110000101001100010011000010101000000011111000,True,True,True,True,True,True,True,True,True,True,65,62,33,10,9,6,7,63,64
458,10110101010101010001101101100011100111001011100101010001011000010111011010010110011010001011010100101010101000000101010111100100,False,True,True,True,True,False,True,True,True,True,62,84,56,4,20,9,6,64,64
459,01000101111010001100010010001110000011011011100100110001010110100001100111110011101011101011000010111110001110000011011100110100,True,True,True,True,True,True,True,True,True,True,63,63,28,6,6,6,10,65,63
460,00000001101001011001000110111101100001101000001100010001111100101101110000010100011011010111111001100011101000100110110110000101,True,True,True,True,True,True,True,True,True,True,60,62,28,10,5,7,11,64,65
461,10101000001101101111010000011110111101100010011111101010111101001110001110010101100100100000110001100111101010010101011111110000,True,True,True,True,True,True,True,True,True,True,68,64,35,7,9,5,6,65,62
462,00011001011111110101010011110100110100111011101111111011100100100111011101001100100001111111001111011011101001110011001101111100,True,True,True,True,True,True,True,True,True,True,78,61,26,1,3,4,2,64,63
463,11100010111010100101101000111110011101110101010011110110010001001100011110100111000101111101001100000110001001001110010111001011,True,True,True,True,True,True,True,True,True,True,68,67,32,2,8,9,7,65,64
464,01110110010011011101101110000101010100001100110000100101011011111010000010001110101011101000100110110010011001000101011001011100,True,True,True,True,True,True,True,True,True,True,62,73,39,5,10,10,7,64,63
465,11000100001011100010011110110110001000111110000110111110001010110001001010100000101110010111011110101110001001001110101000010000,True,True,True,True,True,True,True,True,True,True,61,64,33,6,9,12,11,64,64
466,00001101011010101001111001100010110100000000110001010111001100110011010100110110110000011110001110100001001011101101001011010001,True,True,True,True,True,True,True,True,True,True,60,70,36,9,9,5,8,65,65
467,00010001101011001011110011010111010111100011110100100010010110111001001111111101100010110101101100010110000111001000010011101010,True,True,True,True,True,True,True,True,True,True,67,69,36,2,9,10,8,63,64
468,10100011100100000110100011110110100010000010111000110101011111011000101000111001011010011000000000000110000101011101101111110100,True,True,True,True,True,True,True,True,True,True,59,62,33,14,7,6,10,64,64
469,01111000111000011111010011011000000001110111000001011001111110100101011000000101101000100001001101011000011110000010110111111100,True,True,True,True,True,True,True,True,True,True,62,55,25,15,6,6,9,64,63
470,00010011111000110001000100101100100101101100100011001100001001100010011100101000010000001010010100000111101001100101010100111110,True,True,True,True,True,True,True,True,True,True,54,67,32,7,8,14,10,63,64
471,10110000100101111100000011100010001010111110001100000110101110111010000111101100001010100000011000100010001110011000100011011001,True,True,True,True,True,True,True,True,True,True,57,59,27,11,6,8,14,65,65
472,01101011000100001000100001101100011100111011000010100101011001001100101111010001011101000100101110100011000111100100101100010110,True,True,True,True,True,True,True,True,True,True,59,71,36,3,9,13,11,64,64
473,11101010011000110101111001111100010101010101110111001101000000000011010110000011100010101011001110100110011010111010100000011101,True,True,True,True,True,True,True,True,True,True,64,69,40,12,13,2,6,65,65
474,00110001000010101011110100000001000001101110100100001000101100001101000000000101100000000001111110110100101010001001110111101010,True,True,True,True,True,True,True,True,True,True,51,61,36,22,8,9,10,64,64
475,01100101101000110101101011010010110110111111000111000000011111001110010000001001011011101010100111111100111101100000011111110010,True,True,True,True,True,True,True,True,True,True,69,61,31,10,7,6,5,65,65
476,10010110101110011101000010111100110101001010000011111110100010110011001001001001000101010100010001011010010100111101001110101100,True,True,True,True,True,True,True,True,True,True,62,76,45,3,12,12,6,65,63
477,01111000011110000011110111000101111111101101100111111110000100010111101001000111011000110110011100011111111001001101100110111011,True,True,True,True,True,True,True,True,True,True,76,52,18,4,2,5,8,64,64
478,11101010001110111111101110000101100111001100101111110101111111000100001100111101111001001000101000110001110110100110000100110100,True,True,True,True,True,True,True,True,True,True,70,60,26,3,5,7,8,64,64
479,10101010110111011000101101101011110110000000110010001000010110010100101101001011100001100101111101001000111011010101100011110101,True,True,True,True,True,True,True,True,True,True,65,75,45,6,13,9,7,64,64
480,11111110100110110000010100001010011000100010111011111001111001100100011010011011101100010100010110011111101101011010111100001010,True,True,True,True,True,True,True,True,True,True,68,66,34,4,8,8,8,63,65
481,01110111101001011111111100001110111001110110111001010011010000010100110100010110110101011011111000010001100110011011001100010100,True,True,True,True,True,True,True,True,True,True,69,67,33,4,7,6,6,63,63
482,00101011111100010010011101011001111011111100000001011011110100010101010100001001111000101100100111111101111001101101011001111001,True,True,True,True,True,True,True,True,True,True,71,64,34,5,10,8,5,65,65
483,11000001001011111101101010011111100100111011101001110100000011100101010011010011110101110111011101101101100111110001101001011010,True,True,True,True,True,True,True,True,True,True,73,68,36,5,6,5,3,64,64
484,00011010110100110010111001000010001101110111011001000110100111000101110111100001011010010010010001110001100110111000011011110000,True,True,True,True,True,True,True,True,True,True,62,65,27,4,4,9,9,63,62
485,00100100101000001100000001100001000110000001001101101001010111000110100010111100000110101111001010101100010111011001100110001011,True,True,True,True,True,True,True,True,True,True,55,66,32,12,10,10,10,64,64
486,10100100001110011000110000110000101011101001100100110011100000111110001100011111100101000011010001010101100010111111001000100011,True,True,True,True,True,True,True,True,True,True,60,61,26,6,7,8,12,63,65
487,10100111111000100101110110011100011010000010001010100010101100011010110111100101101001101010110100011000001010001100001011101101,True,True,True,True,True,True,True,True,True,True,62,73,42,5,11,8,10,63,65
488,11011111001011111111000101101110000110111010101110001111011100101010110100110001100001010100100001110011010110011011011111101100,True,True,True,True,True,True,True,True,True,True,73,66,33,3,10,5,6,63,63
489,00001111011100010111010100000010010101001100100010111011000111111110101101111011111110101110001011000110010101111110100100111101,True,True,True,True,True,True,True,True,True,True,72,64,36,4,10,8,7,65,65
490,10000111010111010100001011000001001100001110010011010101011101001111111000110010010110110001001100100101101111101010011111100011,True,True,True,True,True,True,True,True,True,True,66,67,34,5,9,8,7,63,65
491,00101000011111001101011110010100110011101001000010100001110110110001111110100001111000100010011011011010001111100011111010000110,True,True,True,True,True,True,True,True,True,True,65,61,28,5,4,6,10,65,65
492,10100011110010101110010101010101001101101001100011001000111110100000010101111000001000100010000100000100000101111010111101101011,True,True,True,True,True,True,True,True,True,True,59,69,42,10,12,10,10,64,64
493,11111001100110101101100100101111110100101001101010101010100000000111011110000101000110110101001010100010010100101000111001011110,True,True,True,True,True,True,True,True,True,True,64,76,48,6,15,9,5,66,64
494,11100001111101101111101000110100111000110101010110111000110001011101100101001011110011111000110010101110110000000110110100001111,True,True,True,True,True,True,True,True,True,True,70,63,30,6,8,4,8,65,64
495,10001000100100100010100111010101100111010111010011010110010101100000111101001011101001100000100100010110100001001101101111010101,True,True,True,True,True,True,True,True,True,True,61,77,46,5,11,11,7,64,65
496,10111101010111111010011110011111010111001000100111110001001101010001000010100010010001101100111101100100111101001111001001001001,True,True,True,True,True,True,True,True,True,True,68,67,34,1,5,11,6,64,64
497,11100011111001100000101100000001001010110001111011010000110000111111111001000100100000000010001000100000100001100001010110011000,True,True,True,True,True,True,True,True,True,True,51,52,21,18,5,11,13,64,63
498,01001100001100011011100110000011101010101101010000011000000000111001100001111011110010010101101110011111100100010101100011111110,True,True,True,True,True,True,True,True,True,True,63,59,27,12,8,4,8,62,64
499,10101111100001100110010011111000000010111110101100100011001001110010001011100101001001101011010101011101110111100011111011011001,True,True,True,True,True,True,True,True,True,True,69,67,34,5,9,8,5,62,65
500,01010001011101011010011101010100111001010010000101010111101001111001000000001011000101101101111000101110100100101110000110001011,True,True,True,True,True,True,True,True,True,True,62,74,45,7,14,11,7,65,64
501,10000010100111010101110110111001000101000111110011001000011111011100101001010110111110011000000000010100011010000101011001010001,True,True,True,True,True,True,True,True,True,True,60,67,38,11,11,9,8,63,66
502,01001111101100001100000000100010100110010000010100110010101010011011011110010000010000101001000010000000110110001111100001010001,True,True,True,True,True,True,True,True,True,True,50,62,32,17,7,11,11,64,65
503,11001111011101001001001110001100010000101010001110011011001101000100010000111010111100001110100111011101110010010110000000101001,True,True,True,True,True,True,True,True,True,True,61,65,30,7,5,9,9,64,65
504,00100010001000000111000111110011110011000110011100000010001001100101111001110111000100001111111010011111001101011001010011011110,True,True,True,True,True,True,True,True,True,True,64,55,19,7,3,8,9,64,64
505,11100001101000110000101101100010001001110110011010111001110000011000110011010010100101000100100000111110111010101100001010001110,True,True,True,True,True,True,True,True,True,True,59,66,31,7,7,8,11,64,64
506,11010100001101001000111010010011111111000011100110011001111101101110111000101101010100111101110010000001110000101010011011001001,True,True,True,True,True,True,True,True,True,True,67,65,31,6,6,6,6,65,64
507,11110000000100010100110001011011010100101101000101011011111001001010111001110010100000100010001001111011100001000011011110100101,True,True,True,True,True,True,True,True,True,True,60,69,39,8,10,13,9,64,64
508,10011111110001100001101000011100100001011001101110001101111010011111000000100000001100000101100010001100101000010000101100100110,True,True,True,True,True,True,True,True,True,True,55,56,22,14,4,9,12,64,64
509,11010110111110000001101001111111110110010111010001011111000011000010001010011001101001110001011101011011110110100100011111111001,True,True,True,True,True,True,True,True,True,True,72,61,30,5,6,6,7,65,65
510,10011100000100010011111111100101111001010011101001000011010011101110011011101110010000001101100010010011010101011001110101100101,True,True,True,True,True,True,True,True,True,True,66,67,33,6,7,9,5,62,64
511,10001011001110011011111111110001110001111111100111101110111001110000101111011000001100101110001100010010001110110110111100010110,True,True,True,True,True,True,True,True,True,True,74,54,19,3,4,6,9,64,64
512,01011010110010001110001100101010001101100010001010001111001011100011010101010011010100001011001000100011010010101010100010111010,True,True,True,True,True,True,True,True,True,True,58,81,51,1,16,10,11,64,64
513,00001001110010101111001011110101010111110001101111010111101000111001110110010111110110100101000000100110111101101001111110011110,True,True,True,True,True,True,True,True,True,True,74,65,35,4,9,6,4,64,64
514,11000010100101010011010101110000000001101010111010000010110101101001110110111110001111011011010000110010111100100001100110010011,True,True,True,True,True,True,True,True,True,True,63,69,37,11,10,6,6,64,64
515,00011001100001111100100011111111111110100000001010010101110100111000001001101101000000001010100100111101101111011000000011011001,True,True,True,True,True,True,True,True,True,True,62,56,27,16,5,6,7,65,64
516,01101101000100111000010101000010001011110110101010000111110010100110001011011110011000110011101010101101100110110000111100001111,True,True,True,True,True,True,True,True,True,True,65,68,35,5,10,6,9,64,64
517,11100110101101001000011111010111001010011000100111110100101011110100010100000111010101001100011010000100110111010100100101101110,True,True,True,True,True,True,True,True,True,True,65,74,43,4,10,8,6,65,64
518,11001111100110101101110001000000111010001110011011100010111110011001100000110100110000110000100001100011011001100011001110010001,True,True,True,True,True,True,True,True,True,True,61,57,16,8,2,4,11,65,65
519,01011000000001100001010000010100111110101111000010110011110100000010111010100000110110101101100100010101011111100001101001111110,True,True,True,True,True,True,True,True,True,True,61,63,37,15,11,6,8,64,64
520,01100101011111000110000111011011010100101001100110010011010111001100101011000110010111100101100000000110000001001010010011010101,True,True,True,True,True,True,True,True,True,True,60,72,37,9,12,9,5,65,65
521,11001101101101001000110001111110100111010111100110110101000000001000000001001011011110001011110011001110111011111011111000000010,True,True,True,True,True,True,True,True,True,True,66,58,27,14,4,6,6,64,67
522,01000011101101011000101011010011101101101011001101101101100101011000001111101100100100100011001011110011101100110001001011010000,True,True,True,True,True,True,True,True,True,True,65,73,36,4,8,8,5,64,63
523,11011100000101100000110000001100111110010001111001110101000000111110111101111000100101111111011111001001011011001110011001010001,True,True,True,True,True,True,True,True,True,True,68,55,22,10,5,7,7,66,66
524,01111011011100111100111011010000111110000000010111011110001111110000001101111000001011111011100111001010011111111101111010010010,True,True,True,True,True,True,True,True,True,True,74,51,22,11,3,5,5,63,64
525,00001011101011011111001010110010101001011110111100100011011010000101110001010000110101011010000001101001101000110000101111000110,True,True,True,True,True,True,True,True,True,True,62,71,41,7,12,8,9,61,65
526,11010111101011110110100011010110010100111100100111011000111000111101110111001010000101010101110100000101000101000110010100110010,True,True,True,True,True,True,True,True,True,True,66,74,43,3,12,8,7,64,65
527,01110100010100010011100001010001010001000100110000111101010111001000100001100001101101100111111001110111101100011101101110000011,True,True,True,True,True,True,True,True,True,True,62,62,28,6,5,8,12,65,66
528,11100100111100101010111010010011110010110011010110001101111101101001100011100000101110100001101101000001010010001010101101000100,True,True,True,True,True,True,True,True,True,True,63,72,39,5,10,9,7,66,64
529,11001010100101000001010100101110111100010101101010010011001011010000000110111110100010101011111011110011100111111111111011010100,True,True,True,True,True,True,True,True,True,True,70,70,44,6,14,8,4,65,63
530,11111111010110010111111010011010110111100111100001001000111110101110011001010101010101000000001001010101001001000001110011001010,True,True,True,True,True,True,True,True,True,True,66,70,43,8,14,9,4,64,64
531,01000011000001011101001101010001001110110100111011010001100001110010110001110100001100011110100110000100100111010000101010010001,True,True,True,True,True,True,True,True,True,True,57,68,34,7,5,7,11,63,65
532,01000000010001011101101111100100101011011000110111001010111101010100001000100010001001101110101000011011111110001000100110100010,True,True,True,True,True,True,True,True,True,True,60,69,40,6,8,12,11,64,65
533,01001101101110111111111101000111000101101011010100110010101000001100100011000111100001110100110001011100110000101100100101111011,True,True,True,True,True,True,True,True,True,True,67,66,32,4,8,7,8,65,64
534,11100011011111110000100000110111100001001101010110110100111000101010000010001001000110000110101011100000111001011010100110100100,True,True,True,True,True,True,True,True,True,True,59,66,34,9,8,8,10,65,64
535,00101111100001001011011011100010001011110100101110001011110010100000011111101111000000111000001100100011000011001100001100001110,True,True,True,True,True,True,True,True,True,True,60,55,22,12,6,9,11,65,64
536,01011010000101000100011000010111001111111011000110101011011111100010010011011010110101101000111101111000010001011010010101001010,True,True,True,True,True,True,True,True,True,True,65,73,44,3,11,9,9,65,64
537,10101101011111000011101110111001001111111000011111000110010101101110100000110000000101010000111001111101100101001000011100111001,True,True,True,True,True,True,True,True,True,True,67,59,28,10,7,5,7,66,65
538,11110101101110100100101110011000010001011010011001001110111001100101110001101101101000000100101111110010101111110110110111100110,True,True,True,True,True,True,True,True,True,True,71,68,33,4,7,9,4,65,64
539,10011110011110110011001101101010011100101111110101000101100100010111010000011111010000001010101000010111100000001001100110010111,True,True,True,True,True,True,True,True,True,True,64,65,34,10,10,8,6,65,64
540,10001110011000100101001110011000010001011001100010010101101011100101010010110000011010001011101111010101011100010011001111000110,True,True,True,True,True,True,True,True,True,True,61,72,37,3,12,10,9,65,65
541,11110001111001011111110111001010101111011001000010110100110010100010100010001101000010111000101000010011011110111100100000110000,True,True,True,True,True,True,True,True,True,True,63,64,33,6,9,11,9,64,63
542,00011101111110011101100100010000100011010111000110100101000111010100011100111011011011011000010010010110100101100100110101100100,True,True,True,True,True,True,True,True,True,True,63,71,34,2,6,10,8,64,64
543,00001000111111011101100000000100001111001001001011011110010001011010010001001111011100001111111101011111001011011110010111001101,True,True,True,True,True,True,True,True,True,True,68,58,27,8,5,11,7,64,64
544,11101111000011000111001001111000110101101000110110101000001110010001101001111111100110110010111010101000011110010111000010110000,True,True,True,True,True,True,True,True,True,True,66,62,28,6,7,5,8,64,63
545,01011000110011100001001100110001100001101110000111011100000010100001101001100110001001011111001000101011111011001011001001000011,True,True,True,True,True,True,True,True,True,True,59,62,24,8,6,9,10,64,66
546,00101110111100110011111111011100011010011111100000100110011011110001011111100110001101010101000101111100011110100100101001001000,True,True,True,True,True,True,True,True,True,True,70,61,28,2,7,8,6,65,63
547,00110010000011011100001010000000111111000110010001110111000010000110110110100011101010100000000010000100100010100111110101001011,True,True,True,True,True,True,True,True,True,True,54,60,30,16,6,9,11,64,64
548,01111110011100100010110111101011011111100001010111111010101010100000111010100010001101011110110001001101011111000001010010111100,True,True,True,True,True,True,True,True,True,True,70,67,41,5,13,7,7,66,63
549,00001110101100101010111110111111100010110100000001100100001010111010101110110011100100111000010101011000101001011011000000100001,True,True,True,True,True,True,True,True,True,True,61,68,40,11,14,9,8,65,65
550,11111011000000101000111100101111100001111110110001010110011011110101100110010100101011111110101000011010101011100110110011000010,True,True,True,True,True,True,True,True,True,True,70,66,36,6,12,6,6,64,65
551,11001111110100011011011111100101010010110010000000000111101010110001100100101011111111111110100110000101011010111100010001000000,True,True,True,True,True,True,True,True,True,True,66,60,33,11,10,8,6,64,61
552,00110001110010101100110011100110000001010010000010110100001011000011110101001100001001010011001010101011111110101101011000011110,True,True,True,True,True,True,True,True,True,True,60,69,37,9,13,8,7,64,64
553,00011011111100101101011101111110101000111011111010010001110111100100101100110011011001000100000011000000110101100010110100110111,True,True,True,True,True,True,True,True,True,True,68,64,30,6,6,7,7,64,64
554,11010010110000100100011001010001000100000000011011110110010001011011011101110101001111010001010111000011000011001110000111011011,True,True,True,True,True,True,True,True,True,True,60,65,31,10,6,9,10,63,64
555,10011001011101100101111001101110111100101111011010010011101011111011011001011100000011011011010000000001010000001100000110001011,True,True,True,True,True,True,True,True,True,True,65,63,30,14,7,7,5,64,64
556,01101000101001000101110010100110100111001100010010011100011011011110011001001011111001011100110001011111001010101110011101110001,True,True,True,True,True,True,True,True,True,True,67,70,33,0,9,11,6,64,66
557,01001101011001100010111111111100110010110011001000001010001101000110001000100011000000000101100100000010111011110011101110101000,True,True,True,True,True,True,True,True,True,True,58,61,28,11,7,9,9,64,63
558,00000001110100000000010111110110010100010110111000001110000100011100000000000010101010000000100110001111100100111101000100010010,False,True,True,True,False,True,True,True,True,True,48,53,27,26,6,10,11,65,64
559,01001110100001001001111111110101101110010010111101010010100101000010010110101011001011001100000011101101001100010100000001100000,True,True,True,True,True,True,True,True,True,True,59,69,39,11,10,10,5,64,64
560,10100101110110010011100100111011100010100001001001100101001110011010111100011100010101000110011001110010101110010111010000011000,True,True,True,True,True,True,True,True,True,True,62,70,33,3,9,10,6,65,64
561,11100010011011010100010101001100101000110011110110100001000001111001110110100110101100111111001010011010100010111000100101100100,True,True,True,True,True,True,True,True,True,True,63,72,37,3,9,9,7,64,64
562,10001000101000011111000100001011111001010101101001100110110011101000101101111100101100110111010111110101110000010111111010101000,True,True,True,True,True,True,True,True,True,True,68,68,39,4,12,8,7,64,63
563,10000111101000101110011111111010001000101001110101001101010011110001110101000101001001010111001111110101011100111000111011001110,True,True,True,True,True,True,True,True,True,True,70,68,38,1,10,6,7,64,64
564,11101000000111100111010010000011111101011011100111001001010101001100110111001110011000110110011111110111110000101101001110000011,True,True,True,True,True,True,True,True,True,True,70,59,24,8,5,4,5,64,66
565,00001010110110101111011110000111100010110001000000100101100010001001111100010101001001000101010011001101000010011101101000011111,True,True,True,True,True,True,True,True,True,True,59,66,35,7,9,12,11,64,64
566,11010001110100011101010010011001011010010001100010100111110001111001100001000101010011111111110100100011101001000011111010011000,True,True,True,True,True,True,True,True,True,True,64,64,31,2,5,8,9,61,63
567,00001111000100001110001001000110001101000001101011000101111010000010100011001101111110010110011111111001101100011001101111101010,True,True,True,True,True,True,True,True,True,True,64,59,25,6,5,6,11,65,64
568,00001100001010000001011010001101011010011100110011110111001110000111101101010101011010110110100000100010110100100000010001011001,True,True,True,True,True,True,True,True,True,True,58,70,39,11,10,7,9,64,65
569,10011000010001010100001110111110011010110001001111000000011111101101100000110000011110001000111111001110110001010010000010101010,True,True,True,True,True,True,True,True,True,True,60,58,28,12,7,7,11,65,64
570,01101101101100001101110001111010100111001100011000001000010110110111100101101100010101111101100001101010011101010110110000101111,True,True,True,True,True,True,True,True,True,True,68,68,34,6,9,5,8,64,64
571,01101111110111100111101000000000101111010110101100101001011001100011111111011000111010010110101100000111010101010101000001101100,True,True,True,True,True,True,True,True,True,True,68,67,39,10,12,4,5,62,64
572,11001010111110000010111001010101010011101110000010101100001111010110011010011010001101101100001110010010101011011110110001011010,True,True,True,True,True,True,True,True,True,True,66,74,43,6,14,7,6,63,64
573,00101000111110011111001100011001010000010100000101111010010101100101010010001100001111011000000000110100101100110010010100111101,True,True,True,True,True,True,True,True,True,True,58,66,34,11,10,10,7,64,65
574,11110100111011001110100100100111011001110110110111001100001100001100101010111101000100010101010010111100110101000011111001100000,True,True,True,True,True,True,True,True,True,True,66,68,33,5,8,6,5,63,62
575,10100110101011010111010100100011110110101110000101110010001000010010001100000001001010001001010011110001101000000100110000111001,True,True,True,True,True,True,True,True,True,True,55,69,38,10,8,11,10,63,65
576,00000111010100101011011010100101111101101110011000110000110110001100111001010101011100000110111111010011001000000101100001010100,True,True,True,True,True,True,True,True,True,True,62,69,37,9,12,6,7,64,63
577,11101101111100100111010011011101111110010010001101110001010000101011011111101010110000000100011100101011100010100000010010010001,True,True,True,True,True,True,True,True,True,True,64,65,35,8,8,11,8,65,66
578,01101011011001100011011011101100000101110010110001101101111111000000111100010111000100110010100001010111011010110001001111101010,True,True,True,True,True,True,True,True,True,True,67,67,34,6,9,7,8,62,64
579,01101010101111001001010011010001111101010000100000101110100011101101011101000110110011100000010100111011011110010000011111001111,True,True,True,True,True,True,True,True,True,True,66,66,36,8,8,6,7,64,64
580,01110011100110110000000011011001001111000001110010000101101010100110011010101101000100100000100000000100100110001000110000101101,True,True,True,True,True,True,True,True,True,True,52,64,30,16,6,10,9,63,64
581,10011100011001110000111101100101000111111101111100000011100100010000110110010010010010011101101100110101011000000100111100100101,True,True,True,True,True,True,True,True,True,True,63,61,25,8,4,10,7,64,65
582,11101000110001100010001100001111110110110000010001010111110101110001111001001111110110110101110001001100110000101111111101111100,True,True,True,True,True,True,True,True,True,True,71,56,23,4,5,6,10,65,63
583,01111010010000110011101110001001110000111101100101111110001111011110001101101100100001001111000010010001001000101011000111000100,True,True,True,True,True,True,True,True,True,True,63,59,23,4,3,11,11,63,64
584,11001000101110011010110000010110000010011110111000111001101001101011001011000110000111010000000010110000101001001101000110011111,True,True,True,True,True,True,True,True,True,True,59,63,27,11,7,8,9,66,64
585,00010101001101010101010111011100100011110011100111100000101001001110000010001001111000111100100010111101011100111000111110101110,True,True,True,True,True,True,True,True,True,True,66,65,34,4,11,8,8,65,64
586,01001111110011111110010110111001111010101011111010111111101100001100101101100011111110010011101010001010000011111111111001101001,True,True,True,True,True,True,True,True,True,True,79,58,30,3,8,4,4,64,65
587,01100110101110001010111011110100101010010110001011101000001101111000101000100001000100011000011000111101010101110111101101110100,True,True,True,True,True,True,True,True,True,True,64,71,41,4,11,8,10,65,64
588,01010010000110110111101101110111100111111000111011011001000011110000101101011010000110001000010001011011010100011110000110010010,True,True,True,True,True,True,True,True,True,True,64,65,32,6,5,8,10,65,65
589,00100101010011011100101001110000010000111101011000011010001011001110100001101101000100001010111011010000100011010110001011001001,True,True,True,True,True,True,True,True,True,True,57,72,39,7,9,10,10,64,64
590,00101011010101101001100111101001011000000111001011010111000110000011110110101101001001001000101001000000111011111100000100000101,True,True,True,True,True,True,True,True,True,True,59,68,38,12,10,10,7,65,65
591,10011010111001010110001101101110011010001011111101100001111011101110011100000000100101000111111110101111100000010011001001110000,True,True,True,True,True,True,True,True,True,True,67,58,26,10,6,6,6,64,62
592,11111000100110111010011110001010001001000101100100111000000000110101011100001110101100000111100110111100110010100100100111111101,True,True,True,True,True,True,True,True,True,True,64,61,28,9,6,9,7,66,65
593,10101010100101110001011101110011001111100100111110110010111110111111100001001101110101010111010101111110000101011100110001010011,True,True,True,True,True,True,True,True,True,True,75,69,40,2,14,7,4,66,65
594,00110000011000111110100011001110011100110011100010110110000011101111110001111100110111110111101001100011101001110110111100111001,True,True,True,True,True,True,True,True,True,True,73,54,15,4,1,1,7,63,65
595,11010101011000000110100010101001110110001100101100110010111110101111001001000111101111110100110000101001010111110011101001010110,True,True,True,True,True,True,True,True,True,True,68,72,41,4,13,8,5,64,64
596,11011001100010001001010011100010110011100101001101001001110011111111011000011111101111101010100100011001000101000110011001001010,True,True,True,True,True,True,True,True,True,True,65,68,32,1,7,11,7,63,64
597,00001100000111100010000000001101100000011110001110101111000111110000100100100011111000101101010100011110101101110101111101010010,True,True,True,True,True,True,True,True,True,True,61,57,29,13,7,6,11,65,65
598,11010111001001100010011010000110011111110100100111011010110001001000100111011010110100010101000111111010100100000110101000011101,True,True,True,True,True,True,True,True,True,True,64,71,39,4,7,8,8,64,64
599,00100110101110000011011000000001011100010111010001000000001000101010111111111111111011100011011000111110101100000111000010011101,True,True,True,True,True,True,True,True,True,True,63,54,27,15,7,7,10,65,65
600,00010111011111110101101110110010000101101000110101110010111011110100010111000111111110000110001010011110101000011010001011011010,True,True,True,True,True,True,True,True,True,True,70,67,38,3,9,7,9,65,64
601,00000110101010100110010111011000100101100011101000010111100001011010011011111110111100110001111100000010011011001010101010101100,True,True,True,True,True,True,True,True,True,True,64,69,38,7,13,7,7,64,63
602,10110010001011111100110011100000111000010000011010100000100101110101100010000100110001101101100001101001110101110101101010100111,True,True,True,True,True,True,True,True,True,True,61,67,34,9,8,7,9,65,64
603,00010010101111100010001011101001111111101000110010011011001001101001000001010101100101001010101000100110111010010110011101100010,True,True,True,True,True,True,True,True,True,True,62,75,43,2,11,13,7,65,65
604,10110101100100100100111010100011101110110010001010101100000110001100111101101011100000010010110000111101001100001001000001001010,True,True,True,True,True,True,True,True,True,True,58,70,37,9,8,11,8,64,64
605,01111101011100100010011111000111101010111111101001100001100101100010011001111100011100101111000110100101001110101100001111000111,True,True,True,True,True,True,True,True,True,True,71,60,26,2,7,6,8,65,64
606,00101111000101111011001110100000101001101001111011000000001010110011010011011100101011100110010100001010100111101011100000000101,True,True,True,True,True,True,True,True,True,True,61,68,38,13,12,8,5,65,67
607,01111101111111000110110001001011001101011000100111100001011011000001000110100001000101001100101011000111010010000101001110010110,True,True,True,True,True,True,True,True,True,True,61,67,33,5,8,11,10,64,64
608,10010000100111011011000010000110011010011001010000000100011000101110110111011011010001001101010001110111101111000110100011010110,True,True,True,True,True,True,True,True,True,True,61,68,33,7,4,7,10,64,64
609,00100000011010000100010111111010100011001010001010001110001011100111000101100110001001101110111010110010000000010100000110100110,True,True,True,True,True,True,True,True,True,True,55,65,33,11,8,10,11,64,64
610,01100101000001011110100011010100100010011001111100100001011011101110101010110001110011011100001110110000101101111111010100100010,True,True,True,True,True,True,True,True,True,True,65,69,38,5,9,9,8,65,64
611,11100001001011010110000100101001110000101001001000101010101010011101111111101001001100011011000001010110101111101100011111111101,True,True,True,True,True,True,True,True,True,True,67,69,41,5,12,10,7,65,65
612,10001000111000010111110101011111001110110110100011010110111010011100110011101010001010100010010001110110101010001100101111111000,True,True,True,True,True,True,True,True,True,True,68,70,39,1,10,6,8,66,63
613,11001000111110000100100001100100110111011111011101001010100001010111110001010011111000101111110001010111010100101100101000010001,True,True,True,True,True,True,True,True,True,True,65,67,38,4,11,12,9,64,64
614,00011011100110011010011111001010001110111100011011001110001000110000010011110100100100011011100011100111101111100010000010111001,True,True,True,True,True,True,True,True,True,True,65,58,20,4,2,7,10,65,65
615,10110110010001100101000001000000001110100000100000100111011011000110001010111001111000111001100011000111000101001010010110000100,True,True,True,True,True,True,True,True,True,True,53,62,27,12,6,10,12,64,65
616,10110010011011001010101100000100000100011010110011110001011011110010001111101111100000110111000010011101101111011011001000101000,True,True,True,True,True,True,True,True,True,True,64,64,30,7,6,9,8,64,63
617,01011010001010111011100100100000010011010111000000100111001110101101011000110011100011001110111010100111011111111010010001110001,True,True,True,True,True,True,True,True,True,True,66,66,33,6,7,6,7,65,66
618,10100110111011111001100011011110111101001110000001001001001011101110010100100000110011001000100011011001010110101100101100010011,True,True,True,True,True,True,True,True,True,True,64,69,32,5,6,11,6,63,64
619,01010111001010101110101111000011001010011011101000101000000110100011101000001110111101110110100000011111100000000101110000000100,True,True,True,True,True,True,True,True,True,True,59,61,35,18,9,5,8,65,65
620,10111100111110101001101000110101110111001111110010111010100110111011010010001110001111111010111000101110110011111001111000011101,True,True,True,True,True,True,True,True,True,True,78,63,31,1,6,3,5,65,64
621,00001110110100111011000111110100101110100101110010000000001000100010000011001110000010010101001111100111001111100001000000111100,True,True,True,True,True,True,True,True,True,True,57,55,23,15,4,9,9,64,63
622,01001101011100010011000011101010000010000011001011100011101010010001111011100001010011000001000001111111010111000001101101000110,True,True,True,True,True,True,True,True,True,True,58,61,30,12,6,6,11,64,65
623,01111010000100110101011111001111100001000001010100111101001011110001010100010010010011010011100011011110001111011101100100011100,True,True,True,True,True,True,True,True,True,True,65,65,33,4,7,9,8,67,63
624,00101000110101000010000100001100010111111000000000111100001010111110110111101111110111100001010101111001100101110010101101000011,True,True,True,True,True,True,True,True,True,True,64,60,33,12,11,8,9,64,65
625,11110101011101101111011111001101110010000000100010110110010110010010100111000011000110111011101111100101010010110111111101000010,True,True,True,True,True,True,True,True,True,True,71,66,35,6,8,9,5,65,65
626,11001000111111110000010111101101001110111101001110100101111011001101011111101001110111100110111010011100110001101011010110001001,True,True,True,True,True,True,True,True,True,True,76,65,31,2,5,4,4,62,64
627,01011000010111011111110100001111001000000001001010010010010101111110000000000011000101001101110000010010100011110111000100010100,True,True,True,True,True,True,True,True,True,True,55,59,32,17,8,12,9,63,64
628,10010101100010111110000110101111111101001110000111000110001110100010100011111000101110110011001101010010010101110010011011101110,True,True,True,True,True,True,True,True,True,True,69,66,33,2,9,7,8,66,64
629,10111010000000110001000011000110100010101111010000000110110010001100100110000101000010001001111001111111011101001010110011111111,True,True,True,True,True,True,True,True,True,True,61,59,28,11,5,8,10,64,64
630,01100110110010000010101011110111001111101010111101111111110111111101101000100110011010111000010011000110001111001001110011100100,True,True,True,True,True,True,True,True,True,True,73,61,27,3,6,6,5,65,64
631,11000110010101001110001111011010011010101001000000101110100010011110011001110111000000110101100010010011111011011110100100110011,True,True,True,True,True,True,True,True,True,True,65,67,31,6,6,7,6,65,65
632,11100111100101001000011010011000111010011100101001001110110101001010001110110010111000001001101111110110111111010101111011000001,True,True,True,True,True,True,True,True,True,True,69,67,34,5,7,7,5,65,67
633,11101001011101001100010010010000000011110001001010100111001100000011101100000110111101100111001101100101000001110001000000001010,True,True,True,True,True,True,True,True,True,True,55,60,27,17,5,9,8,63,67
634,00110100010100000110110111101010001011110000101100111000101011000011110100100001100111111111011110010000100010001001010110110011,True,True,True,True,True,True,True,True,True,True,63,64,32,6,8,10,10,64,65
635,10011101010100111110010111111011100111110111111110011010000111001000001100010001100110101001010011001100001001100100111011001010,True,True,True,True,True,True,True,True,True,True,68,64,29,4,6,7,5,64,64
636,00100111011011101011000111100000001100001010111011100001001101001110111001101001101001111011000000011100111111111111111110111011,True,True,True,True,True,True,True,True,True,True,73,54,22,10,3,3,5,65,64
637,11111110101000101011110010001000110110001110101011111100110001000100011000110111110011001010101101100101011100000011100111101010,True,True,True,True,True,True,True,True,True,True,68,66,35,3,11,7,9,65,64
638,10011000010111100110010000000101000110110000010000111000110000100000100000010011001111001110101010100111101001001100001011101100,True,True,True,True,True,True,True,True,True,True,53,60,26,15,6,9,10,63,63
639,00001000100010100111111010000010101110101010101110101000110101100111110010001111110110001101001010111001100110010111100010100101,True,True,True,True,True,True,True,True,True,True,65,72,43,3,14,9,8,65,64
640,10011100110000011010010100111111111010011010010011001011111100111001001111011010010001011111010100101011010010111100111110010101,True,True,True,True,True,True,True,True,True,True,72,69,37,2,9,9,2,64,65
641,10110010000001110100111110010111100111111101000010111111001000011101100101000011100011100111100110101000110011001110101110101101,True,True,True,True,True,True,True,True,True,True,70,61,28,6,6,5,6,66,65
642,10000100101101000101111111111010000110111011001001110001001111111110001110100010110010001111111001111001111110100100101011110111,True,True,True,True,True,True,True,True,True,True,75,57,27,2,5,9,7,67,64
643,11000011000110001000011100111101010110010111000011011100001100111100001001000011000110111111001100110010010100011110001110100010,True,True,True,True,True,True,True,True,True,True,61,58,20,6,4,7,12,65,65
644,11111011111111111001100001011100010101100000001110111001101110011010001001110110101010001000000111011010100010101011001100000000,True,True,True,True,True,True,True,True,True,True,64,60,31,13,9,5,7,64,61
645,00001001101100000000000000101011100010100101010011001111001110000101001011011111110100000100100110100001110010111010100000110110,True,True,True,True,True,True,True,True,True,True,55,63,34,18,9,9,7,64,64
646,01110010011000001011100100000000110001001101011110111010001101000110100011110111100000100010100101100001101000100011110000100000,True,True,True,True,True,True,True,True,True,True,54,59,27,13,4,9,12,67,64
647,01001110110111001011011111001110111100000111100100011110011110101010111000001011111111101011011100001111011001010011011000111011,True,True,True,True,True,True,True,True,True,True,76,60,28,5,7,4,5,65,64
648,11100111111011101010110100010110011001001111111111000010110000111110000011111010100010110111000110100101100001001100101101101011,True,True,True,True,True,True,True,True,True,True,71,63,31,5,9,7,7,64,64
649,11101010001010010111011001100100001010110110000010110101101100100110010000110101110010011001010110111110001000010111011100111110,True,True,True,True,True,True,True,True,True,True,65,72,38,5,11,11,6,63,64
650,10000101011111101010100000111100101101110011011010010101100100110010001010011011111000011100000111011000111100010101000010101101,True,True,True,True,True,True,True,True,True,True,64,69,39,7,12,8,8,64,65
651,11000111000110110010110101011011010011111100011101100011101011001111110101100000010001010011001000110100111011111101100110001101,True,True,True,True,True,True,True,True,True,True,70,65,29,3,6,4,8,64,64
652,01100011011110001011111100001101111101011011000010011111010001101110100110101011000010110111100011111001011110111001000001111010,True,True,True,True,True,True,True,True,True,True,72,61,30,5,6,5,8,65,64
653,00110010110010011001010010110111110111111010110100001111011010010111001011100100111000110001001010111110001011000110111000101100,True,True,True,True,True,True,True,True,True,True,68,69,33,1,10,11,6,66,63
654,10100100000010110011001110011100001001101010011001111101111100010000100011101100110001001110000111101010000000110010000101000110,True,True,True,True,True,True,True,True,True,True,57,60,25,11,4,8,10,63,65
655,10111101111111110001011101111001101011100010111001000101011001000001001101000100010011000110110111101001100101101001111101011111,True,True,True,True,True,True,True,True,True,True,72,65,33,2,7,9,7,64,64
656,01101001010001100101011000101101111111111010000011101010101111000110001000101100000000000100100110010001111001011000010011111110,True,True,True,True,True,True,True,True,True,True,61,61,32,11,9,10,9,67,64
657,11000101111110000010010100000011001110100010101100010100010000111110001111111010010100110110001010101101111110101001010110011011,True,True,True,True,True,True,True,True,True,True,65,67,38,6,12,9,9,64,64
658,01011110001110000100000000000010010100101101001111100001000010000111101100110000111011010100111111111000111000010111000001011101,True,True,True,True,True,True,True,True,True,True,59,54,26,17,6,8,10,64,64
659,11010111011010000001101001011000101101110011100110000110110101010010101011111110110101111010101010101100110010101110111100100010,True,True,True,True,True,True,True,True,True,True,70,78,49,4,16,6,4,64,64
660,01111101100101011111101010101011101101010010010010001010010101110100001111100011011101111010001110001101011001000101011011110100,True,True,True,True,True,True,True,True,True,True,70,75,47,1,13,8,6,65,64
661,00111111010011110111101011001110101000000001101010111101011011111101000100110011111101001000011100000101111000011110011100001011,True,True,True,True,True,True,True,True,True,True,70,58,29,10,7,4,6,64,65
662,11010110011100010011101000010110100011110011101010100001100011111111001100010010110111101100000001011101000110000101010100100001,True,True,True,True,True,True,True,True,True,True,62,65,34,8,9,7,10,62,66
663,10010101110000000100001111001001001100000011010011110101010100011110110100000010000100000111000001010111010100011110000010001101,True,True,True,True,True,True,True,True,True,True,53,61,34,18,8,8,11,64,65
664,01100110000100110011110001001101111010001001010101000010001100001101111100110010010010000101101110101011000100110111011001111010,True,True,True,True,True,True,True,True,True,True,62,69,33,4,6,10,8,63,64
665,00001001011110101110011100100111100001001101000010000111111111011110010110100101000000101100100101110000011101110111001101101001,True,True,True,True,True,True,True,True,True,True,65,62,30,9,6,10,6,64,65
666,10100000110000011000111000010100001001011001111000111001101000010011110100011100101110011001001101001010101110100110010011010011,True,True,True,True,True,True,True,True,True,True,59,67,30,7,6,8,8,65,64
667,01001010110100101011110101101100000011111100001111111101110110111101000110101011000101100110010110101110011011111101100101000100,False,True,True,True,True,True,True,True,False,True,72,69,39,4,11,6,5,68,65
668,00011011101001001111110101010011110010111011000101110110011000111111011100011111011101001111110000111010110100100000111101100101,True,True,True,True,True,True,True,True,True,True,74,62,30,3,6,5,6,64,64
669,11001001100111010101110100100100111100011011100000100111000111010011111001001010101011000001110001100011000100011100111001000011,True,True,True,True,True,True,True,True,True,True,62,63,25,5,6,8,9,65,65
670,00100111100001010111011001000100010001111010110110101110001111011110000111001000100001000001111110100000001010000011001111000011,True,True,True,True,True,True,True,True,True,True,59,56,25,12,5,9,12,63,66
671,00101011111001100101010111101001011110101000011111111111101001101001101010110111000000100111100100011100011010000010100001110011,True,True,True,True,True,True,True,True,True,True,68,64,35,7,10,6,6,64,65
672,01101011010010100010101101001011011011110110011010101001001010011010000001000100000010011110101110010101001001101101100001110101,True,True,True,True,True,True,True,True,True,True,61,80,50,7,12,10,5,64,65
673,01110101100000100010010001111100001101101001001110001110111111110001011110001101111001111010100010011001101001100000100001010101,True,True,True,True,True,True,True,True,True,True,64,62,30,6,6,8,10,64,65
674,01000011001111011100100010011000111010110111111000101010110010100111000010101111110111101111010000011111111110100000010100110010,True,True,True,True,True,True,True,True,True,True,69,61,33,7,8,7,7,63,65
675,10110010110111001111010001011000110110000101001001100111100001010011101001111010111101010001110001000110000011111101000111010111,True,True,True,True,True,True,True,True,True,True,67,65,32,4,7,6,9,64,64
676,01100010111110001011001011001000010011000011000110100011001100000110111000010011110001100111111110101001110110111011101100101011,True,True,True,True,True,True,True,True,True,True,66,62,25,5,6,7,9,64,64
677,00101110100001101111000111011011101100010100001000011001111110101100101101010001110011001100010110111000011001110011011100001100,True,True,True,True,True,True,True,True,True,True,65,63,25,5,6,5,9,64,65
678,11010000011111000010100111110110101111010000001000010011001011110011001111100001111110100010110011011110011010011000000111100010,True,True,True,True,True,True,True,True,True,True,65,56,24,11,4,6,8,64,64
679,00111011001010110101000101001100111101010001011111110101111110111011000011111000111011101001111100111000001101000111010011001011,True,True,True,True,True,True,True,True,True,True,73,64,32,3,8,4,6,64,64
680,10111101000010001010011101010000000011010010010000100110001011101000110100101100011111011010100110101000111101001010110111100100,True,True,True,True,True,True,True,True,True,True,60,72,42,7,8,9,8,64,64
681,00010011001111001101010000010100000110101101111000001111010010011110010001101100110101000111010010010111010011100110000101001110,True,True,True,True,True,True,True,True,True,True,61,67,32,7,6,7,7,63,64
682,10011001000011110011101010101100100001000000111010101111011011001000001111000011011101101110100000010010001001000111110011110011,True,True,True,True,True,True,True,True,True,True,62,61,28,11,5,8,8,63,65
683,00000111001101010001110011010000000111000111101110111100001111000100001011010010110001100011101001011011011000000111111100010111,True,True,True,True,True,True,True,True,True,True,63,56,23,11,5,5,11,64,64
684,10000001010111100011110011000101111101101011100000111100011101000000001011000010010010010100001011010010110010010110010100001001,True,True,True,True,True,True,True,True,True,True,56,65,35,13,10,13,9,65,65
685,00000101100100110100100011011101111011110110000110000101001111111101000101001011111010101010011101011100101101000001101100110001,True,True,True,True,True,True,True,True,True,True,66,68,37,6,9,7,7,66,65
686,10100110000001110111101110110010010101000111010011000001000100111100100000101111110011111100001110101101110110011011101100111011,True,True,True,True,True,True,True,True,True,True,69,61,27,8,4,6,6,66,64
687,11001110111100110011010010101110100010000000100110011011000100111011000111111110101111110010001111100011110110010101111010000110,True,True,True,True,True,True,True,True,True,True,70,60,26,5,5,6,7,64,65
688,00110001100011101111100010001001000011111010010000010111101100010111000001000000110011011110010111100111111110010100010101001011,True,True,True,True,True,True,True,True,True,True,63,58,26,8,7,11,10,63,64
689,01111010101011001101011000101000011000100001010111110110001000111101110100011010101111000010110100100001000000000100000101101001,True,True,True,True,True,True,True,True,True,True,57,68,41,12,11,9,11,64,65
690,10010000010000000000001001101110111001000111010000010001101111110101100010111011101001110001001001111101010110000111000000001011,True,True,True,True,True,True,True,True,True,True,57,57,28,19,5,9,9,63,66
691,11111010100101011110011110100000010100001000001110001001111101110011000001001001000001101000110111101001010000000000011111010001,True,True,True,True,True,True,True,True,True,True,57,57,30,18,5,8,9,66,65
692,00001010001110010100001010000100010100001001011111100001010000100000010100100001100101001011110100101010100100001111111111100011,True,True,True,True,True,True,True,True,True,True,54,64,39,11,12,15,12,64,65
693,00100001111001000100011011100001011010001011000111010000101001010100100101110100100010111000011100011011110001000100101110110001,True,True,True,True,True,True,True,True,True,True,57,68,35,4,8,14,13,65,66
694,11110101101101011011010000011111000101011001001001100110000001011110110111001000110011000011001101110101000100100111110011011111,True,True,True,True,True,True,True,True,True,True,68,65,29,6,6,7,6,63,64
695,10000101100100100010110001001001100000110100010110111110101010011101101010010011001010111010111100000110000101000101101111111001,True,True,True,True,True,True,True,True,True,True,62,71,40,6,11,11,8,65,65
696,11010101000100101110110001010101010010001111011011000110101011010011011011100101000101111100010110010000110010100111110110001101,True,True,True,True,True,True,True,True,True,True,66,77,45,1,13,9,8,64,64
697,10111111000010100010111101001000000100101101110010001000000001100101110101001011001111010010111101111001001111000110011110101111,True,True,True,True,True,True,True,True,True,True,66,63,33,9,8,11,6,65,64
698,10010111010010010001111011101000100101000010110011100011111000101000011001010111111010000011010111001000100010101011000011001100,True,True,True,True,True,True,True,True,True,True,60,68,36,5,10,11,10,64,63
699,11001000100000101000101111010000011111000010111101100101111010000000101111110111101100100111101101010111011110100110110101010100,True,True,True,True,True,True,True,True,True,True,68,66,39,9,10,8,6,64,63
700,01010000001000111000101011100101001001111111100101010011010101010101010010100010101011110110100001101110011011011100101100000110,True,True,True,True,True,True,True,True,True,True,63,77,50,6,17,8,6,65,66
701,10110001011111101010111010111010101000011010111010101001101100110001010000101110110100010001010011001100011000000000110100011000,True,True,True,True,True,True,True,True,True,True,60,72,42,8,12,5,9,65,63
702,11011101111100100001000110000000001101111101111111011010001000100111111001100011110000111110111101111110011011100011000011111010,True,True,True,True,True,True,True,True,True,True,73,48,17,9,0,4,9,64,64
703,01111001111001010010101101010011110101010100110010100010000110000000011001000110100101011111101100010100110001111100111100100011,True,True,True,True,True,True,True,True,True,True,63,68,36,6,11,8,7,65,64
704,11010100101010110110000110101111001110011101000001000111011111010001110111011010100010101111111110010001011111000110010100101010,True,True,True,True,True,True,True,True,True,True,70,70,42,3,12,7,7,64,64
705,00010000010000000110101100000100011111101110111010011000101110100111011100101011110110001000001010000111111100011011110000101011,True,True,True,True,True,True,True,True,True,True,62,58,29,12,7,8,11,64,64
706,11010100000011000111100101111111111011000000010111101010010110001111011001111101110100110110101001101000011111000001000011101100,True,True,True,True,True,True,True,True,True,True,68,58,28,11,6,4,7,65,63
707,11101100101101100101100010101010110111111000110101101011100001000100000111011010110001000111100110001100000011000100111010011010,True,True,True,True,True,True,True,True,True,True,63,68,34,6,9,7,10,64,64
708,11100100100001001010100111011011110110110011001010010011000011111001111000100111010011110111100110101100101001011001100000001110,True,True,True,True,True,True,True,True,True,True,66,66,29,6,6,9,4,66,66
709,11001000001111011001010101101011111011011111110001011110011101000101101100011000011010111111010011110110100111001100011010011000,True,True,True,True,True,True,True,True,True,True,72,64,30,3,7,4,6,64,63
710,01111011110101001010110010110100011101111000110100110100100100101111111101011011000001001001001011111101011101000011001100000011,True,True,True,True,True,True,True,True,True,True,68,68,37,6,8,9,5,64,67
711,10011111100100000001100000011000101100010001100111010010000011101001001011010100011010011110110010000010011000001101010110110001,True,True,True,True,True,True,True,True,True,True,55,63,29,13,5,8,10,64,66
712,10011111000101111110110010101000010110111010001000001011001101101010111110111010000010010011101111111101010111010111011011000100,True,True,True,True,True,True,True,True,True,True,71,68,40,5,10,8,6,64,65
713,00100000001100000110010011100001000000001111010010111011101110010010011111011010010110111111000011101011111100000001001100110001,True,True,True,True,True,True,True,True,True,True,60,54,22,17,3,8,7,66,66
714,10011111110110011001001110101011001100000001110010010011011110000011110001111110011101011010110110011111011001010100101100101001,True,True,True,True,True,True,True,True,True,True,70,65,30,6,8,6,3,64,65
715,10010100011101011100000000000100000010110011110110000011011011011101101110001000110110000101101011000101100111100001101101110111,True,True,True,True,True,True,True,True,True,True,62,61,28,15,6,6,9,64,64
716,11110001100001110101100011101110101011000100101011010010010011010001011111000010101101101011100000001110110111111000011011000100,True,True,True,True,True,True,True,True,True,True,65,66,34,7,9,7,9,64,65
717,10110101101110001010101010100000100110011101100101011010001010110110101111110010111000000111100001000000101000000001000011011110,True,True,True,True,True,True,True,True,True,True,59,68,42,15,13,8,8,65,64
718,11101010110101011111111111100101111010110111011110001010010111001010101011001110101010110111111111000111100111000000001111111101,True,True,True,True,True,True,True,True,True,True,81,63,40,5,15,4,3,65,64
719,01100100111101101111111011011101101111110001100001011100111001101010100111100001000000110110000110110111001100010111110110001100,True,True,True,True,True,True,True,True,True,True,71,59,23,6,4,4,7,65,64
720,11101101001100101000100100011001100000111010001011100110011110001101011011110111001011101000110101000001101100001001111111011010,True,True,True,True,True,True,True,True,True,True,66,66,31,5,5,6,8,64,64
721,01110011010110110110110011100111010010100100010001011110110100011101000000100110110111010100011110111010111011101011001011000110,True,True,True,True,True,True,True,True,True,True,69,73,39,3,7,6,6,64,65
722,10001010000111101101011011100001110000101001111001011000101111010110010100101110111110100111001100010111001001010101010110110010,True,True,True,True,True,True,True,True,True,True,67,74,43,3,14,10,6,64,65
723,01101110011011010110010011010111100110110011011111110001100010100111101110000101011000111001101111100011010100100000100010101000,True,True,True,True,True,True,True,True,True,True,67,67,32,3,8,6,7,64,63
724,10100110010001010011001100111000011011010111000010011101010011111100011101110110110001101011010000101011010010011000000101000100,True,True,True,True,True,True,True,True,True,True,61,70,35,6,7,7,8,65,63
725,11100010110011111010110011010000001001101011101110011001011101101000000010111111001000011001111010000000010110010011010101000011,True,True,True,True,True,True,True,True,True,True,62,63,31,14,8,7,6,63,65
726,01101011100110111010001111100001001000001100110010010111001101000100001001111110111111000111000110111111000101000001010101011100,True,True,True,True,True,True,True,True,True,True,65,61,29,6,7,8,9,64,63
727,10111011100101000000010010110001011101011100011000001111001101011100110010000011010100001011111001000110010100110110010100110001,True,True,True,True,True,True,True,True,True,True,60,67,33,9,9,9,8,67,65
728,00111010011100110010011001111000011110010010101111110111111110011011011010101110011110100010001010101001001010000000100000101110,True,True,True,True,True,True,True,True,True,True,66,65,34,7,9,9,5,64,64
729,01011011010001101000010011101100101011110001110101110101001000000011011000010011101110001101000100110111111110101010100001010111,True,True,True,True,True,True,True,True,True,True,65,70,41,7,10,6,8,64,64
730,01000101110001011100110011101011011000010111011001101101000100100110100011111101100001000011101110010001010000110010110100011111,True,True,True,True,True,True,True,True,True,True,64,66,31,4,6,9,10,64,64
731,01100110010101110100001010011110001101001110000001010001000110010001101001111001101110011010110110011011010111110001110110111110,True,True,True,True,True,True,True,True,True,True,67,67,31,4,6,5,7,65,64
732,01000111110100100011010101000110000100001101100010110100101100011111110001010011001011101101111000101000000110101001111010010011,True,True,True,True,True,True,True,True,True,True,62,68,36,5,8,8,10,64,64
733,01100011100000100101110110110010000001010110010011000101100100100011001101010101000010100010101001101000100110101110111000110010,True,True,True,True,True,True,True,True,True,True,56,75,41,6,11,12,9,65,64
734,10010100110000011011011001110101101111101000111101011101010101111101000010101110101100000011101101111000000001101101101011000001,True,True,True,True,True,True,True,True,True,True,67,67,39,13,10,2,6,66,67
735,01100000000001111000100011000011000101010001010010000111000111001101110010000011000110011101000000110100011101010101111000101001,True,True,True,True,True,True,True,True,True,True,53,60,28,14,7,6,13,65,65
736,11010011011111101111100100001110111110011100011010110101010110000101000010101000001111110010011111011001001100010001001011110110,True,True,True,True,True,True,True,True,True,True,69,64,33,5,8,8,7,64,64
737,11011011111100010000011001110001010101101111000110100000000111110010101000001001100010011110010000000011110010010101101101111100,True,True,True,True,True,True,True,True,True,True,61,58,27,14,7,8,8,64,63
738,00011000100100000100000101100001011010101001011011101100000110110010111100000101110101011100010011011010111011010110000001011010,True,True,True,True,True,True,True,True,True,True,58,71,41,12,12,10,9,64,64
739,01110010110001001010111110110110011000110100100001101000011001000011010110011100000011100010011000100010101100101100000110101011,True,True,True,True,True,True,True,True,True,True,58,68,32,8,9,9,10,64,64
740,10111010111111101110100100000101000111011110100010000001010101010001010100010010100010110010101110101110111111110010011101110011,True,True,True,True,True,True,True,True,True,True,68,71,46,5,13,10,7,65,65
741,10111110111010011110010101010011111001001010110010110000000001001000010001111010011000101110110000001111100101111100010100101111,True,True,True,True,True,True,True,True,True,True,65,63,34,10,10,11,6,65,64
742,11110010100000000001111101001110110010011111100000001111101101101001011110111001011101111100110001110000001000100111000000001100,True,True,True,True,True,True,True,True,True,True,63,50,19,19,3,6,6,64,67
743,11000011111111001101110010000000100100010001011001111011010111111100101001000011001110011110010000001011111011100000001001010011,True,True,True,True,True,True,True,True,True,True,63,55,23,13,5,11,7,65,64
744,00100010111111110001000011111000001000110110000011110110111011111001000011100010101011001110011100001001100000101000011100010011,True,True,True,True,True,True,True,True,True,True,61,54,21,10,5,9,12,66,64
745,00010011000101111110000000110001000001110001101010010111110000001010011111111000101111111011011001111011101111011101111010101010,True,True,True,True,True,True,True,True,True,True,70,57,30,9,8,6,8,63,64
746,11001010011011011011101111101110111101010110110101001100101111101101010000010110000001000110100000101111000110101110100010110001,True,True,True,True,True,True,True,True,True,True,68,71,41,7,10,6,7,65,66
747,11111100001000001000111000111011110011100111000100011101111010100100111111111101100100100101111100000001110100001101000100111110,True,True,True,True,True,True,True,True,True,True,68,52,21,8,2,8,9,64,64
748,01001001011111010011100101110001010010000011101000110011111001000101101000000111110110001000001110100010001100110100111111111001,True,True,True,True,True,True,True,True,True,True,63,60,28,7,4,9,9,64,65
749,11101101001101100111110000110100000010011100000100100111111010011010100111111110011101010111111100100110110100111000100110000001,True,True,True,True,True,True,True,True,True,True,68,59,26,9,3,5,5,65,67
750,01011101010010110000011010111100000000110101100010111101100000100111000100010011001101111101110000011111100001111001101111111111,True,True,True,True,True,True,True,True,True,True,68,54,24,12,6,5,8,64,64
751,00011110001111101001010100001110100101011011110100111010000011101110011101011111010101100110100011110010000100010101000110010110,True,True,True,True,True,True,True,True,True,True,66,69,39,4,10,6,8,64,64
752,01010110101011001110001001101011111110101100101100110011111010100010001001000011011100111001000001101100111100111101000111000001,True,True,True,True,True,True,True,True,True,True,66,66,32,5,8,6,7,65,67
753,10100110000000000010100100110111101011010100111011100000100010100110011110001010111010111000101100000110000101001111010100000010,True,True,True,True,True,True,True,True,True,True,56,66,38,16,10,8,8,64,67
754,10110001100101101010110010001011000000111100111000110000111111111000111000000001000001101011111101011000000100111011101110000001,True,True,True,True,True,True,True,True,True,True,61,53,23,17,6,5,10,64,67
755,10111111010110000000100101001110101010001101000100101000001111010101010110010100010000111001000100010101001110001100101010001111,True,True,True,True,True,True,True,True,True,True,58,73,46,7,14,10,10,66,64
756,10110011110001000111100101100111101111100110101001111011010010000011001110001110010110111001010000101000010010100111111111111001,True,True,True,True,True,True,True,True,True,True,70,61,28,4,6,8,6,64,65
757,01110011001101011110000101001011101110000000011010011001000110011111010010100000001101111100101001010001010100100111110100101101,True,True,True,True,True,True,True,True,True,True,62,68,37,10,9,9,5,66,65
758,11110010100011100011000000011101000100011001100100011101011100111100101011110110011001110010101011000001010110000110110001111000,True,True,True,True,True,True,True,True,True,True,62,62,26,7,9,6,9,64,63
759,11000011001010001110100110011000000110111010100100110001100010011110111011111010010000110001111101000010100101111100101111110111,True,True,True,True,True,True,True,True,True,True,67,61,27,6,5,7,8,64,64
760,01011100001010011011101010111011000011110110000011110010110110110011011111000100011110010100101010001001010111000010001001110000,True,True,True,True,True,True,True,True,True,True,63,67,35,6,10,9,8,65,62
761,01110000111000011110010000101000101111001100110011000110000011001011111100011110100111010000110000001101110101000101101101100001,True,True,True,True,True,True,True,True,True,True,61,58,23,10,5,5,11,63,66
762,11100110001111100100101110000111101001111011110010000111110001110010110000111101010101110000110011001001000101110001010000110000,True,True,True,True,True,True,True,True,True,True,64,58,23,6,7,8,9,64,63
763,10110101100011110011011101100111011011100011000110100010000011100110011011010001100100010011100011100010110101010100000101111101,True,True,True,True,True,True,True,True,True,True,65,67,31,4,6,5,10,64,65
764,11000111001011101111011110110010110110101101110110101011101001100000001011101111101111011001100111010111111000000000110100101011,True,True,True,True,True,True,True,True,True,True,74,65,34,10,9,4,3,64,64
765,11110101011011010011111010111110010101000010101001110100000000111001101111111100011101100100100101001110000011100111001101000111,True,True,True,True,True,True,True,True,True,True,69,63,32,8,8,5,5,64,65
766,10110101101001000011110010100101111110101100110010100111100110010111101010110100001110001011001010101011110101011010111011101000,True,True,True,True,True,True,True,True,True,True,70,78,49,2,16,7,3,64,63
767,10011010101001100100110100100001000110010110111000010011011110110100111010010100011110110111101100011101001100111110000100110000,True,True,True,True,True,True,True,True,True,True,64,68,31,4,4,7,6,64,62
768,01101011101000110111010110100111111100101010101100001011101011111001001011111111100000100011001101011101101000110011110000000101,True,True,True,True,True,True,True,True,True,True,70,66,38,7,11,6,6,64,67
769,10110111101000001100111011101001001011110001110111010010110001011000000010010001011100000101010101000110111010110001111010011110,True,True,True,True,True,True,True,True,True,True,64,68,38,8,9,8,8,63,64
770,01010111100111110000010101001001010101110010110100100011111000110111001011001001010010100101010011011110111100110101001011101101,True,True,True,True,True,True,True,True,True,True,68,78,48,2,15,11,3,64,65
771,11101000111001110101011000011100010011110100100110100101101000000001010001100111011100000000100110110111011001001110100111011011,True,True,True,True,True,True,True,True,True,True,63,65,30,11,4,6,6,64,64
772,10010001100001001100001001100001010000100010010101111101111010101010100101101001000101011101101000001011100011101100011101101000,True,True,True,True,True,True,True,True,True,True,58,72,42,6,11,11,10,63,63
773,00010000001111001010001110010000110010001011010100010110011100111011000010111100110001111001011110110110100011001011110101001101,True,True,True,True,True,True,True,True,True,True,63,66,31,5,8,9,9,64,64
774,10000011011100100001011110001001110101011001111010001111000011111010001101000011100000100100101110100000000101100000011010100110,True,True,True,True,True,True,True,True,True,True,57,60,30,15,6,7,10,64,64
775,01101011101110101100000111101000111001001100011010100111000001011000011110111001001000011011101011000111010100100101001001101000,True,True,True,True,True,True,True,True,True,True,62,69,35,6,7,7,7,63,63
776,00101100100110001101110010100000111110010001100101010110100001110110111101010011011011000001010110000101111001110100010110101011,True,True,True,True,True,True,True,True,True,True,64,72,39,6,12,8,7,64,64
777,00000111100011000010101100010111010111001001101001101010001110110000101111110001110101001101011000101001110100111100110110001000,True,True,True,True,True,True,True,True,True,True,63,67,33,4,9,6,9,65,64
778,01011110001000011100110101111001000110011101000011000000111111001011111110011111010000010011101100111101100101100010011000101111,True,True,True,True,True,True,True,True,True,True,68,56,22,7,5,7,8,65,64
779,01100000111010101011011100000111110000010111110011111000110011000101000101001011110111001110000110110100011110001110011111110001,True,True,True,True,True,True,True,True,True,True,68,56,24,7,7,4,10,64,66
780,11001011011000010010010011110101111100011000011101100110111111011101001001111100010001000110011000111000011011001110010100011011,True,True,True,True,True,True,True,True,True,True,67,61,22,3,3,8,9,65,64
781,00001010100011101110110010000111101100100101101011011010110101001010101110111001011001101011000010111111111101100000101111100001,True,True,True,True,True,True,True,True,True,True,69,70,41,6,13,8,6,64,66
782,10000101000011010101101011001101011101111010010100000010111001101001110101000000011011011001111110110000110110001111110000110000,True,True,True,True,True,True,True,True,True,True,63,64,33,12,8,3,7,64,64
783,10100010111111110000000011000110011110100011110111110101100000000101110001111001001110011000010110010000000100101100001111110000,True,True,True,True,True,True,True,True,True,True,60,50,20,17,5,7,9,62,62
784,10000110101000011101101001110011101110001000101011110100011011010001001111000111011101011000011000000110111010100100000001010001,True,True,True,True,True,True,True,True,True,True,60,65,34,10,6,5,11,66,64
785,11110101001110110000110001001000100010000101100001001000000010010110110111110000100000111100000100000110010101000100100000011011,True,True,True,True,True,True,True,True,True,True,50,59,28,17,5,14,13,64,65
786,00100100010101001111010001010000010100011011000111111101100010010001111000011001101001110110101100110111100110011001011001101111,True,True,True,True,True,True,True,True,True,True,65,66,29,3,6,8,8,67,64
787,01011101000101010000010110010010100111101011001010001000111000011111110110011010111101001110111100101011100010010111011000000010,True,True,True,True,True,True,True,True,True,True,64,69,40,7,11,10,7,64,67
788,11111001011111101111111100111001100101001001000100111011101010100111011000100110110011101101001110100011000010001011011111001011,True,True,True,True,True,True,True,True,True,True,73,65,30,1,6,9,5,63,64
789,10000000110111111001100010011001111000101110000000111010111101100111111101000110101011100011010100001101110101100110101101010011,True,True,True,True,True,True,True,True,True,True,68,63,31,9,8,2,7,64,65
790,01010101001111000100001100111110011101110011110011101001010001000111101000000000111110001001001011011110111111100111011000111100,True,True,True,True,True,True,True,True,True,True,68,57,25,7,5,6,7,67,63
791,01110000101010100100110011100000100101010010011101101111111100110101000011000001000101000111001111011001011001001010100101110111,True,True,True,True,True,True,True,True,True,True,63,70,38,6,11,11,6,65,64
792,10100011001001010110100010000111110000111110010111010000100110101010001101101100101110100011001100110100101111100011100100010111,True,True,True,True,True,True,True,True,True,True,64,69,35,3,8,9,9,65,64
793,00011000100110010101011100101000110110001000111110101000010011100000001111001100111011110111011101100111011010001011001101100000,True,True,True,True,True,True,True,True,True,True,63,63,27,7,6,6,8,64,62
794,00001101110100101010000110101001000010111001001110101110111011100010001010100100100000111100011000110010010000010110010111010101,True,True,True,True,True,True,True,True,True,True,58,72,41,7,11,12,9,65,65
795,01110010011111101011010011001110100110111101010101111100100000010001100100000010011100011100111011000001101001111000101011111101,True,True,True,True,True,True,True,True,True,True,67,62,30,8,6,6,6,64,65
796,10101000011111000110001001101100001001011100000011101010000010110111110011111001011010110010100010101001110100010110010101101101,True,True,True,True,True,True,True,True,True,True,63,71,41,7,12,9,8,65,65
797,00001101001010101011010111111110110000011000010000001110101101001111111100001010111001000110000001010100010100011011110110110100,True,True,True,True,True,True,True,True,True,True,62,65,38,11,11,6,9,64,64
798,00010001010001111110010101100001100101010010011011010010001001010001110010100011010000110110010111110011100100100111111000011110,True,True,True,True,True,True,True,True,True,True,61,67,33,3,8,12,9,64,64
799,01010010101001011010000010100111101010000000101000000011100000111110111000100110010010010010100111100010110010000010110100001111,True,True,True,True,True,True,True,True,True,True,54,66,38,15,10,12,8,65,64
800,10000001100101111001110000111111011000000011011100101011111111100000111110001000101101100100001000101000110111101000110001100100,True,True,True,True,True,True,True,True,True,True,62,54,22,11,5,8,11,64,64
801,01101000111010011001111110010011010000100001000000101110001101110010101000111101011000110101110010101110000111100011000100111000,True,True,True,True,True,True,True,True,True,True,61,63,29,6,7,7,10,65,63
802,01011111110111101011110010010011000111011001011000001110111010011111110100111101100010111011110111010101010101011000100110010010,True,True,True,True,True,True,True,True,True,True,74,69,39,2,10,7,4,64,64
803,10110101001110100010010010001000111001101111101000010111111100011111001101011001110010110100000011111010110011101001101011001111,True,True,True,True,True,True,True,True,True,True,70,65,32,4,6,6,6,63,64
804,11101011001000100011001100111110000101110010011101111011110001010010110001100110111111000111100000010010110100111111100011011110,True,True,True,True,True,True,True,True,True,True,70,58,23,4,5,8,8,64,64
805,10100101011100101101100110001110100011010010110011000011011110010001101000101011000101001011011110110000111010111100011110011011,True,True,True,True,True,True,True,True,True,True,67,71,35,2,9,7,8,64,64
806,11001101100010011100100001010011000111011110111111111011100001001110101000111111000000101110010000000110010010110100010101001110,True,True,True,True,True,True,True,True,True,True,64,60,28,9,6,9,8,64,64
807,00111110101010100001111000101000111101111010010001101000111101010100111000111011100110010101011100110110001101000111010110010011,True,True,True,True,True,True,True,True,True,True,68,70,37,1,10,4,8,64,64
808,00001011010001110000011001010100011001100001100111001010100000101100101001000110110001000010001111111010000000111110100010001001,True,True,True,True,True,True,True,True,True,True,53,62,30,11,7,10,13,64,65
809,00001111001101001101000000101011110111010011101010101000110111000111011110110100111101110100001101111100001011001001011111010100,True,True,True,True,True,True,True,True,True,True,69,67,37,6,8,4,6,65,63
810,00110101001110001111111001111000111101110100001000110101001000011001110110101011011111111000010010011111111000001001010111111100,True,True,True,True,True,True,True,True,True,True,71,57,27,5,6,6,7,64,63
811,00111000001101110001001010011100111010010110001110001000100010110010111001101000101000101111101111111000111011011011110001000110,True,True,True,True,True,True,True,True,True,True,65,63,28,2,6,10,11,64,64
812,10111111001101101001100000100011000100001110100010010010011000100110111010100000000001011110111100011011111010100101001110110100,True,True,True,True,True,True,True,True,True,True,61,64,32,10,4,8,8,62,64
813,10100011010110101111111000011110111101101101101111011111000100001100011011111010010110010110101001000011101101010010001010111000,True,True,True,True,True,True,True,True,True,True,71,68,38,3,8,6,7,64,63
814,11001111001110100010010000101001010100001101011100000100011101101110110100101111111100110101000001101100101100101000000100001011,True,True,True,True,True,True,True,True,True,True,61,67,36,10,9,10,8,64,64
815,10111101100100011000111101000010011101010111011010110000101010111101101001010000100110110011000111001010110100010111110001010010,True,True,True,True,True,True,True,True,True,True,65,74,43,3,11,9,8,63,64
816,01001010001110100010100010001001100100010011000101101110000101001001000101110000000110111000110011000010010001101001001101001001,True,True,True,True,True,True,True,True,True,True,51,70,34,6,5,15,12,63,65
817,00110100101000100001111111111110110011001110100001010100011111100011000110100001101111000111101010011100010111001100111011001110,True,True,True,True,True,True,True,True,True,True,69,59,25,3,5,4,9,65,64
818,10110110100000000010100100101100010000000000000111101001011000110101110111001110001100011100100011100111010101111101110110000000,True,True,True,True,True,True,True,True,True,True,57,58,28,20,6,6,7,64,61
819,00001000100100101110111010100001100100001001111100011110111011010001111000101111110011000101101100010001010110010001000010011011,True,True,True,True,True,True,True,True,True,True,61,64,30,4,6,13,12,64,64
820,10111100000011000010101101011000110111010100011011111111010100001110110011101010111110101111011100000010010111101011001010010011,True,True,True,True,True,True,True,True,True,True,70,67,39,8,11,5,6,64,64
821,01000111110010100111100100001000010111101101111001001010110100000101110011001110001110001000001001101100011110011010001111000100,True,True,True,True,True,True,True,True,True,True,61,61,26,6,5,10,10,64,65
822,00010010010101111001101010011001010100110100100000001010011000011110101101110101110001101010101011011110100011001110111010101010,True,True,True,True,True,True,True,True,True,True,64,79,50,5,15,6,5,64,64
823,10001011110111011110001110101001010111110100100101000000000000000010100001001001100001011001101011100010010100001011000011011101,True,True,True,True,True,True,True,True,True,True,56,65,38,17,10,11,8,63,65
824,10111101110011000111010000101110000001101000111011010101000010100100011001110111100000101000010010010110010101111000111110101000,True,True,True,True,True,True,True,True,True,True,61,66,36,8,9,8,9,64,63
825,00111110100101110001010010010000101111101000011010001011001111111010101101011101010001010011100011111000011001000111101100000010,True,True,True,True,True,True,True,True,True,True,64,65,36,6,9,9,9,66,67
826,11101011100100001010110000101100010101010010010011101011010010100000011110010000100001111100011001100001010000100111011111110100,True,True,True,True,True,True,True,True,True,True,59,66,36,9,10,11,9,65,64
827,11010111100100111110001000110001001001111000111010000001111010011010110101100000001010000110110100000110100110111000101101001011,True,True,True,True,True,True,True,True,True,True,61,65,32,10,6,7,9,65,64
828,00110000000010101011110011111000000011101001101001011111110010011010010000011000000111000001010110111010111010111001011000111110,True,True,True,True,True,True,True,True,True,True,62,59,30,16,9,6,6,64,64
829,11110010000111110111001111000100100000000110010101001101000111100110001000011100001001101001111010101000001111010001110110100100,True,True,True,True,True,True,True,True,True,True,60,60,27,10,4,7,9,64,64
830,10010011001111100111101111100100111000111011010001000110001000100000101001011011110011001011010011110001000101110110011101010110,True,True,True,True,True,True,True,True,True,True,66,66,30,2,6,10,8,66,64
831,11011010010111001001011010010010101101110001100001011110000111111011000010110000011000011010000111100100101000001101010010001000,True,True,True,True,True,True,True,True,True,True,58,66,33,9,8,11,9,64,63
832,01110111100101001000000101000100100111110100101011000001111111100001001111110000001110000000011010000111100110111011011111010000,True,True,True,True,True,True,True,True,True,True,62,53,25,16,4,7,7,65,63
833,01110100110000001100100101000100100010011111101010110111001011111101000000111101110001001111100011001110101010100111001100110110,True,True,True,True,True,True,True,True,True,True,66,65,32,6,7,7,6,64,64
834,11011000110001010100011110001100011001100110101111111110101011110001000100110110101000000010000001111010010000100011000111000001,True,True,True,True,True,True,True,True,True,True,59,59,27,10,6,6,13,64,66
835,00100100101101111110001110101000100110111110100011001101011011010011011101011101101001111100011101010100010101101110010100001010,True,True,True,True,True,True,True,True,True,True,69,75,44,1,10,7,6,64,65
836,00010111100110000110111110001100011100111111000001101101111011001010010000011010011111011101101110100111000000100101000010100100,True,True,True,True,True,True,True,True,True,True,64,59,25,9,4,7,8,65,64
837,10111011000011101000101000111101010010101010101101101000111110000100111010000111100100101110000001110110000111011110010100000100,True,True,True,True,True,True,True,True,True,True,62,66,37,9,9,7,9,64,66
838,11111010000111010110011110111010110101000101101101101011001011110000100101100111100111001011111110100110010101110010101100111010,True,True,True,True,True,True,True,True,True,True,74,72,40,2,12,7,3,63,64
839,11110111101010101011000000010001010111000100011001110000001110000000010011110000110111100110101010110111110111011101011110001001,True,True,True,True,True,True,True,True,True,True,65,61,33,13,10,5,8,65,64
840,00000001001101100100100101010001110001100100101110101101000000000111010000011011010101011100010100000100001001100101111111101010,True,True,True,True,True,True,True,True,True,True,55,67,39,15,10,10,8,64,64
841,00001111110110011110111000000000100011100111001011000011110101100001001000111010011001001010101111000010011110010011110011110010,True,True,True,True,True,True,True,True,True,True,63,57,23,10,5,9,7,64,65
842,01100001010101010000001100011011001011100100000011100011011110110111100011101011110000110101100110000001100001100011100000010001,True,True,True,True,True,True,True,True,True,True,57,58,25,15,7,4,12,65,65
843,11011000011000010100101110111001101101111000111111011010101011001100011011010011111001100110010011101100101110010010101010011011,True,True,True,True,True,True,True,True,True,True,71,71,33,2,9,6,4,64,64
844,11101101001010101111110001010001110110111101000001111100000001110011000101001011111010110111100110110101000110010010000111010000,True,True,True,True,True,True,True,True,True,True,66,64,34,8,8,6,7,66,63
845,11101000101100000100111011110101000100101110011110001100010100010111010110011110000100111110111100100111000001001000010001011100,True,True,True,True,True,True,True,True,True,True,62,62,29,6,7,12,10,63,63
846,01011100000010001111000001111011000000001111100001001011100011111111111100001100000001101111110101011001100100110101000110010101,True,True,True,True,True,True,True,True,True,True,63,52,24,16,7,5,9,64,64
847,10111000001001000011001101111000000100110100111111110001110011000100011110111011010101101000001000101000010011000110110100100100,True,True,True,True,True,True,True,True,True,True,59,62,28,9,3,9,10,64,64
848,00010010101101101111111011011101100000001101010101011010000111101110110101010100110011011111110111011101100101010110011000000111,True,True,True,True,True,True,True,True,True,True,72,70,41,8,12,3,4,65,66
849,11110111110111010001110010111000001100011111011001100011110100111001000010110101000101100100000011010010010001001101101101010000,True,True,True,True,True,True,True,True,True,True,63,64,30,7,5,8,8,64,62
850,00110100100101111010001000000110101010110010110010111111110000000010101110111011111111100110011100111110000010000100000100101001,True,True,True,True,True,True,True,True,True,True,63,60,32,13,9,10,6,62,65
851,11111100011101101011000001010000000101100010001000001100110110010001010010101100011011110111110000000011100001011100011000110111,True,True,True,True,True,True,True,True,True,True,59,57,25,14,7,8,12,64,64
852,01110001110101000101111010001100111111001101001100010100010101110111110010110000111000100101001000010101100011100110000000100010,True,True,True,True,True,True,True,True,True,True,60,65,33,6,9,10,11,64,65
853,00101010011110001011100110111011110110000100111001000010110001011000110011001111111011001110000110111000111101010000010000101000,True,True,True,True,True,True,True,True,True,True,63,61,26,6,7,8,9,64,63
854,01011101000011010100100100111010111110011110010000001100111111001110101011110011001011101010101101111010111100000101001000000111,True,True,True,True,True,True,True,True,True,True,68,66,37,9,11,6,4,64,66
855,00100001000111011000011110110011111000011010111110001110001100110000000011111100001101111011001001001001101101111111011101101010,True,True,True,True,True,True,True,True,True,True,68,55,21,9,2,5,8,65,64
856,11100010001100011001111010100110011100001100010101000010000000000011010001001110011111110100001110100111011000010001110000010111,True,True,True,True,True,True,True,True,True,True,57,55,22,14,4,6,12,64,65
857,10001100101011001101100001100100001100100010101110101011000101101001001001100110001111000000011000101111110100100011011101010001,True,True,True,True,True,True,True,True,True,True,59,69,34,6,9,9,10,65,66
858,01001111001010100101000101101101001011011010011111101010010001111101100010100011110111000111111011110011110001011001000001110010,True,True,True,True,True,True,True,True,True,True,69,67,36,2,8,9,7,64,64
859,01001100000101110010100011110111010101101001110101001111011101110000110111011010111010101000111101010000100110011010000000010010,True,True,True,True,True,True,True,True,True,True,64,71,42,9,9,5,6,64,66
860,00000001110110000011100101100000000011011011111011110110100001000110100001010110011110011000001101011011010110001000001010001100,True,True,True,True,True,True,True,True,True,True,56,59,27,18,6,5,10,64,64
861,11111000010001110100101001101001000010001110110110011110100000111100000100110100011111011011001010100100100011000010000011010010,True,True,True,True,True,True,True,True,True,True,58,64,31,9,3,10,10,66,65
862,00010001001101101011101101000100110001100111010101100001101111110001001010010001001010010100000111101000001110111000101001100001,True,True,True,True,True,True,True,True,True,True,58,68,35,6,7,10,11,64,66
863,11100100101110100110011111100100110011011101101011100011001000010001000001110001100101110100011001110011010100010001010000010010,True,True,True,True,True,True,True,True,True,True,60,66,29,5,5,11,9,64,65
864,10000111010010100011010010111011011011001001101001001100100000100101100100011010011000101111010110011100000100001011111111001000,True,True,True,True,True,True,True,True,True,True,60,68,33,6,6,12,7,65,64
865,10000000000100101011010000010010011101100101111011100110011001001110101001010000011000110011011000101000001010110010110001010101,True,True,True,True,True,True,True,True,True,True,55,71,39,13,12,11,7,65,65
866,01101100000000110011110000011100100111000001100000001001101100101100100001000111000100100001100111111100010000110110000010110111,True,True,True,True,True,True,True,True,True,True,54,52,16,18,2,9,11,65,64
867,11110101110110001101000111111110110001010001001001111101100101111011001110001000010000011010000111010110101000101001010001101101,True,True,True,True,True,True,True,True,True,True,66,67,36,4,7,8,10,65,65
868,11110111111000101011100000110101101001100010101110011101001001000011110010011110110011110011101010010000000010000010110011100110,True,True,True,True,True,True,True,True,True,True,64,62,29,10,7,8,6,64,64
869,01101101001001110111000000101100111010010110000000101101110111101011110110011110000111000100100111111010010110110111010000111010,True,True,True,True,True,True,True,True,True,True,68,65,33,9,5,7,5,64,64
870,01010011110100111110011100100111110010110110000001011111101001010000101010001110100101011110000101010010110100110110100111100001,True,True,True,True,True,True,True,True,True,True,66,70,41,6,11,8,5,64,66
871,10000010011011110000000000110110110100011100010010011110110010111010100110110001000100000000100101111000010000100111000100101110,True,True,True,True,True,True,True,True,True,True,54,60,28,16,4,12,10,64,64
872,11000000110001110100101010100001011000100011000110011011110001111110110110111001011111100010011011001101111111111001000101111100,True,True,True,True,True,True,True,True,True,True,70,58,24,4,6,7,9,64,63
873,01011100110001011101011001011000001010110100100000000100100100100010111001111110100101010111001010000001011011010100110111111111,True,True,True,True,True,True,True,True,True,True,63,70,42,10,13,12,5,65,64
874,00111110101100100100110101100011101100010000001101110101010111101011101010011111101001101001001001101001111100010010000111000000,True,True,True,True,True,True,True,True,True,True,64,67,35,7,7,7,5,65,62
875,10101000010100111101000111111100010001010111101011000000110100100011011010011100111011000100011000100111000011111011110101011111,True,True,True,True,True,True,True,True,True,True,67,63,33,5,7,6,10,64,64
876,01100000110011110100001100001111100011101001001010101001100110100100100001001000101000111001010001100100101001100111011001100110,True,True,True,True,True,True,True,True,True,True,57,69,31,5,6,10,8,63,64
877,00100010011010011110111100001110011101110110110101111010011011001001010011011000010110010110100000111100011010001101001000111101,True,True,True,True,True,True,True,True,True,True,66,68,32,4,4,7,7,64,65
878,01100100110110101101011101011000110010000011001011110011110011001111001011001001110010001000100101111010101101010010111101001000,True,True,True,True,True,True,True,True,True,True,65,73,37,2,10,11,4,61,63
879,01111011110011000100100100111100001010000000010010110100101001001110110110111010010001100001010111011111110110011111101000000100,True,True,True,True,True,True,True,True,True,True,63,63,32,10,5,11,6,64,66
880,11001010110110101110100001001100000001001010110000110111001001011101000110111011110000110110001001101001011111010111001110101111,True,True,True,True,True,True,True,True,True,True,67,69,36,7,9,8,6,65,64
881,10001111111011000000110011011110001100011100000001011100010111110101101011001111110011100010111111101011010001001101110111000001,True,True,True,True,True,True,True,True,True,True,70,55,24,9,6,4,9,62,67
882,10100001001011111010110011111101111100101110000011000100100000110011000111101110111110000101011100000101000100101100000100110100,True,True,True,True,True,True,True,True,True,True,62,60,29,10,7,10,9,64,63
883,00000111110011010100001010000100110101010010110011001001100000101101110001110011100101010011010001000101101101100011010011011001,True,True,True,True,True,True,True,True,True,True,59,72,36,6,9,8,8,64,65
884,00001100001011100000000110110010100101000100011111101000000110101111011110110110010000101101100100000010111101101010001011101011,True,True,True,True,True,True,True,True,True,True,60,64,35,14,9,9,9,65,64
885,10101010101100110111110110000100000101111111100001000001000010010001001111010100001010110010111001010000010101000111000000010000,True,True,True,True,True,True,True,True,True,True,54,64,39,15,12,12,10,65,66
886,00101000100101111110011100000101011111101000110001110110001010101110111100110100110011010100110011110101011010010011000100010001,True,True,True,True,True,True,True,True,True,True,65,70,37,2,10,8,8,65,66
887,11011010110010001101111011100110000110001100100001101010011000001110010100011000110101101010000000100000101111100100010010010111,True,True,True,True,True,True,True,True,True,True,58,65,30,10,7,9,10,64,64
888,10001000010011110001001101100110000100101101100110010100110001010011010010100000001110100100001010100001111110010111111000011100,True,True,True,True,True,True,True,True,True,True,57,64,30,9,7,11,9,64,64
889,11111000111010110000010011111001000010000010011111100010000110101111011100010101110011000001001111110110100010110100011111110110,True,True,True,True,True,True,True,True,True,True,67,56,26,8,5,8,10,63,64
890,11111011101001100100111001101100110111101100111010000101100111001011011100000110110010011011101000111110110011001010001010101010,True,True,True,True,True,True,True,True,True,True,70,70,33,3,7,6,4,65,64
891,11000111000100110110011110010110101010110000101101001111010111000111000110100101110111001101010000100100011000101001111011000011,True,True,True,True,True,True,True,True,True,True,65,69,33,3,9,7,9,64,66
892,10100000110111001001110101011111111101111100011101000110001000111011110011111010110100000111010111100011000010010011000111111111,True,True,True,True,True,True,True,True,True,True,73,55,25,5,4,4,9,64,64
893,01010011111000010010100111010000101101000000100010011011010011111011100101001011111000010001100110110001101000001010100111100111,True,True,True,True,True,True,True,True,True,True,61,66,34,8,7,9,8,66,64
894,01111101100001000011100010011101011001110110011001111110000000101100101011011001101110001011100011110100110000000011010100010000,True,True,True,True,True,True,True,True,True,True,61,59,25,12,6,6,8,64,62
895,01111000000110111111101101011111011100111011100000010001111100011000110000010010101001110010101100011001011101111111010000011010,True,True,True,True,True,True,True,True,True,True,68,57,27,10,6,5,8,64,64
896,00010100111001000010101110111010100000100110101011000011111111011100100000110000100111011111100101101101001000001010111011100010,True,True,True,True,True,True,True,True,True,True,63,65,36,9,9,10,8,64,65
897,00101000100101101001111000000101110001000010000101001110001001001100111001110001101001111101011011011011110011100110111011100000,True,True,True,True,True,True,True,True,True,True,62,63,27,7,5,9,7,67,62
898,11010100111101001101011010111011110010010100010000100010011000011010001100011000001110101111010000000000111111101011100011001111,True,True,True,True,True,True,True,True,True,True,63,61,30,11,6,5,9,64,64
899,10111010101101110001011011011001001110100011111001010101101000101111000010001000001100101010011000001010111001001010100010011111,True,True,True,True,True,True,True,True,True,True,63,73,43,5,13,11,8,64,64
900,10101011101001011000110001000111101100010010001101010000111100111000110001101000010111000111001001101001101101001110000000010110,True,True,True,True,True,True,True,True,True,True,59,66,31,7,6,7,11,63,66
901,01100011010100001110010111010101101110100101110011111001011001111000101110010100001101010011001101000011011110001010101010101000,True,True,True,True,True,True,True,True,True,True,65,75,44,3,15,6,6,65,63
902,00001100011001111101010000011001011100010000101011001100100000101110000001111011111110111000111101001100000010110010010111101110,True,True,True,True,True,True,True,True,True,True,62,57,25,12,7,8,9,64,64
903,00100101000011110001110001100101101001001010011011010100100000000101011011101110101011111011110110010000101010101111010100101100,True,True,True,True,True,True,True,True,True,True,63,75,46,7,14,10,5,64,63
904,00100110010110110001100110101100011110100101011101101100111001101111101101111011011000101000000101000011100100010010011001010101,True,True,True,True,True,True,True,True,True,True,65,72,36,4,9,9,6,64,64
905,11100111000110100000010011100000100101100011001010001010110000010011111100110001001100010110101010100011001110001010110110101001,True,True,True,True,True,True,True,True,True,True,58,69,35,7,11,9,10,64,65
906,11100100001011110000101111001100000010001000011110000010010101110111101110010100001000010100110110101011001001010011111101000011,True,True,True,True,True,True,True,True,True,True,60,63,33,11,9,12,9,66,65
907,01110110100100100101101110111000000000101111100101110100100010010111111001110010011000111100110111000101011100000101110011000100,True,True,True,True,True,True,True,True,True,True,64,63,29,8,7,12,6,62,65
908,11011000110010001111111011100001001010110010110111110110010011100100111111101001110100111001100000110001011010000110100000100100,True,True,True,True,True,True,True,True,True,True,65,62,26,6,4,9,7,63,64
909,01001101111100010111110101110111100101100010100001000101011101011010010010110100000010011100001010000101011111010011001100101100,True,True,True,True,True,True,True,True,True,True,63,71,41,6,12,11,7,64,63
910,10010001001101100111110010101110100000011011011011101100001101001000101011001111101000001100110011111000110010000110110111111110,True,True,True,True,True,True,True,True,True,True,67,62,27,7,4,6,7,64,64
911,10001010001101000001111100111001001001011111001110010100011100110100110010010100001000011100111100011011001110000110011001010011,True,True,True,True,True,True,True,True,True,True,61,63,24,5,5,9,8,64,65
912,10110101001100000010110101010111001110100110001001000001110001110011000101001011001000111001011011111010010010101000001100110110,True,True,True,True,True,True,True,True,True,True,60,72,38,7,10,9,7,65,64
913,11000001110010011100110110100010101001110101011000100001101110101000011101001011101001111000010011110010101101101010000110010101,True,True,True,True,True,True,True,True,True,True,63,73,41,6,11,7,7,64,64
914,00110011100100000100101110011101011110011010111001101010101111010001010010001001110110011110011011000010000000001111111100001101,True,True,True,True,True,True,True,True,True,True,64,62,29,10,7,7,6,64,65
915,11000010011001100101100110000111000010001010101001100110010100100011100001001000011111011101100010101010111110101110011000111101,True,True,True,True,True,True,True,True,True,True,62,67,32,5,10,9,9,66,65
916,00001101001010010100011011101111110011001101000000100100110111100101001011011101100010111001100100000101111111010010101111001111,True,True,True,True,True,True,True,True,True,True,67,66,33,6,8,10,5,65,64
917,01111110110000100111111101011010111011011100000111000101100101110101100001101110011110101010001110000101001110010000101111011010,True,True,True,True,True,True,True,True,True,True,70,65,35,6,9,6,7,64,64
918,10010011111111101001100100010010001010110010010111011101110001011001111100100101010000001000111100010011100100011111111100011010,True,True,True,True,True,True,True,True,True,True,66,62,30,3,6,13,8,64,64
919,11000100100000100010111010010101101001100010101010101111000101100101011011100010101101101000101111011011111100100010011010010011,True,True,True,True,True,True,True,True,True,True,64,77,46,2,14,13,8,65,64
920,10011010011000011111011011010001000100010001000010011010100001101001110110100001000010011100011010000101111110101011010111010001,True,True,True,True,True,True,True,True,True,True,59,69,38,6,5,8,12,66,65
921,00110110100011001010000111101111110010011000010001111000111111111000100001001001000010000111000100000111001000110000001010101110,True,True,True,True,True,True,True,True,True,True,57,55,23,10,4,11,13,63,64
922,10010101011110111010100111110111100010011111001010001010000001111010000101100100000010110100101100011110101001001111011100011011,True,True,True,True,True,True,True,True,True,True,66,67,38,7,10,9,7,65,64
923,00000010010110011001010011111111010111011010011011110110011110011111001100001110101001011110101100111111100110001010101111000101,True,True,True,True,True,True,True,True,True,True,73,64,32,4,10,6,4,64,65
924,10110101001011100100011101111001010001110101000110111011000111011101001010000011000011010011101100111001011100000001010011010010,True,True,True,True,True,True,True,True,True,True,63,70,37,7,7,7,7,64,65
925,00001011010001110011101111111010100010111111100011110000111000011010110110111010110101111110110011110000000001000101101000010101,True,True,True,True,True,True,True,True,True,True,68,60,33,10,9,5,9,64,64
926,10111100011100011011111010010111100101111010101011111111000100110000011110110010101011100000100000101100010110111000000111010001,True,True,True,True,True,True,True,True,True,True,67,61,33,9,10,7,9,63,65
927,11110000000011100101111000101110001100101100110110100111100111110101011011010010010010110000101011111101001011111111001101110001,True,True,True,True,True,True,True,True,True,True,71,63,31,6,9,8,5,64,66
928,00010000000101110110111111101101011001010000011000110001001110111010010101101111010101000011110100000100101101111000010000011110,True,True,True,True,True,True,True,True,True,True,62,63,35,12,8,8,9,63,64
929,01101110010010100110010001101110011000101010110111111101101100111000011011010000010100010110110001100010110110111000011000100011,True,True,True,True,True,True,True,True,True,True,64,68,31,4,7,8,10,64,65
930,10000000011001110110000100111001100000000010100110101111111010101110100000000101001010000000011100010001011100000101001110010011,True,True,True,True,True,True,True,True,True,True,52,57,29,24,8,8,8,64,64
931,01000011101101011110011111010101100101010100001001010111110001111111111011010100101000000011111010001101110010011001100011000110,True,True,True,True,True,True,True,True,True,True,68,65,36,6,10,5,7,64,64
932,00010010000000101001110000001100001010010001101111101001101111011101000000100111000011100000100001101010110010001101001100001011,True,True,True,True,True,True,True,True,True,True,53,60,28,16,5,9,11,64,65
933,11101111011000011111110111111000000000011100110011100110101100010010101101101111010001000110011111010000110100001011100100111001,True,True,True,True,True,True,True,True,True,True,68,57,24,10,4,5,7,63,65
934,10101111100001000010000111110101100101111100000100101000101110000110001011001011110111000010001000110110100010001010011010010011,True,True,True,True,True,True,True,True,True,True,59,65,34,7,8,13,12,64,64
935,10010110111011111101100000110010010001110011010111000001010000100001011001011101011000001000000100110010000001111110000011101000,True,True,True,True,True,True,True,True,True,True,56,58,27,16,6,10,9,65,63
936,01000000101100111111001000110111000100101101110111000100010001011100000000011010110001001010100001001100100001010111000110001001,True,True,True,True,True,True,True,True,True,True,54,64,32,11,8,13,12,64,65
937,11110000010111011010100110010110111100111110100001011111101000011001000000000000000110011011110100101110001001110011000011011000,True,True,True,True,True,True,True,True,True,True,61,56,24,17,5,6,6,63,63
938,00001110110111011010100010110001111000110000001001010000011101110100010011000000011001101010100100111010010000101110101111100001,True,True,True,True,True,True,True,True,True,True,58,64,33,12,7,7,10,67,66
939,10000101100101011111010111111000100011010010100010010101111111001100001101001111001101000011101011101011100011110101010101011000,True,True,True,True,True,True,True,True,True,True,68,70,42,3,14,6,7,64,63
940,00100101110000101001101100001000110000110111010001001010110110011000011101010100101110110110111000010110001001100011011001001110,True,True,True,True,True,True,True,True,True,True,60,71,34,5,8,10,9,65,64
941,11111110010111000110001010100000110010011010110100110011000001000000100100000001000011011111110101100100100100100101111101100001,True,True,True,True,True,True,True,True,True,True,58,61,29,13,6,12,8,64,66
942,01100111000100100111010111111011101011100110000010001000101111011010100011000000101011010001011011111100011001001110011101101010,True,True,True,True,True,True,True,True,True,True,66,67,35,5,8,8,8,62,64
943,01010100101110011111111111111110100101111001010100011100011010001110111000011000000010010111010100100010010000011101001111101011,True,True,True,True,True,True,True,True,True,True,68,62,35,7,9,8,7,64,64
944,01111111010100011110100001010000100010011010001010111101000010010010010100010111100100100011011000110010010000011001001010101000,True,True,True,True,True,True,True,True,True,True,55,71,41,5,9,15,10,65,63
945,11100101001110111000000101000010000110101110001111001111000010011000000101010111100101111101111010100100101111111110110101110010,True,True,True,True,True,True,True,True,True,True,68,62,34,9,10,9,6,65,65
946,10110001110001000110000010110000010101110111001111100000110110110100000101011101000110000111101100000101010100111110100111111011,True,True,True,True,True,True,True,True,True,True,64,61,31,11,8,5,10,65,64
947,01010101000000101000100010011111111111010110111111001110000111001101100010010001110000000000000101001110101100101101011010101110,True,True,True,True,True,True,True,True,True,True,62,63,37,14,11,7,7,62,64
948,00001101011010110110100010001101010101100001001001111011110110111001101111011011010111101110000110011101011001101000101010000011,True,True,True,True,True,True,True,True,True,True,68,72,39,5,9,4,7,63,66
949,11011101000101111001110110100111000100111111110001111101010010100100001100000100000011100110000101101100101011101010100101000011,True,True,True,True,True,True,True,True,True,True,64,65,34,8,9,8,8,64,66
950,01100000000010000101011000000011101001100110001100110010111001101011010011010101111101000000000010011000111100100100101101111010,True,True,True,True,True,True,True,True,True,True,56,63,31,18,7,7,6,65,64
951,11110100001111000011010011110001100000111010111111011011000111101010011001111010010100100101110111010010110011000100001110011100,True,True,True,True,True,True,True,True,True,True,68,62,27,5,5,5,7,64,63
952,00101110000111111100101001000011111000101010101010001110110101111000001111010100111010100000001101010100010010100011111011001110,True,True,True,True,True,True,True,True,True,True,64,67,41,8,13,6,8,64,64
953,11110101110000100100011110000100010010101010110110010001110100010110111110110001001101101000000011010111010010111001101110010001,True,True,True,True,True,True,True,True,True,True,63,69,37,6,8,10,9,64,65
954,10001010000100001111111110100101100011000000100110010111111000001101101100101110000001100010110100101010000001000011110101011000,True,True,True,True,True,True,True,True,True,True,57,60,31,14,9,9,10,64,63
955,10100011101110111011101100001111111010110100011010110011010100011111000101000001101011001111000110000101100011010000101110110110,True,True,True,True,True,True,True,True,True,True,68,66,34,5,7,3,10,64,64
956,01011000101110001010000000001010100100011011111011000010010111101110000000100111011111100110010110111000110011100010110001101001,True,True,True,True,True,True,True,True,True,True,61,62,30,11,8,9,9,65,65
957,11000110010011010111111110100011110101000110101110100111101111000111111111110100010110001011100111001111101010010111000010101101,True,True,True,True,True,True,True,True,True,True,76,63,34,1,9,5,7,63,65
958,11101100010010110111110100001001001001000101111001101100101000100101110011110001101010010011010000101110110011111110101000110011,True,True,True,True,True,True,True,True,True,True,66,69,34,2,7,12,7,64,64
959,01010110001111101010111000000011111000111100100110110100010000011011100000000011101000100011110101111010110100111111101110110110,True,True,True,True,True,True,True,True,True,True,67,59,31,12,6,3,8,65,64
960,01011011011010110011110001111010100000001111011011010001101111101110011111000011111010001001110111001111101111110110010100111100,True,True,True,True,True,True,True,True,True,True,76,59,27,5,4,2,5,64,63
961,11000010111111111010110110000001000111101111010110110011000100000100000011111011001111110011111001101100000101110010100100101101,True,True,True,True,True,True,True,True,True,True,68,57,26,11,6,8,7,64,65
962,01110111000111010111110101010110100111011101111101101111100111110110111101100011100001000001010101100111001011101101000010011011,True,True,True,True,True,True,True,True,True,True,76,66,35,4,8,4,5,66,64
963,11010010111011100110010110110101100100011100100110011011001001010100101100011111000011010110111001010101101101101100111101000110,True,True,True,True,True,True,True,True,True,True,69,76,38,1,10,8,4,64,64
964,10000010001101101111111111011000110010011010011111101110010011000010101111011100111011000001111100000010110010010111011100000100,True,True,True,True,True,True,True,True,True,True,67,56,23,10,4,8,7,65,66
965,00000110000101000001101101011011100110000110011100001011101010001010100000100101001010001100010000001100000000000010110110011011,True,True,True,True,True,True,True,True,True,True,49,62,31,21,9,8,11,63,64
966,11101000001110010111110110100000101010000011000000011100010011110111000001111111000000000010010100110111010100101000011010010001,True,True,True,True,True,True,True,True,True,True,56,57,30,20,6,7,9,63,65
967,11110111101001100000000010111010000000001011110101101110001011100000011011111100001111011010010111010000100011010011100010011111,True,True,True,True,True,True,True,True,True,True,64,55,27,17,5,6,8,64,64
968,11111011011000100011011000000100110000110011111101110010100010010011110010111000100111101001100000110001011000100100011101011101,True,True,True,True,True,True,True,True,True,True,63,61,25,6,4,10,10,64,65
969,10111001000011111000111110011011001100010100101110111111101011011100001110110010000111000010011010011101011101000011100111010101,True,True,True,True,True,True,True,True,True,True,70,63,30,5,6,5,7,63,65
970,00011111100001010000010010100010111011010111010111000100110110001101111000111011101110101011011100110010010110000010001010011100,True,True,True,True,True,True,True,True,True,True,64,67,34,5,9,9,9,64,63
971,11111111001010000010111010001011010100111110010010110100011100011110010111000101011011001010101110100111100111010011100001000011,True,True,True,True,True,True,True,True,True,True,68,67,36,4,11,9,7,63,64
972,11100000001110000101111011000000100100010111011111001101000111001111000101011110100110001100010110111100010000110111110010101011,True,True,True,True,True,True,True,True,True,True,65,59,27,9,8,8,10,66,64
973,01100000110001100100110001110100110110100101001010111010111000100000110101101011000110000100101000000110110010000010011011010001,True,True,True,True,True,True,True,True,True,True,55,70,35,10,7,8,10,65,65
974,01100100000110011001100101000010100111110111110101000011000001011011001001000001101110100110011000101011011000100111111101001110,True,True,True,True,True,True,True,True,True,True,62,65,30,8,6,8,7,65,64
975,01101011100010001011101100001010111000000110111001010110010000001000111110111101111100100101101011101000010010100010100100101110,True,True,True,True,True,True,True,True,True,True,62,69,40,8,11,13,8,62,64
976,10110011101100010110110011011001111000100110100000110000101000000101110011100001110010111001101000101111011100011111011110110001,True,True,True,True,True,True,True,True,True,True,66,61,25,7,5,6,9,63,66
977,10100011011001100111001101111001101110111010000111101110110000001110000001011111111001111110110010000110000111100000001100000101,True,True,True,True,True,True,True,True,True,True,66,51,18,15,2,3,8,64,65
978,00111101110001011010101010011001111001110000000001000001101110111100111101110010010000111001110001110000001111001011010000111000,True,True,True,True,True,True,True,True,True,True,62,55,21,13,5,5,7,63,63
979,11010110001001111100001000100010111111110001101011110110011010110001000110010011100111001101100101000111110011010101111100010100,True,True,True,True,True,True,True,True,True,True,68,64,29,1,8,8,9,65,64
980,00100100011010011010001010000001011000101111101000110010010110001001001000011100001000110111011001010010000001010111001101001110,True,True,True,True,True,True,True,True,True,True,54,69,35,8,7,14,10,62,64
981,00000011111010001010111100000100010010101010111110100110010001110100010110011001000010110101011001000110011111010001110100010011,True,True,True,True,True,True,True,True,True,True,60,68,37,6,10,10,10,66,64
982,00111100111100000010001100111011000011000111111001011100101101100010111010100111110101001111010001110001000000100111101100101101,True,True,True,True,True,True,True,True,True,True,66,60,26,7,6,7,8,63,65
983,00000010101011001110010011011011101001100011100001010000110000100011000111100110110111100111010111101000011000110110100010100000,True,True,True,True,True,True,True,True,True,True,59,63,28,9,6,5,10,62,62
984,11101101100010001010101011010101100100010000000100110111100110001101011001111011000101110010101111011111011110011010000100000100,True,True,True,True,True,True,True,True,True,True,64,68,36,7,10,9,8,64,64
985,11010000011011000000011000010111101101111001111000011011001100100111010111010011110101010010011110000010001111011101111010001100,True,True,True,True,True,True,True,True,True,True,66,60,26,10,4,4,7,63,64
986,01000001011111100011111110101011100111000011110111111011001110100101110111010011011000100001010110011001010010000100001100100100,True,True,True,True,True,True,True,True,True,True,66,63,31,6,7,9,7,64,64
987,01001010011010110111010111101000001011101001011010111010100100010110010101111010010111100110101001110010010100100110101100100111,True,True,True,True,True,True,True,True,True,True,67,82,51,2,14,11,2,63,64
988,01000011011101110111110000101111000010101101000111000010100000100110011110101110110001101010110110011111000111111111001111100001,True,True,True,True,True,True,True,True,True,True,70,58,28,7,7,4,9,64,66
989,01111101100110101000011111100000100010100000111110110111101101001000001000110011111000000101001111100011100110111000011101100011,True,True,True,True,True,True,True,True,True,True,65,54,22,11,3,5,10,64,65
990,11110101000001001110001011011000110101110100000000100111010000011000001100110000001010010101001111011001010010011011101001110010,True,True,True,True,True,True,True,True,True,True,57,66,34,14,7,8,7,64,65
991,10011110101100000101101000110010100010101001001001101001101101011011001111001100101110011111001011011001001101010110110001010000,True,True,True,True,True,True,True,True,True,True,64,76,40,3,11,9,4,65,63
992,10101011001001001000100011001110101111111011111111011010001111111111111000100001110000111010100101010110100111000000101110110100,True,True,True,True,True,True,True,True,True,True,71,62,35,5,8,7,7,64,64
993,00001101110111101100011111011110101001011111111100101101111111111101111111001010110010101010101000010001000111101101011001101000,True,True,True,True,True,True,True,True,True,True,77,63,37,2,11,6,5,65,63
994,00001001111111011010101111110011001000011000100101110000111110011101111001100000000110101111111011111000110110010000001101010111,True,True,True,True,True,True,True,True,True,True,69,54,23,11,6,5,7,64,64
995,10001110101010010110001010111111101001101100111000011000100100010010000111011001011001111101100100001110110001110000101011000010,True,True,True,True,True,True,True,True,True,True,62,66,32,5,8,10,10,65,66
996,00010100000000011111011001010101110010110110111100101000001000110011001011000011111001101110111011110010111001011100110000001101,True,True,True,True,True,True,True,True,True,True,64,62,29,12,9,8,6,65,65
997,01001001001111110000101000010000100111111010011000101001000011100100111111111010000000011110010110010101110000110011101001010111,True,True,True,True,True,True,True,True,True,True,62,60,30,10,7,11,7,66,64
998,00111101110000011110010001000011010001011000010011111111010010101001001000010001100101100100011001110111100101110101110001101001,True,True,True,True,True,True,True,True,True,True,62,64,30,5,6,11,9,64,65
999,00001011010010110010110010001000011110111010100011011100111010110110110000001001010100111000111100110000110110010011000010101111,True,True,True,True,True,True,True,True,True,True,62,68,33,7,9,9,8,65,64
1000,10101101101100001110011111010101000111010011110000000011100001011001000000000101101101001111111000010000001101000101101001100101,True,True,True,True,True,True,True,True,True,True,59,61,32,17,7,6,8,64,64
