key_id,key_bits,overall_passed,frequency_passed,run_count_passed,run_L1_passed,template_4_1_passed,template_4_2_passed,template_4_3_passed,template_4_4_passed,linear_complexity_passed,blind_spot_complexity_passed,frequency,run_count,run_L1,template_4_1,template_4_2,template_4_3,template_4_4,linear_complexity,blind_spot_complexity
1,10110110000011001100010011100000000000101101011001110110010101011101110010110000000100010000010111110100111011010010000110011000,True,True,True,True,True,True,True,True,True,True,56,62,29,17,7,8,7,64,63
2,11111011001011101011001000101111111000110110100101010000101011010001001110011000110110000011100010001101110101000101010001001101,True,True,True,True,True,True,True,True,True,True,64,71,39,3,10,9,10,66,65
3,11110000111010100000001100001100110100011100101010101000000011010110011000111011100011111001011101100101101111011111101100101001,True,True,True,True,True,True,True,True,True,True,66,63,31,10,9,4,7,65,65
4,01110101111101001111000100111110011101110011101101001011010010110100000000001000110110010011010000001010001100101110111110111000,True,True,True,True,True,True,True,True,True,True,65,63,31,10,5,7,5,63,63
5,11100000001010111000111000011110010110110011111111110111111101110110101110001100100001110111001101011100001100111011010111111110,True,True,True,True,True,True,True,True,True,True,77,54,23,7,6,3,6,64,64
6,01011101011110010000010101010011110011011100011000000010101111001111110011111110011100110011111010110011100110100100010100000111,True,True,True,True,True,True,True,True,True,True,69,60,28,8,9,5,5,66,66
7,01111010010000110010000010111101100110011100001011011110011100000101100101101111100110011101011010100010001000001101101100101100,True,True,True,True,True,True,True,True,True,True,63,65,29,8,7,9,7,64,63
8,01011111101111001110010001010100100011100110100111000110001100101011011011110101101110100001110001111110011111001010100111111101,True,True,True,True,True,True,True,True,True,True,74,64,32,1,8,5,6,64,65
9,10011110000101111101001011100100010100110111011101111110000010111100110001101110011000010111011011111000010110110011011010011111,True,True,True,True,True,True,True,True,True,True,73,61,27,5,6,7,6,65,64
10,10100111100001000110001111100110001010010101000000100101000110000111000101001001001110010101111111110101101010100000110100001101,True,True,True,True,True,True,True,True,True,True,59,67,38,8,10,9,10,64,64
11,00001101001001011011101110110001111110010101111111100110100101001010000100110100010010000100101010110101010100001000101100100101,True,True,True,True,True,True,True,True,True,True,61,76,47,4,13,14,7,63,65
12,11111011010101000101000110101111000100110000101100110011110010111000101111101011010000010100011101100001101101100100110011111001,True,True,True,True,True,True,True,True,True,True,67,67,33,4,9,7,8,65,65
13,10000101011001010100011001100100001000000000111110000001010110100101011110110001001010011011101010011110010100010011111000001100,True,True,True,True,True,True,True,True,True,True,56,66,36,13,11,10,8,64,65
14,10001111101111001001111100101101111100001000110100110101111100101101101000011001100001111001010100111010101100110010011010000101,True,True,True,True,True,True,True,True,True,True,68,67,33,4,8,7,6,64,65
15,00010100011010111000010100111110100100011010011001101100100011000001001010010000101111111101000100110100110100010111001010011011,True,True,True,True,True,True,True,True,True,True,60,70,36,4,7,11,9,64,64
16,01101100010000010000111100100111011100000110011010000101100001110101000011011111100110001100101100110111110111111111110100000010,True,True,True,True,True,True,True,True,True,True,65,55,23,11,3,6,9,66,66
17,01000000001000000110010100000100111001111100101110011100010001010011111110010101001000011001110100011111010111100100001000111000,True,True,True,True,True,True,True,True,True,True,57,57,26,12,6,10,9,63,63
18,11110000010011100110101111011101100101010100010001111100001101101001101000110100110111001101100100100111001101010001110110101011,True,True,True,True,True,True,True,True,True,True,68,71,35,3,7,5,6,65,64
19,10011010100101111101101110101000011110001101100000010001000101011010110011111101100010000000010100110101010001000101100011110110,True,True,True,True,True,True,True,True,True,True,61,68,39,9,10,8,10,65,64
20,10011100000011101001110110001001101101110010001001110100001111101111000100011011011111101101111111101111011111000011101001011010,True,True,True,True,True,True,True,True,True,True,74,58,26,5,1,5,7,64,64
21,11110010100110101000110000011100011001011001000110110111111110001000001011110000101100111111100111011110110010010101101110100101,True,True,True,True,True,True,True,True,True,True,69,63,30,5,8,9,7,65,64
22,10000101011000101010000110001000110001010111111110000010111010111111111010111011001010000110000000100011000001000000011111111110,True,True,True,True,True,True,True,True,True,True,61,54,30,15,10,8,12,66,64
23,00111100000000000111011010111100010101110111111001000111010111000111010011111100010110000101101110101010011000100010110011010010,True,True,True,True,True,True,True,True,True,True,65,63,33,9,9,7,8,64,65
24,00001110010101100101001111001011111111011110110001001001100000110001010111110000000010000001101110101100011001111001010000100110,True,True,True,True,True,True,True,True,True,True,61,59,27,12,8,9,8,66,64
25,10110000100000001111101001011001010011110100010100101000000100000001010111111001111110101000110011110000101111111110001100100011,True,True,True,True,True,True,True,True,True,True,62,57,30,13,8,9,9,63,65
26,00001100010100100110000010010100001100100100011011001100010010000001011111011100101000001001100100010101010010010110000110100110,True,True,True,True,True,True,True,True,True,True,50,69,34,10,8,15,10,60,64
27,11010111101001101101111011001100010000000011101011011011111111000011001111100110010101101001100111010000100101001101001010101111,True,True,True,True,True,True,True,True,True,True,70,67,34,7,8,5,4,65,64
28,01011000110010010001110011001110001100101010101011101100100011000110000000000011010001111101001011100111001010011010100100101010,True,True,True,True,True,True,True,True,True,True,58,71,37,8,11,8,7,64,64
29,00010010100100000011010001101000101101010010000111110100001111111000001001011101010010001000100111111010100010110001000110100101,True,True,True,True,True,True,True,True,True,True,56,68,40,7,8,13,12,65,64
30,10011001101100111001001011000010101101001000001000111100111100000000110111100000100100010001000000110101110101101001011101000101,True,True,True,True,True,True,True,True,True,True,56,65,33,13,7,11,9,64,64
31,00011000011010001101111100101100110000001011100100000111111100101111111011100010111001000101110110101011001000001110001110100101,True,True,True,True,True,True,True,True,True,True,65,60,28,8,8,9,9,64,64
32,11101101011100000111111111110010001110010101011011111001000100111001110000000000010111010110110011110000000100100111001110001001,True,True,True,True,True,True,True,True,True,True,65,55,24,14,6,8,6,65,64
33,10111100010011000011100000010100001000101010100111001001111000100001101000110101100010000111001000001010101001100010011011011011,True,True,True,True,True,True,True,True,True,True,55,67,34,9,8,10,12,65,64
34,10100001010100100010000011000111010001011110011010000111100000100100110001111110111110100001101100110111111110001101111011011010,True,True,True,True,True,True,True,True,True,True,66,60,29,7,3,6,10,64,64
35,11101011100011000110010100000101001111011010101000100101100100101011101011101001001010010101110100101111110001011011010011000110,True,True,True,True,True,True,True,True,True,True,65,78,47,2,14,11,6,64,65
36,11000111110011011110111011001010100101001011010011101101110100101101001001100110111100110010010010000101110100110110101011001110,True,True,True,True,True,True,True,True,True,True,70,76,39,1,8,9,2,64,64
37,11000001110011011111000101011010100100010001001100100010101000010010011010000001101010110000000011100010111101001101111010110100,True,True,True,True,True,True,True,True,True,True,57,68,37,11,9,9,9,66,64
38,01010001011001110100001011101111000100101000011100111000011011100110110111011111110010011110010001110001111110010101011111010011,True,True,True,True,True,True,True,True,True,True,71,62,29,3,7,7,7,63,64
39,11111101101110001001000110001010011110001011110000001010100010111010101010110101011011001111101111100001010111111111101111001011,True,True,True,True,True,True,True,True,True,True,74,65,39,4,14,8,7,64,64
40,11011110011110010000011101111111111011010101000100101100001011110100101011000000011000010011000111110111100010011001111101100001,True,True,True,True,True,True,True,True,True,True,68,57,26,9,6,7,8,65,66
41,11100110010001111110000011100111000010110101111000111011111110001010011101010011101101101000111010001111001001011100001111110111,True,True,True,True,True,True,True,True,True,True,73,57,24,4,5,5,8,65,64
42,01010101011101101000011000001111101010001010011110101100010101010101110110000110011000000100110111001100110001000000011001101100,True,True,True,True,True,True,True,True,True,True,59,69,37,11,12,4,8,64,63
43,01010100100001011000001000001000101011101111011100001000111101110110101010100100101011001101110110011000111110001010110011000011,True,True,True,True,True,True,True,True,True,True,62,70,39,7,12,9,9,64,65
44,00101010100000110010010100001100001100100011000011111000010101011110110101001000010010011001001100110101011101101100111001110111,True,True,True,True,True,True,True,True,True,True,60,70,35,7,10,9,7,64,64
45,00000000011010010111110111101001000000010000001010010111111110101100010110100101111010111001001111110000011101110100001011101000,True,True,True,True,True,True,True,True,True,True,62,59,34,16,8,9,6,65,63
46,11100001001111111100000010110100001011011001101101001000010000110111101101010000011000001010100111010111110111110000000001100101,True,True,True,True,True,True,True,True,True,True,61,59,31,17,7,7,8,64,66
47,00011000100010111101001010001101011011110111001110011110110111111111101100011010110111000111001111111010100101011001101110100010,True,True,True,True,True,True,True,True,True,True,75,65,33,0,7,5,7,63,65
48,10000011110111101001000110101100011101001011001111000110010101101001001100111000011011000001001101011100001101101011111001111011,True,True,True,True,True,True,True,True,True,True,67,65,29,6,6,5,7,64,64
49,10100011011010010111001101101010100111110010110011000101101000111110110001101110011010000100010100101111110100000011000010101010,True,True,True,True,True,True,True,True,True,True,64,72,41,5,10,7,8,64,64
50,01100011111010101100110000110001110100010000011000111010001001011010010101010000000110101000001010110101001110001111110000110000,True,True,True,True,True,True,True,True,True,True,56,65,35,11,10,5,11,66,64
51,00011001011000010111100100001110110001111111101100010100000011001101110101011010111101011100010110110100100101000001011110111110,True,True,True,True,True,True,True,True,True,True,67,65,35,7,10,8,8,64,64
52,11110111010101011011101101000011110111011000100000111110001000111100100000001100111011101011101010011000001100000001101010101100,True,True,True,True,True,True,True,True,True,True,64,62,32,13,8,3,8,65,63
53,01100101011010110011101000111010011011010001111101111010000000000001000001101011111100001101111001101100010011000111110110110111,True,True,True,True,True,True,True,True,True,True,67,60,28,12,4,3,7,65,64
54,10001011000110000011100011100110000110101010010000011110100101011010010100111111100100100001100000111111100111110100011000101011,True,True,True,True,True,True,True,True,True,True,62,61,29,8,8,7,10,64,64
55,00101010010100011111101111101010100111111011010100100001101110111110010000100110101110100110010110001100110001001111101111000000,True,True,True,True,True,True,True,True,True,True,68,65,34,5,8,7,5,67,61
56,01011101000011011110110010001101010001001110001000110011011010001010101101110000101001001100011011101101101011111011000010100111,True,True,True,True,True,True,True,True,True,True,65,72,38,3,8,7,9,63,64
57,01011000110110001101110011010010100001001010110110010001011010110110110011001101111100100100110010100101010001100100101110100000,True,True,True,True,True,True,True,True,True,True,61,77,40,3,10,11,5,64,62
58,10100101001100101000101111001110110101100101110011100101111001001010001011101011010001111001001111000101010110001010001001001011,True,True,True,True,True,True,True,True,True,True,65,77,44,0,14,14,6,65,64
59,00010111110001110001101001010100011101111110111101010011000100010111000101000001100011101100111011000001010100100100001011011110,True,True,True,True,True,True,True,True,True,True,63,65,34,5,9,9,11,64,64
60,01110111101010010101101110011011000011101110011011000011011011111100100101111111111100011101001010110000101101010011100100110001,True,True,True,True,True,True,True,True,True,True,73,66,33,3,8,6,5,64,66
61,00010011100101111100100110011010100100101110010110011001010011100110110111000110000001111111100101001111101101001101001101110001,True,True,True,True,True,True,True,True,True,True,68,66,28,3,6,8,4,64,66
62,00000010110010010111111100100000101110110110010100001111100000110000100110100000100101010010010110111100100001001110001111010111,True,True,True,True,True,True,True,True,True,True,59,62,31,12,8,13,8,64,64
63,11100011011100111110110011011000001110010110000110110100010111110000111001001010010010101000001010000010000000000111001100110110,True,True,True,True,True,True,True,True,True,True,58,60,26,15,6,8,8,64,64
64,00010000111000011100100100100111001110100110110011011101001101100000100001011011100011110001110001100111101011101111100001010111,True,True,True,True,True,True,True,True,True,True,65,60,23,6,4,7,9,64,64
65,10011001111011010010001100001001001111001011000000100011110011001011110111110111111000110110000101001111111110101011100111111110,True,True,True,True,True,True,True,True,True,True,73,56,24,5,5,7,6,65,64
66,10000111101111001000011011011101110001111101001100001100010001011000010100000010000101101100011100010110111010010110000000100101,True,True,True,True,True,True,True,True,True,True,58,61,29,12,6,10,12,65,65
67,10101110010000000010010100111111010000111010101111101001011100111001000001000011110010100110010001011001011010011000101100011001,True,True,True,True,True,True,True,True,True,True,60,67,35,9,9,11,7,64,64
68,00110010001110110001011000101100011101000100110110101010000111111011100101100111001010011001111100100111000110010111110101000111,True,True,True,True,True,True,True,True,True,True,67,66,29,1,8,8,8,64,65
69,01111010100110010011000101001110010011110110111010110011001101100110110000010011011000011110010011111101010100000010110000111101,True,True,True,True,True,True,True,True,True,True,66,66,30,7,6,6,5,64,65
70,11011001010000111111011100000101100100101111001001110011101100010100001001111110110110010001111001111100010110000000001100000001,True,True,True,True,True,True,True,True,True,True,62,55,22,14,5,9,8,63,64
71,01011011011110011101100101111010010000100110101100000000110001111000011011111110011110001100101100100100000010010100010000000011,True,True,True,True,True,True,True,True,True,True,59,58,25,15,5,9,8,66,67
72,00010011010000000110010011110010101000100110010110000000010101101001001000101100010000101111001100100000111100010010110101110001,True,True,True,True,True,True,True,True,True,True,52,66,33,12,9,14,10,64,66
73,01000001000011100110010110100001110010100100101100111010001110100000000011101001000111110011100111110110100101010010100001111110,True,True,True,True,True,True,True,True,True,True,60,63,32,11,6,8,7,64,64
74,11101100000000001100010101101001111000101101011111010011100111101000100111011000111011110001000110101101000100010100111100110101,True,True,True,True,True,True,True,True,True,True,65,65,33,7,7,6,9,64,65
75,10011001111011101111110001100101111010001111101001101011001001100111001001001011100010000101100100011101110110110001000101110100,True,True,True,True,True,True,True,True,True,True,68,66,29,1,5,10,7,64,64
76,11010100001010010011110101011110011010110001111101111011011011110010011110011001001100001001100100011110111111101001011000101011,True,True,True,True,True,True,True,True,True,True,72,67,33,2,8,8,5,63,64
77,00100010101101001100000100101010100000010101110111100111100000000111111110010111000111001011010111011011000101111000101010000100,True,True,True,True,True,True,True,True,True,True,61,65,37,11,13,10,8,63,65
78,00000111100000010101110000100101000011000010111100110001111100010111001101100111101101001000111011010000101111011111000000101100,True,True,True,True,True,True,True,True,True,True,61,57,25,12,7,8,10,62,65
79,00100000101100011001001001110111001001100011110100101000011100010000100110100000001100010101011010111100100101001101101011000011,True,True,True,True,True,True,True,True,True,True,56,68,33,9,8,11,9,64,66
80,10100011110100000001011010010000000001011011111111100001110111010111100010001011001011110000001011010011000111010111000011000101,True,True,True,True,True,True,True,True,True,True,61,59,32,15,8,8,10,64,65
81,10100101011010101010010010000101100000111000101001111100110001110010110000000110101101111011110110101111111011010001000110011010,True,True,True,True,True,True,True,True,True,True,65,70,40,7,10,7,7,64,64
82,10111001110011000010100010011001110000111011000000000010010011011110111000100110111101010101001111111101101100101011110010000111,True,True,True,True,True,True,True,True,True,True,66,61,28,10,6,7,6,65,64
83,11011011000010100001001111000010010111111001011000111110111010111010011110000000101010010101010111011010110011110110100101100001,True,True,True,True,True,True,True,True,True,True,67,69,40,8,12,8,6,64,66
84,10100111101111010011000100110001010010101000011100111100110100110001101110110111000000100111001101101101101000110111001000110010,True,True,True,True,True,True,True,True,True,True,65,68,30,4,3,6,7,62,65
85,00111010010000100101100010111011011010010101111111100101110110000000010101010111101100000101111001110110011110010010101001001001,True,True,True,True,True,True,True,True,True,True,65,70,40,8,12,12,4,64,65
86,01100110101011000001101000001111100101110100001000101111110001011101011100100001110010000111111000100100110111010111110110100111,True,True,True,True,True,True,True,True,True,True,67,62,31,7,7,8,8,64,64
87,11100111101011100110010110100101111011001111011111011001001110001110100001111111101011101111111011100111101010001110110110111110,True,True,True,True,True,True,True,True,True,True,83,60,28,1,5,3,3,66,64
88,11110111001010111101000100000010110111101010101111111111001100000001111111001100101100001100000111111001110100011110101110101010,True,True,True,True,True,True,True,True,True,True,72,58,32,10,10,4,6,63,64
89,11100110011000010110010000010001001111000100000100100100010000010111011110100000100100110100101111000010000011110001011000001101,True,True,True,True,True,True,True,True,True,True,52,59,26,14,4,15,12,65,65
90,11100000111101000001100010001110100001101111110100010011100001011000110110111111011011110010010001001000001011000001001100011100,True,True,True,True,True,True,True,True,True,True,60,56,22,10,2,9,12,63,64
91,10001010111100001011010100100110110010010111010111000101111101000101101001001101100010001000110010110111111011110111101011110111,True,True,True,True,True,True,True,True,True,True,71,71,40,1,10,11,7,63,64
92,00000100110001010100011000110101000000100101111001101011111000000111010111111100011111000010001011111111100010010100100001101010,True,True,True,True,True,True,True,True,True,True,61,59,32,10,9,9,11,63,64
93,00001010000110001110010100110000101011101111100101001111011101000011001101010011110100001100001010000000111100110110000110110100,True,True,True,True,True,True,True,True,True,True,59,63,30,11,7,5,9,62,64
94,00010101111011110011111110000000110100000111000111000101000001000001101001110011010110001101000001011000111001000111100100100010,True,True,True,True,True,True,True,True,True,True,57,57,25,12,5,8,12,64,65
95,01011011000110010001011000101100011101001000011110000111101100011011011101100100101001110000111111001101100011001010111000010101,True,True,True,True,True,True,True,True,True,True,64,66,30,4,8,8,10,64,64
96,00110001001100000011011110000100001011001101110000111011101101000111001111001110101100101110111010101111110011100000110101100111,True,True,True,True,True,True,True,True,True,True,68,60,24,8,6,4,7,64,64
97,01010010100000101110111011010101110010100001101111001011001101011001100111001000100000100111101101001010110000101110100000110010,True,True,True,True,True,True,True,True,True,True,61,73,41,8,11,10,6,66,64
98,11000110110010001110100110101010111100111111010010111100011010011011110110111000101001110011010000011000000110111100000000101101,True,True,True,True,True,True,True,True,True,True,66,63,30,10,6,4,7,66,66
99,11010011111001011111010001100101111001111100100000010000101101111100000110111101011011010001010001110100101110110001000011010001,True,True,True,True,True,True,True,True,True,True,66,63,32,7,6,8,9,65,65
100,00001000011011110100110001011111001101111111011100100101100001101110100110101011011011100110110111110100011010011110001110111011,True,True,True,True,True,True,True,True,True,True,74,64,29,3,4,4,6,64,64
101,01101111111101110110011000100011001101000111010010101100100110010001110110101111111010110000110010110111101101111110001110011100,True,True,True,True,True,True,True,True,True,True,74,63,27,1,5,5,6,62,63
102,01010011101110001001110001000011011100001111001001011010100010101111001000010011001110100010010100010100100101101100111110000010,True,True,True,True,True,True,True,True,True,True,59,69,36,5,8,13,9,65,66
103,01110000011010010011001111010100001110111110011111011010000101011101000010110111011011011101111110011100001101110100111010001010,True,True,True,True,True,True,True,True,True,True,71,65,34,6,5,4,6,64,64
104,00001110101010101110011011001010100101001110110111001000100100100001000001111110010011010111101100111111001010110000001101101101,True,True,True,True,True,True,True,True,True,True,65,70,38,7,10,9,5,64,65
105,10010010110011100010101110100011011000110100001011000110111000101100000101110100111010011010101101010011000001111111011001110011,True,True,True,True,True,True,True,True,True,True,65,69,34,5,9,6,8,64,65
106,11010000100011110010001010010001101010011101010111011110001101011100010101001011101100010011001000000101010111101111100001001111,True,True,True,True,True,True,True,True,True,True,64,69,39,5,11,10,9,66,64
107,11101101110000100110100101110000000011011110000100110100110010111110010011100010101011000011011101101000111000011111110111001000,True,True,True,True,True,True,True,True,True,True,65,60,26,9,5,7,7,64,64
108,10000100101001011101001111011101011111000000111011000110000001111010000011110110011011101100110011100010000101111111101010101011,True,True,True,True,True,True,True,True,True,True,68,61,31,10,8,5,7,64,64
109,11110101110011010011000100101111111110000101011111100100010111001001001111000111100100111000101100100100100110011010010100110011,True,True,True,True,True,True,True,True,True,True,68,65,28,1,7,13,5,64,64
110,10010101101101000010100111000010011100001001010001001110111000110001000110100001110001101110001000111011111000100000111101100101,True,True,True,True,True,True,True,True,True,True,59,63,29,6,5,10,13,65,64
111,01111101101110001010100000110111011001100010100011100001011100001100101000110001010010010100010011001100001011000011010110100100,True,True,True,True,True,True,True,True,True,True,57,69,34,6,9,10,11,64,64
112,11100001101011100110001011010000110001000011001101001001110100011111100100101010000011100000100101101100110000100100111010110110,True,True,True,True,True,True,True,True,True,True,59,66,30,8,6,9,9,63,64
113,01111101001000001011011001101101110010010011001111100011101101010001001110010100000111110010110010000110001100001010001100101000,True,True,True,True,True,True,True,True,True,True,60,65,29,6,6,10,8,64,63
114,11001110001111101010111010100001000011000110111100000000000100110111000100111000100100001000110001111110000000001101011110010101,True,True,True,True,True,True,True,True,True,True,57,55,25,17,6,7,11,64,65
115,10000011100000010011110000011010110100000100101111111000110110011000100110011010111001101011010101110100001010010000100100000010,True,True,True,True,True,True,True,True,True,True,56,64,33,14,7,9,9,66,67
116,00101001010000101011001011110011101011101111001101111001110000100001010001000110101011100110101111000100101011010110100111001010,True,True,True,True,True,True,True,True,True,True,65,75,44,3,14,10,6,63,64
117,01101101111010110000010110011111010000010010010010010111000000100110001011010101110001000010101001010011101101101010111100000110,True,True,True,True,True,True,True,True,True,True,60,71,41,10,11,11,7,64,66
118,11001010111110110001100111010010110011010001011001001100001000110111000101111000011000011100101010000011010010000111011000100111,True,True,True,True,True,True,True,True,True,True,61,65,28,6,7,9,10,64,64
119,11110111001110111000110001000101101001001110010101110000010101011010011101101100111010111011001111111100111101111001111111000101,True,True,True,True,True,True,True,True,True,True,76,63,30,2,8,6,5,64,65
120,00100011001010011100111110110110010000010001111110011001100110111110100111011011011111000101011101101010111000111101110001111101,True,True,True,True,True,True,True,True,True,True,74,62,27,2,5,5,6,65,65
121,10111010101111110010110101010110111011110001111110001010111111011011111000011010000001111110110001110000101001000010000111001000,True,True,True,True,True,True,True,True,True,True,70,60,33,7,9,6,8,64,64
122,11010001010101000001011001101111110010011000001101110010001000101000101010001000110010011001111001000101001100000100011111001100,True,True,True,True,True,True,True,True,True,True,56,66,31,6,8,12,11,64,64
123,01101111010001000011001100111101111000100111011000010111011101101000101000010101001000100101010010010000010011111011101011000110,True,True,True,True,True,True,True,True,True,True,62,69,37,5,7,11,9,63,65
124,10100000000001001001111100001100111011001100010010000001001001000110111011101011111000000010100001001010111100011000000111001101,True,True,True,True,True,True,True,True,True,True,54,57,26,19,4,10,9,62,65
125,11110001010011011000000010000110010000010111101101010110000011100000110000000100010101001101110011100001000010000011011001111000,True,True,True,True,True,True,True,True,True,True,52,56,24,19,6,8,11,64,63
126,11000100111001011111010011111001011110011011000001010010100111100001110001110100100100100100111001010110010100001000101111110101,True,True,True,True,True,True,True,True,True,True,65,67,34,4,9,13,6,64,64
127,11111110111011001110000011111011111000110001110010110100011111110001111001000110110101000111000011001100101000111011001010011000,True,True,True,True,True,True,True,True,True,True,70,56,20,3,4,4,9,64,63
128,11101011001101100110100010011110010100111000010010100111100001111001100011010011110001101110010101111011100000000110000011001110,True,True,True,True,True,True,True,True,True,True,64,60,23,9,5,5,7,65,64
129,10001101100001101100010001110011010010000000011111101101101100100100001000101100111111011011101001001000011100011111011000100011,True,True,True,True,True,True,True,True,True,True,62,59,23,8,1,9,11,64,64
130,01101000000010011111101101100101011001010010111001110011100011101111010100101110100101100110111011110111001101110010000101100111,True,True,True,True,True,True,True,True,True,True,71,68,33,5,8,8,3,63,64
131,10100110111000101010110100100001010001001001010001111001110100010010000010001101010011010011110011011100000111101011000111011111,True,True,True,True,True,True,True,True,True,True,62,69,37,5,7,9,9,64,64
132,01100001100110101110010100101011000010001101001100101000111001011100011000110100111000010011101100010100011110101011011000001011,True,True,True,True,True,True,True,True,True,True,60,70,34,5,10,8,10,64,65
133,00101000100001110000010001001100011110101010011010100110110101010010000010011110011010000100011000010110110011001001000010011000,True,True,True,True,True,True,True,True,True,True,52,69,34,8,7,11,10,66,63
134,00011011110010100010101111101010110100111111100110100101010011111011100000101110110111110001100000001111000110101000001110111110,True,True,True,True,True,True,True,True,True,True,70,61,33,8,9,4,7,63,64
135,10000011001101000111111011111110100110100100110000100001110101011011100101001010100100101000101010100010010000110011010010110000,True,True,True,True,True,True,True,True,True,True,59,72,41,6,10,10,7,64,62
136,00000111000001000010110101011000000111101100010011100010100001110011001000110101000011111001110011100011100110110011001101101010,True,True,True,True,True,True,True,True,True,True,59,61,25,10,6,5,10,64,64
137,00101101101000000110100011010110011000100111000111110111011110101110110010010011010101010100000010101010010111010100110000101011,True,True,True,True,True,True,True,True,True,True,63,76,46,7,14,7,6,65,64
138,00010101010101011000101111101000010000111111001100110010110111000101010010001100100001011011100011000100111000000000001101010001,True,True,True,True,True,True,True,True,True,True,56,66,36,11,12,9,11,64,65
139,11011101110100111001001101111010011001110010001001101000001001100001110110110111010011110000011101000100001110011110000011110101,True,True,True,True,True,True,True,True,True,True,66,61,25,8,1,5,7,64,65
140,01111011001101001010000111011100100110000000010101100010011111111100010101101111011100000001110000101001100111100111000100101101,True,True,True,True,True,True,True,True,True,True,64,60,28,11,7,8,7,64,65
141,11110000101100111111111100110110010110101100000001011111110101001101111101111111100101110111101000011111110000101100110010011110,True,True,True,True,True,True,True,True,True,True,78,54,25,7,7,6,4,65,64
142,10010011100011001111100111011011000001001101101101001000100101110011011101110100011111110110010110110100100011011110101110001011,True,True,True,True,True,True,True,True,True,True,71,67,30,2,4,8,6,64,64
143,01010101001001100111010010000101010100011011100100011010100100100010101111110001111111010001001101010111010100000011110010001010,True,True,True,True,True,True,True,True,True,True,61,75,48,4,13,10,8,64,64
144,10010000001000100111011001000011111010001011010101001010010111010001110000011101011010001110100110011110000100011000111000000001,True,True,True,True,True,True,True,True,True,True,56,63,32,12,6,8,11,64,68
145,10100011110010001110010101000100011000010101010110000010110010101001100010000010001100101100111010101100111111110011001000001001,True,True,True,True,True,True,True,True,True,True,57,69,37,7,12,11,10,64,65
146,10011100101100011111011010111010101111100001001001000100001001000110011100000001000110010000101001001000100110001111001011000101,True,True,True,True,True,True,True,True,True,True,56,65,31,7,7,15,11,64,65
147,10111001000101001100001001111000001001111000010111001101011000000011101000010001101001011001110001100111001101100100001010111010,True,True,True,True,True,True,True,True,True,True,58,64,29,10,6,9,9,66,64
148,10000110011100111000010101100001110101010001101011010110111110010011110001110101101110111111010010101100101100010001101010111101,True,True,True,True,True,True,True,True,True,True,70,71,40,3,12,5,7,64,65
149,01011010101110100000001110101010011101011001001011001011010101000110010111001001111011001010011000100101000100100000110111111100,True,True,True,True,True,True,True,True,True,True,62,75,44,6,13,10,5,62,63
150,10100110010011111111100100011001110110001011100011010111001110100101110011001101011101011001010001101110111001011110100110000101,True,True,True,True,True,True,True,True,True,True,71,69,33,1,8,7,5,63,65
151,10010001110011110100101000001000111100000000101011000100011110101111111101010011001000100010100100010000111011111110000111010101,True,True,True,True,True,True,True,True,True,True,61,61,34,9,8,10,11,64,64
152,00110010111100000100011010010110110111110011110001001011110110011000111011101000110111011001111000110100010111011001011011011111,True,True,True,True,True,True,True,True,True,True,72,64,27,2,5,7,7,64,64
153,10010111000000000000000011000011100011100011110100111010111101100100010110000100111011001101101100110000000111010110100111011101,True,True,True,True,True,True,True,True,True,True,60,57,24,19,4,4,7,64,65
154,10001011001111111000010110010100011110010110110101000010010001010001010100101101110101110001100100111110011111100110010100011001,True,True,True,True,True,True,True,True,True,True,65,69,36,2,11,11,8,64,64
155,10011011101011100110100001010001000111000001100101001000011101100010010000011100000011000001000111000100000101111100010011010100,True,True,True,True,True,True,True,True,True,True,52,60,27,13,5,10,13,64,63
156,11010010101001110001101000110100100111101100111001110100110000011111011101101101110100101010011110010010000010111101100001001010,True,True,True,True,True,True,True,True,True,True,66,70,36,5,6,8,5,64,64
157,00110001110101100010101110001100111000000100011011000011101000011010001001010001111010110000110101110111001110101110001101111010,True,True,True,True,True,True,True,True,True,True,63,65,31,6,7,4,11,63,64
158,11010011010111100110110100010100010111100100100110101110000001110000010101111111001101101110101110110000101000000110011000011101,True,True,True,True,True,True,True,True,True,True,65,65,33,10,8,6,7,65,64
159,11010000000101000011101100100110011001000010111010000010010101010001110100000011000101101001110110111011010000111111100011101111,True,True,True,True,True,True,True,True,True,True,61,63,32,12,6,7,9,64,64
160,11101001011100110000000001000001011110000000000101110001111110000010011010010010001101011100010000100011100111001000011010000011,True,True,True,True,True,True,True,True,True,True,52,53,22,21,4,10,11,64,66
161,10111001111001100001011100110001111101101010111011011110010010010011000111101101101001001100111111111111010011001110011000001011,True,True,True,True,True,True,True,True,True,True,74,61,24,3,4,6,4,64,65
162,00100100111010011100110100100100000000010110010000100000101000110110000011100101101001000000101011011010011001111011101111010001,True,True,True,True,True,True,True,True,True,True,55,66,33,14,5,11,7,65,65
163,10100001101100011111111100101000111001100100011010110010110000011011111111100100111110111000111001100001011000100110010001000011,True,True,True,True,True,True,True,True,True,True,66,57,21,5,4,8,10,62,65
164,11010111110011011111110011101011010111000000001101011101101100100111110100011001101100010000010101001010111000100100101111011110,True,True,True,True,True,True,True,True,True,True,70,66,35,7,9,7,5,64,64
165,11010110011111010110010000110110101001000100100010000011010011011001011011010111101011101111011111011000101000000101001000000001,True,True,True,True,True,True,True,True,True,True,62,69,39,11,8,9,7,65,68
166,11010110101010000101110010000110001011010110000111011111010111101110010011111001110011100001111101010010010100100101001000010111,True,True,True,True,True,True,True,True,True,True,67,69,38,5,11,10,6,64,64
167,10010110001100100110011110101100100000111011010001101101111101000100111100011001110110010110011110010111111011111000100100000000,True,True,True,True,True,True,True,True,True,True,66,60,24,7,4,8,6,64,60
168,01101011010010100110101101101011011000110101100100111111000000111001110101001000011110001101001000001100100101101010000011101000,True,True,True,True,True,True,True,True,True,True,61,71,38,8,8,6,6,64,63
169,01101001110000011101110000001100111011001010000001000110000101010101101100111001101001001011110111011010001100000101010100111111,True,True,True,True,True,True,True,True,True,True,62,66,34,11,9,6,7,65,64
170,00101101110010010001000001011110010001001011111101000001111011001011111010010000001011110000000011111010001110100100100110001110,True,True,True,True,True,True,True,True,True,True,60,59,29,12,5,13,8,63,64
171,11111110000100110001011100010010101000011010011100101100111100100000010000101011001011101101101111000110111100001001110101100010,True,True,True,True,True,True,True,True,True,True,63,64,31,7,8,11,9,65,65
172,00011000001111110101111001011111110101110111000011100011001011000010010000101101000010010000100001011110000001010110100001111001,True,True,True,True,True,True,True,True,True,True,60,58,29,12,8,10,11,64,65
173,10011100111001100000101100010110110111010011001100001000010111011101101010010011011010111011100110011010011110001111011001101100,True,True,True,True,True,True,True,True,True,True,68,68,28,4,5,5,5,64,63
174,00000101001011010111111110000110001001101001011000001111100110010110101101010111011100011110010100100101100010110100010100010110,True,True,True,True,True,True,True,True,True,True,63,71,40,5,13,11,8,64,64
175,11010001010101001011101011101111000100111000110010101011100110011101011001001100000110101011011110001110001010000010110111011101,True,True,True,True,True,True,True,True,True,True,67,73,41,4,13,7,7,65,65
176,10010000101000001000010000000100010000011001010011110101010100001001110001111011100010001101111010011111101001100101010110011101,True,True,True,True,True,True,True,True,True,True,57,65,36,11,8,10,10,65,65
177,00101001111100100101101100011101101111110000110101101000011100010111101101110001110100100011101011010000111100101011011111110011,True,True,True,True,True,True,True,True,True,True,72,64,31,3,7,6,7,64,65
178,10101011011010011110111101001101011111111111001011100101001111100101010011100100001000100010010110000110011111000000001010001111,True,True,True,True,True,True,True,True,True,True,68,63,34,7,9,9,6,64,64
179,00000001110010101100110101111111110101010010101100000011001110011110101001100111101110101101110110001100101001001111110100000011,True,True,True,True,True,True,True,True,True,True,68,64,33,10,10,4,4,64,66
180,11010100100011111000110000110010101001110111000110110110011100010010101010100111011000110110000111110001101100001001010000110011,True,True,True,True,True,True,True,True,True,True,63,67,30,4,8,6,10,66,64
181,11001000111110110000111100011111100001010001110101001010011101011110001011011101111110001000101010110110101011101001011010011001,True,True,True,True,True,True,True,True,True,True,70,69,39,2,11,7,8,64,65
182,11011110111110100100100110110100101010101101100001010101110000110011101110001011000011011010011101010010111110010000110001100000,True,True,True,True,True,True,True,True,True,True,65,70,37,6,10,7,6,66,62
183,00101011000011110011001001011101111011101011110000101101000010011110010010000000011010000011101110101001010101101000000110000100,True,True,True,True,True,True,True,True,True,True,58,65,35,14,9,9,7,65,63
184,11011010011000001111110001111100010010011100100101011001011111111001111001100011010010111111111111111000011110010000010001001111,True,True,True,True,True,True,True,True,True,True,73,51,19,5,4,9,7,65,64
185,11111100010111101111010101000101101100011001010100010010010110100011001111010011001010111001110001101010001101110100111000010000,True,True,True,True,True,True,True,True,True,True,65,70,37,2,10,8,8,65,64
186,00110111111011000010001000010001010101110011110011001010101101101010011110011001001110101001110000000001110011100111111100111100,True,True,True,True,True,True,True,True,True,True,66,61,27,8,8,6,5,64,63
187,00000101000000100010110000001000000101100110111100011010101111110011100001110100101001100111100001010110011011000000110101111011,True,True,True,True,True,True,True,True,True,True,58,60,29,16,9,7,9,66,64
188,10111011001110000001001011001010110101100001100111010101000110100111110100010111010111000110000010111000100101001100101110100010,True,True,True,True,True,True,True,True,True,True,62,72,40,6,11,9,8,65,65
189,00001111111010010110101100110100011101110000111111011000110100010110001110100110001011010010011010101110010101110011111100000100,True,True,True,True,True,True,True,True,True,True,67,65,32,4,8,6,8,63,66
190,01111000010100000110101100000110100001101000110011011100010010010110111010111011011111001010001110101101010010100110010100001101,True,True,True,True,True,True,True,True,True,True,62,72,40,7,9,7,8,66,65
191,10101101101010001110000011101000110010111011011100111101101001100000000100101111001100100101000110011111110001000001101010001010,True,True,True,True,True,True,True,True,True,True,62,66,34,9,7,7,8,64,64
192,00100001100010010001100101110100111011011010100101011000011110100010001111110110111100101111111001001101100111100011100010001111,True,True,True,True,True,True,True,True,True,True,68,62,27,2,5,9,9,63,64
193,10110011001101100101111000011110111010001101001110100110010011111011010100010100010000001101100101110100111001110000011100110111,True,True,True,True,True,True,True,True,True,True,67,65,28,6,4,5,6,67,64
194,01110110101101110000010110101000110011001001110000100110010111110101011101011110001001111010001110100000101000010000000111111100,True,True,True,True,True,True,True,True,True,True,63,63,33,10,8,7,8,63,63
195,11001011100110010110010001000000110000001000111010110110111010001001011111111011111000001111010010001100100000100100111100011001,True,True,True,True,True,True,True,True,True,True,61,59,25,10,4,11,9,65,64
196,01100011000010011001111111000100000110000000111000011001001001010011110101010100001010111001110111101010100110011111000110000011,True,True,True,True,True,True,True,True,True,True,60,60,27,11,8,6,9,65,65
197,00010011011000100000110101110110111011100111001011101011001110010101111001000111101001000111110111100001111001110011011101011001,True,True,True,True,True,True,True,True,True,True,71,64,28,3,6,6,6,66,65
198,00010100001001101010100010111111011011101101010010100001100111010111100110101100011110110010100000111011010101000010110100011011,True,True,True,True,True,True,True,True,True,True,65,74,44,5,12,6,8,64,64
199,01001111111001100010010011001110100011011110101000011001111111100110100000000101100010100011000100000111011100111100100010110110,True,True,True,True,True,True,True,True,True,True,63,59,25,8,4,7,9,63,64
200,01001001100100110000010101000001111110011010001001001110101001010111011111101111110011011111110011111000101111001101111111110000,True,True,True,True,True,True,True,True,True,True,73,57,27,5,6,7,4,63,62
201,10111101001001111111000010001001000000011000110011100101111010001011111110111100011010100111100110111011001111010000000100110110,True,True,True,True,True,True,True,True,True,True,67,58,26,9,3,7,7,64,64
202,10011100100110011101111110110100101100011000111010010110010000110001110000010101100011010101110100000000100110100001100100111100,True,True,True,True,True,True,True,True,True,True,60,64,28,9,6,7,8,64,63
203,10011100000101101101010101001000010100110011001010100111110001011000111101100001110010011110110001110010010000010100111011111000,True,True,True,True,True,True,True,True,True,True,62,66,32,6,9,9,7,64,63
204,01110000111110110000111011011011011011000111111011000100111001010111100101010010111011100000100110111011101111111000010111100100,True,True,True,True,True,True,True,True,True,True,73,61,28,5,6,7,6,64,64
205,00011001010100100001101111111111110000111000111010001010000010110100011010101110011100010111011001011000000001101001011110010011,True,True,True,True,True,True,True,True,True,True,63,62,31,9,9,8,9,64,64
206,11110100000011100111001001001111101001010011001011111001010001001010011011000000000110010101110001111001011010011110010001110100,True,True,True,True,True,True,True,True,True,True,62,64,30,9,7,10,5,65,64
207,01101111010000111101000110100100100110001000001111000101000110101100001001010010010010101011000100010111110111110100000000101010,True,True,True,True,True,True,True,True,True,True,57,69,41,9,9,12,10,63,65
208,00100011110100001111000010010101111001000001100000000101010010110110001011011001100001011100011011101100011101100111001011010011,True,True,True,True,True,True,True,True,True,True,60,64,29,10,8,9,9,66,64
209,11111011110101111001011101011000111001000001111011010010000000100110001001010111010000000111010110110111101001101101101010011011,True,True,True,True,True,True,True,True,True,True,68,67,36,10,7,6,5,65,64
210,10110011101100111001001011011101011010010011100001010100101001010100000001011101000110000110011101111101111111000111011110001001,True,True,True,True,True,True,True,True,True,True,67,67,35,6,8,8,6,64,64
211,11000011001111000000100111010100110000011111111101000001111110101010001101101011111010111001100100011011111010101011110101100111,True,True,True,True,True,True,True,True,True,True,72,61,32,8,9,2,6,66,64
212,11010010010111111001111100100110011011001001010000101110011011000000010010111101111111110011111111010010010100100011010101110001,True,True,True,True,True,True,True,True,True,True,70,63,31,5,7,11,4,64,66
213,00011100101111010000001100111001010111001101100010110110000010110101110101101000011111110111010011100011100000100100110011100001,True,True,True,True,True,True,True,True,True,True,64,62,28,9,7,6,8,66,66
214,10110100000010000111010010111000010000111101000101110111010001110110011101101111001110010101100111111001010100100000011101101011,True,True,True,True,True,True,True,True,True,True,66,65,34,9,7,7,7,65,64
215,01111100100010100011111101001100011000111011100110101110001101101100001001010010110001001000010110000111010100011110001011100111,True,True,True,True,True,True,True,True,True,True,64,64,29,3,7,9,11,64,64
216,01011001010101001110011011000100011100100011011001001010110000110011111000001100110010111110001110111110001000110010101011100000,True,True,True,True,True,True,True,True,True,True,62,65,29,5,10,8,8,63,62
217,01001110110000011010101100001010010011001010101101001000111110111111101101011011000001001000011111010010100000001111010100100111,True,True,True,True,True,True,True,True,True,True,63,68,39,10,9,8,6,65,64
218,11111100010000011010010010001101100101011101010111011101011000110001101100101000001011000010010101001101000001001000001011111101,True,True,True,True,True,True,True,True,True,True,60,69,39,9,10,11,9,64,65
219,10100001011010011011100010001011111001011011001110100001010011110110011110001011000001111010000110100001011110010011111010000111,True,True,True,True,True,True,True,True,True,True,65,63,31,7,6,8,9,64,65
220,10000110010110001101001100010100101111111011110111011011100011111001111000110110000100110000011001000011111000001110000100000010,True,True,True,True,True,True,True,True,True,True,62,54,20,11,3,7,11,63,66
221,00001011000010010011001011111100000011011101101110101000000011000001011111100001100110001000101111110001100111111011010111110111,True,True,True,True,True,True,True,True,True,True,66,54,23,12,6,7,9,61,64
222,01010001011101010011110100001100101101110001111101111101101001001100101110111011000001110000101101011001010011010111100001101110,True,True,True,True,True,True,True,True,True,True,69,69,37,5,9,6,6,63,64
223,00011001011011100101010010111111101101001011111110001101000000010011100010011000101000101001010001110111100010100101000100000110,True,True,True,True,True,True,True,True,True,True,60,67,37,6,10,12,10,64,64
224,00011011010101011010110010111100101010001110100000000101001111001001001011011001111110011101001101100110000001101010000110011110,True,True,True,True,True,True,True,True,True,True,63,69,36,9,10,6,5,64,64
225,00111110010100101100010111010000101010001010110011011100000101101110001111100001100010100001001011000111100011110000010100011011,True,True,True,True,True,True,True,True,True,True,60,64,32,7,11,10,12,64,64
226,00001111111010111110100011100101010001100111010111000000111010111010101011011101011010001111000100000001101011111111111001011100,True,True,True,True,True,True,True,True,True,True,71,61,35,8,11,3,7,64,63
227,01001110111000000010010001001110010110100111100100000100100011100000010101010101000100111010110001111011011001111101110110110111,True,True,True,True,True,True,True,True,True,True,63,66,34,9,7,9,7,64,64
228,11100111100100001010110101101001010000010010101110101010110010010000010100010011100000111000110000110010000011000110000100111011,True,True,True,True,True,True,True,True,True,True,55,67,34,11,10,11,10,64,64
229,11001111111100000000001101100111010011000110111111100101001011101000000000100010101101101110011000101111110010101001011010101001,True,True,True,True,True,True,True,True,True,True,65,63,34,13,10,7,5,64,65
230,00011010111110110110001101000011010000100110100011000000101000101000110010001111111110110110011001010100001010011100111110101010,True,True,True,True,True,True,True,True,True,True,62,67,36,6,8,6,10,62,64
231,11101000011010001010100110010000000110101011101010011100001101000111111010100011011100110100100001001010001000101110101110101001,True,True,True,True,True,True,True,True,True,True,60,73,44,7,10,7,9,64,65
232,10101100100000100001011111010011100011100101110010111101000110101000010001011100000110100111101000111010110100010101010111011001,True,True,True,True,True,True,True,True,True,True,63,71,42,6,11,8,9,63,65
233,00110001001000111010011001100010101111101110011100001001000000001110010011101010111011100100011110110000101000011100000101001100,True,True,True,True,True,True,True,True,True,True,58,61,26,10,6,9,9,64,63
234,01000100110110000110000101010000100101110010000000011101101110101011111110001010000010101001010110000010001001000101100001001101,True,True,True,True,True,True,True,True,True,True,53,68,40,13,11,13,11,64,65
235,00100000001011101111100010101011011001111011100110110110000000000110010100100000010011110011011010100110101110000011000111011110,True,True,True,True,True,True,True,True,True,True,61,61,29,16,7,6,6,64,64
236,10111010110100111111101101100001010000110000110111010001100001110101111101011110101111110111000100111110111100011010111000000100,True,True,True,True,True,True,True,True,True,True,72,60,31,7,6,3,8,64,66
237,01011001101110110001101010101010100110110100110100110110010011110011000010100100100101001101100010101001011101001000000001101110,True,True,True,True,True,True,True,True,True,True,61,79,45,6,11,8,4,64,65
238,01110110011101010011010100010100001010010011001100010000011111111111110011110110111100101101011101100111001111110110110001001111,True,True,True,True,True,True,True,True,True,True,74,62,29,3,6,6,5,64,64
239,10111101001000100000011100100101011000110100111000001001111111001100101011010111100111010100001010000110010100101010001101010100,True,True,True,True,True,True,True,True,True,True,60,72,42,7,12,9,7,64,63
240,00111001111001100100000110100011110001000100001010110010100100010011001101010100011010010111001100111000010010010101001000101001,True,True,True,True,True,True,True,True,True,True,55,72,36,4,9,13,9,63,65
241,11100111101101111010110001000010110101111011101100101111001000111001100001100100110111000111010110100100000010110100011111110000,True,True,True,True,True,True,True,True,True,True,68,62,28,6,6,7,7,63,62
242,00000011001001100000010100111000001111001101011010010001100000011100000001000101111111101100100000101000101010110110111111010101,True,True,True,True,True,True,True,True,True,True,57,60,32,17,9,8,9,63,65
243,00101000111110010001110000100000111111101110111001110011010010001100101111000101001000101011010010011011001100111000000101101001,True,True,True,True,True,True,True,True,True,True,62,64,29,6,6,10,8,64,65
244,11101100110001011011000100111001000001001110100011101111110010001011001010110001011100100100111110000110000010101001011111001001,True,True,True,True,True,True,True,True,True,True,63,65,30,5,8,13,8,64,64
245,10010011100001101011100011110100110110110111000100110111011000011010010011101010100110011101111011101111110110110100010001011101,True,True,True,True,True,True,True,True,True,True,72,69,34,2,4,5,6,64,65
246,11011110000100100100110010011101011001010111011101110011110111010011111000110111010111111011000010110111001110010000011110110101,True,True,True,True,True,True,True,True,True,True,74,65,31,4,6,7,4,64,64
247,01101000010010110010110011111101100010101011101111111111011010000111101101000111111110010000000001101111001110100000110001100111,True,True,True,True,True,True,True,True,True,True,70,56,26,10,5,5,7,64,64
248,11011100001110000001010110101010110111101001001011110010101011111011001101101111011110111110000011101101110000010001011111111001,True,True,True,True,True,True,True,True,True,True,74,63,35,8,10,6,5,64,65
249,00110111011100011011100010110111010110101100101111101001101001001001001101111000100001011001100010110000000100011101000010011010,True,True,True,True,True,True,True,True,True,True,62,69,34,6,6,10,8,61,64
250,01110100111110101010011001001110101111001011111011011001011111011010010111110101111100011010011110010101010010101011111111001000,True,True,True,True,True,True,True,True,True,True,77,71,43,0,13,7,1,65,64
251,10001000111101011010011010001000110100111001000001100001101010000100011100000001001111110010000001110001100011001011111011011100,True,True,True,True,True,True,True,True,True,True,57,58,24,11,3,7,12,66,63
252,11010111111110001010111010000101101010011001111000011000110001001011000001100111100110011101001000111110011010010100111101110111,True,True,True,True,True,True,True,True,True,True,69,63,28,4,7,6,7,63,64
253,10000101001000101100010011110011000000001000100100110001101000011100001101100000010010100110011000110110000001010000110110111001,True,True,True,True,True,True,True,True,True,True,50,61,25,15,4,10,12,63,65
254,10010110100110001100101001110101110001110011101000110110011001110101100111110100101000110111000000110000110100111101000010101010,True,True,True,True,True,True,True,True,True,True,64,70,35,5,8,4,7,64,64
255,00111000011010110011110001001110110110110101100010010101110000000001101011000101000010101010100001111101001110111000011001100011,True,True,True,True,True,True,True,True,True,True,61,66,33,10,10,5,9,64,65
256,00011111011010010110100011010010100011001011010001101100110010010100100010100011110100101000011100010011000000001111110111101111,True,True,True,True,True,True,True,True,True,True,62,66,33,6,6,9,9,63,64
257,11110110110010001011111111001100100110101000011001010011101000111011101101110001101000101010010001100010010100110001101101100100,True,True,True,True,True,True,True,True,True,True,65,70,33,1,6,9,8,63,64
258,01111110101101000011010101010010001101111011001011011100010110000000001100011101011100111011001100101101001101011101111010001000,True,True,True,True,True,True,True,True,True,True,66,69,37,7,9,5,6,65,64
259,11110110001111010011101011101001110111101000111011000011111110110100101001110111011000000111011110000011101100111001011000111110,True,True,True,True,True,True,True,True,True,True,75,58,25,6,3,2,6,62,64
260,01000100000010001101001100000000100111101111010101100111001100011101110010001000011010000011101110001011100010100110110110110100,True,True,True,True,True,True,True,True,True,True,58,63,29,11,4,7,10,65,64
261,10110111110110111110100001110111111101010000000101110111011111011011101100100101011001101000010001100101010111000011111011000111,True,True,True,True,True,True,True,True,True,True,74,63,34,7,7,5,6,63,65
262,11011001100000100000010110000110101100111011010110110110100110010101000110000000010001000011100011100101110100100000001110001010,True,True,True,True,True,True,True,True,True,True,54,64,31,16,7,8,10,63,64
263,01010010000110111010010110000101011111010011011101101110100111111100001100011000011101101111100001101010000101010000001010100111,True,True,True,True,True,True,True,True,True,True,65,66,37,9,9,5,8,64,64
264,11011111100000111001010111100101010000110101110111011010010101100111000011100011110100010110100001111111101010111100110000110110,True,True,True,True,True,True,True,True,True,True,71,64,34,6,10,4,7,64,64
265,11100110100111000001001011110001101100000101011110100111000101100110010100110110110001001000111011011001010111110111110000111101,True,True,True,True,True,True,True,True,True,True,68,65,30,5,7,8,7,65,64
266,00000111110010010111100101010010101001110000000001100111010111010001010111010000110010101010001101011100001000001101110101111010,True,True,True,True,True,True,True,True,True,True,60,69,42,12,13,7,7,65,64
267,00100000001010000011010100011010011110001011010100110000010100110001100111011011111001010111101111011000001001110100010011000011,True,True,True,True,True,True,True,True,True,True,59,64,31,11,7,7,9,65,66
268,10001110101000001010001000110011110011110001100100011110011100010010111011101101011001110101001111001110010100101010010000111010,True,True,True,True,True,True,True,True,True,True,64,68,34,3,8,8,8,66,64
269,11111101000111001111100111110101010001100100101010101001010000001101011000100000101100110110111100100111110010100110011010100111,True,True,True,True,True,True,True,True,True,True,67,69,37,5,11,7,5,65,64
270,01011010101100100000110111010011010010011111101100110110111010000011001001101110101110101000110100100001011011000111010100101000,True,True,True,True,True,True,True,True,True,True,64,75,42,5,8,6,5,64,63
271,00100011101001011110101101010011110101100100001001010011111111100110000011010101100001001101101011100100111110100100101111000111,True,True,True,True,True,True,True,True,True,True,68,68,36,4,9,9,5,66,65
272,10011010010011100001010011100101010100110011011111011000110010111000110001000100111111000100110011100100111111000101110011111000,True,True,True,True,True,True,True,True,True,True,66,62,24,1,6,9,7,64,63
273,01010101111011000110110100100110111101010010011000010101110111100110111010010100011011011011000111000100101101111001111111011110,True,True,True,True,True,True,True,True,True,True,73,71,38,1,8,6,5,65,64
274,10000100010100000101110010110010100110100100000010101010111110011010111100001111011111000011010101110100001101010000000110100010,True,True,True,True,True,True,True,True,True,True,58,68,42,13,12,8,9,63,64
275,11101001100011001001101100100100000000100000101000001100011000000001010110110110111001110101110111010001001011111001000100000100,True,True,True,True,True,True,True,True,True,True,54,62,29,16,5,11,9,65,65
276,01011001110100000111000100010010000000111111000011100100011010000110111010111111010111010110011001010111011101111100000110100100,True,True,True,True,True,True,True,True,True,True,64,61,30,10,6,6,8,64,63
277,11110100001100000010111110000101111100000101101110100000111011101010000010101100001001001001111101001100010111000011101100001001,True,True,True,True,True,True,True,True,True,True,60,59,30,14,7,9,10,64,65
278,01001000010100110001001000110011001010000111000111001011000101000110111001010001111011111000000010000100100110100110001010001111,True,True,True,True,True,True,True,True,True,True,55,64,29,7,6,12,12,64,64
279,00111000001110110001110100000010001010000110111000100010100101001011101000010000000001100100111010110001111100011110000010110100,True,True,True,True,True,True,True,True,True,True,53,59,28,15,6,9,12,64,63
280,10010011010100101010000101100110110111101010010100001001101101001110011111010010100011101111000011001111001001001010000110000001,True,True,True,True,True,True,True,True,True,True,61,71,38,7,8,9,6,64,66
281,00101011000001111011110011101001011111111101100111001000010010000011100010011101010010111011111011111010010111011111000111101001,True,True,True,True,True,True,True,True,True,True,73,60,30,5,6,8,5,63,65
282,00011010110000111101111100010010011011000101011111000011010011100101101101011010011000101110100111110111011111000001101111110110,True,True,True,True,True,True,True,True,True,True,72,63,30,4,6,5,7,63,64
283,10110010101101010001110010100001000011000111111011100001001000110000010001110011001010010001100011010100000111111111000100101010,True,True,True,True,True,True,True,True,True,True,58,64,33,7,8,10,12,64,64
284,10111101100010110000010111110111000001011000100011010101010111000000111000011010000101000011001010111101001000101111010101000100,True,True,True,True,True,True,True,True,True,True,59,68,41,10,13,9,11,65,64
285,01001011100110100110000100010001110101110101000011100011110010110000010110110000010000001101001110011001100101110010111100101001,True,True,True,True,True,True,True,True,True,True,59,66,31,9,8,9,8,61,65
286,01111101111100011011100100111000011111110000011011010010100110001010001011001101011111101101001110111000101010111101101101001100,True,True,True,True,True,True,True,True,True,True,72,65,32,3,7,5,6,65,63
287,01110000110101100101001010010100001010111100100001111110100111100101111111110111010011100000010010101001101111011101100000001010,True,True,True,True,True,True,True,True,True,True,66,65,38,10,10,9,5,67,66
288,11111010000010000010011110101001100010001110000110000000100001000101100010011000001100101100110111110010100011001000110000110101,True,True,True,True,True,True,True,True,True,True,53,59,25,13,5,10,13,64,65
289,11111100101010110111001010101100100001011101010100100000001101111100010001011100101110000100001100111111001011011011110100001110,True,True,True,True,True,True,True,True,True,True,66,66,37,8,12,10,7,64,64
290,00110000111010001101000101011110101100110011001111111110001010100100011000001001010100001000000000011000100011010101110010010100,True,True,True,True,True,True,True,True,True,True,55,65,34,11,10,9,10,66,64
291,00111110110111110111000010001000111110011100000010001101010011011010011011110110000111010101101110110110101101001001111110011010,True,True,True,True,True,True,True,True,True,True,71,65,32,5,4,4,6,65,64
292,10011001110100110110001010101111101001011100111011100111110100000000000100111101100111100000011110101111101110001100010100001010,True,True,True,True,True,True,True,True,True,True,66,60,30,12,7,5,6,65,65
293,10111010010011110100011011001000101111001100001100110111110110100100100101011001100110000010101111011101111000110111011110001011,True,True,True,True,True,True,True,True,True,True,70,67,31,3,6,8,6,65,64
294,00101000110100101000101101011100011101110001001000011001100111001000101011111101101101110110110010110010001100101001010010101000,True,True,True,True,True,True,True,True,True,True,62,75,40,1,11,12,7,64,63
295,01100010010110100011100110011000111010001100010011011000011111001111001110011101000010111101111111110000011001111101011111111010,True,True,True,True,True,True,True,True,True,True,72,55,21,4,3,4,8,65,64
296,10110101011011011110101110001101111001101011010010111001101010110000111001011000000101100100101010001100001110111001101110100110,True,True,True,True,True,True,True,True,True,True,68,74,40,5,11,5,5,65,64
297,11110111100101110001111100100011111101000011000100101111000101001001000010011010011001001000010011000001001001010110001010100010,True,True,True,True,True,True,True,True,True,True,58,66,33,5,7,16,10,64,65
298,01101100010100011000100011110011000000010101110001011100001101000100100010111100111000000001100111011001011110100101000111010111,True,True,True,True,True,True,True,True,True,True,59,62,29,10,8,9,11,63,64
299,11000100010100101001110000111011101111101000000001111001111110110110111111100100100100010011001010111110001100001001100000000101,True,True,True,True,True,True,True,True,True,True,63,57,26,12,5,10,8,64,67
300,00010100101111010101010111111011000011101111011100110001001000011001101000010110011111010111000110110001111001010110100010101001,True,True,True,True,True,True,True,True,True,True,67,70,39,3,12,7,8,64,65
301,10110101111000110100110111101001010110010001101001010001010011100110001101101011111100011011100110001100000010000110001111000011,True,True,True,True,True,True,True,True,True,True,64,65,29,5,6,5,10,64,66
302,00101001000010101010101001101100110000101110011111010101101001110110000111011110001100001111000001101000110011000000110011001001,True,True,True,True,True,True,True,True,True,True,60,66,31,9,9,5,8,64,64
303,11100010101000110110101100001110001010010000111111010000010000100011110000000010101101010010001100100011101011001011101111110001,True,True,True,True,True,True,True,True,True,True,59,63,34,10,9,9,12,64,66
304,01101100000000010110101000111010001110100101011101110010001110100010000101100011000011011010001001010101110011011111100010010000,True,True,True,True,True,True,True,True,True,True,58,67,36,9,8,9,10,64,62
305,10000000101101111000110001010001011010010100001011011001111110001100010101001000111011110110010110111110010100001010010101110110,True,True,True,True,True,True,True,True,True,True,63,70,40,6,12,11,9,61,64
306,11001101111101111110001110010001110101011101111101111000011101011000101000001100000011011101001000111011011010111011110011100100,True,True,True,True,True,True,True,True,True,True,72,60,27,6,5,4,7,65,64
307,01111010110111110110111101100001111100001000000101110111101101111110010001111111000110010010011101111011011110110110100101100111,True,True,True,True,True,True,True,True,True,True,78,58,26,5,3,6,5,64,64
308,00110011110010011100111101001001010010001101101000100001010110010010100100001101011110000010000011100101100101001100001010010100,True,True,True,True,True,True,True,True,True,True,55,71,36,7,9,14,7,64,63
309,11110111000101010100010001001101100101001000101100011001010011111000100100100100100000110000000010000000010010100011101011110101,True,True,True,True,True,True,True,True,True,True,53,67,37,12,9,15,10,64,64
310,00110101000110011011011111110001110011011101101100101001110001110011010110100001001001100011011010110101100001100111001111000111,True,True,True,True,True,True,True,True,True,True,69,66,26,2,5,3,7,65,65
311,10100110111100011110000101100000110111001010101010000100111110100010010010100100000100100101100100010111100111011111111111001100,True,True,True,True,True,True,True,True,True,True,64,64,33,6,8,12,7,63,64
312,10001110001100110111101110110000011011110100000010100110000111010000000010010011101010110100101101101010100000110010111011111010,True,True,True,True,True,True,True,True,True,True,62,66,36,13,7,5,7,65,64
313,01000001011110001010001110010011101011111011000000100000101011011001101110101100101110011011000010001011110111011111110001000100,True,True,True,True,True,True,True,True,True,True,64,63,32,8,8,10,9,65,63
314,01001000011111001010011010101100000110011000110101001001110010100001110001011111100001000101010111001011111010000110010100010010,True,True,True,True,True,True,True,True,True,True,59,69,38,6,11,11,9,65,64
315,00000011111101111100111101010011010010110010010101000100000010101010001111001111110111110000011100101111011001001100010011110111,True,True,True,True,True,True,True,True,True,True,68,60,30,8,8,8,6,66,64
316,01110010110000010010110101011111010100110111010111100110011100000000111001111011011000000111100111010011110000001110111000110011,True,True,True,True,True,True,True,True,True,True,67,58,24,13,6,3,5,64,64
317,00111000010011011111100010111010100010000101010011011000101001100001010111000101111101111011111111010001010001001110100100100001,True,True,True,True,True,True,True,True,True,True,64,66,37,4,9,11,10,65,66
318,00100111001000010011001100001010001110001111100000111000000011011011100110101110010111001001111101111010111100010111001101000011,True,True,True,True,True,True,True,True,True,True,64,58,22,9,5,7,8,64,66
319,00010110101011101010010011101111010111010100110011011101000110010101001111000011010101011101110000110010001001000100010100100001,True,True,True,True,True,True,True,True,True,True,62,76,45,3,12,9,8,64,66
320,11101111000111110011100010001011101111010111011011100101111100100101001101111110010110111110010000110101000111000101001000001111,True,True,True,True,True,True,True,True,True,True,73,61,29,3,7,9,7,64,65
321,11000111110010011110011110011000010110000010100111001001000110100101110110001011100110111001100111011110111001100010000111100010,True,True,True,True,True,True,True,True,True,True,66,60,21,4,4,9,8,63,65
322,01001011011111011010111011000111101011010011000010001101011111100100110110111110111011011111010011110001100110110010001111010110,True,True,True,True,True,True,True,True,True,True,76,67,33,1,5,4,5,65,64
323,11010011010010010111000011110001101110011010001010010001010011010101111100011101000010100100011011100110001100100111100000111100,True,True,True,True,True,True,True,True,True,True,62,66,30,4,6,8,9,64,64
324,01110110011010100000001001111111001101000011100111000100110000010110010101111010000111001010111001110011110111101010110100000100,True,True,True,True,True,True,True,True,True,True,64,63,31,10,8,6,6,64,65
325,10110000111110101100110100111010011010111111000100110100101001011011101010000001101111100001111011111010101100010000101011100111,True,True,True,True,True,True,True,True,True,True,70,67,37,6,9,5,6,65,64
326,11111110000001011101101111100110111101000010100110100111100010010111000110000110111101000100101100010100010100100101100010100110,True,True,True,True,True,True,True,True,True,True,64,66,34,5,8,11,9,64,64
327,11001011010100101100001011100100110101111111110001101011011100100001001101001011010111010010010011100111001110010000001111001101,True,True,True,True,True,True,True,True,True,True,67,69,34,5,8,10,4,64,65
328,11000001110000111010001111110101101110110001011000100101111010110101100000101001001011111010111011001111011101100100000000000010,True,True,True,True,True,True,True,True,True,True,64,62,33,14,8,8,7,64,69
329,11100010010110010100111010011111101100011011101100110110111100111001110010101110111010011011110001101110010001000011001111001100,True,True,True,True,True,True,True,True,True,True,72,64,24,1,4,6,5,64,64
330,11011100111110111001010011100000110011101001000000011101110100000111001000110011111001100100110101111011011010110000110110000011,True,True,True,True,True,True,True,True,True,True,66,59,22,11,3,4,6,64,66
331,11101011001100001000100110000101111001000110111001100100100000111101000000101100001111010101101011010011111011111101111111010001,True,True,True,True,True,True,True,True,True,True,67,61,30,8,6,7,8,64,65
332,10111001101110011101101000011110110100100111100101101110110010000001111110010100001101110011100110100010100010000001000101011001,True,True,True,True,True,True,True,True,True,True,64,65,31,8,5,8,7,65,65
333,11100000100100001010000111111010000010000101111010111100110010001010001110100011011101011010111111100101010010101000111001111101,True,True,True,True,True,True,True,True,True,True,65,65,38,7,10,9,9,65,65
334,11011111010011101110000111100000001111110010010011111010010111100110100110101110000101111000010110100111110010101010100010110010,True,True,True,True,True,True,True,True,True,True,69,64,34,7,9,8,5,64,65
335,10000111101010100110101110010110000101111001100100101111001010000010011000100011011011100010111000010011101011011001100011100100,True,True,True,True,True,True,True,True,True,True,62,68,32,5,9,10,8,64,64
336,11000000000011000101101011000000101111111000111001001101011110010101111101110100100101000101000110110110111010010000010011111100,True,True,True,True,True,True,True,True,True,True,63,62,32,12,8,9,7,64,63
337,00110011010000111101100001000111111100011000101110011111101000001010100100111100001111110100001011011000000111111111011101100111,True,True,True,True,True,True,True,True,True,True,69,52,21,9,4,5,9,64,64
338,01100110011001001010001001110111001111011101101101000111111000000011001111101011011010110011101011011011101111111000010000111111,True,True,True,True,True,True,True,True,True,True,74,60,26,6,4,4,5,65,64
339,10100001011011011011101110100100011100101010110010010101000001110110100010011101100111001001111000111101000100111101011011111111,False,True,True,True,True,True,True,True,False,True,70,69,37,3,7,8,6,69,64
340,11001010110111001010001110111011011010011111110010010100100011000011001000101101100011110000011000010111111001011101000001011110,True,True,True,True,True,True,True,True,True,True,66,64,31,6,8,10,8,63,64
341,10010111000000101001111100000001010001011110001111000011110000000001101000011001011110001101001100000001100110011001100011001011,True,True,True,True,True,True,True,True,True,True,55,53,19,19,6,6,10,64,64
342,11000000111100001011110110011111011011001100001101001001101111100000100011101010101010000001110110001111110010100011010011001011,True,True,True,True,True,True,True,True,True,True,65,61,28,10,7,5,8,65,64
343,10100100101010100010100010101100110000000011011111011001101001000011010001011010000101111010000010010100000010000111110110110000,True,True,True,True,True,True,True,True,True,True,54,68,40,14,9,10,9,65,62
344,00011000110110011011001101010001101010010100110001111100011111110011011010010111000100001101000110101010001010011011000001111110,True,True,True,True,True,True,True,True,True,True,64,67,32,3,7,4,10,64,64
345,00101100010001010010001100110110110010001101100100100000001100110010011000001010001001011100101110100110010110101001101010100101,True,True,True,True,True,True,True,True,True,True,55,76,39,6,10,14,7,64,64
346,10000011101001001110010011010010001111100100110000100000101000101111010101011101000101100010100101000001010011001100111000000011,True,True,True,True,True,True,True,True,True,True,55,67,35,11,9,11,9,63,67
347,10010111100110110111010101110100010010110100100101001000111010111001001100000011001010110110001101100100001101101010000100100010,True,True,True,True,True,True,True,True,True,True,60,76,42,5,9,12,7,66,65
348,00011010101010011100011101001111011010110100001111100011101001101100001111110100001110011011011101011010011111000111010000000000,True,True,True,True,True,True,True,True,True,True,66,61,30,10,5,0,7,65,59
349,11000110101011011111100010100000011000100010001101001100000001000001000001000110111111010000101010010101010110011000111111011010,True,True,True,True,True,True,True,True,True,True,57,64,36,12,9,8,12,63,64
350,01001001011111001110111101010011010101111001101100111110111110100001011010000100010111011010010100110110110101011010000000111110,True,True,True,True,True,True,True,True,True,True,70,71,42,6,9,6,4,65,65
351,01110000101100010110001010110111111011001111001001001000001100111111001001001010110101001101110000011001110100111000011011100011,True,True,True,True,True,True,True,True,True,True,65,64,28,6,7,9,7,64,65
352,10100011111010101011000101111111101110100101111111110001001000100001100101100010000010011111001001101110010011001000001111110110,True,True,True,True,True,True,True,True,True,True,68,60,30,5,6,11,8,62,64
353,00000000010100001111010001110011111000110110000011110001011000011101001100011011001101110000100000100111011001100101111110010000,True,True,True,True,True,True,True,True,True,True,58,53,18,14,3,6,10,65,63
354,10111011100010111100111011010111011110010111001100001111100010010110011111100011000111010100111111110101111000010010101111111110,True,True,True,True,True,True,True,True,True,True,78,58,28,2,8,6,6,65,64
355,11101000010001100101001100011111000100011001110001000110110100100100110010011011000100111011101100010001001001010011001100100001,True,True,True,True,True,True,True,True,True,True,57,67,26,2,2,13,11,64,66
356,00110011010101100011011011111001011000111011010011101001000111011100010111110101010011001011001111111000101110100100111001101010,True,True,True,True,True,True,True,True,True,True,71,71,36,0,9,6,5,64,64
357,00100001110011111110011001110110011101101100001111100101100110000000101101111000010101100111001001000000011010110010010010110110,True,True,True,True,True,True,True,True,True,True,63,61,24,11,6,9,5,64,64
358,00000101100100111101101010101111011111111000101110101011101001111000001010010000011110110101001011010001010100010000110011101111,True,True,True,True,True,True,True,True,True,True,67,68,41,7,12,8,7,64,64
359,11011110010010101100111101001111110111100101000100000101000000110000011011011010101110000001110110100110001100010010100110000110,True,True,True,True,True,True,True,True,True,True,61,64,31,11,7,7,8,64,65
360,11101111010101110100000000010100101011001010101110010011011001001100001111100101000101111100111100010101001011000010010100000001,True,True,True,True,True,True,True,True,True,True,60,69,41,12,14,11,6,66,68
361,10000111010101011000010101100110100010011111011101001001011000110111100010001000111110011001110010001000101001001100101010010001,True,True,True,True,True,True,True,True,True,True,60,71,37,2,9,12,10,65,65
362,00111100010011101000001011110010111011000011111110000000101100110111001001100010101001000110111111001111000000110101011000101110,True,True,True,True,True,True,True,True,True,True,64,59,27,10,8,8,8,64,64
363,11010000110011101111011010000011011110111010010000011100100000000010101011010010111100101001111010010110111010100011001000100101,True,True,True,True,True,True,True,True,True,True,62,69,39,11,8,9,6,62,65
364,01101001101100101011101100000111011001000010000101010010111000001011101000010111001011111111011011000101110001000101000101010101,True,True,True,True,True,True,True,True,True,True,62,72,44,7,14,12,9,64,65
365,11101000011111010110010111010000010001011010011111110100011010101100010010110001111011101101001101001011100100111111000000110010,True,True,True,True,True,True,True,True,True,True,67,66,35,6,7,8,7,64,65
366,01111100101101001110101010010100000110110110101010111000110010100011011110101100110101111100000010010100101011101111111011110001,True,True,True,True,True,True,True,True,True,True,70,72,44,5,13,6,5,66,66
367,11111101011110110101010110110111101000000100001111011111101100110011010100110000101101011001000001000011010010100011110011010111,True,True,True,True,True,True,True,True,True,True,69,67,37,8,9,5,6,64,64
368,01100010101110111001010010000000001000110011001101001001011000111011101010001011011110110110010001100110010111011111110000001011,True,True,True,True,True,True,True,True,True,True,63,66,32,9,8,10,7,65,66
369,10001100111000101011111010000011000010110100010011101011011110100101000000011010011010110100000001100001110001000001111000001011,True,True,True,True,True,True,True,True,True,True,56,61,31,16,7,6,11,64,65
370,11111110101000000010010101001000111100110111000100010110100011100010110010001101100101010010000111000110111111100000001001111000,True,True,True,True,True,True,True,True,True,True,60,60,29,9,7,10,10,64,63
371,10010101001000101111011001010001101010111011011101101110110001011000111101100010110100001101111101101100010100001111000000011010,True,True,True,True,True,True,True,True,True,True,66,70,39,6,9,7,9,64,66
372,00110011001010000010011000011011101010011111111011100010010100110001011010101110010101100000011001111101011100010100111110111110,True,True,True,True,True,True,True,True,True,True,67,65,33,6,10,7,6,65,64
373,11100001100111000011101110000011011001101011011110010000111001111111001000000100000111110100001100000101101011100001011010111000,True,True,True,True,True,True,True,True,True,True,62,54,21,14,5,5,9,65,63
374,00001110000001000001111001101110010110000110110100101100010001111101101011111001100101110100111001011101010001010010010101101010,True,True,True,True,True,True,True,True,True,True,63,69,37,7,10,9,7,62,64
375,10101111101110011001100111110011110110010001100011001110110101010011010100111110110100001101000100000010100110001110000010110110,True,True,True,True,True,True,True,True,True,True,66,66,31,6,6,4,7,65,64
376,01100111011111100111111010110010111110110001101101001110011111100111110111110000111010100100100010011111010000000101101001010001,True,True,True,True,True,True,True,True,True,True,73,60,29,5,5,6,5,64,66
377,11000011110010000011010001001100000100001100010110011011101011111010101111010011010010011011111000011001010110100101100001111100,True,True,True,True,True,True,True,True,True,True,63,64,30,8,7,7,8,65,63
378,11010001001110100110001111111111001100100001110011100001100011011000010111111000111111001111000100011000000010100101001110000101,True,True,True,True,True,True,True,True,True,True,64,53,19,8,4,7,11,64,65
379,01110111100100100000101111111101101100101001101110001001001001010000110011000110010111111001101111000110100111000100100111101001,True,True,True,True,True,True,True,True,True,True,67,64,28,3,4,11,6,62,65
380,00001111100100000110010110110010011111001100100001110111000001111100111111011100111010001110101110011101010111101100010010001101,True,True,True,True,True,True,True,True,True,True,69,58,23,6,4,6,7,64,64
381,11100101110101101100011000111110010010101000000001001111001101101011011111011100001010101010111111111101101000000010000000110011,True,True,True,True,True,True,True,True,True,True,66,61,33,14,10,6,6,64,65
382,10101001101101110011101111000010110100101011110110010101110011011010101100100111110001011110000101111001110010010101010001011100,True,True,True,True,True,True,True,True,True,True,70,74,42,2,14,9,4,66,63
383,11101011101011110101110100001000010110101110101001101010000010001111000101010111000111001011110001011000110111001011010101111110,True,True,True,True,True,True,True,True,True,True,69,72,45,4,15,7,8,64,64
384,11111010110011110011010100100001110101110011110101010100001111010110001101011111110000010110111101100011001101111111000100100011,True,True,True,True,True,True,True,True,True,True,73,63,32,4,9,4,7,64,65
385,00001100001010111110011110011101010100001111110010110010101111001000101011101000011001110111011100100100101001110010001111011011,True,True,True,True,True,True,True,True,True,True,68,66,33,4,10,9,6,64,64
386,01000010101111111100010101000100000001001110101001101101101111001100111010000010101110111110101101001100000001100111001110111101,True,True,True,True,True,True,True,True,True,True,66,64,35,11,8,5,6,65,65
387,01100100100001000101111011000111000000000011011011111000000101100011111001100000001111010001000011000000101010011110111110100000,True,True,True,True,True,True,True,True,True,True,55,51,22,21,4,7,10,64,62
388,11111111101011010110100000101101010110111010100100010110000001001110110111100100000101011100100100011000100010011111010111001011,True,True,True,True,True,True,True,True,True,True,66,69,40,7,11,11,7,64,64
389,10111010110000111111011010101101101111000100000101101000110111111011110111000011110011101010111000000001011111111000111011010011,True,True,True,True,True,True,True,True,True,True,74,59,31,9,7,3,7,66,64
390,00001001111010010000001101011100101011110011101011000110111101111000000110000000010110110010010000110101000101001010110000111101,True,True,True,True,True,True,True,True,True,True,59,64,34,14,9,8,8,63,64
391,10110011101100101011111010000110100010000110111100100010001010000000011101011001001110111000001111101001101111000100001110010011,True,True,True,True,True,True,True,True,True,True,62,61,28,10,4,8,9,64,64
392,10101101101110011110000010111101111011010110010000000010001000111000111010101110011001100110100001010101000011001101000000100100,True,True,True,True,True,True,True,True,True,True,59,66,34,12,8,7,8,64,64
393,01010011001010111010111001010110101111110011011010100111111000111101011001100110011010010101111111101111100010001001000100010101,True,True,True,True,True,True,True,True,True,True,72,72,42,0,13,8,5,64,65
394,10110010110001111010100010000100101110110010010000011011110101011010111111101000101110011011001010011001011101100100010101001001,True,True,True,True,True,True,True,True,True,True,65,75,43,3,11,12,6,65,65
395,01101010101000111000101101111110111000101001110100010001000000001010111010011111111100101011111010110111010111001111000011000100,True,True,True,True,True,True,True,True,True,True,68,65,38,6,11,7,8,64,63
396,01001100110010001101001100101110111000101111010110101110111111001010110010001011000100110001111100000100000001010111000111001010,True,True,True,True,True,True,True,True,True,True,63,67,34,6,10,10,8,66,64
397,10011101110011101010001111100011101011110101011010010011001001111101110001110011001111111010101100010001011011111100101111011011,True,True,True,True,True,True,True,True,True,True,77,65,32,0,8,5,5,65,64
398,11100010010110110010001000000001010001001110110011101010110100001000101000001010110000010000000110001100101011100111110011001100,True,True,True,True,True,True,True,True,True,True,53,64,31,14,9,11,10,66,63
399,10101110010010100010100001110110111101000100101001100111101110000100101000110010001000001111100110000101001000001101000001100001,True,True,True,True,True,True,True,True,True,True,55,65,33,10,6,11,11,64,65
400,11001000111000110000101100100010011111101111100101000111111101000011100000110100000001100000010010100000011000000011111100101110,True,True,True,True,True,True,True,True,True,True,57,50,20,18,4,8,11,64,64
401,11101100010110011000100101110111101001010111011000110011110111010111100011001010111000001110100000111000000011011100101110111001,True,True,True,True,True,True,True,True,True,True,68,63,29,8,8,6,7,64,65
402,11100011110001111111001011111101001110001101001000001010011010010101011000000110000001001001001011011101101100010010100000101001,True,True,True,True,True,True,True,True,True,True,60,65,34,10,8,11,8,64,64
403,10100001111000001010000111011000100101011001101011110111010001011100110101000000110101001111111011100110111111110110110000110110,True,True,True,True,True,True,True,True,True,True,69,64,34,8,7,4,7,64,64
404,01101000001110011101010011111110101101010000110100010100001011010101101101100010110010000101101011111100101101011010010001001001,True,True,True,True,True,True,True,True,True,True,64,76,47,5,12,9,7,63,65
405,00001110011101101011001010110000010001110111110000010101110111110100000101000001100101101101110001010000011010110010000111101101,True,True,True,True,True,True,True,True,True,True,62,64,34,12,9,7,9,63,65
406,10000110110010111101100011010010000111111000100001011011111101010110000101011101110111010010111111101111001001101100101101111001,True,True,True,True,True,True,True,True,True,True,73,65,34,4,8,8,6,64,65
407,10010000011101111110100101111001010001011100111011111110100011111001000010101111000011000111010111000110100010100001101010100111,True,True,True,True,True,True,True,True,True,True,68,63,34,5,9,7,9,64,64
408,11101001110000101010101100110111001100010110001111000101101111110110000110101011101111010000001001000000110000001100101111111101,True,True,True,True,True,True,True,True,True,True,66,61,31,11,9,6,8,64,65
409,01000000110001100011001001110110000010110001101110100101101101100111011011110100110001000100001011001000101001101110011100000101,True,True,True,True,True,True,True,True,True,True,59,66,29,8,5,9,10,64,66
410,10000001010000001100010011011011111101111100010000110111010000011011111000110100011110010111000110010101001011000100110111010000,True,True,True,True,True,True,True,True,True,True,61,60,28,10,5,7,10,65,63
411,01100011010000110101111111010100010011010010011011101011001010100000101100010001101011001011011110101000101000101000001011000000,True,True,True,True,True,True,True,True,True,True,58,73,44,8,12,9,9,63,62
412,11011000100010110110100000100001101111011110110000100110011100110001100000000001110111101100100101010100100011111101111100110110,True,True,True,True,True,True,True,True,True,True,64,60,26,11,4,7,8,65,64
413,11100011010011011101010000011111111010111110000011101110101100011110000100001101111100111101010000111001000101110010111111001011,True,True,True,True,True,True,True,True,True,True,72,57,27,7,7,5,8,64,64
414,01110001100101001010011011100110100010011011010100011001011000100111111000010110101101011101100110000000011000101010000100000111,True,True,True,True,True,True,True,True,True,True,59,68,34,9,9,8,9,60,64
415,10010011100001011101110101000001110000011101010100011000011101011000101000000101000001100111000101011010101010101110101110011111,True,True,True,True,True,True,True,True,True,True,61,69,42,11,15,5,9,64,64
416,10011100100000001110001000011110100101001010001010101000011100010110010000010011000010110110110110110110110010001111101111110110,True,True,True,True,True,True,True,True,True,True,61,66,34,9,7,10,9,64,64
417,10010100111010101110111110111010000000011111101001000100010111001111010110100010001111111110011001001010011011001101011010100100,True,True,True,True,True,True,True,True,True,True,68,68,38,5,8,8,5,66,64
418,11000100001111011101010000000101111001111001110001000101011101011011111101101101110000001001110011111011110101011110101000110000,True,True,True,True,True,True,True,True,True,True,69,60,31,9,8,5,7,65,63
419,00010000010100000010001011111011000011001000100011010111000011111110101000110101010010111001011000011100100100001111011100111101,True,True,True,True,True,True,True,True,True,True,60,62,32,9,8,10,11,64,65
420,01100010010001011100001001011011010111010111011111101101100001000010000111111001001001011101011101001010011001001100111110110101,True,True,True,True,True,True,True,True,True,True,67,70,38,4,8,12,6,64,64
421,11100111110010111111111111111101111111111100111010110111001010011001000011011111000001011110001011000001000101011101110100000111,True,True,True,True,True,True,True,True,True,True,78,51,24,7,7,7,6,65,65
422,01011010110000110100110101000001100101110001011111010000000000001100111000011011100011100111001011101110010110110010100010111011,True,True,True,True,True,True,True,True,True,True,62,64,31,13,9,6,7,64,64
423,10110101101100111111000111100001100111000111011000001001101000010000100111010001010111000010110010101000111000100110001110100101,True,True,True,True,True,True,True,True,True,True,61,65,31,6,7,8,11,65,64
424,00001000100100000001000100100111110101100000001011011110110100001111001100010011001111001001000001101110001101101110100011011101,True,True,True,True,True,True,True,True,True,True,58,60,26,12,2,10,10,65,65
425,01100000101110011101000100110110111001101000000110101010110100111011000010000001001101001011101111100001101001100100001001100011,True,True,True,True,True,True,True,True,True,True,59,66,31,11,5,7,8,64,65
426,00010001010001010101010111101010100110111100011100110010000100100111100111001100100010110110011101101001001101011110101000101010,True,True,True,True,True,True,True,True,True,True,63,77,45,1,13,10,7,64,64
427,10100000001001001111000100110001101100101100001011000101110011101000110011001100101001011001010000011110100110011011001001100101,True,True,True,True,True,True,True,True,True,True,58,69,30,7,7,11,7,66,64
428,11110000100110110000001101111000101100100101101100100101110100011001110010000110111100001100000100110011100001000111010111011011,True,True,True,True,True,True,True,True,True,True,62,61,23,9,4,9,9,61,64
429,00111110010101100100101101100111011011101100101000100000001101110001110011111010001101111011110110011010000010110101010101010111,True,True,True,True,True,True,True,True,True,True,69,70,38,6,11,6,5,65,64
430,00111011000111100000101100111010101000010100011110101000010010100011111000100111000110111101010000111011011001110110100100001010,True,True,True,True,True,True,True,True,True,True,62,67,36,6,8,7,10,65,64
431,10110011100101101010101111000011010111001110101001110011011000001101001100110000110011011111001001011001100100011011100011011001,True,True,True,True,True,True,True,True,True,True,67,69,29,4,7,4,5,64,65
432,11111110111101111111111000111011111000110011101000001100010101010110100000000001101010010011000101000000001011110010011000001010,True,True,True,True,True,True,True,True,True,True,63,56,30,16,8,6,8,65,65
433,10110111011101111100011011100101111101100101101101111111100010000010100101000001010110100100110000101001110010110110001100100001,True,True,True,True,True,True,True,True,True,True,67,67,35,6,8,10,7,65,66
434,11010101010001111111001010000110111101001111100011101010101101110111011111010111001110001100110101111110010101100111010110001111,True,True,True,True,True,True,True,True,True,True,78,67,37,1,12,2,5,64,64
435,11100000101110011000011101011101110111010111010111100000101111000000000100110011000110010110010110010000000010000000011011000101,True,True,True,True,True,True,True,True,True,True,57,57,26,21,8,8,8,64,65
436,11110000100001000001100011100111110001011000110101100011110010100000000111110011001111011000101011111000001001010010101100100110,True,True,True,True,True,True,True,True,True,True,60,58,25,11,8,9,10,65,64
437,10110000111100111000001110101110010101000111111101111011000101101110110110101111000110000100001010010011000100100010000010101111,True,True,True,True,True,True,True,True,True,True,65,63,32,7,8,9,10,64,64
438,01010100101001100111111000100101100101010110110011101111000100110111001100000110110000101001010110010100101001000110000111111001,True,True,True,True,True,True,True,True,True,True,63,72,38,4,12,10,6,65,65
439,00101001101100000000101111000101100010010110100000100100011001011101100001000000111001000000001010110001101100011001011111110110,True,True,True,True,True,True,True,True,True,True,54,61,29,16,8,12,10,63,64
440,11100011001001110001001000010010111001001110011110010011011010100101011010100101011100110001010000100010001000010011010111001111,True,True,True,True,True,True,True,True,True,True,60,71,35,3,9,14,8,65,64
441,01110001110111100110000011000101000011001111101010101010011101101000010010011111100011101101011000001001100001100101000011010101,True,True,True,True,True,True,True,True,True,True,62,66,34,8,9,5,9,64,64
442,00100101011000100100010000010111111110011111101011010100001001110000110001110110000101010011111010010110000101011000011001001101,True,True,True,True,True,True,True,True,True,True,61,66,35,7,10,11,9,66,64
443,10111001100100011101010010101011010111100110000011111111101010111010110001111010100101001001000101000110011101100110011100010111,True,True,True,True,True,True,True,True,True,True,69,71,39,2,12,7,6,64,64
444,11011110111100111001101101001100010101001010111010000000000011100000000110000001011011010110001001101011101111111001011011000101,True,True,True,True,True,True,True,True,True,True,63,63,33,16,9,6,6,61,65
445,10101001001111111111001010101111111010011101001101010111100000110110100000100111001110110110010110101101100001111010010010011101,True,True,True,True,True,True,True,True,True,True,72,69,39,5,8,6,3,64,65
446,01101100111010010100000011011000010110000011111100000010111100010010110111100100111010111010010100001011010000000101100100010110,True,True,True,True,True,True,True,True,True,True,58,65,35,14,9,11,8,65,64
447,10100000110110111000000110101001110010101011100011011001010110011011011011011111101101000110001000111010111100001111111101101001,True,True,True,True,True,True,True,True,True,True,70,67,35,6,7,3,7,64,65
448,11010100001010100001010110110010000010001001000000001101101001000101100101000001100010101001111111001011110010000010110011100011,True,True,True,True,True,True,True,True,True,True,54,67,37,13,11,13,10,63,65
449,00110101001110111011101101000111001100100010011100010101100100000000000100100011001101111111110001111101101010001000011111001001,True,True,True,True,True,True,True,True,True,True,63,60,27,9,4,8,8,63,64
450,10110100000110101110001000100111001010010000000000010001011110001000000001011111111110011110110101000110100011111110001000111100,True,True,True,True,True,True,True,True,True,True,59,54,27,15,5,9,11,64,63
451,00100010110111101011101011110100000001110111000101110011111001100110111110111110111111001000011000111100000000001011110011111100,True,True,True,True,True,True,True,True,True,True,71,51,21,12,5,5,6,65,63
452,00001010101000000100010000010010001000000001000011000111001101000001000001001010010100011111101010001011111000100001101111111000,True,True,True,True,True,True,True,True,True,True,48,57,31,17,7,13,14,63,63
453,10001011111100001010010011100110101000000100001111100010000111100111111010100001001000000101101110010001110110010010001111010110,True,True,True,True,True,True,True,True,True,True,60,60,30,10,6,11,10,63,64
454,10101111000010100101110111001000110110111011000110001011001011011100101110110100010001100001001100110111011100100101100000010000,True,True,True,True,True,True,True,True,True,True,62,68,32,6,7,11,8,64,65
455,11111111110101110001000000010000001100110000010000001011000000010011101000011010110011001010110010001000101100001101110001110111,True,True,True,True,True,True,True,True,True,True,56,55,24,18,6,9,11,63,64
456,01011110111100001100101101100100001111010101111011000011111001110100010001010101110011011110000101001101111100101000000101110010,True,True,True,True,True,True,True,True,True,True,67,65,35,7,10,8,7,64,64
457,10100000011110000000001000010101100011010000011001101100110111111011100000000100000001110000010010000111111010101011010010101010,True,True,True,True,True,True,True,True,True,True,53,58,33,24,8,6,9,62,64
458,11000111101101001101010100101000110110011010110000010101000010011010111010001101000100110101100100101110011100010101000010001001,True,True,True,True,True,True,True,True,True,True,59,77,44,4,11,9,9,65,65
459,01000011011100010100111111110001010101110010001011000001111111101010001110100000000100110110001010110101100111010100101101011100,True,True,True,True,True,True,True,True,True,True,64,67,39,8,12,7,8,66,63
460,11000111010110010111101010010010010100001111001010010100001101101110110111101010001111011101001000001001011101011001011111110000,True,True,True,True,True,True,True,True,True,True,67,70,40,5,10,10,5,63,62
461,00101111101101001111011101101011011000010111101000100111101110011000101101000101101100011010110001110011011111111111001011100000,True,True,True,True,True,True,True,True,True,True,73,63,30,3,7,6,6,63,62
462,00000101111011111011110100101011110101010010000100101010111000111011010101011100110011001010000011111001011111000001000011010000,True,True,True,True,True,True,True,True,True,True,64,67,40,9,13,8,6,64,63
463,11000101110110100100111110000010110001110101000110011110101001111011011001011010011000101111111010010011110111001100001101010000,True,True,True,True,True,True,True,True,True,True,68,66,32,4,7,6,6,64,63
464,00001100110111000111111100001101110010100011101101110001110110011100001001100101011000110110101110000000111101010000001100011000,True,True,True,True,True,True,True,True,True,True,62,57,21,10,5,3,10,64,63
465,10100111101111111000111000000001111101000100111010101101010101111001001101000001000001000110110011100101111000110100110010011100,True,True,True,True,True,True,True,True,True,True,64,62,30,9,6,6,7,65,63
466,10111110111011001110110110000010110000110000101101110000011010110111111001001111101111111000110001101001110001000100011101101101,True,True,True,True,True,True,True,True,True,True,71,59,25,6,3,5,9,64,65
467,01011000101100001101000101001101111010100111110111110100110010101010001011000010110110010011000111110101001000110010000101101011,True,True,True,True,True,True,True,True,True,True,64,74,42,3,12,9,8,67,64
468,00110000110000001011111011110000001011101110100001100000011001101010100001111101001111001111110001101100011100111001111011011100,True,True,True,True,True,True,True,True,True,True,66,53,19,12,4,2,8,65,63
469,11101001011011001110001100111100000100011010000001110011011101101110101000110110000001000011011000101010111000001001000101000110,True,True,True,True,True,True,True,True,True,True,58,64,30,11,6,7,11,64,65
470,11111110001110010010101000111001000100101000101000110110110011111101101001011010100011111000111101001111000000111000001110010000,True,True,True,True,True,True,True,True,True,True,64,60,28,6,6,8,9,65,63
471,10101001010101110000110010110111011011111001111100000011110000111111011001011110110001010010110001011100010111110000011101101011,True,True,True,True,True,True,True,True,True,True,71,63,33,7,11,7,7,64,64
472,00001110100010110110111001011111111000010110000100000001010010110000001110101101110111111011110011101111101101011001000000101100,True,True,True,True,True,True,True,True,True,True,66,59,30,13,8,8,7,62,64
473,00101011111001111000010101100100110110111001001100000111001111101001001101001000111001011011000111011000100100010000111100000001,True,True,True,True,True,True,True,True,True,True,61,62,26,8,5,10,8,65,68
474,00000100010110000101000000011111110001010011011110010111001110110010110011001101100010100010000011110111000111010011010100011101,True,True,True,True,True,True,True,True,True,True,61,62,29,9,7,8,10,65,65
475,00001001010101011111010011100101011000000010101101000001111001100000001100001101111000011110001100100100010101111100001110111111,True,True,True,True,True,True,True,True,True,True,61,58,29,14,10,7,9,63,64
476,01001100011101101010100110110011010000011111110011101000000110001000010100111100011001110111111010100100000101000010000110001001,True,True,True,True,True,True,True,True,True,True,59,62,30,10,5,6,10,64,64
477,11100001000010100010011111010100100011001100100000010101100001111000011111010001001010110101001100100101110110111111111101010001,True,True,True,True,True,True,True,True,True,True,63,65,36,7,9,10,9,65,66
478,00010001011110111010001011100001100101100010011011011111010101011100110111110011011001100111100111010111100011101110010000010111,True,True,True,True,True,True,True,True,True,True,71,64,29,3,8,7,7,65,64
479,10101101001100001011010100100001010010000111100101111110001111010000000110010011011111101000101110010101010100011000111101000001,True,True,True,True,True,True,True,True,True,True,61,67,39,9,10,8,9,65,66
480,10110100001101011100111110011100101111000000011100010110010010101010011011101000011110101110100111011011110000100100001000100011,True,True,True,True,True,True,True,True,True,True,64,65,33,8,7,8,8,64,65
481,11111101011101000000100111011100111100000100111010111101000010110010100001011101000011110110000010001001000100010101011111000011,True,True,True,True,True,True,True,True,True,True,62,61,33,11,8,10,10,64,66
482,01101011011011110011100110010110111110010111110011101101110100110000000100011110111001100001101101001100011111010111001000000010,True,True,True,True,True,True,True,True,True,True,69,61,26,9,4,5,5,66,66
483,01100011111011100011010000000111111101010110100011010001111000110101111011101110011011101101110100010111000100001001101001000011,True,True,True,True,True,True,True,True,True,True,68,62,30,6,4,4,10,64,65
484,01111111111100010110110011000111000111000001111111010111100001101011110110011001101110110110111010111011100010000010110000000111,True,True,True,True,True,True,True,True,True,True,73,54,22,9,5,3,8,66,67
485,01000001010010100110000100111101101010011101101010010010011001010000000110111111011101110111011010010000101100011110000110110100,True,True,True,True,True,True,True,True,True,True,62,69,37,9,6,8,6,64,64
486,01001110101011110010010110010001011000001100101110100100100111011011001001001110010110101001110101010000101111101000001011111011,True,True,True,True,True,True,True,True,True,True,65,74,42,5,11,12,4,64,64
487,11111001001000010111110011101010001101100110111011001111101111101100001111110111001001010111011001001101110010101000111100001011,True,True,True,True,True,True,True,True,True,True,74,63,29,3,7,8,5,63,65
488,10011010111101110101010000100100100011100010101011110101010010100101101100111011011100101001010000011010101011010101110001100010,True,True,True,True,True,True,True,True,True,True,64,82,54,3,17,9,6,64,64
489,11001001000110100111111010001010101011000011100111000111111000010001011000111111110001011111001100000011010001010110101000111011,True,True,True,True,True,True,True,True,True,True,66,61,30,5,9,7,11,61,64
490,10001101011111010011110001100101110010101100010111101111011110000110101111001110000100000111101011001000100100100000001000110011,True,True,True,True,True,True,True,True,True,True,64,61,28,8,7,9,9,64,64
491,11011011110000000001001010111110010101101010010100011110101001100110001011010000111100110111010001010000111101111001101101001111,True,True,True,True,True,True,True,True,True,True,67,67,36,8,9,6,6,64,64
492,10100000000001000010000000110011001110000011110101111001111011101100001111001010011111100100110100001110100010110101110001110011,True,True,True,True,True,True,True,True,True,True,61,55,23,16,4,5,8,65,64
493,11000001011111110100000001000001011010010111011111011110110010110110011100111101011010110000110010011110011010100110000111101010,True,True,True,True,True,True,True,True,True,True,68,64,33,10,8,6,5,65,64
494,11010001010010100010101001011100010100101110001011001011001101110101110111010111110110001101100010100010111011100000000010110001,True,True,True,True,True,True,True,True,True,True,63,73,43,6,14,11,9,64,65
495,10000001011101001101011001111011100110111101000000101000011010000101011011011000000010100111101010001110010101110111100100011110,True,True,True,True,True,True,True,True,True,True,63,66,37,12,9,6,7,63,64
496,00100100110101110011000110000000101001111001010110110111010001010010101101001001001011111000111110101000000001000111011101010101,True,True,True,True,True,True,True,True,True,True,61,72,43,9,12,10,6,63,64
497,11101000101000010000010100100110100111001000010101110011110101100001110111010110001100111001101110101010110100001101001010001000,True,True,True,True,True,True,True,True,True,True,60,72,40,6,10,8,8,64,64
498,00010111101000001100011110001000110100011010100001110011010111100001111001010000101111111000010100001100011001000011010110101001,True,True,True,True,True,True,True,True,True,True,59,62,31,8,8,6,13,64,65
499,11010100001010110010110001001000100001010101000110101100111000100010111001111011100101011010111010111110111000011011101011010111,True,True,True,True,True,True,True,True,True,True,67,75,45,3,15,9,8,63,64
500,00101100010000100000000000110000001110101111100100101110100100000001110010101100010011010100100001110001011111111010111110101000,True,True,True,True,True,True,True,True,True,True,56,59,32,17,9,10,8,64,63
501,01111011101001111101111100010100000001010010110000101010001101001110000001011010011101110001111000001101110101100000101100010010,True,True,True,True,True,True,True,True,True,True,61,63,34,12,8,8,9,65,64
502,00000110101101011101111110010001011011001100100001010111011100000101011010111000000010000000111001010101111111000001010011000101,True,True,True,True,True,True,True,True,True,True,60,64,37,15,13,9,8,64,65
503,01010010101000101100010100011000010010001111000001110110001000110011111110011011000000110101000011010101000111100101001111010000,True,True,True,True,True,True,True,True,True,True,57,65,34,8,9,7,11,63,63
504,00100000110010000101101100111010011111001010110000010010000101101101100110010111011110101000001111101000001011100001010001010010,True,True,True,True,True,True,True,True,True,True,58,67,36,11,9,12,8,63,65
505,01010101010111100100100011011101100001001101011000011110000000110110100000011110101111000010100010001111100110100101010100111111,True,True,True,True,True,True,True,True,True,True,63,66,38,10,11,6,8,62,64
506,10011001100010010100110100011010000110010100000000110100001010101110010010011011010011100000010101011101001000100000110001100010,True,True,True,True,True,True,True,True,True,True,51,70,37,12,8,10,10,64,65
507,01100110101011011010001101000001111000101100011101000100111111010111101110000001111010100011111110000100000001001000110111110111,True,True,True,True,True,True,True,True,True,True,66,58,29,10,5,5,10,64,64
508,11100100111010110111111111100111011111110001110000110110111001000010001101001100000000101000111111101111110000010001000100001110,True,True,True,True,True,True,True,True,True,True,68,50,20,10,2,7,10,63,64
509,11011000010011110101101101011110111110011110111111001011010100111101111000101011110111100111010011101111001100111100111101100001,True,True,True,True,True,True,True,True,True,True,81,61,28,2,6,3,3,64,66
510,11010101101110001000101101110000010000100010110011111100100000100001000000001010110101010111000110110011110101101010010011000011,True,True,True,True,True,True,True,True,True,True,58,67,37,12,11,10,10,64,66
511,01110110101010010011110101001011011110100101011100101100101000101100001010000011001000001011100111110111010100100011010110000011,True,True,True,True,True,True,True,True,True,True,63,74,44,7,13,10,6,64,66
512,10101011101001110010110110100101001010100100011111101011110110001110011000110101011111010111011000101000111100010001100101011100,True,True,True,True,True,True,True,True,True,True,69,74,43,0,13,7,7,64,63
513,01010010000010010101001111110011101111111010110101110100011111001011100001110101100000110110001001101001000011111111011100110010,True,True,True,True,True,True,True,True,True,True,69,63,33,6,7,7,6,64,64
514,00010010001111101110101001010001000010011010010101110010110110011011111100101010011110010010100100100000001110111111011011100000,True,True,True,True,True,True,True,True,True,True,63,67,36,7,8,12,5,64,62
515,10100001110001110010101001010000000001010100000101110011100001110100011100000000010011101000001000000110110010110100110010111101,True,True,True,True,True,True,True,True,True,True,52,61,33,21,8,8,9,62,65
516,11100101011100100010001001001100100011010110101011010001111011001000001100110011010011100110110111101111101000001000000101110111,True,True,True,True,True,True,True,True,True,True,64,67,32,7,6,9,7,64,64
517,00101111111001100011010011111001000100010111110110101100110000100110010111110010100101101100111100001011100001001110110010001100,False,True,True,True,True,True,True,True,False,True,66,63,26,3,7,11,7,68,63
518,11111011010011111110100000011111010101011010000111111010101111010110110110000101101001110011010010000000100100101010010000100101,True,True,True,True,True,True,True,True,True,True,66,69,43,10,10,8,5,64,65
519,11111101001110001001101011000101011000111111011100111101010011111111000010110111000101011110001111110010000110111010010001101000,True,True,True,True,True,True,True,True,True,True,72,60,29,2,7,6,8,64,63
520,00011011101001000101101001010000011100010000100001101001111100010110100100101000011010011101101011100111110001100111011000010010,True,True,True,True,True,True,True,True,True,True,59,67,33,6,5,10,10,64,64
521,11000000100100000001110111101000011110011111111100111001000111101110011010010100010101100001111111110001010110110000111111111010,True,True,True,True,True,True,True,True,True,True,70,52,24,10,5,6,8,65,64
522,10101100001111101000001111011110000110000000011111101111011010011111000101001101110111001110010110001011110111100101000100101001,True,True,True,True,True,True,True,True,True,True,69,59,29,9,6,6,7,66,65
523,01000000000100001110000100000011101011101011111110011110101100111001101011010010001011111011001011011010100111111000000101000111,True,True,True,True,True,True,True,True,True,True,64,60,32,14,8,6,7,63,64
524,00001011001101011111100101100101011111100111111001001001010011000101100011100101010011010000001011101011010111111001000100111100,True,True,True,True,True,True,True,True,True,True,67,67,35,4,12,11,5,63,63
525,11011111110010000100000111010100001010000001110100011000101100101001000110011101010100001111110010111101010011100001011100000110,True,True,True,True,True,True,True,True,True,True,60,62,33,11,9,8,10,64,66
526,11111001001101110101101010101110010100011000110100110000001010110001011100000001010011101110001110000111100000011000011000010000,True,True,True,True,True,True,True,True,True,True,57,60,28,14,9,6,10,65,64
527,01011010100010100100000000111110111110100010110001110111010100010000101101111110110011011010000101011011100011101100111011010010,True,True,True,True,True,True,True,True,True,True,66,69,40,7,8,7,8,65,64
528,11110101111001100011111001000110100101111001011111101010000010111110100011000110110011001001010110100100100000000000111011001010,True,True,True,True,True,True,True,True,True,True,64,64,33,10,8,9,6,64,64
529,00100001101111111010001011100001010010010101111110001100110100001110011101100110010101110100100000111100110110000100110010011000,True,True,True,True,True,True,True,True,True,True,62,63,27,6,6,9,7,64,63
530,10110111111111010000110011110011111010110011000010000110011010011001110101101010111100010001101101100111101100011000000110001001,True,True,True,True,True,True,True,True,True,True,68,61,25,6,4,3,8,64,65
531,00011011011100110101110110010011010110000011000011011101101110001001011100101001001101110101110011001011111001001110000011001101,True,True,True,True,True,True,True,True,True,True,67,68,29,5,6,7,5,64,65
532,00101001011011011011010010010010000010110100111111011011000010110011001011100011110000011110110110001010010101101001101000011000,True,True,True,True,True,True,True,True,True,True,62,71,36,6,8,10,6,64,64
533,11010011000100011110111010000101111010010010100011011111010110011001011000000100111010001011011111110101110101110001010001011101,True,True,True,True,True,True,True,True,True,True,68,69,39,4,9,9,8,64,65
534,00110011000011111000110100010110101101100010001001011110010100111110100011001101111100000101100100110000110001001111110101111001,True,True,True,True,True,True,True,True,True,True,65,62,26,4,6,8,9,65,65
535,01010111010010101001100001000100001111110101000100011000111100111011101100110111001111000001001111101010000001101111101001001001,True,True,True,True,True,True,True,True,True,True,64,64,33,7,6,7,8,65,65
536,00000010011110110011101111101000110110111110010001001011011010110001110011000111011011010111100100101110111100001110001010000100,True,True,True,True,True,True,True,True,True,True,67,63,28,5,5,8,8,63,65
537,01100101001101101100101111000001000111000000000111100110010011110010001001000000100010010011000001111001000100010001011111100000,True,True,True,True,True,True,True,True,True,True,52,55,21,15,3,14,10,64,62
538,01011111010110010001100101000101000011100110110010001110100011110001011011101100000101110001000101000001100111011011100100111101,True,True,True,True,True,True,True,True,True,True,63,66,32,5,7,9,10,62,65
539,00001111111100000011110010100100001001011111000100001100101101000000000001000100111010101110101111001001000100010010000101010111,True,True,True,True,True,True,True,True,True,True,55,60,33,15,9,14,10,66,64
540,01100000010100000110011100010000000001001010101001100001001000000100001110001000001110011111111010000001000111010000011001011001,True,True,True,True,True,True,True,True,True,True,47,54,25,23,5,10,12,65,65
541,11110110010111011110010001001010011011110110110100011000101010000111111011010001111101010110010110000000101110011111001101010110,True,True,True,True,True,True,True,True,True,True,70,68,37,5,10,7,6,64,64
542,00001010010111011101111111100101100001111101011001011111110111010010000010100010000100001100110110100111000110000100100011100000,True,True,True,True,True,True,True,True,True,True,62,59,28,9,6,10,9,64,62
543,11011001110000000100000100000011001000000001001111010000001000100001001110010011101100011100011101100101100101010101101010001101,True,True,True,True,True,True,True,True,True,True,52,61,29,18,6,10,10,64,64
544,00101100100011100110100110100111111011111011101001011000111110100111011001111100101101000111100110110001001011000110111000001011,True,True,True,True,True,True,True,True,True,True,71,64,27,2,5,7,6,65,65
545,01100001110011111011110101100001000111111001010100000100011000000000111010100111010110111010000110011110011111111111101101001101,True,True,True,True,True,True,True,True,True,True,69,56,27,11,5,3,7,64,65
546,00111000100001110110001110101001001001000101000101000101111010111101011111010010111101001101100111110111001000101001100110011100,True,True,True,True,True,True,True,True,True,True,66,69,35,1,8,10,7,63,63
547,11111010010001100111101011011011010011111111110011110000001010100010111111111001111110001010011000011011010100000111000010111111,True,True,True,True,True,True,True,True,True,True,74,55,27,7,7,5,7,63,64
548,01001110010011101000011100101001110110101011111010111001110100101111111000101110101000001101000011111011010101011001000000001111,True,True,True,True,True,True,True,True,True,True,68,66,38,9,10,5,5,64,66
549,11101100010101101000111011011101000011101000000011110110011101011010010001011000010001100100011010110100111110100000000111100000,True,True,True,True,True,True,True,True,True,True,60,62,31,13,5,5,9,65,64
550,01000101001001100000101010110011001001100011110100000001100101011001111000001001000100111110111100001111110000100111100010100000,True,True,True,True,True,True,True,True,True,True,56,59,27,12,7,10,9,62,62
551,01011001110001000001000111001111100110000110110011000110100100100100110000010000101000000110110100110000011100101011110010101001,True,True,True,True,True,True,True,True,True,True,55,64,28,11,6,9,9,65,65
552,11010011011011101111010100010011100110001101011110001100011011011110101101001100101001100101011010011100011100010011000010001011,True,True,True,True,True,True,True,True,True,True,67,71,33,1,7,6,8,65,64
553,10101011010010001000001010010001010110101010011101101011110010001001110101011011100111011001100111110100111100110111011000100010,True,True,True,True,True,True,True,True,True,True,66,76,44,2,10,9,6,64,64
554,01001001100000011101000111110100111011000101100110110001011000001110110010110011010110100000010101101010010101100101000011100011,True,True,True,True,True,True,True,True,True,True,60,70,36,9,10,7,8,63,64
555,00110010011010001000100000111001011001111110101011100000000101011010100000101111111111000100111110100001100011101000111111100001,True,True,True,True,True,True,True,True,True,True,63,56,28,11,7,7,10,64,66
556,10011101011111011010111111011100000011011001101111101110111101110100111000000100101000110100100001101000001000111010110001101001,True,True,True,True,True,True,True,True,True,True,68,63,32,9,4,4,7,64,65
557,11000111011100011101000000100010010110101001100000101011011000011101110110100011001100111110111100000001111010011100011011111010,True,True,True,True,True,True,True,True,True,True,65,60,27,10,4,4,9,64,64
558,00011110111110110101010011101101001100100111011011100011101000001000000111100111000111000111000101001110011110111010010101011101,True,True,True,True,True,True,True,True,True,True,69,64,31,5,6,4,7,64,65
559,11000111111101110101011000111010000111010101111110110110011100111101001110000010100000000010001001111100011101110001001010101001,True,True,True,True,True,True,True,True,True,True,67,61,32,9,8,5,8,64,65
560,10110111011010010011011111000010110010011011100010010010000100100100100100000111101100000100111100101101001011100010010100100011,False,True,True,True,True,True,False,True,True,True,59,69,33,6,4,17,7,65,65
561,10010011101101001100001001111011001100011011000101000001111001000001000010001111101101100111101010100010101010000111110110111111,True,True,True,True,True,True,True,True,True,True,65,63,31,7,6,7,9,62,64
562,10001111111100111000011010100110000001101111101010011011111110100110111111001111111010000001110000001010111011100000101011101100,True,True,True,True,True,True,True,True,True,True,71,54,26,12,6,2,6,64,63
563,11110111000011111110101011111001111100011011011111011001000111011111001101101100011100010011100101111100010010110000010100000000,True,True,True,True,True,True,True,True,True,True,71,54,22,8,5,6,7,64,62
564,01011110101100100100000000101001101111101101001100101110010100110000111000011110111101000111101001000100000101010000000011100100,True,True,True,True,True,True,True,True,True,True,58,63,33,14,7,9,7,64,65
565,10101110011101010111010001011000100101111101110101011010101111101011110011101100001001110000001010110001001101011011111111101001,True,True,True,True,True,True,True,True,True,True,73,71,44,4,13,6,5,63,65
566,10101101010100011101111111111110111011010011000110001100111110101001000100101000110110010011101111111110100010110110100110001001,True,True,True,True,True,True,True,True,True,True,73,67,36,0,6,6,7,64,64
567,00010001110101100001000101011000100001101001110011000111101001100001110100110001011100101111110100010100100001010110010111000010,True,True,True,True,True,True,True,True,True,True,58,67,34,5,9,11,12,64,66
568,10111001101111100101101000111100111011110010010110001111110100010110101001000010010000101010010100000011110010111100010100001101,True,True,True,True,True,True,True,True,True,True,64,67,37,6,9,11,8,63,64
569,10011110111101101111000011111100000011001000100000100101110101100101000011111100100100010001011110000010000000011001000100111101,True,True,True,True,True,True,True,True,True,True,59,55,25,14,4,12,10,64,65
570,01000010011100001111001110001111000110011010111110110001010111100011011100001111010110001000010000011110111100101110111011100011,True,True,True,True,True,True,True,True,True,True,68,56,22,6,5,5,11,64,65
571,01111001011010001000011110010000000101111110011001110010111000000011111000001110010010111011110111101100100101110110010011101100,True,True,True,True,True,True,True,True,True,True,66,57,23,11,5,10,5,65,63
572,10111111000111110001001011110101001000110010011110000101111100001111110000001000010000111100011101100010100101010000001111010101,True,True,True,True,True,True,True,True,True,True,63,57,30,10,8,9,11,65,64
573,10000001011001111001011011010101000110000010001010101011000010010110001010101001110011111110010101100110111101110011011011111101,True,True,True,True,True,True,True,True,True,True,67,71,41,6,14,8,6,64,65
574,11100111100011110110101100111001010000010101101010010011000000101100111101101000100010101001011000010001111110010010010011110110,True,True,True,True,True,True,True,True,True,True,63,68,35,6,9,11,7,64,64
575,10011110010000001001100001101010001110000100111000110011100001101101100010110010001111011110010001110001111110010011111110000001,True,True,True,True,True,True,True,True,True,True,62,53,17,9,2,7,11,65,67
576,00101101100001101011011100110010001000010010100110010110111111010000100110100111100110001100000111001110011011010000110111100010,True,True,True,True,True,True,True,True,True,True,62,65,27,6,4,8,8,64,65
577,10011000101000011001001001111010000111111110111111001101111100111001001111001010111000110001001100101110010101000011001011101110,True,True,True,True,True,True,True,True,True,True,69,62,27,3,7,9,6,64,64
578,11100010010010011100100110011101011010100110010100001101101010010100011101110110111111101110011011010111001011110101100010001110,True,True,True,True,True,True,True,True,True,True,70,72,37,1,8,8,5,65,64
579,11100110001101101101000000110110001010101100111011000111001100101101000000110101111011010101111111110111110101100011010011001010,True,True,True,True,True,True,True,True,True,True,70,68,35,6,9,3,6,65,64
580,11000010100000011101111001101011011110011100001110110000000111011111101000000101010101010100110011000110010101101011110101101011,True,True,True,True,True,True,True,True,True,True,66,67,38,12,13,3,6,64,64
581,00111111110010100100111101011110011001100010100100110101101010000000100001010101011000000011101000110000100110100010111111000000,True,True,True,True,True,True,True,True,True,True,58,63,34,13,10,8,7,66,61
582,01000000101010000111111011001001001011011000011100111011001010110111001101001110110001011111111110000001011010000001011000001000,True,True,True,True,True,True,True,True,True,True,61,61,31,13,8,9,7,64,64
583,10111011101100000110110110100110111000001111110011000101111110010100010100111100000101110100111110100110010110000110000100000111,True,True,True,True,True,True,True,True,True,True,66,59,26,10,5,6,8,66,65
584,10000011001101010101011101100100010110111010111100110100111110111110001001001011101110110101001101111010000100011011111010110110,True,True,True,True,True,True,True,True,True,True,72,72,41,3,9,6,5,66,64
585,01110000100011111111100001010110111011111001110011011010011110000000111001010100011110011100000011110101001110100011011100000100,True,True,True,True,True,True,True,True,True,True,66,55,24,11,5,4,8,63,66
586,10111010110100010100011011110001011111011000101100111010001110111100010101110111101001000100010110000100100001000111010000101011,True,True,True,True,True,True,True,True,True,True,64,69,39,3,9,11,12,63,64
587,00101100100110100000100011110111011100110101100001001100000001010101001111110001111001011100010101010110010010011111000100000110,True,True,True,True,True,True,True,True,True,True,60,65,33,9,10,10,8,64,64
588,11100101011011110111011000110100111110101111000110010001000010011100111001110101000110111100100110000011100011011011111111111010,True,True,True,True,True,True,True,True,True,True,73,60,26,3,4,5,7,64,64
589,10000000000011011000011110111111011111001011101110110001001000000111100010000101011010101010100100011001010111011010010100101011,True,True,True,True,True,True,True,True,True,True,62,67,40,13,12,9,7,64,64
590,11100011001001101101000110100000011110011110010011001001001110111110001110111010000101101111101101111010010110000100001100000100,True,True,True,True,True,True,True,True,True,True,64,60,24,8,2,8,8,65,66
591,11001000100111011100010001011101001110101010110101110100010100110000010110011000110011001000101000011010110000010011111110100111,True,True,True,True,True,True,True,True,True,True,62,69,35,5,9,9,9,65,64
592,11011000001001110101011101001001000110110110111001000111100111110101000011010011111111011000111110100110000110001000101100001000,True,True,True,True,True,True,True,True,True,True,65,62,28,5,4,7,9,64,65
593,10101010111000011100100010101100100011111111000010011111000010101001111110001111110101111110011001100001100101110010110110101101,True,True,True,True,True,True,True,True,True,True,71,63,33,4,11,7,7,64,65
594,10101110010001010100110100111100011101010100100101010011100111001000111011101100100011111000010001100101011101010000100011010101,True,True,True,True,True,True,True,True,True,True,63,75,44,2,12,9,8,65,65
595,11010111101111100011001011010110011111101011101001100100100011010011111100101011111111001011111110000001011111011110101010110101,True,True,True,True,True,True,True,True,True,True,79,65,38,3,12,6,3,66,64
596,11010011111100101000011110101101000011100111000001111011111110010000011101001000111011001111111100010110111111011011111000101111,True,True,True,True,True,True,True,True,True,True,76,53,23,6,4,5,7,64,64
597,11000111000110001001100101100100001000010000000011101111010100001011101111001110000100011100001010011111101000000000010100101100,True,True,True,True,True,True,True,True,True,True,54,56,25,17,6,10,11,63,64
598,11111101010110111100001001010011101111111100101011000101111111010011011010110110101010000000101000000010011000101001000101000110,True,True,True,True,True,True,True,True,True,True,65,68,42,9,12,9,7,65,65
599,00101100110101000100101100010101010000000001011011001011011111000000100011110010101011000100000110001010110111101101010110001010,True,True,True,True,True,True,True,True,True,True,57,73,45,11,16,11,9,63,64
600,10100110111110101010010010101101010000111010010100111001010111100111010000010110110000010111101110101110111011010010100001000111,True,True,True,True,True,True,True,True,True,True,67,75,47,6,12,8,5,64,64
601,11000010000111010010001100011101011111100000000110111100011111111100010011001101101011011100011000001000001110010100100011110110,True,True,True,True,True,True,True,True,True,True,63,54,21,11,3,6,11,64,64
602,01101111111010001010110111100001101101001011110000011011001001010001100000010010100001111100101001111111110100001001010101001110,True,True,True,True,True,True,True,True,True,True,65,65,37,8,9,9,7,63,64
603,10101001010111111110000010011111111001100101100101011111101100001011101001000010100011000100010100111111011101110000010101110111,True,True,True,True,True,True,True,True,True,True,70,63,36,6,11,10,7,65,64
604,00010001110000001011110111000110101111010001010010001001001001110011001001100001111100011100000010001000110001110101110000111110,True,True,True,True,True,True,True,True,True,True,58,57,23,8,4,10,13,65,64
605,11000001010111111000101010111000000000101100110100111001100011101010110110010001010010100011001100111110010010101000111110100001,True,True,True,True,True,True,True,True,True,True,61,67,36,9,12,8,8,62,66
606,10010000100010010010110110110110001001111101010110111010101111000011000111000011000010001101101010000010110011010111010001011000,True,True,True,True,True,True,True,True,True,True,60,70,37,6,9,9,10,63,63
607,01110101110001011010010010101011100001110100000010001011011100111010100110101101110100100010000100111100100010110110010000000110,True,True,True,True,True,True,True,True,True,True,59,71,40,9,9,11,8,63,66
608,10101101100110101100111010111100110111000000100111011001001110011111010111001001011111011111011000100110110000001100111110010011,True,True,True,True,True,True,True,True,True,True,72,63,26,6,5,6,3,63,64
609,11001011001010111101001011100001000100111110110100110011011101001100110100011001111111001000100100111010010111111110100000110111,True,True,True,True,True,True,True,True,True,True,70,65,30,3,5,9,5,65,64
610,00100111100100011101100110111111100111100000101001111100100001101001101000100001001100100011110111010001101011000001100110011110,True,True,True,True,True,True,True,True,True,True,64,59,22,6,2,7,8,65,64
611,11101010111011101011010111110000100001001110001000101010100001001110010111011011000111011100110000111111111110101010011010010111,True,True,True,True,True,True,True,True,True,True,71,67,38,4,11,7,7,65,64
612,01000010101001010110101110001001101011001101001110000000111110111101111111011101011001110001100100110111001000001001100101001101,True,True,True,True,True,True,True,True,True,True,66,68,35,7,8,7,5,64,64
613,10101010111011110001011101001111011111011010111100100110100000010011001010101010010010100100010001000100100011101100011000100010,True,True,True,True,True,True,True,True,True,True,61,74,44,3,10,13,9,63,65
614,00000001100110011101100010111001101100010110110101111011111110010100001101010100100010110011001101100111000101111011010101000000,True,True,True,True,True,True,True,True,True,True,64,67,33,8,10,6,6,65,62
615,00001000101100011010000101100011110100111011110011100110101100110010000100001100011011001111000101100000011101000011101000110010,True,True,True,True,True,True,True,True,True,True,58,61,24,8,4,7,12,64,64
616,00111011101111100001000111010011110000011011100010010000001011010101100100010101111000001011000000001101110010010011001001111010,True,True,True,True,True,True,True,True,True,True,59,61,29,13,6,10,8,62,64
617,01111001101010101011010010110001110101010010101011101101001110011010011101011111010101111011001001110001110111010110011101110111,True,True,True,True,True,True,True,True,True,True,76,78,47,0,14,3,2,65,64
618,11110100100111011100000111010100010010111001100001111000111111010101111110111110001100001011000110101000000110101101100100001011,True,True,True,True,True,True,True,True,True,True,67,61,30,8,8,6,9,64,64
619,01101001100110100111000001111111101110001110110111111110110110010001101000011111000000010001100000010101100111000111001110000011,True,True,True,True,True,True,True,True,True,True,66,52,18,12,2,3,9,64,66
620,10010010101111111000001100101110000111111001111001010000000101001001100100100101100100011101010001011010001101111100001101110100,False,True,True,True,True,True,True,True,False,True,62,64,32,8,8,11,7,69,64
621,11000000100110100101000011010011001000011000101010011000000101110110111011001100001011000110000011101010100001100000100101111000,True,True,True,True,True,True,True,True,True,True,53,64,30,14,8,8,10,64,63
622,11111001111001101011010101001001101011011100111111010101110011111111111101110001001010100111101100110010101000011001100101000100,True,True,True,True,True,True,True,True,True,True,74,68,36,1,11,6,3,63,65
623,01000001000111000010111111101001010101001100001000110111111101100101001111111010010000001100101001111110101100101011001111010011,True,True,True,True,True,True,True,True,True,True,67,64,35,7,9,8,6,64,64
624,11110110010101010000011111001101000001100010100011010010100111110100010110100010010101111010010100000001111101110110111011001001,True,True,True,True,True,True,True,True,True,True,64,69,40,8,9,8,7,65,64
625,11010101011100110110101100011100000011000001001100110100111010001000111100001100111100000110111010110101111101110100000011001010,True,True,True,True,True,True,True,True,True,True,63,64,31,11,7,3,8,64,64
626,00001110011100001010101100001001101000110110001110001011010010111110101011000011100011101011010000111010100100111000001100011010,True,True,True,True,True,True,True,True,True,True,60,67,34,7,9,5,11,64,64
627,01101010100100000010001110111101111110001011001110010111110100000110110010101000111100100101000001001100001011001000010110001011,True,True,True,True,True,True,True,True,True,True,60,66,35,9,10,12,9,64,64
628,10001001000001011000101111101001000011000000000000110010010110001001011100100001100010111001000100110010101110100110111101101000,True,True,True,True,True,True,True,True,True,True,53,64,31,13,7,14,9,66,63
629,10001101111100100100011110101100110101000011101110111011101111011110100100101100001111001011101101111011011010000011000110100010,True,True,True,True,True,True,True,True,True,True,71,66,33,4,4,6,7,64,65
630,00011011100001101100101001101111011001101001000000111101010001011001100110001111100000111111000110100111101000000001110001111010,True,True,True,True,True,True,True,True,True,True,63,57,23,11,3,3,9,65,64
631,01111000100111011010100001010101001000100000110000111110010101010100011001110101101110010011011111101101011010110001100101110110,True,True,True,True,True,True,True,True,True,True,66,73,42,4,12,7,7,62,64
632,01110000011101000100100101110011011001111001000011111100011110110011101100000101111101010100101010010000010111100111111000100010,True,True,True,True,True,True,True,True,True,True,65,61,30,7,7,10,8,64,64
633,11011101001110111101010010000100010100101111101111111100000111101110111001100110010011011011000010100101011001000100110110111011,True,True,True,True,True,True,True,True,True,True,71,67,33,4,6,9,5,64,64
634,01011111111001001010100010100000001000001110111111011101110111010101011111100110110110011011001111001100111100000010111101101000,True,True,True,True,True,True,True,True,True,True,71,61,32,9,8,5,4,64,63
635,11010001001010100010110101011000011001100100001100010110111100101100111001111001001110100100011011110001111110110011011110011110,True,True,True,True,True,True,True,True,True,True,68,66,29,2,7,8,7,65,64
636,00000011100011000111001001110111100110101101001101101100110110111101011001001011110011010010010101011000111010000010100111010001,True,True,True,True,True,True,True,True,True,True,65,70,34,5,7,6,6,64,65
637,10000000111101000101000000000111011100111101100011100000111111001000110111100101110000001100110111100111011001010010011101000111,True,True,True,True,True,True,True,True,True,True,63,53,20,15,3,5,8,64,64
638,10111100110010010001100011101001101011000100101000101110100001110110011001110001111100110100101011110111010010111100000010100110,True,True,True,True,True,True,True,True,True,True,65,68,33,4,7,8,7,65,64
639,11000100110010111001000000010011011110000110011111100001011101111000111100100110010010010001100111010001001111011100011001111111,True,True,True,True,True,True,True,True,True,True,66,55,17,6,2,10,8,65,64
640,11001011100100100010100101100011100001010110001000111001110100101111011110100101001000010101000000100101001110001101001100110011,True,True,True,True,True,True,True,True,True,True,59,71,36,5,10,13,8,62,65
641,10100011011011001110010111100001100100101010110010101110010110101011100001001111011111010010100111101010110000010111111111110000,True,True,True,True,True,True,True,True,True,True,70,68,39,5,13,8,4,65,62
642,10101010010100000001100001101011010110001110110011010110010011100110100100100011100111011101111101010100010110100010000110111000,True,True,True,True,True,True,True,True,True,True,62,72,39,6,9,6,7,65,63
643,00100101110011110101011011011101001010110111010111111001010010001100111100100010011110100111010010001110100000000101000101110100,True,True,True,True,True,True,True,True,True,True,65,71,40,5,9,10,5,63,64
644,00011101000011111001110001010001000100010100101001100010011001100101111011101100110010011111000011011010110001010101100010110100,True,True,True,True,True,True,True,True,True,True,61,69,33,2,9,10,10,65,64
645,10001001000111011000101001110010010001000111110000111000101100100010101010111100111110010111010110101000111111010001111101001100,True,True,True,True,True,True,True,True,True,True,65,66,34,1,9,10,10,63,63
646,11101011110100011101111010101010001010101011011101011101100111010011110111010100100001010101100111000011010011111001000010110000,True,True,True,True,True,True,True,True,True,True,69,74,46,4,14,5,5,66,62
647,10010011101010001111110000101000111010110111001010011110101100011111101100101110000001000001011010101101111101100100010110111010,True,True,True,True,True,True,True,True,True,True,68,68,39,6,10,8,7,65,64
648,01110001001110000001010010101011100100101001001100000001111101010001100111011010000000000010100010101101101011100110001011101100,True,True,True,True,True,True,True,True,True,True,56,67,37,15,11,9,7,64,63
649,00101001000101101110101100111100110100011100001000111011000101100011000101100101011000101011101110011010111001001000100011111111,True,True,True,True,True,True,True,True,True,True,65,68,33,1,10,11,10,65,64
650,11100011011100001010000111010001110111000100000110111000110000111001111010011111110101011101110001011100100101101001001100010011,True,True,True,True,True,True,True,True,True,True,66,61,26,5,5,7,10,64,64
651,11111101110011111001001000101011000011000111001000011100011111000110110110000111000011011100101011100010111101011010011010111001,True,True,True,True,True,True,True,True,True,True,69,61,26,4,7,6,9,66,65
652,01001011110110011010110100000111010010011110111111001010110110110111010111101101110011111011101101100010011101111011000101100001,True,True,True,True,True,True,True,True,True,True,76,68,35,3,6,5,4,65,66
653,11011011110100010011100100011010010001010110000000000010110100000101001110010010101111110101010011011110010100010000001000101100,True,True,True,True,True,True,True,True,True,True,56,68,39,13,10,12,8,64,63
654,00000010010001110011101010000101011000110111011000001010110000101100101000000110011111001000000110111111100011011111001111000110,True,True,True,True,True,True,True,True,True,True,60,57,25,13,7,7,10,63,65
655,01101100001001001000110001010100101010001011110000011100011000101100101111011011110000100101000101011110100010101110001010110110,True,True,True,True,True,True,True,True,True,True,60,73,43,4,14,13,11,64,64
656,10111010001110111110111111101110001001101001001011111101111011001010100001000010000010000111110111101000110110001111100100101101,True,True,True,True,True,True,True,True,True,True,71,61,32,5,4,9,8,64,65
657,00111010001001110110111011011111000010101011101101001100111110010101101001001100100001100111010010101100111101011101001001001101,True,True,True,True,True,True,True,True,True,True,69,74,39,2,8,8,3,64,65
658,11100001100010000011110110110110101011010110101101010100110000111001111111100111110001010111110111011110100101111000100000010000,True,True,True,True,True,True,True,True,True,True,69,62,33,8,9,5,7,64,64
659,01000000110101000000100110111011001101100101111010001111110111011101011011001101110111001011101000010001011010000101011010100100,True,True,True,True,True,True,True,True,True,True,65,71,40,8,8,7,6,65,64
660,00001010010001101111010111001011000101111011010001010101000010111011101100100101100000000000011011000001000101011010000101110100,True,True,True,True,True,True,True,True,True,True,56,69,41,14,12,11,9,64,64
661,00011111000011110111111011111010111011101010001011100110101101000000001110101010111001010111000001101001011111110100110011001010,True,True,True,True,True,True,True,True,True,True,71,65,38,8,11,4,5,64,64
662,01010111110111001100101001101000010000110100100011101111000010001111101000001010000000101001010111001000010100111010010110111100,True,True,True,True,True,True,True,True,True,True,59,67,38,10,9,10,8,67,63
663,00111000110111001110001100100000110101110101011110110000000011001011111000101011100011011000000000110110111110101000010101100100,True,True,True,True,True,True,True,True,True,True,61,61,29,14,9,5,8,65,64
664,11001011000100011001100110110101101101010011011100100111001001100111110111011011101100000110010100001101011000001111011110110110,True,True,True,True,True,True,True,True,True,True,69,68,29,5,5,5,5,63,64
665,00100010111010011101111110011111111011100001111011010111111111110001001010111001001111000010001101110000001110011100011010101110,True,True,True,True,True,True,True,True,True,True,74,55,25,5,6,6,7,64,64
666,01011011101001001011010111110011101001000000001010100100010100110101000001110111111111011010000011110101100001101111100100010001,True,True,True,True,True,True,True,True,True,True,64,66,39,10,8,8,7,65,65
667,10010110000110111000101011100001101100010101001111101000001101101000111001010010001100001100110100001010010001010000100001000000,True,True,True,True,True,True,True,True,True,True,52,66,34,11,8,10,12,63,61
668,00010110001010100000011000111100111011001111100011100000001001011011001100101101101010000010100100011101100011001101010111110110,True,True,True,True,True,True,True,True,True,True,61,65,31,9,9,7,9,64,64
669,10100000100101001100010001001101100100011101000001100000110100110100101110100000111011101111001001000101001110000111101100100010,True,True,True,True,True,True,True,True,True,True,56,66,32,9,3,11,10,62,64
670,10101000110100110110011110111101111010000001000010010001111110101010100001001001010110111011110001101010101110011010011001101011,True,True,True,True,True,True,True,True,True,True,67,73,43,5,10,6,6,64,64
671,00101011111010100000001100000110010010110101100110010000011110011100001011000010110111110010100001001010100011100110010101011101,True,True,True,True,True,True,True,True,True,True,59,68,37,11,13,10,7,64,65
672,11110000000010101110110101101100100101001011010011010100111101001000011010011010110010110111001010010101101000011110011000011110,True,True,True,True,True,True,True,True,True,True,64,74,42,8,11,8,4,65,64
673,11100000100000001010101001001001000101000110101010000000110100000101110110111101100110001101101011000011001011110011010000000101,True,True,True,True,True,True,True,True,True,True,54,67,38,17,10,9,9,64,67
674,01110000000100101110101110001110101111101111101000111000000001001100111101000101001000110010110110011000110000100011000110011101,True,True,True,True,True,True,True,True,True,True,61,60,26,10,5,7,10,65,65
675,10010111001000100101101000111011110011010111111010111000100100110110011110100001110011101010001011110011010111010001101010111101,True,True,True,True,True,True,True,True,True,True,71,71,39,1,9,7,6,63,65
676,11100110000101001100011010100110110010011100110110110110111010010010101100011011000011001010101001000010111000001110001000100111,True,True,True,True,True,True,True,True,True,True,61,71,33,5,8,9,8,67,64
677,10101101011001001100110101011000001001101110101011011111100001110011011111111101010001101001011110101100100111110110110110010011,True,True,True,True,True,True,True,True,True,True,74,71,38,3,9,5,3,65,64
678,00001100010010000111110101110111111000101011100000110000010011001001011011010011110001101111101010100111011111110000111111011001,True,True,True,True,True,True,True,True,True,True,69,58,27,7,6,6,8,66,65
679,00111010010011010101111111110101011001011111000100011010111110111011100110011101110011100111010110110111011111111000110001000000,True,True,True,True,True,True,True,True,True,True,76,61,29,3,7,4,4,64,62
680,11000000111001110001110110101011101011111110111010001001000011111101011101101001110111010001110100010001100101111111110011000110,True,True,True,True,True,True,True,True,True,True,73,60,29,4,5,4,8,63,64
681,11101110111111011001110100110001111010101000000101011100000001000010010011011110000011010001110001001110100101100011010111000110,True,True,True,True,True,True,True,True,True,True,63,62,30,10,6,6,9,64,65
682,01111110011111111101101110110000001000010111001111101100011000010000010010110110100011111111000100110111011000001011101010011011,True,True,True,True,True,True,True,True,True,True,70,56,25,9,4,7,8,63,64
683,10011001010000001111100011101101111110100110110010001101101111111011111111101101110100001000001011100000000110011111010000101100,True,True,True,True,True,True,True,True,True,True,69,54,24,12,3,5,7,66,63
684,11010000001101100111001000110001000011000011100111111001100001000001000100101010010101111001100011010110011000011011011111111111,True,True,True,True,True,True,True,True,True,True,63,57,22,9,5,7,10,65,64
685,01000000011001010000100010010111011000111101100001101100011011001111110000101011111111110000101101010000101001010001001000101011,True,True,True,True,True,True,True,True,True,True,60,64,35,9,10,11,11,65,64
686,01101110010011010001011110101001100110011111000000010111001101010000011110110011000001111100010001001000101001101100101011100010,True,True,True,True,True,True,True,True,True,True,61,65,31,8,7,9,8,64,65
687,01011100110000101001100011011011010010011011111001100001010110010111010101001000011110010011101000001001101111100111101001011100,True,True,True,True,True,True,True,True,True,True,65,69,34,5,8,8,5,64,63
688,01110111011011001111111011010100110111111111100110001100010100111011110101000111100101000100011001010110010001000111011111001110,True,True,True,True,True,True,True,True,True,True,74,63,30,0,6,6,7,63,64
689,00111010011011010001000010010000100010100011100111000011000010100110000001101111110010110011011011000101011010000000110110000111,True,True,True,True,True,True,True,True,True,True,56,62,27,12,5,8,11,66,64
690,01100111100010110010100000001001101111101001001010101010010111111001000010011000101001001110001011001010001111010111111010110110,True,True,True,True,True,True,True,True,True,True,64,71,41,5,12,12,6,63,64
691,01101101001111100101000001011010000010100110111110101000000111111111000110100110101100111000110001111001111110101110101000100101,True,True,True,True,True,True,True,True,True,True,68,64,35,7,8,5,7,65,65
692,01000111101100111110010110001010010010011011010100100101101011010001000001101101101111010101101010010101100010111101101110111100,True,True,True,True,True,True,True,True,True,True,68,77,45,2,11,9,5,64,63
693,01100111100111010000101100110010101101011000111100101011110000100001111010011110100100101000011101111011011101101110010110000111,True,True,True,True,True,True,True,True,True,True,69,66,32,5,8,7,6,63,65
694,00010001000000111100100001111001001100001010011111101100101010101110101001001000000011000100000010100101000011100110001011011100,True,True,True,True,True,True,True,True,True,True,53,63,32,13,9,12,10,64,63
695,01111101011010010111011100111101110011010100101000000010011110011010110100100110101101110011110110111100110111111111011010010110,True,True,True,True,True,True,True,True,True,True,76,69,37,4,7,5,1,65,64
696,11001001111100110110000110110111111100011111101000010100110010100100101000011010100111011000110001011001110101010010100111001111,True,True,True,True,True,True,True,True,True,True,68,67,32,3,8,7,6,64,64
697,10011110111100001111000101011101101010101110100001101001101110010001000000010011111010010101011101110111011011100000010101000101,True,True,True,True,True,True,True,True,True,True,66,69,42,9,11,7,7,63,64
698,01011011000000101000010011001011001011001001011101010010011010010000110011000101011110000011110100100111001000101011000000111001,True,True,True,True,True,True,True,True,True,True,56,70,36,10,10,12,7,65,65
699,00001011111110011010110011001101111000111011001111000010000000001000110101010100110110101100111000001010101011010100110011011101,True,True,True,True,True,True,True,True,True,True,64,68,36,10,11,4,6,64,65
700,10100010110011110001110110101000000111110011101110111100111111110001010001010010100100110000011111110100000111000101110000001001,True,True,True,True,True,True,True,True,True,True,65,57,28,10,6,7,9,65,66
701,01111010011011001111100011001111110001110110000011110010001110010001000000011010010001010010001111110000111010111100100000010100,True,True,True,True,True,True,True,True,True,True,61,55,22,10,3,8,10,63,64
702,00001000010011010001000000001010010110111101001010111011101011111000010011000111111001111101100101100101010100111011111100100001,True,True,True,True,True,True,True,True,True,True,64,64,35,9,9,10,7,64,65
703,00001011111101001100011011111100000000000111011011110001011111111010101101001101011111001001111100101100001111110001010000010100,True,True,True,True,True,True,True,True,True,True,68,55,28,12,8,6,7,64,64
704,10100111101010100010101111000000000000101100111101111010001101010001001111100101100111011001110011011111110101110100110100011011,True,True,True,True,True,True,True,True,True,True,69,65,35,9,8,4,5,64,64
705,00011011100110101111011110111010100111001101001001011101010101011111110001101011101010110001111001011110000010100001111011010100,True,True,True,True,True,True,True,True,True,True,72,71,42,3,13,4,5,64,63
706,01000111010011000100001100000111101110000010111111000001111101010111011001010001011110011101000100110001100111000000000111110101,True,True,True,True,True,True,True,True,True,True,62,56,26,13,6,5,10,64,65
707,11111111100100010110100101000011100001100101011010100110111001001100100101110100001000000011110110011100010101101010000100011111,True,True,True,True,True,True,True,True,True,True,63,65,34,8,9,10,8,64,64
708,00111111010111010010111011101000010101010101111110000001001011111101010101111000001000011000110101101101101001101010111010000000,True,True,True,True,True,True,True,True,True,True,66,69,45,11,14,5,5,64,61
709,10101100101001010001101010111111000010101001110110010100111010100101000100100011111101001011011100000001110000010111110001010100,True,True,True,True,True,True,True,True,True,True,62,72,45,7,14,10,7,65,63
710,11100110000001100110111011011010001001000001000000000100010101101110001000010010001010000110011111101100100010010110000101011001,True,True,True,True,True,True,True,True,True,True,53,63,30,14,6,13,11,62,65
711,10100001110010110101100011010101001111101110101101111101110101101111101110001010000101110101010110111100001001001111110001100110,True,True,True,True,True,True,True,True,True,True,73,70,41,3,11,5,6,62,64
712,01110111111010001101001100010000000001011100001101001010101000111111101110111000101101111100101010010011011011011101111101011110,True,True,True,True,True,True,True,True,True,True,71,65,37,7,8,6,6,64,64
713,10001000111001110100101100000111101000010000001101100001100100110101001010000011111111100010101010111010011111001101111000011110,True,True,True,True,True,True,True,True,True,True,63,60,30,10,7,6,9,64,64
714,11101011010010001011001000110000110011011001001100001111111011011111110111010110110110001011100111101001111100101011001101001010,True,True,True,True,True,True,True,True,True,True,72,68,33,2,7,7,5,64,64
715,10001000111111010111110101111100111111000011100010010101100001010101010111110011001111011100110110000011011011000011101010110100,True,True,True,True,True,True,True,True,True,True,71,64,34,5,11,4,7,64,64
716,00111100101001100001010111111111000100000101001000011010100110101001111010010000111010110001011011100101101110000111000011110010,True,True,True,True,True,True,True,True,True,True,63,65,34,7,9,9,8,64,65
717,10100111101110011100101111000011101110111101001010111101000010101010110011010010101100011101001101001110011101111000111111010000,True,True,True,True,True,True,True,True,True,True,72,68,37,3,9,4,4,64,63
718,10101010110100010000101010001100101100010000010001011010101000000100011101110010111001100101000001110001000100011100110010010010,True,True,True,True,True,True,True,True,True,True,52,72,41,8,11,14,12,64,64
719,00111101101011101110011010000101111001100001101011001001001011110000101100101110110011100011110010111000010010001100100100010001,True,True,True,True,True,True,True,True,True,True,63,66,29,4,7,12,8,66,65
720,11101001101001010000011110010010001001000110000101111110011011111000001011100010001110101110100110110011110110100000001111101011,True,True,True,True,True,True,True,True,True,True,65,61,29,9,5,8,8,65,64
721,10011101111101011111001111100111110000000101110110111001100110000110010011101110000000110011101000111001000110111010110001110010,True,True,True,True,True,True,True,True,True,True,69,56,20,9,3,4,6,63,64
722,00110101001010001001011110011011000001110101001110011010101111001111010100101110100111101110010101111100011111000011110010110111,True,True,True,True,True,True,True,True,True,True,72,68,36,3,11,6,4,64,64
723,00110010000010001100011101111110011001101111100001000010011110001110010011010001111010100011000111011110010100011000011111101001,True,True,True,True,True,True,True,True,True,True,64,56,20,5,2,6,11,64,65
724,01110010010111001001111101110001111110100110011010111100110011110101110100101110100000010000011011010010111101001001011111001101,True,True,True,True,True,True,True,True,True,True,71,66,33,5,6,8,3,64,64
725,01110001110000111001000000010100011001101101111110100110001111010000000100101010110101100110110011111100000100000101101011001101,True,True,True,True,True,True,True,True,True,True,61,62,30,13,7,6,8,65,64
726,00000111000110000001011000011001101010011000110010001100011111000110101011001001110011111001100011000101101001111011000010010011,True,True,True,True,True,True,True,True,True,True,59,60,20,7,5,6,11,64,64
727,00100100000001010110110111100010000001011001101011110001011100001011101010110000011101001000011101111000110001110111101001000110,True,True,True,True,True,True,True,True,True,True,60,63,32,11,8,9,10,66,64
728,00001101101100011011110111011100010000010000100100111101001111010001001111011001000000011110010101100111101001101001111110010110,True,True,True,True,True,True,True,True,True,True,65,61,27,8,3,8,7,64,64
729,00111011110010101000011110000100100100010011000010011000110111110001011001010111111111110001111000001111110000011111001000000000,True,True,True,True,True,True,True,True,True,True,62,49,19,13,5,9,9,64,60
730,11001111011001111111001001000100111001001110011010101010100111001101101101110010001000110001101100111010111000111111001100010011,True,True,True,True,True,True,True,True,True,True,70,65,25,0,5,7,6,63,64
731,10111010111100010011110010110101000010000111100001111011010001001010110010110011101110101111000100110001011001110001110011101000,True,True,True,True,True,True,True,True,True,True,66,66,32,3,8,8,8,64,63
732,01110011110011101110000101000101101110111111011101110101110100011111110010001110101001101101000100101010001001110101100111011011,True,True,True,True,True,True,True,True,True,True,74,68,36,1,7,6,6,64,64
733,11001110011111111000101010010001100111001100001111110000111100010110011101011010101110010001111101100100000010100001100101000011,True,True,True,True,True,True,True,True,True,True,65,59,25,7,8,7,9,64,66
734,10000111101101111000000000111001011011101110011111010010001111001010100010001111111110000110010100110011000100101001100100010100,True,True,True,True,True,True,True,True,True,True,63,60,27,8,6,9,8,65,63
735,11011111010000101010110011111010000111010111100001110010010110110000101111101101100000001101010111100011001001011100011101110001,True,True,True,True,True,True,True,True,True,True,68,63,32,8,9,6,8,64,66
736,11100011000111111000101110111001011101001101100011010111001001001000101010000111110011011101111010101101100100111101100000011110,True,True,True,True,True,True,True,True,True,True,70,64,30,4,7,7,7,63,65
737,01100000011111111101010111001010001100011100111110001010011101100111011010000110011000110010110010100011101101000110000100100101,True,True,True,True,True,True,True,True,True,True,64,64,29,5,7,7,9,64,64
738,11010111111110010010000110110000101011000100111001100010110100110000100000001001001010110000011010011111111101100111101001101100,True,True,True,True,True,True,True,True,True,True,63,62,28,9,6,9,7,60,63
739,10111011111001001001010100010010001001001000011110111100010100001101111110111100101101000110010001001010011001011010001101011111,True,True,True,True,True,True,True,True,True,True,65,69,37,2,7,14,8,64,64
740,00101001010010000010101101001011010101010100100001101010001111110110001110001111110110101110101010001111101001010100011001001001,True,True,True,True,True,True,True,True,True,True,63,78,51,3,15,9,7,65,65
741,00100011100000010100110011101110010101111110110011101101101001010111011011110000000010011110000101011110101110101011000011010001,True,True,True,True,True,True,True,True,True,True,66,66,36,10,10,6,6,65,65
742,11101001000111011101011111011000011101111110111010110111100100000101001101111111010001111110110001000100101000001011000011010100,True,True,True,True,True,True,True,True,True,True,70,62,33,6,6,7,8,62,64
743,00101000000110000100110011110001000000101101111111000100010110001001111010001010101001111001101111011001111010110110101011111110,True,True,True,True,True,True,True,True,True,True,66,63,33,7,9,8,8,64,64
744,01000110110111011111110111100001101101101110011100011111010111100111011100001100000000001010111101101110001010111001111111000111,False,True,True,True,True,True,True,True,False,True,75,54,23,9,5,2,7,71,65
745,11000100111111110100111100000001111110101111111110001110111111001111110000000011101100010001110001101010001111111111100010001110,False,True,False,True,True,True,True,True,True,True,75,42,15,9,2,3,10,64,64
746,10111011100010000111111011011011101111101111010110100100100000111001100100011000001010101100111010010111011111100010001111110100,True,True,True,True,True,True,True,True,True,True,71,62,31,5,5,7,7,65,64
747,00100011001010100110100011000001100100110001000001011010100011111100110000101000101101100101000101010001001010111011110011111001,True,True,True,True,True,True,True,True,True,True,58,70,37,5,11,11,10,64,65
748,00000100010001101110100010111001000101101110100011001110100010011100100001000111000011000010010011011010110010101110001100100001,True,True,True,True,True,True,True,True,True,True,55,66,30,6,5,12,13,65,66
749,01010101000101001001011101010100001000110111110001001001001101101001111011011101110011111001000010111011000010000011100011101011,True,True,True,True,True,True,True,True,True,True,64,70,39,5,9,10,8,64,64
750,10010111101011101011100010010000000000111110010000100100100111100001010101001001101010100000001100011010010000001001000101001010,True,True,True,True,True,True,True,True,True,True,51,68,41,16,10,14,8,64,64
751,01110000000101101010011000010110010100100011100100000001010011101010100010011111000111100010001101000011111110101000110011001101,True,True,True,True,True,True,True,True,True,True,58,64,33,10,8,8,10,64,64
752,01101111100110000111000111111110110100010010101011000000100111110011011011010101000010000110000111001000010011111111111001101110,True,True,True,True,True,True,True,True,True,True,68,57,26,8,5,6,8,64,64
753,00001111010100011100011010111111010010010100100010100101010100101000111101100111000110100100011011000011011011000110100001101011,True,True,True,True,True,True,True,True,True,True,62,72,39,3,9,7,10,67,64
754,10100001010001110100011001001100000010001010000010101010110000100110011101011100000101110110111010111010111111010000011111011010,True,True,True,True,True,True,True,True,True,True,61,68,41,11,10,7,9,61,64
755,10111100101011111100100010101001001010100010111110001010111111010110010010101000011001111000011010111011001100001010111000001001,True,True,True,True,True,True,True,True,True,True,65,71,43,5,15,11,7,66,65
756,11011101010111110111111110001000100011011110010111110001100010001111000110001011011011000011011011011011100101100101011010000001,True,True,True,True,True,True,True,True,True,True,70,63,30,4,7,7,10,64,67
757,10111010110000100111000100110111101101110000001000101001100111100101010010001110110100100110101111110000101110001101010101001100,True,True,True,True,True,True,True,True,True,True,64,70,37,5,9,8,7,66,63
758,11010100010101011000000111110011010011100110001000111001011110111010111110100100000011110100011101101011111111001011001010010001,True,True,True,True,True,True,True,True,True,True,68,65,35,6,9,7,7,65,65
759,10000110011110111010011100111000010000101011010000010100100011111100001010110101110111010101001101100110011111100111001101100011,True,True,True,True,True,True,True,True,True,True,67,65,31,6,8,5,7,63,65
760,01011101011011100001010101100110011110001001111111011000000010100001001001011111001101110011110111100010101000001000110001101111,True,True,True,True,True,True,True,True,True,True,66,62,31,8,9,8,8,64,64
761,10101010001100000010110001101110111000110111000110011010110110111011000001001110110111110111111011101100110100110110111110100110,True,True,True,True,True,True,True,True,True,True,73,66,31,5,4,2,6,64,64
762,10101111101001100111100100001010100010010001000110101101011000111101010000110111011101100110000101110001000000010001000000111010,True,True,True,True,True,True,True,True,True,True,58,66,36,10,7,9,11,65,65
763,01010011111100011001110100001111000101100111010111001110001000110101111101110011011011100101100000100011000010001100011010010101,True,True,True,True,True,True,True,True,True,True,65,64,29,4,7,6,10,65,65
764,01001100110000101010010000011110000010000000111001010011001101110000100111111100001001100000110110110010111110010100010011000010,True,True,True,True,True,True,True,True,True,True,55,59,25,14,5,10,9,64,66
765,00001011101001110111110110111110101010010010001101100100011001100111100101100011111110011101001000100101010100000011010101000010,True,True,True,True,True,True,True,True,True,True,64,69,38,5,9,9,7,64,65
766,00100101010010111100010111011001011011000100101000000000001100101010001111000111000110000011001011011110010000001010010101111011,True,True,True,True,True,True,True,True,True,True,57,66,35,13,12,12,8,64,64
767,11110000101000100100100100111101110001110110110100110010000100001110000011110111010000010111111100000101011011110001000101111110,True,True,True,True,True,True,True,True,True,True,64,58,28,9,5,11,10,64,64
768,00001011011111010100000011011100000100101111100110100101100000110010110111111111001001001010000100011000010101111011111100011100,True,True,True,True,True,True,True,True,True,True,64,59,29,10,8,10,8,64,64
769,10101111100110100011010111101111100101100011110010101101011101101111001100111011010111101001101101010011101111010100000011010011,True,True,True,True,True,True,True,True,True,True,76,71,39,3,9,2,3,64,64
770,11100011001110000000010110001100111101100110100100100100000110110100010100101011100011010011011011111001101100000000101100011010,True,True,True,True,True,True,True,True,True,True,59,64,28,12,5,7,8,64,64
771,11100000000011101000000100111011101010110100000011010111100110110011100011101111001110010100110100011001001000001111111110010001,True,True,True,True,True,True,True,True,True,True,63,57,25,14,4,5,7,64,65
772,00001010010000010101010110011111000010000110010111110010111111001111010110010101110000010000111111100110111110110101100010001111,True,True,True,True,True,True,True,True,True,True,67,60,31,8,11,9,8,63,64
773,10100111010001100010000101111000110011011010101110101010111011110011010011010111110100110111101101101010011010111001001100100000,True,True,True,True,True,True,True,True,True,True,69,74,41,3,9,4,4,64,63
774,10011100111101101101101110011110111101100011110111010011001001011110100101111001110111010100100100100100011011010111001100000101,True,True,True,True,True,True,True,True,True,True,73,69,33,2,5,8,3,64,65
775,00101101101011100010100001110000000001110001010011011001001001111111101100101010011110110111110101000110101011110001000110111001,True,True,True,True,True,True,True,True,True,True,66,66,35,7,9,7,7,63,65
776,10010110110011010000000001010001010000010100111100101111110010001101000001100110011110001010110000111110111000001100101100001111,True,True,True,True,True,True,True,True,True,True,59,59,27,14,8,8,9,64,65
777,00111101100100111010010000100101110110011111011001011010101111111110001100110101101101000100000001101100011010111111001010111011,True,True,True,True,True,True,True,True,True,True,71,66,33,5,8,7,5,65,64
778,10001111000011010111001001011001110110001100011001101110010010111011000011000100100111011011111000100101111111010000111101111010,True,True,True,True,True,True,True,True,True,True,69,62,26,3,4,8,8,64,64
779,01010101100000010110111000011110011000000010100000101001011101000000110111000110011110010001011110001101110011111100001110100001,True,True,True,True,True,True,True,True,True,True,59,58,28,15,8,6,10,63,66
780,10101101001110010111100111011011100000000010010011011101011011010011110010000011001011101001011110110101100110110010010111100111,True,True,True,True,True,True,True,True,True,True,69,69,34,8,7,8,2,64,64
781,01100110101000111000110100110011100100101110010011111010101101110101101111110011001101111111001001001110101000000011011001011011,True,True,True,True,True,True,True,True,True,True,71,68,32,4,7,6,3,64,64
782,00111001100100010000000100001010111110000111110101000001000111001010110111110111011110101000010011001110101111110001101110111111,True,True,True,True,True,True,True,True,True,True,68,58,29,9,7,7,8,66,64
783,00011101010110110110100010000010001111011000100010111010001000011000010011100000001000110000101011011101000101100101101000011010,False,True,True,True,True,True,True,True,False,True,54,67,36,10,7,10,14,69,64
784,00111111001000001101101101000110000011001000111110111101101101110110111010010010011100101010000100011001101110110010111101110000,True,True,True,True,True,True,True,True,True,True,67,63,27,6,3,7,6,63,62
785,10001111001001100010111011111111111100010101110110011001011000110010110001111110100011110110100000100100100100011000000110100001,True,True,True,True,True,True,True,True,True,True,65,59,26,6,5,9,10,63,65
786,00110110001010001110011100100010110100100100001111011001001011001100001001100110111001011010110010010000111110010001010011110001,True,True,True,True,True,True,True,True,True,True,60,68,29,3,6,13,8,66,66
787,01101111100110100011111100111100110111010101110000000000001100010100101110010011100010010111000111110100001110101110101111000001,True,True,True,True,True,True,True,True,True,True,66,58,28,12,7,5,7,64,67
788,11101111100011000001011010011100100000010111011110100011010001000000010001110000011011111111001000011100111111101001111001110100,True,True,True,True,True,True,True,True,True,True,65,52,21,12,2,6,9,64,64
789,01000001100010011011111001010110111001110000011101101011010010010100011011010000001010110011101111001011101111010100000100110001,True,True,True,True,True,True,True,True,True,True,63,68,36,9,8,7,7,65,65
790,11000001110110001010111011001011010010100100011111111111001111010001000100110111101110010101101011111000010000100110001000010001,True,True,True,True,True,True,True,True,True,True,65,63,32,5,7,11,10,64,65
791,01011010101010011011000011010010011000111011111011101001010101101010010011101001001001001101100111000100111011000100001100101000,True,True,True,True,True,True,True,True,True,True,62,77,42,2,9,9,5,63,63
792,00010101011100011101110110010111000100111001100000101101011111100011001000000100101000001001100111011010001000000001000101011000,True,True,True,True,True,True,True,True,True,True,55,63,31,12,9,11,10,65,63
793,10110000110000001111101001011000001111001000110100110010001100010001001010100000010100000011111111001101110001001110011111100000,True,True,True,True,True,True,True,True,True,True,57,54,22,14,4,8,10,64,62
794,11001011011101000110110101011110000111001100001101000000100010010001110100011110111101011100110011101100111100100110001001111000,True,True,True,True,True,True,True,True,True,True,65,62,25,5,4,6,8,64,63
795,00010101001010010010110100111001110010001110010111100101010111000000110101000011011111010010111100011010001100011110011011101001,True,True,True,True,True,True,True,True,True,True,64,70,37,4,10,8,7,64,65
796,10001010011001001111000010011101010011000100101111110010110110110100000011010110010100000001110100111010100111001000110010100011,True,True,True,True,True,True,True,True,True,True,60,69,35,8,8,9,7,63,65
797,10110111010010110100000101000111000010011010100100001100010000000010111000111001001001010001111010101111000000110001101101001110,True,True,True,True,True,True,True,True,True,True,56,66,35,12,7,9,10,64,64
798,10010100101001101011011110011000000101110000101110110000100110001100101010110101001111111111111100111001110011000101110011010111,True,True,True,True,True,True,True,True,True,True,70,65,32,5,11,7,5,64,64
799,10001101111011111010101010101101001011011101100001000011000010000101110111111000111101101000111011110100001100100001111101110111,True,True,True,True,True,True,True,True,True,True,71,63,34,6,7,5,9,64,64
800,11110110010111110110001101100010100001000111111110001000110110011100001011100001100100010000101110111111110001010100000000001111,True,True,True,True,True,True,True,True,True,True,64,53,23,11,6,9,12,64,68
801,01111111001000111000111111010010010000101111001110101111100000000101111100011000101010110000100101100101010001100001111000000111,True,True,True,True,True,True,True,True,True,True,63,56,27,11,9,9,10,64,66
802,11010100100100011000111000101100100000010100000100101011010110111111010011100100110100001100101000001000100010010001011101011010,True,True,True,True,True,True,True,True,True,True,55,72,41,8,9,14,10,64,64
803,00011010101111001100110000111101100000001110011110001011111111010110010011011010110111111111011111000000001000001100011000000011,True,True,True,True,True,True,True,True,True,True,66,50,19,16,5,3,8,64,67
804,01111010100110010000110101010001001100111001101000110011101111001011111000000101101000001000011110100001001010011001001101010100,True,True,True,True,True,True,True,True,True,True,59,69,36,8,8,8,7,65,64
805,10001110101011101111110010001110101111111001010001111111101011100111001010011010101111000001100100110000000111111111010000101111,True,True,True,True,True,True,True,True,True,True,74,57,30,7,9,5,6,63,64
806,11001101101010111101110101000111011100000100011011101001101110011010010100110101111001010100111110111100111001110100000010011100,True,True,True,True,True,True,True,True,True,True,70,68,34,5,7,4,4,65,63
807,10010010000001111100000001011101111111101000110100010001011111001011011111000000101011100010100011010010010000101010110010101110,True,True,True,True,True,True,True,True,True,True,61,64,38,11,11,12,9,64,64
808,00010001000110011001000010100000000101001111110101110101110111010001010001111100000111110110001011001001101100001110110111110001,True,True,True,True,True,True,True,True,True,True,62,60,29,9,6,8,11,64,66
809,10111100110001110101001100000011010110101011000111100001011111100010110110101001100001110111001000110001100100011111101010101010,True,True,True,True,True,True,True,True,True,True,66,68,37,5,11,4,9,64,64
810,01111111011001011110000101110110101111100000100101110011010100000011100100001010111100111001111001010101011010001111100011001011,True,True,True,True,True,True,True,True,True,True,69,64,34,7,12,8,6,66,64
811,11100101110100111111110001011000100011000110110010111101101010101100110001001111110101100001100110000010011001010000100101001101,True,True,True,True,True,True,True,True,True,True,65,67,32,4,9,9,8,64,64
812,00010011000101010101010001010111001101011011000101101011010010110001001011010011011101010110001110111110111101111101011100110000,True,True,True,True,True,True,True,True,True,True,68,77,46,1,15,7,6,65,63
813,11011001000010011000100111010111011010110011011110101000101111001111101110110000001111001000101000111110000110100101011000011000,True,True,True,True,True,True,True,True,True,True,65,64,30,6,7,7,8,64,64
814,01101001111010000101101011100101000111101101101100000001011100010110010001110101101110100001011011111101111010011000100001000101,True,True,True,True,True,True,True,True,True,True,65,68,38,7,8,9,9,64,64
815,11011110010111011110100110011010000001000101010101100010011000001011010100111011100000010011111110000011010010110101101001011101,True,True,True,True,True,True,True,True,True,True,64,69,39,10,10,8,6,65,65
816,11001011101010110101101100100110101010001100000100010000010011001110011101111010101011011001101010100100001101010101000111100011,True,True,True,True,True,True,True,True,True,True,63,77,45,5,14,6,7,65,65
817,10110100101011100001011011110011010010111000110000001011010100010100011011101000000000110101010101001010111111110010100111111110,True,True,True,True,True,True,True,True,True,True,65,70,45,10,14,7,6,63,64
818,10000001111000111011101101011100111010100101100111100100101110000001000001101110110011101010011000001100010000001101101101010100,True,True,True,True,True,True,True,True,True,True,61,64,31,13,7,5,7,63,64
819,00110001001010111000101111100101001000001010101100110011110000010011001011011100100001100110010111110110011101011100101001110110,True,True,True,True,True,True,True,True,True,True,64,69,33,5,11,11,5,66,64
820,01111110111110001111101010011011000000110111010110011111101001111101000110001011000010000010001010000010000000110000111011010101,True,True,True,True,True,True,True,True,True,True,63,58,30,13,6,5,10,66,65
821,10001010010100101001001100110010011010101110100011010111111101010110000000101000110010001000110111000010011110000101010101011100,True,True,True,True,True,True,True,True,True,True,59,74,44,6,14,10,8,64,63
822,01011100001110000001100110010010000001110000000000100010100100011010011001110100101000101011001101000000000000001011011111100000,False,True,True,True,False,True,True,True,True,True,47,55,26,27,6,8,8,67,64
823,01010111100111101100001111001111100001010100000111111010001111011100101011011011100111101010101100011110100111100001001101010111,True,True,True,True,True,True,True,True,True,True,73,64,35,5,11,3,6,64,64
824,11001100001111000011001111000010001110000000111010100000110000100010110110000011110000110101000000111111111111111010100011111010,True,True,True,True,True,True,True,True,True,True,62,48,20,16,4,3,12,65,64
825,00000100100010101101111001101010110000010100100101111011110011011010101101110100100101011000000101110111101111011101001010110001,True,True,True,True,True,True,True,True,True,True,66,74,45,7,13,10,5,63,66
826,10110110100001111011000101111001100101011111111011000110010001110100101000011100001001001000111110000001100110010010110111001010,True,True,True,True,True,True,True,True,True,True,64,64,30,6,6,10,8,66,64
827,00001001100101110011110111000010101100000011000100100110100111100001101000110101000010000001010101111010111101101111111110001000,True,True,True,True,True,True,True,True,True,True,61,61,31,10,8,8,9,63,64
828,10011110010100111010000001011111010010101011010101011110110110000100001010001000101011111100011011010110110100011110110111001100,True,True,True,True,True,True,True,True,True,True,67,72,43,5,12,7,7,64,64
829,10000110100011101000101001011110111110000001011100111111111110100110110010010010010110001000110110100100101101101011011100010110,True,True,True,True,True,True,True,True,True,True,67,68,36,4,7,11,7,64,64
830,11011010111100101000001111101101001111011001011111111010011111000101001011010110111101000010111110010001011010110111000111010010,True,True,True,True,True,True,True,True,True,True,74,68,39,3,9,8,5,64,65
831,01111110001001111010110110010010000010111110000010101110101001011100101011000010101111011100011000000001111101111000001100011011,True,True,True,True,True,True,True,True,True,True,65,60,31,12,10,8,8,65,64
832,10001110011000001110000110101000010110101000110111110011010001010000111010000100001100110111001101101000111101000000110001001011,True,True,True,True,True,True,True,True,True,True,58,63,29,10,5,5,12,64,64
833,10000000010011110010100100001001101101101111010110100100000100001111111111101101001110111100101111111110011110011110011101100100,True,True,True,True,True,True,True,True,True,True,71,56,25,9,3,8,4,64,64
834,01011101000100101010000011110100000011000000111000100100000100111111011011001100000010010110010101101011111100001001000100101011,True,True,True,True,True,True,True,True,True,True,56,64,35,14,9,12,9,64,64
835,11111110011011110101100100111001110000111100100001111111100101011011111101011110011111000100011111100000111110100000011100001010,True,True,True,True,True,True,True,True,True,True,74,50,21,8,5,5,7,64,64
836,01110101100111100011101000111100101010011101000011101011010100110000011001110011001001001111100101100001110111111101010100001111,True,True,True,True,True,True,True,True,True,True,69,64,31,5,8,4,6,64,64
837,01111000101100111111101110101100011111110000011001110110100001011111100100000011000110110001011001101011100110110101011101111110,True,True,True,True,True,True,True,True,True,True,73,59,27,6,7,4,7,65,64
838,00010011110011111110010101101111011111000010111111010001001100011100101100001101001110010100001111100100101000111010101011001011,True,True,True,True,True,True,True,True,True,True,69,64,32,3,10,9,7,64,64
839,10000001001100110011010001100011011011110010110010010101100100110011001001111111000100111010011111011101001110001100000000110111,True,True,True,True,True,True,True,True,True,True,64,61,22,8,3,7,6,63,65
840,01011111010101110101110010011011011010111010101100010010011111010011001000000100011011000000011001000111100011101100101110111010,True,True,True,True,True,True,True,True,True,True,66,69,37,7,8,7,6,65,64
841,10110011100100110100001011000111011110111010000001101110010010101110100000010010111101001101101000111100011010101010000011000110,True,True,True,True,True,True,True,True,True,True,62,68,36,9,7,6,8,64,64
842,11000001011011101101001101111100000100001110101101110110101001100101000010101000001111011010011000010000111000111110111101111001,True,True,True,True,True,True,True,True,True,True,66,63,32,10,6,5,8,65,65
843,00001001010111001110001000111010100001000111011011101101111001101100010001101110100101100101111100111000111110100111110100100011,True,True,True,True,True,True,True,True,True,True,68,64,29,2,5,8,9,66,65
844,10101110100011101001000000010010100000101001010100111010011100011100101011001010100100000101000101101110000000111001101110110110,True,True,True,True,True,True,True,True,True,True,57,72,43,12,11,10,7,63,64
845,01110010010010011001111110010001011010110001110010110100100000000000100000010010110100101010001100011011110000111010010111001001,True,True,True,True,True,True,True,True,True,True,56,66,33,12,7,13,7,64,64
846,01000010010000001101001010011100001001001100001100111000001001011010010001010001100111111011110001000001101001101001101011110110,False,True,True,True,True,True,True,True,False,True,56,65,31,10,4,10,9,70,64
847,01110110000010110010011100101101001010000111001011100001110101100010110010001100101111000100111000111101111110001111100010100101,True,True,True,True,True,True,True,True,True,True,65,64,30,4,9,11,9,64,64
848,11001110101000001100101110001000000101100000110110100011001100000111101011011101001111111001110000111100111001111010011110011110,True,True,True,True,True,True,True,True,True,True,67,56,21,10,4,3,7,65,64
849,10110000010110101000101101111111010001000101101110000110000000110011101101000000100010000100011111111110100110110101110010010001,True,True,True,True,True,True,True,True,True,True,61,61,32,11,5,9,11,64,66
850,10111101000111001011011101001000010110100001011010101111101011011110111000000000000111000111000100001110110010001111001100001110,True,True,True,True,True,True,True,True,True,True,63,60,30,13,6,6,9,64,64
851,10111001100110101110100100000111100001111101010011101110000101100001110010001001000000111011000000011100101110101000101101001010,True,True,True,True,True,True,True,True,True,True,60,64,33,12,7,8,8,64,64
852,10011001011000100110011010011000110100100100100101110001100111100111101100001101100001110101011100110001110111001001001110110111,True,True,True,True,True,True,True,True,True,True,66,67,25,2,4,8,6,64,64
853,01000010011101010011000111011101110010010110010100010010110101111100010110111110100011111110011000100101101001010001110110111101,True,True,True,True,True,True,True,True,True,True,69,70,38,1,8,10,7,64,65
854,10101100000110100010110001101110110010011111110011001011010010100111111111111001010010111110110011110111001000101111110110111111,True,True,True,True,True,True,True,True,True,True,78,61,30,2,7,8,4,64,64
855,10100000101100100111011101000101000010011100010011010000101001011000111101110110001000111111000010000111111110110110111100010000,True,True,True,True,True,True,True,True,True,True,62,60,29,7,4,10,11,64,64
856,01000010000100110101111100101101010111100011110010101111100000100001001011011101011011100010111111110101010011000000000111001011,True,True,True,True,True,True,True,True,True,True,65,64,37,11,12,9,7,64,65
857,00010110110000111101000111100101111011011010011001001100110011000111001110011011000100001100110010110011001000010100100011001111,True,True,True,True,True,True,True,True,True,True,63,64,21,3,4,8,8,65,64
858,00010101100000000010011000000110110000101010110000000010100100001101001100001001011111011010001011111011101101100110000100011010,True,True,True,True,True,True,True,True,True,True,53,63,33,18,8,9,10,64,64
859,01110011111011110011110000100000110001010001110011101101110000100000010000100100010001110000010011100101010111011100010110111111,True,True,True,True,True,True,True,True,True,True,62,56,24,10,5,10,11,64,64
860,10101100100101111100111011100000111001000000001110001100110101000101100111011110011001101011011110011011001010011000110000101101,True,True,True,True,True,True,True,True,True,True,65,65,28,8,7,6,6,64,65
861,01011011010011100100111100011111100011001100010100110000001011010101111100110000011011111110001000011000100100001000001111101111,True,True,True,True,True,True,True,True,True,True,64,56,23,9,5,7,10,64,64
862,00011101011010101010101101101011100110011011000011111000101001010100010000010000001001110000000101010000100111100000010001111111,True,True,True,True,True,True,True,True,True,True,57,64,37,14,12,8,10,64,64
863,01011101001110100011101010011001100000100101101101101011101011101001011100011101111001001100001010100000010011100010011111010000,True,True,True,True,True,True,True,True,True,True,63,69,37,7,8,7,6,65,63
864,00100100111100000001101010001001011111010100110111001010100100110010100100101100111010010001000000010010010011011100100101111011,True,True,True,True,True,True,True,True,True,True,58,72,38,8,8,16,4,64,64
865,11000101101010010111111011000101000001000100100101101000010101110101100001010111000001100110010100100010101100101100100111001111,True,True,True,True,True,True,True,True,True,True,60,73,41,6,14,14,8,64,64
866,00011001010001100100000101000101111010001111111111100011101110111011000100101101111010101100110111100001110010110011111101010100,True,True,True,True,True,True,True,True,True,True,70,63,32,3,9,7,8,65,64
867,11110011101011100000011101100100010010101010000101101010001111010000010000010111111001010011110101011101100101011001001111100100,True,True,True,True,True,True,True,True,True,True,64,68,39,8,12,10,6,63,64
868,11111001110010010000101111110011111110110101001111011110100111101101101100010101101101100011101001101000011001000100100100100100,True,True,True,True,True,True,True,True,True,True,70,66,31,2,4,10,5,64,64
869,01011011111110111010001100001111110000100011111100010010011001001101010011111000111000100010010100101100001110100101010011111101,True,True,True,True,True,True,True,True,True,True,67,62,31,3,6,9,9,63,65
870,01100100101100011100101110011110010111101000001100000110000011011101101111011100011100011100100110011011101000000001000110010100,True,True,True,True,True,True,True,True,True,True,61,59,22,11,4,7,8,65,64
871,11011001011011000111011111111010110111001100110110101100001001111001000011011010011011110100001111011110010000111111111100010010,True,True,True,True,True,True,True,True,True,True,74,60,26,4,3,6,6,63,64
872,11111000100011111110100110010100101101001101110001111011000110010110101011000100000011000111101110100000011001111000100010011010,True,True,True,True,True,True,True,True,True,True,64,62,28,6,5,7,10,64,64
873,11101100000110010100000110011101111011111100110111011111110011000100101000011101100101000101010011111001010111010110110100110101,True,True,True,True,True,True,True,True,True,True,71,67,35,5,9,6,5,65,64
874,00111011101001110100010001111001010111010010100101000110110001011111100101101001100110101100011111101010111000101000110110011000,True,True,True,True,True,True,True,True,True,True,67,71,37,0,10,7,7,64,63
875,00010100010111110010100011110111111010111100001011011110100010100000101110111001001011101110111001010101000101010001111010001001,True,True,True,True,True,True,True,True,True,True,67,70,44,3,13,11,9,64,64
876,00111111000101001011000100011010001101010110000010100100000011011001111011101101000110100010000100011011101100111011101111100000,True,True,True,True,True,True,True,True,True,True,61,63,30,8,5,7,10,63,62
877,01010111100100101100000100011011111001010110111111111000011001010010110101111011110110000000111010000100101110111000100010110101,True,True,True,True,True,True,True,True,True,True,67,66,38,8,11,10,7,66,64
878,11000110001100101001101011110111010101100011010011100110111110101101000111111000010011010111000010011110000011010110110010010101,True,True,True,True,True,True,True,True,True,True,68,69,35,4,9,5,7,64,64
879,11010111111111100100101011111010100111111100010001100111111000110101101111001110010001010000100110000111101101000110110001110000,True,True,True,True,True,True,True,True,True,True,71,58,26,3,6,6,8,63,63
880,10101111111111110110111010110000001010101110010101111101110101010110100010110000000000101110000110101101100001110011010000101001,True,True,True,True,True,True,True,True,True,True,67,67,43,13,14,5,6,64,65
881,10011110010010110110101101110100000011101111100111100000110111000101110111101110110010011110100110011001111011011101111111100011,True,True,True,True,True,True,True,True,True,True,77,59,24,5,3,4,4,64,65
882,01000000011100001111100000101100101010010010010011101010100101000111000011000010000111110001100001111000010110110101110000010001,True,True,True,True,True,True,True,True,True,True,54,60,30,14,8,9,12,64,65
883,01001000111101100111010110111111111011110101011110001110010111100001000001110101100111000100100010111001010011100110011110100001,True,True,True,True,True,True,True,True,True,True,70,62,30,4,7,7,7,64,66
884,00001110000111001101101101011000100101110001100001101110101000011100000011001001100110010100101110001000001011000000111011001010,True,True,True,True,True,True,True,True,True,True,56,63,27,12,7,8,10,64,64
885,10010111101101011000110000100100110101011000000100010111111011110101010101010101110010100011111110011111001000111110010110100110,True,True,True,True,True,True,True,True,True,True,69,70,42,4,14,8,6,66,64
886,00000101100110100000100001011001001101111010011010110000100101010011001000011101110010011110011111100110001010001111100110010010,True,True,True,True,True,True,True,True,True,True,60,65,29,7,6,11,7,64,64
887,10000001001110100111001111110001001000000111100001101110010000001000010111011011101000010010001010000010100110101010010101110000,True,True,True,True,True,True,True,True,True,True,54,62,33,15,7,11,9,65,62
888,00100100000001100101010000100111001100100100001110110110001001001000000011111100011010101011011000000011001100011000101001110100,True,True,True,True,True,True,True,True,True,True,52,63,28,14,6,10,9,64,64
889,10110010100000001001101010110000111110111101101100110000110110010001111101011010011110100111100100011001101011111101011111001110,True,True,True,True,True,True,True,True,True,True,71,64,31,6,6,4,5,64,64
890,10000100010101110110001100100001111011100101010000111010111110110011010100110110111000000011000011011100010101100000000010010101,True,True,True,True,True,True,True,True,True,True,59,65,35,14,10,7,9,64,65
891,01111101100000011001001110100110010110000101011101010000001011100000100011100111010011011101110001100101100010000011100101111001,True,True,True,True,True,True,True,True,True,True,61,62,28,11,7,8,8,64,65
892,10111000001010000110010100001101100011011001101100111100100001100101111100000011011010010101000000001011110010101101001101011101,True,True,True,True,True,True,True,True,True,True,60,67,35,13,9,7,7,64,65
893,11001100111111000011100101110110010110010001001010110100010011111011011000110101011001100110000111011100110101100100001011001110,True,True,True,True,True,True,True,True,True,True,67,68,29,3,8,8,6,64,64
894,11101100101101001101011000101100011000011100101101001100111100011111101001010100011110100011100000111101101011010000011001001011,True,True,True,True,True,True,True,True,True,True,66,67,32,5,8,6,8,64,64
895,10110000000101111011000101000101010011010000001100010001011001101101011101100101000010010111000011010100000100111001000000011010,True,True,True,True,True,True,True,True,True,True,53,68,38,15,9,10,10,66,65
896,11101100111110110000110001000000110001010101100101000111101010110100011111100011101110111000011001011100010000100011100101111111,True,True,True,True,True,True,True,True,True,True,67,59,27,6,8,7,11,63,64
897,01110000110010010110010001101111111100100010000100111101111111011000111001001111001101101010001111000111110011100001111000000110,True,True,True,True,True,True,True,True,True,True,68,53,18,6,2,7,9,64,66
898,01100111111111100110111111000010111100101010001101110101100000011001010100110111000010101001011111101000111111001001011111110011,True,True,True,True,True,True,True,True,True,True,74,60,31,5,10,7,5,65,65
899,00110110101100111100111011010100010011101100111100010100100001111101011011011000001110001000101010110001100111101111000110111000,True,True,True,True,True,True,True,True,True,True,67,65,29,3,7,5,8,64,63
900,11100100111110111111110001110110011000001001011100011011000001010001111000001101111100101011001001011000011101011000111001100101,True,True,True,True,True,True,True,True,True,True,67,59,24,7,7,8,8,64,64
901,00000100010100011101100000111101001111111101111101000001011111100010111000011111000101010101101000001010011110110010101111110000,True,True,True,True,True,True,True,True,True,True,66,57,32,10,10,7,9,64,62
902,11101101011111101110001101101110010001110111101001010011000001100010110000110010110111110110100010101011101010010010101010000011,True,True,True,True,True,True,True,True,True,True,68,71,40,5,11,7,7,64,66
903,10111011010100001001101111001011110100110111000010110101000110000101011101010000110100000000101101101010110101011110000001100110,True,True,True,True,True,True,True,True,True,True,62,72,44,12,12,5,7,65,64
904,10110011011100001011101000110100001001011000100001110011110000110101110011010011101000111000111010110010000100100100100001001001,True,True,True,True,True,True,True,True,True,True,58,67,31,6,4,11,10,64,65
905,00100101010011110101101100001111101111101000101110100101010000110011110101010000110110010101111101000000101001001011011010111011,True,True,True,True,True,True,True,True,True,True,67,74,46,6,13,8,5,64,64
906,00110100010001000011110011110110001010110101101110000010011001001110110100001001101011101101011011111110101101011000111001100001,True,True,True,True,True,True,True,True,True,True,66,68,34,5,7,6,8,66,66
907,01101011100011000100110001100100010011001110011011001110000100101001111001111111010011000011101110111111111101101000001001101010,True,True,True,True,True,True,True,True,True,True,68,61,25,4,3,6,7,65,64
908,11101100101101100001010101111010111100011111101010101101011011001011111100101101101011011000001011110111100000100001001011011011,True,True,True,True,True,True,True,True,True,True,73,71,42,6,14,8,5,64,64
909,11111110001101100011110111111100010111100100101010100100101000101110001011000001010001011111110111110111100100010111000111010000,True,True,True,True,True,True,True,True,True,True,70,60,32,3,10,11,9,61,62
910,11100110111010110100100100000011010101011110111011010000011101100010100101101111110001001111011111111010111000101010110001100011,True,True,True,True,True,True,True,True,True,True,71,67,37,5,10,6,7,66,64
911,00111110110100110001010100000111100001011111111111111011100110010111100010000111000000001000011011100010010101010001001000101001,True,True,True,True,True,True,True,True,True,True,62,58,30,10,8,10,10,64,65
912,00001000101001100100111100011111000110000001011001011111111101110011100001101100001100111000110111101110001110011000000011011101,True,True,True,True,True,True,True,True,True,True,65,52,16,10,3,5,10,64,64
913,10010011010011110100001101101111001111100001101010110000100111110010011010010011111000101011000010111001111101010110100110001111,True,True,True,True,True,True,True,True,True,True,69,65,31,4,7,6,6,63,64
914,00110101010001001111010110111001111111011110111000001011001001010011100101100110111100111110001101101101111110100101111110010101,True,True,True,True,True,True,True,True,True,True,76,66,34,2,9,7,3,64,65
915,00111001010011100001110111011000010010111010011100010100110110100000000010000000001011011011101100100001011000011010011101101011,True,True,True,True,True,True,True,True,True,True,58,64,31,16,6,8,7,64,64
916,10001000011111001101101101111001111111110100100101100010111110111101000101111110110111110110001010001001010110100010101100000001,True,True,True,True,True,True,True,True,True,True,71,63,35,5,8,9,8,65,68
917,10111101111100111001101000101010110010110101001010000001011101101010111000111001001100000101111001111111110111110011101011101011,True,True,True,True,True,True,True,True,True,True,74,67,38,5,12,6,4,64,64
918,11100001000111101001000101010100010100110111000000100110101001011000100011110111111001010110101100110000001100000011111011110000,True,True,True,True,True,True,True,True,True,True,60,62,32,11,9,8,9,64,62
919,11010100000001001100010101110011010111111101010000101101010110010011000011000100100100011100001111010000111011111001110100100110,True,True,True,True,True,True,True,True,True,True,62,66,34,8,8,8,8,63,64
920,00001001010010100101100011100011100011110110001100110111000110110111110110000110011100000010110111000001011000011101100110101101,True,True,True,True,True,True,True,True,True,True,63,62,25,8,6,6,10,64,65
921,11110100110111000001011100000001000110100011101001001001101110100111111000000000000111101011101010111110111100101110010101100010,True,True,True,True,True,True,True,True,True,True,64,60,32,15,7,7,6,63,65
922,11011010100011110010101001100110000110000001011111110000011001100000110001000000101110000111101101001110001100001001101101000101,True,True,True,True,True,True,True,True,True,True,58,59,25,13,6,6,11,63,64
923,00000001101010011100011101110110001010101010100110001111010100100001010100100001101101110011101111100111100100000110011011111111,True,True,True,True,True,True,True,True,True,True,66,64,33,8,9,5,7,65,64
924,10000110001001110001010001111101100110110000101001111001000100001000011111000000110010110111001101000110001101011000101101000111,True,True,True,True,True,True,True,True,True,True,59,61,25,7,5,8,13,64,64
925,11001100011010010100111111101100101111011111111011100101011100000111010000111100010011001011011111101100001100000000001000001111,True,True,True,True,True,True,True,True,True,True,68,53,22,13,5,6,7,62,64
926,01011000011100011110000010100001101000111111001101111000111011100000101001001101110100011000110010000111100000100000010010111000,True,True,True,True,True,True,True,True,True,True,57,55,22,12,4,7,12,63,63
927,00101000111100110011101100110001000010011001010111110010000110001011101001011110110001001010101000001011000000010010011000001100,True,True,True,True,True,True,True,True,True,True,55,65,30,10,9,12,9,65,65
928,10001001101001100100000110110000110110100100110010011000010101111111101000100010010111011111111110011010010010111010111101111010,True,True,True,True,True,True,True,True,True,True,68,66,34,4,5,10,6,64,64
929,00110000111001010110001010111001011010111110111011010101000001101011010000010111100011101010110000010011101001011011101101100111,True,True,True,True,True,True,True,True,True,True,67,72,41,7,13,6,6,65,64
930,11100000000000111100010111011101110000100011100111001010000110110011001011011100011011011001011010100001011000111111000011101000,True,True,True,True,True,True,True,True,True,True,62,58,24,12,6,6,9,64,63
931,10110011110110010001010100001110111100101010100000100000011010001101110100111110101001111010110011010011101110010010010001010100,True,True,True,True,True,True,True,True,True,True,63,72,41,6,9,8,6,64,64
932,10101101000100011100000011001001101001111010100110110001000101101100111110010001110101100010111001011000010001101011000100010000,True,True,True,True,True,True,True,True,True,True,58,68,33,5,7,10,11,64,62
933,11011000100100011100010000101010010010001010111011110111101010111001111010010011001101111011100111110010000100100110000011100110,True,True,True,True,True,True,True,True,True,True,65,66,31,4,6,11,7,64,64
934,10111101101001000010001111111100010011011000010111011010011110000011110101000001001100000011100111011101101100011011101100100111,True,True,True,True,True,True,True,True,True,True,67,59,25,9,2,6,8,63,64
935,01000100110100011100000110111101101110001111101111010001100011110011111110100100001111110110110111000001001111110001011100000001,True,True,True,True,True,True,True,True,True,True,69,52,21,9,1,4,10,63,68
936,11010010101011100100111001100010010000001011011011111000100100001111001100010010111000111011000010011010011100100100100011100010,True,True,True,True,True,True,True,True,True,True,59,66,29,5,5,14,9,62,65
937,11001101010111000110111011111010101110011010110010001001100011000001010110000111000111110000000001100010110100000000001101000110,True,True,True,True,True,True,True,True,True,True,58,60,28,16,8,4,10,64,65
938,00110011011001011110011100100000100010001000011100100100100010110111000110110000101100101011010111100011110011111010011110110010,True,True,True,True,True,True,True,True,True,True,63,65,28,4,6,12,8,64,65
939,01101010111100011010011001100100001000001011011000000000111100110110111111101101000101101111000111000101111010110011010010011010,True,True,True,True,True,True,True,True,True,True,65,65,32,9,6,6,7,65,64
940,00100000001110100010011001010000010000111100111010011001010010001111001100000000001110000100111001011000010110100101011010110011,True,True,True,True,True,True,True,True,True,True,53,62,28,16,7,10,8,64,65
941,10010101010101101111011010010100000101001011110010101100010110100100110100110110110100011101011100011100010010100111010110101011,True,True,True,True,True,True,True,True,True,True,66,83,53,2,16,9,5,65,64
942,11111000000110011011111101100100010101111000010101111111000000001011100000010001010101100000001111011001101001010111000010101111,True,True,True,True,True,True,True,True,True,True,63,57,31,17,12,8,8,63,64
943,01110011110111111000111100011000110000011000100100101100110001000010101110001000000001010100100010010000100110100001110110101000,True,True,True,True,True,True,True,True,True,True,54,61,28,10,6,11,12,64,63
944,11000000110110101010100000110111111110111101000101111101101110110011010001010011001001111011000011100101100010010101101101010101,True,True,True,True,True,True,True,True,True,True,69,71,41,6,11,6,6,64,64
945,11010001000000011010000110001001010001010001100001101000100101010000110011011110000001111100101100101111000000000000001101111111,True,True,True,True,True,True,True,True,True,True,53,55,26,21,6,8,11,64,67
946,00111000111000010111100011100010001001110110111001100001011110100010111111101001101011101101111110110010111001111000111110110100,True,True,True,True,True,True,True,True,True,True,73,59,25,2,5,6,8,64,64
947,01011010001100100010101010101111101010111011100100011110100011010001100001110011001100001010101000011111101111111000101001011001,True,True,True,True,True,True,True,True,True,True,66,70,41,3,13,6,9,63,65
948,00010011011100001110110101111100110001000011010011100001110101000000011100001001011111000101111010101010001001011000110000100111,True,True,True,True,True,True,True,True,True,True,60,62,30,9,8,8,11,64,64
949,10110111110000011010011000000110010001101001010101010001111101110000100101101011101001001011101011100011100101111000101011011100,True,True,True,True,True,True,True,True,True,True,65,70,39,6,11,8,7,64,63
950,01010001101001100110100000001101110101001010101111101100000101101100010011110101101111110110010001001010101110000110000110110100,True,True,True,True,True,True,True,True,True,True,63,71,40,8,10,6,7,63,64
951,00000101011100001010111011101110011011110110101100001101001010010100011010100001011101100100010100001010100000000000011110100000,True,True,True,True,True,True,True,True,True,True,55,67,41,17,12,8,8,62,65
952,01110001000101011001000010000101110110110010011000111100110100011101000100001011110101011011100001000100010101100011111110001010,True,True,True,True,True,True,True,True,True,True,60,67,36,4,9,12,13,64,64
953,01000101111001010100001101001110100100110111100110111111010011101100110111011000011100010010101111010110010110101000111010000101,True,True,True,True,True,True,True,True,True,True,68,72,40,3,9,7,6,64,65
954,01000011101001000111011101011011011001001110010100110000010111101101101011110001111111001100000101010101111111101010001111110010,True,True,True,True,True,True,True,True,True,True,71,65,36,5,9,6,6,64,65
955,11101111000010101111001001000010011001010001011110100110101001011100000110001110110001110000001100010110111000010000111111101000,True,True,True,True,True,True,True,True,True,True,61,60,28,9,7,9,10,64,63
956,00010110110000011101100011000000010011011000101001111100110111101001101101010100110011110011001001000010011011000101011111101101,True,True,True,True,True,True,True,True,True,True,64,66,30,7,6,7,7,65,65
957,01101001011010111100101100001100011010110010010011100001010100111101100101100110001110111011000000001100001111001111001001111101,True,True,True,True,True,True,True,True,True,True,65,64,28,8,7,7,6,64,65
958,00010101001010100110010011100011100101111001011000010010000100001001010101011101101000000010011010011110100111101001011110111101,True,True,True,True,True,True,True,True,True,True,61,72,42,7,11,12,6,64,65
959,11010000111010110001100000100001011011100010010111111000110000010000001111111111011001110101110000000000110011111011011100111000,True,True,True,True,True,True,True,True,True,True,63,50,19,16,4,5,9,65,63
960,11111101101001111000111001010001001000000100100010100000001001111111001100111101100001001101110100110001001111111010101100111000,True,True,True,True,True,True,True,True,True,True,64,58,25,8,4,9,7,64,63
961,00110111110100110110111111001001101001010011001011110000101000001100101101100110000111111111010111010110101000001000110100110100,True,True,True,True,True,True,True,True,True,True,67,67,34,6,7,6,5,65,64
962,00001101000111111001101000111101100111001100010101110001100011000010101111111001111010111010111100111001011111111100001010001110,True,True,True,True,True,True,True,True,True,True,72,57,25,3,8,4,9,64,64
963,11100111110100110000100110000010010000010011001011010001001001010010010101100100100011101000111101010001011111101110000001011000,True,True,True,True,True,True,True,True,True,True,57,66,33,8,7,14,8,65,64
964,10011100011000001110111111001000010011010111111111000100011111001000001101011111000000010100000100100011111100001101110001001010,True,True,True,True,True,True,True,True,True,True,62,52,23,12,4,9,11,63,64
965,11101000100001001111101100000101100111010011111000001110001000010000011111100101111011001011101111111111000010110011000010000100,True,True,True,True,True,True,True,True,True,True,64,52,21,11,4,10,10,64,63
966,10110001011000010001001100010010110000011100010011101111011000110000100001100110110101101001001000100001010010010000011110111101,True,True,True,True,True,True,True,True,True,True,56,65,30,8,4,13,12,65,65
967,10000001100000111000100110011110000111111010110001010100101010100010100011110011000000000011101011110101110010011101110110101000,True,True,True,True,True,True,True,True,True,True,60,62,33,13,10,5,8,64,63
968,00010100011011101110100000110101011100110101110101111110010000101100011011001111100000011001110011000101101100111100011110101000,True,True,True,True,True,True,True,True,True,True,66,63,29,6,8,4,8,64,63
969,11100111111010001100110010001000000001101111100010100110100111101011101111111111011001100100001110100011000111110101111111111111,True,True,True,True,True,True,True,True,True,True,76,51,21,6,3,4,7,65,64
970,10111111011110001110010100100100010100011010101011001001110000001101110011111011110010000010011101000101100100001101101010111101,True,True,True,True,True,True,True,True,True,True,66,67,36,6,8,9,7,64,65
971,01010101101110101010010010100101110111111001101111110011001000000011100001011011001111100001100110000111110111101111000111110010,True,True,True,True,True,True,True,True,True,True,71,61,30,7,8,6,5,66,65
972,10100100000111011000010101100011011010011011110111100101111001100000000100110010101001111001111110110010001101001100011000111110,True,True,True,True,True,True,True,True,True,True,65,62,27,8,5,6,7,64,64
973,11000111101110111000100011101010100001111010110011101001010110100000110101000001110010001010000110010101011100110100100110010011,True,True,True,True,True,True,True,True,True,True,62,71,38,6,10,7,8,64,64
974,01101100110110101011110001001000100011111000100011011011011110100010000001100001110100011001000110100000000010100011011000111001,True,True,True,True,True,True,True,True,True,True,57,62,28,10,3,7,13,64,65
975,01101100010010010100001001010000100010001110111011000111111111011100010110010101011010010011111100010011100110000101001111111001,True,True,True,True,True,True,True,True,True,True,65,64,32,3,7,12,9,64,65
976,00010100000010110001100011001010101100110101011110001010100011100011000110011101110101101100000101001100000011111011111011011001,True,True,True,True,True,True,True,True,True,True,62,66,33,8,11,5,10,66,65
977,10111011001100101111101100101000100010110110010001110011110111011001001110101010101011110101011110000110000011111101001001100100,True,True,True,True,True,True,True,True,True,True,69,70,37,3,10,8,5,64,64
978,01100001100110011111011100000101000001101010101111000100100101000111100101110111001110100111010011101101100100101010011110000001,True,True,True,True,True,True,True,True,True,True,64,66,33,8,8,7,6,64,67
979,10001000100110011100011111110110110101110011110000111111101000100101001001111011011111000001110101010111010101111010100111110110,True,True,True,True,True,True,True,True,True,True,74,64,35,3,8,5,6,64,64
980,10101100000110011001101011110010001111000111001111010111101110010011010110000100010110010100110101111101000111111110100111100111,True,True,True,True,True,True,True,True,True,True,72,63,29,3,7,5,6,64,64
981,00001001000101111001000001001011001111101000010000001011010111000011001001000111111111101100110111011111110110001001101011101010,True,True,True,True,True,True,True,True,True,True,65,61,31,8,6,11,8,64,64
982,01100101010100000111001111101000110011111010111000101010100100101100011111000111101001100001101100110111011000101101001110111011,True,True,True,True,True,True,True,True,True,True,69,68,34,3,9,5,7,62,64
983,10011000000010101010011001010111000101000001000001001001100110111001000101110010110001010111010101101000011111111100111010010100,True,True,True,True,True,True,True,True,True,True,59,70,40,9,13,11,7,65,63
984,10100111111010101100101100110101101101101101010010000000011011000110000001011110100101010010001010000100111100000001000001000011,True,True,True,True,True,True,True,True,True,True,56,67,38,16,9,9,8,64,65
985,10011011100100110011010011110010000011011101000111110111101111001000010110001110000000100110011111100010001010100100110100100001,True,True,True,True,True,True,True,True,True,True,62,61,26,8,3,9,8,64,66
986,11110011000101110110011101000001100011011011110110100101011100011101001001100110001101101100011100101111001101101101000110001010,True,True,True,True,True,True,True,True,True,True,68,68,29,2,5,5,8,64,64
987,11011001011111011110000001111100101101000010011110010110100100110000101100001101010110100100100010000000101011001001110110000011,True,True,True,True,True,True,True,True,True,True,60,65,32,12,8,11,7,65,66
988,00101000000001011000001110111101010110001010101000011011111100101111111111000001010110111010100001010111011101101111110001010111,True,True,True,True,True,True,True,True,True,True,69,64,41,11,15,7,7,64,64
989,10101100101000000000010111100111011011101100111111011111110011101101100111111101001110100111011010101011010100010011000110100101,True,True,True,True,True,True,True,True,True,True,73,67,37,7,8,4,3,64,64
990,10111010111001101111111111011010010000111010100101101110000100010101010000100011101010010101110011000111000000000110110101111010,True,True,True,True,True,True,True,True,True,True,66,68,41,9,10,6,7,66,64
991,00101110001111010010011010111100111000110100100101110001101110010000010010100100000010000101011100111010000101011010010010011100,True,True,True,True,True,True,True,True,True,True,58,69,35,7,8,13,7,64,63
992,10001111011100000011001111101011011010011011111000100000001101001110000110010000100000101101011010101111010000101010110101011011,True,True,True,True,True,True,True,True,True,True,63,67,38,12,10,5,8,64,64
993,10000100010010101000111111011111110011111111010011100010110010100000000100010101111101010100100100111010010100101000101110110101,True,True,True,True,True,True,True,True,True,True,65,69,44,6,12,12,7,67,64
994,01000111101110010110111000011111011101100111011110101101101101100001011000110110101100101101110100010011100000100000111010001000,True,True,True,True,True,True,True,True,True,True,67,65,31,6,5,6,8,65,64
995,00010011100100001101110000111010111010000010110000111100010000100011100011000100011100100000010101100010011101101010111110110011,True,True,True,True,True,True,True,True,True,True,58,60,26,9,6,9,13,64,65
996,00011110111111010010011100101010001001000010000100110000011010010011010110111000101010100010100010110110110010011110111011100001,True,True,True,True,True,True,True,True,True,True,61,70,38,5,8,11,9,65,66
997,11111110000001100010000101000100001000101000011110100101110000000101111011111111101100100000110001100010000011001001101000110000,True,True,True,True,True,True,True,True,True,True,55,52,22,15,4,10,13,66,63
998,11010010101000101001000001101011110110010110011111000001001010101001101110100111001100000100000010100000001011101100110000111010,True,True,True,True,True,True,True,True,True,True,57,68,38,14,10,9,7,62,64
999,01111100000011001000100100010100100001110010101001100010111110010100111010101000011111111110110010010100001001011010001011101011,True,True,True,True,True,True,True,True,True,True,62,68,39,6,11,13,8,63,64
1000,00101011100011101100000001010001011000001110111100101100110110100001101101011001011100001111010100100011010000110110110011000011,True,True,True,True,True,True,True,True,True,True,61,66,31,10,8,6,9,64,65
