key_id,key_bits,overall_passed,frequency_passed,run_count_passed,run_L1_passed,template_4_1_passed,template_4_2_passed,template_4_3_passed,template_4_4_passed,linear_complexity_passed,blind_spot_complexity_passed,frequency,run_count,run_L1,template_4_1,template_4_2,template_4_3,template_4_4,linear_complexity,blind_spot_complexity
1,00111011010101111110000010100010010100110111000100010011000011101000101010100111101110111110101010111010101010011110001010010001010010110001010100001010100110111001100000010111010010010011110000101100100110010000011100111010010110001010010100101011010011100000111001010011110010010011010101110101110100000100101011100110010101011111101011110111111000010000000111010101111100000111001101111001101000011001010010101110101110101110001010010110001000011100011010100001010111110001011110111100100111011011111000101001,True,True,True,True,True,True,True,True,True,True,256,282,164,24,51,38,27,257,257
2,01111001101001111001110010101101100011111110100001110010000110000110110000110011011100111001110011001110000001100000001001111001100000010100110001000001000101101000101101010000000101000111111011011101010101101010111101111111000001010100101001000011110010101101010011011010011010000101001111000111101011011000111011001010101100000111101100000000011100010011000000010011111101010011001100010100101011010110010000100011100110110101011000100100101100010100011100111110101100111110110001101000110110000101100100010100,True,True,True,True,True,True,True,True,True,True,245,259,128,38,35,28,33,256,255
3,01110101000110001100101011001001110010100100001110001111110001000110111100010111000011110011000101101010000000101110000111011000010001001110101110111011001110100111110011011001001101100001101111010010101110011100101101110001011110000100011100010101101001111100010111101110000100001111101101011111101001000111110100001010110000110101011010000000011110100000100110000000011011111010111011011100001010011100011001000110001011001110010000001001010111000000011001010011001010111011010001101101100001111010010110111110,True,True,True,True,True,True,True,True,True,True,254,251,121,35,30,30,35,256,256
4,01011001001001100101010110000110001010111111111100111110011001010100101011010111010100110100001001100010100111010000100100101111110110010111100110010001011101111111100010111001000001110111000001010010011101111111000110011001011001111110101110000110100010110110111000101110010011101101100011001000011100111000110010011010011010000010000100001100001100001001101010000101010001111101111010110111011111001001011011000001010000101101011101100110010110110001111110001100000110010010011100010001100000001011001100101101,True,True,True,True,True,True,True,True,True,True,256,260,124,25,33,38,31,255,257
5,11100100111001001100111011011010111110000001110101000101101000010000001110110001100011010001111010100100010111100010001010001010011111110001101000110100000011111000111111010100010000111101111101101001101001010100010011100111110001110100010101000011010111010011011011000100111010010101011110011110010011000101100000010100001000000110011101101001000100011111100000110000000011011011100011110110100101011001000010100011100110110101110110010100111010111000000100001010001111010100011001100110010110111110110011101110,True,True,True,True,True,True,True,True,True,True,251,256,127,31,27,28,37,256,256
6,11110011111010100110000110011011110100100110010111110011101110101000010000010000100001101111010110000111111100000110000111010101001100011100100100001000111010010110111111111011110011011001010110010100100010011000001110001101100000010110100001111111111011011011010110010000111101110110010000000110110101001000110001100010010100111110001101110011001001000001100000110100010011000001001110011111100110100000000011110010110101111011011111011010110000001000100011011100111010010001100110110010010110000101101101110100,True,True,True,True,True,True,True,True,True,True,253,244,108,38,19,30,32,256,256
7,10110011000101100001100111100010110011100010110111100001110010010010000011101000010100010001100100110110000110111111101010001111110101100111011100011011010011110100001011100100000000001111101011011101101011100100100001001101110101000110010100011011101010110101010111101001000011101011001100001001110100101010111100101110111110010111110110101111100111110101110000001100010001011001110101101101101001010100001010101001101100001001100111011010110111111101101010011011001100110010101101000011100101000101000110110101,True,True,True,True,True,True,True,True,True,True,265,277,148,23,38,28,27,256,256
8,11000000001101111011101010011000010110001010101000010110110000100000001000010110110000111010100111100010001010101010111001101011011000101001100011001000001101011010011011010100000001001100101100011000111010101111100010110101010010000000000110010110010110100001101100100101111011010001100000001011010101101011000111101111011110010101011001101010100010011011100101110110101011001111111110011100111111011111100100000101101011001101100010100111100111010001000011000001101010010111100010001000111001010010101100101100,True,True,True,True,True,True,True,True,True,True,246,276,151,37,47,32,31,255,255
9,10010101001110101101101001000100111011011000100101000000010111011000000011000111011111000010001100111110000000000010001000111100010100101110010001000000011111100010110110010000110000101110101011011010110000100101110000011001100010011111011000010001011000100111101011111110001011011010111111100000101011011001101100001111101110001100101111001101000000011110011101110001101110011001010001010010010110001000101000010011110101010110000001011110111101010010110011010101010010001100001010011010001010100000011000110010,True,True,True,True,True,True,True,True,True,True,239,256,131,42,36,38,38,256,257
10,01110011100001010011010111011100001101100101111010101101110110111010110110101000010001110101100000101001011001101011000001001100110011011001110111110110101010101011011010011101011101010000101000011110100111011111001001011000011000011110111110010011001100100100111111011011100000101100110010111011000101100010101100001011011001111000110001001000100100000001111100000100101000100010101111110110011100101001010001100111010011000110010100101111111110011011100110100100100101000001010111101101000110000100001110101011,True,True,True,True,True,True,True,True,True,True,260,274,141,24,38,34,27,257,256
11,10011101011110110010101110010111001110001111000011110001010001001001001110000110101000011010101101100110111001001110111000001011001100111010010000000010001011011000100001101001011101011111001001011000100010110101110101000100011001101000000100110111000100000001111101110001011011011101010101001110110111001101000010011010100010001111100000101111011001101001010100111000011001101100101100110000111010110000001111011101101100010011001110100101100101011011001100101010000100000101111100000110110101010011000010110111,True,True,True,True,True,True,True,True,True,True,249,271,136,32,35,33,31,258,256
12,11111101110011110111110010110010110111011101010001110011110111000010000011110101011001000111111010111000010010010011100000011110001001001001000100010101011100010011000011100001010111010101010000110110100011111000001011011111001011001111101101101001100011010111010110001100010110111000101010000001011011111101010010001110110011001110011101010100010010101101011001010100101001000010000001001000011100101001110010010100111111000101100011000111000110100000001011111110010001111011101011000101100000110110010111101001,True,True,True,True,True,True,True,True,True,True,257,263,137,26,38,37,33,257,257
13,10111100010010110111010001101101001000011110001111011101101001101000000100110001110111100011000110010101110100110111001101100110010100111010111000001111111110011010111001001100000100101000000011001011110101101100110011100010011000110110001000011110111000110101011011000001011111100011010001100000000001111001000010111111001111100111010100001010111011000110111110010000001111010001011100001101110101101111111010001100010001100100011100101010000000011001101001100011011100001110101100010010011010111010100011010001,True,True,True,True,True,True,True,True,True,True,255,247,112,34,23,23,36,256,258
14,01111101111001101011010011110110001110000100010100001011010010110111110011010110011101000101011111101110110010100001101000000011111110101111010100011010100000000000111010111110010100101001011000001001011111000100010000110011011011001101011100001111010111110010011110110000101011101000111111110001111101011110100101100110100111011111111001000000111010001110000100111011111111101101110100001000100100001101000101100111001101011000110111001110000001100111011011001011101101000100011000010001011111000110100110001111,True,True,True,True,True,True,True,True,True,True,269,246,121,30,26,26,32,256,256
15,11000001011001111100000011100100111011001100010011010000010100100011111011010101111111010000100111000000110000110101111010011110001000101000011010011110001000111001100100101011011010000011000001010001100000011001111010111011011111001100011101110110011000011101111001001110000100110111111001101110001111001111010110110011010010000011100110100110111110011010000100000001101000111010000100011101010101000111011011100110010100011001101100011110110100001001110001010011110001101000011001110100000001100111001001101111,True,True,True,True,True,True,True,True,True,True,252,241,100,36,16,21,35,256,256
16,10110011001011111111001010000001011101111001011100111110101011001011111111111110100001101100110100000001100101001101001011011001000011101111010010110010111001000100101000000111110101011110010110110011011111111011100111101111011011001100101000110011100001000100000011101100011100011110001101110101001010001111000100001101010110001110011011001010011001010010011111100011101001010000000111001011111110100110001101001101011010010000111001111001000000011010111011001000011001100100000110011110000100100010011111111100,True,True,True,True,True,True,True,True,True,True,265,246,113,30,26,31,26,256,255
17,10111100001000111100000110101000001110100001000100101001101110100011100111100110100011001111010000110101100111010100110011100110101000110000011000110110001101010110110000000000111100100001100111110100011010001011011100001101100110000010001010000101100010100111000100010010000111100100110101101010100110010011111111101010001001011110010111001110110001010101010000100100000101000011111110111001111100110111010010001100010001100001010001111110110001110100101101001101101001110000001000101001110101101001110010011011,True,True,True,True,True,True,True,True,True,True,244,259,125,30,26,29,38,256,256
18,11110110010101111100000110101010111010010010101111110010110001001000011101011001011110101001010001011010111110000010001111010001011011011100111010011110100110111111110010110011101010111010111001000000100110000100111011100101001000000010100010110110100010001001001000110000010001011110011001110110011000001100110100011111011001101011111101100000110101010111100000111000111010000110101101101000000010101011010001001111110111100101011010000100101110001111010000100010000111011001000100001111100000111101110000110011,True,True,True,True,True,True,True,True,True,True,255,259,135,33,34,34,33,257,256
19,01010001101101001010111001011100011110111110101100000111010111111100101000101000110101111011111101000001100100001110110000101101110001010010011111100101101111110010010101101001011011000011000010011010101010000110010000101110001111000000000101010010101111100111111001000111110001111000011101001111110010001001111101101010011001010011100001101111011010010101000101001010011001110000001000011110110011001001110111000100000001100100110111101010011001100110110011010000111011111111010110100110010111101111011100000001,True,True,True,True,True,True,True,True,True,True,264,254,128,31,32,29,27,261,260
20,00011011110001111101100010001011110100101111011100100111000111100101101111000011001111100011001001010101010100111011111110101011011011100100100101010000100011100000100111111101100001100011010000110101101000100000110101111110000001011110101100000100001010111111000101110100010001001110110010011110110111111010001101111100110100101110111001101101100111101011100100001111001100111010100000101100110101011000100010000011101111101100101101011110011101100101011010010000100000011011110111101110011100010001011100111001,True,True,True,True,True,True,True,True,True,True,270,254,125,23,30,31,31,257,257
21,01100111111100011101101011010000000100111000001001001010110100010001110011101100010101011011101011001100010011110100110110010110101111010001111110001101100110101101101100000110110110010110101100000111000011101001110000100101110011100001001000011010010010000000101111111010101011111000110101100100110000000100101110111001111001111110001111100101100010110010000000100000111100001011010000101000011111111001111000001011001010101111010100001011101111101010100000011110010001101111101101000001000111001011100111000101,True,True,True,True,True,True,True,True,True,True,255,250,125,39,33,32,32,257,257
22,00001101000101011110101111001111110010101110001010010011011100010010111011101011000101010100100001011100111101111000100110100001001100010100111010111110001111110001110000100100010101001010000100110111101010101010010010000111001011101010110100001010110101011001000100000101110010010110111110110000011000011110011100000011010111010010101001011000011101111101111110001111001110111100100111000101100111010110110111010110110010010111111101100000010100100011001101111011011001011000111001101101000110000000100001111000,True,True,True,True,True,True,True,True,True,True,260,267,141,24,40,36,30,257,255
23,00111100101000101100100000100001100011011000101010010101001000100101110110111001111011110011101111011001111000110110111011011111000001110111011011010011001100100000000100001100111101111111001010011000011101101100110010110001101000100110101011010011110101001110110011110001001100100010001100011010010010010001000111001100011001010110111010111010000100101011001110001010001100001010110101001001011110101000001001010100101111111101001011011111001111100110010110001001100011011101110000010110111011001110100110010111,True,True,True,True,True,True,True,True,True,True,261,270,129,18,30,36,28,256,256
24,11100101101101100111010110100011100100001000011010100011001101110100101100010000110101001011100010001111000111000000001100011000110100100101000001100100011101001010000101110100111101010000111000111100010001011011111011010100110111010100010000000111011000101010101110011100010010111110000010000001011100110110101011100101100001100010101101001011100000011111010100111010100110101111010010111111110010110101010001001100101101111001111100011110110011111101011111011111101010100011010010001101110111001101111111010001,True,True,True,True,True,True,True,True,True,True,262,265,141,25,36,28,33,256,257
25,11010010011001101001110000110111010010001011100100111100001110010111011111100111001001010101101100100101111011101110110100001001100011001101111111010010011111110011001001010001100001100010111011001100110000101001101100110011010100001001000000101101001011000110100001110100011110010110110000010001110100100011010100010101110100110100011101000111110101111111110011110001101010111100010010011010010001110100011010000110101000111010000101100011101110011010011111101001110101000100010101100101100000101011011101101101,True,True,True,True,True,True,True,True,True,True,261,271,134,16,27,31,31,256,257
26,10101000010000001110100110011111000001011111001110011100011101100000101101001001001011011111000110001111111110100110011100000000110011011000101011111001110101011111111111111001001001100110010101001111000110000010010111110001011110001000110111101110111101111000110001101110010000100001110001111000100011001011110111010100010010011000111010010010001101110001111010011011010110001001001001000011110110110110001110110001001001101100100011110111111110010011000110010111010001010100110100111001000010010000011000001000,True,True,True,True,True,True,True,True,True,True,259,240,102,23,18,36,35,256,255
27,11111000001100001011010101001011101101111100000010100111101010000001101010101110100100000111110011000111110011111110001110111110101100110100100011100110100000111111010110100100000001111001101101000101001110101110111010001011011010011001010101111110110101110111111110101101111001101011011000110100000011011011001000111001011010111011001110001010000000010000110011000101011111010110010111101000100111010000111111000010100111101001101000000010111110010011011101010000111011110010110011110111000111111000011010111000,True,True,True,True,True,True,True,True,True,True,272,252,131,34,32,20,26,255,255
28,01000011111110010010010010000101001001111110100111100001111110101111011110000101101111111100101100110011100101110100101000110011101111001010011000010100100010010100110000000001000001100001001111101000111111001011110001010001010000111100101000001010100111111110100110001001000000100001101011010111011001110101111011100001100000011100110100111110001000111000011001101001101000111011000111101111000110010110100100010111011110111100011100110000000111100011001011101010110100101111000000001010111110001100101000111001,True,True,True,True,True,True,True,True,True,True,255,240,113,35,27,33,33,252,257
29,10101010100100110100101001010011011111010100001001111001000110000101010001101010101110110001110010101101111100000011001111110010110110100100110100111011000011110111000111001001110011111111011110011101111011111000000010000111000101010000001101011110011011000110111001000100111100111010001011110010001101101110101111000101001101010011100011111010010110001100001001011000111011110011010111001000100111110110011011110010101010010001010110101011001010110101001010001000011010010010100001001011011011111011110011001010,True,True,True,True,True,True,True,True,True,True,266,276,147,17,38,33,26,256,256
30,00010100110110001100000100000111001010101101100000001010100101000011001000101110011101001011001101110111101111111000100000011010100001101000000011100010010111010001010100111110101011000111101010010111000011110011011011010100010011001110001000111011111101000000010100111110010110101101100011110001100011110111011001011000000010010011111011000100110011010000001101000001001110110011011000000100111011101011000100111110000010101000100000111010000100111101111100110111101010010101111100111111011100000101001011001110,True,True,True,True,True,True,True,True,True,True,249,251,125,41,30,30,33,256,256
31,10111001110010001011011101100100011101010011110001000010110010000000110101100110001111110000101111011010110100101001010001011100101110001010111010100011101001110101000100011000111010011000000001101100000010000110010100000000011011011100111101101010001111001011011100010000001101011000110011110111101100110011111001001010000101010110001001010111000110001111110100101011010100101101110100011101000101011001010101101100100111000011100001001000001000111000101010101111010000110011001010011101000010100111000000011111,True,True,True,True,True,True,True,True,True,True,244,267,140,35,39,33,35,257,258
32,00111100001011010111101110110011001110110010000010000010011010011000001001100000011100011100010111010001111110110110111011001110010111000100100011101011001111111111010101000001011010100100000011011011011110110011010000010110000101010111011010110011111100110111111010101011000110100011110011101011001111000000001110011010100111000001100110001101100100010100110111001111011101010101101110010001111011000000101100011101011110101010011011110001100010011110100010111101100110010111100001100001001000100101101110100011,True,True,True,True,True,True,True,True,True,True,264,256,122,30,30,24,30,256,257
33,00000000001010110101000001001011000000111100010100101010001111010001011100110100110100010111110000100100111000000011111110101011001001000101010001000001000100001111000001100101101110011001100011010111100100001110111000100011100100011101000111001011001101001100100011001110001010001111111110010101101111100101011111100100000111100101111000111011110101010000001001101010110010111100111011010101110001010010100101100101010010111001110011100111101100100110101001101011000110100100110011101000100011100001111110000011,True,True,True,True,True,True,True,True,True,True,248,258,129,31,37,36,33,257,258
34,11111001111000011111010111010110011001100111110110100110111010111110111110000111101101010000111000010001110010000111010010100101101110100101101110000010100001010111010010011101101111010101000111110110001111100000011011111011101101100000000111001010110111011000101011001101000011101000110111101111111011110011011011111111000011110001000100101110000100010101000110000110101000101010010110001110001001010100111001000101100110110100101111110000111011111100100111101110000110100101010010101000101101010001010000111100,True,True,True,True,True,True,True,True,True,True,272,258,135,23,34,27,31,256,255
35,00011110001010011111101101010010001100001010011001001010010110111000110101000000100001100000101000101011101000000001001010010110011111001010101001010110101101001110000100000110011010000001110101111111110011010010100111111010110000010101011010010011001011111100100011111011011100010011110011100111100110100101101110111011100000010011000100110110111001000011010011100000111101010010011100100101101111101111000100000101100110101001011011011110111110100011110001111011101000101001011110011000100111101111101001100011,True,True,True,True,True,True,True,True,True,True,260,262,134,28,32,34,27,256,257
36,10111100101010100101011000001110110001010111100001111111011101111100101001111011101111010111011010001101100001111011100111101011011011111111011010001000001100000101000110011000010101000101001101001010110111110001111011011011000101011010101001000000010110000100101101000100111100000101111000010100111101000111100001000000001110001000000110011001100001010111011011001011011001110001000100011010101111001011100010100101000101100101010101110101111111010001011000100101011011111011000000011100011011110111011111011100,True,True,True,True,True,True,True,True,True,True,263,262,143,31,41,31,33,256,255
37,11101000000001000001000111100000100000101001111010100011101111111011111011001100101100001000000111111110111010111101100010111011100111011001110101101011000100000100010101001001001111011111111010100011010100001001110010010010001101100000110010101001101011011001000111111111110110000001111000100011100111000100011011000100000011010001111010001001011111010011010010010110001011001001100110110010100010101101011001010000000000110011000111010111110011011001100000001110110110100101011010100110101000010101101001101111,True,True,True,True,True,True,True,True,True,True,252,255,129,38,29,32,32,255,256
38,10111110100011111000011011011000100001001110000100100110111000100110001011101000011100010011011111011001101110010101110100001000101110001011001011111010001101011010000101011000011000101111010010101110010110001000010001011001110111010010011010010111010010110000100100001110110011101001100101001010011100101000000111110001101111010001110001110111111010110011111011110011101111011100000000011100011101101011101111001100001101110111001010100100000111110000110110010111001000111101001011110001110011010111010000011100,True,True,True,True,True,True,True,True,True,True,262,254,120,25,26,32,33,255,256
39,11100011100100100000111101101100111001011101110100101101001101101100001010001011011111101011001011011011001110111010110011011001001011101110101100111011100101101100000011111011111101110011100111101100101101011011100111111111111000000001100101001101010110001111101011010110001110001010111000110100000001011101010101100110111100001111101110111011000011100000011110000100000100110110010100101010010011111100011010100101111110000101111001001111111101100101110000101110101111100001100001100100101011111110100001110011,True,True,True,True,True,True,True,True,True,True,283,251,122,28,34,26,22,256,256
40,11110100010000100010011001111111101101001011010010111101000011100111010110111100001011000010011001100110001010100101000101011011000010001100110000011011011000100001000011100001001010101100000100000011111010101001100010101010101000101100000000011011100010011010110101110101010101111101010001010101100000100110111010000000100011000010100101100111111011001010011010011010110110011111000011100111000100011010010100001111111001001101111111100111110001110011011011100000100000010110101110001110100010010000000101110010,True,True,True,True,True,True,True,True,True,True,242,262,139,39,38,34,36,255,256
41,11110001101001011101010011100010100011111110010001110110011011011011100101000101011011001100011101101000100100101111000000001001001111010000001010100110100111001110010110010010101000100001101100110111101010100011101101101101001011000110010011001110010011110011110011001101000101100000100010010100001100100010101101101101101001110011111011110011010000000001100110000110010111111000010001010110111000001010011100001100000111101110010011000001010001011110011011111001010100000111110011100000111100011001011001100000,True,True,True,True,True,True,True,True,True,True,248,256,116,33,28,33,30,255,254
42,11110111100100111101011001001100011000000100011000100010011011010001110100100010111001110110001101011110111000101111000111101000100000111011110101011010011101000010110010110101010110111111110110101101101001111110111011011000100111010100110011001001011011011101001010001000111111010011010111011110111011010100010010100001110011001111111111010111110101101010110111111110111110011010100001000011100100010110001111001110100101001110000001000110000110101111111101000101101000101101011000101110011011000010000101011101,True,True,True,True,True,True,True,True,True,True,278,267,142,15,32,28,30,256,257
43,11001100111000101010111110110101011101010110111111100111000000111110110011011001111101010101001011001001001001111100000011101011000000111011101000001110110101100011100011011101001000011100011011001101011001000010110101101110101110001011111000001111101101101101111110100011000111001010000100101011110001100101111110101011011011010111110100001010111110111011001110010111101011111000000000001110000101010000001011100111101101000101110010110001010011110110111111010100100010000100000110001110001010111111010100010110,True,True,True,True,True,True,True,True,True,True,273,258,139,32,40,25,28,256,256
44,11100110000100101100110010101000110011000110100001111111001000110101110001000000011101110100000010111000111010010111101101100011001101111011111011111111101101001001101001101111101011011100011011111100101111010000010011001110001011000011100111001011001111001110101110011000101010011000111000010001110000100110100110101000011101101000111111100111010000101010001010001100011011101111101011110101100101101101111110100000010100101011100110010101111000111001110100000001111011011011100001000011001001001001111100101011,True,True,True,True,True,True,True,True,True,True,269,251,117,25,27,26,30,256,256
45,11111001110101101000101100000010000001001011011101100001100100110110111100010101111100111001111000000111101111001101100101001001101000011001111000100111101110110110101101001111010111101101010010110001011010101010011000001110010111100111000011001110100101111010110001010101010010011100001101100101111100000111011111011011111110010010000010010001010000110000010100010101011111110010100110000011100110110000110111100100001001111001011100111001100011011011111111111001110000010100101000101101001001101100010010000001,True,True,True,True,True,True,True,True,True,True,262,255,124,31,32,33,27,257,259
46,01000000011010100000110110000000000111000110111110111000111001110011101101000001000100001000010100101010000110001101010001101111001011111101000001101001101110101110111001001111100100111001101011101010101111010010011111101001110110110000010100010100110000111110001101110110110100010010101101111101100111110000100010000011110011000001001001100111001011101010110010101011101101010100001011011011010001111110110111100101001101110000111101110011101111111100000110000011011000010110111111110000101101100100110110001000,True,True,True,True,True,True,True,True,True,True,261,251,124,36,27,25,30,258,256
47,11101011011101001110010010010001000001011011111010000111000111100110000110000000011110100110000010111010100001011001111001100101000110101111101100001101111100001111101001101000111101000001011001100010001111100000000000000001011111001010001110100100010001000000111111100100100110010111011110110110101011111100010000010101100000011010001001100101011001011000101111011010110101100101101111101101110011101111101000001000010110000101011100000101111100001011111000101110010010000101011010100100010000010011010100111111,True,True,True,True,True,True,True,True,True,True,248,245,125,47,32,37,34,256,256
48,10001010111011110101101011110010011010011100101010101011100101101000000111111001001011110101110010011101111000110101000011010010010010011011010110111101011110110000000011101001001001011111111101100010111111000101010011010111001010001111100000000000011111001001011011101011001000001011100011010101100101011011100100100000110001100111010110110100100110010111110010101000100100110101111001001000101011110010101000111110000111101100011101010001101101010010101110101111011110111000110010101100000000001011100110110101,True,True,True,True,True,True,True,True,True,True,265,277,157,30,46,35,21,258,256
49,00101000111111100001111100000101101000110110011101110001110011101110011100111111010010001010001000001100100101110010010011000100101101001101101111101110101000001100010110011101001011010100100001001010001110111000011101101110101000011111100100100011110111001100010110100000001110110001101011010000010001100001110010100110000000111011001000000010010000001101001111111101100101010101011110000100111011111110011111101100011111101001111111111110100010000011001100101000101011101000011111110110001110110011000000001101,True,True,True,True,True,True,True,True,True,True,258,238,111,37,22,29,33,256,258
50,01010001010100100010011100100011000100111010000000000011100011001111100101001011101011011011001000011111111011100100000100100110100000100001011110011001111101110011001001000011010011101101000101111101001111101011011000110111110100011011110101000010001010010110100010100011110100101001001010100100001010100100111001000011001001111111001110111101011111011001110001110101100110111111111110001110101000011010111010000101011000011001111000011110000011011010010011111111101000111001010100000110001011101100011001000101,True,True,True,True,True,True,True,True,True,True,258,256,130,26,28,34,32,254,257
51,01100100111100000001101010100001111011110011110101001110001000010011111001011000010000011001001111000001000100111101110000000001110110101111010101000010110111111000101110110101110100011010111001111001000110101000111000111111100110110111110100010111101000001001000111000111010110010001000010001000001110001010011111011001101001010110001010110010010011010010011010101011000100011001010110000111011011011100011110110111000110111011101111000011000101001011010110111101010011010101100011101110111011100011111101100010,True,True,True,True,True,True,True,True,True,True,262,259,131,25,30,29,35,257,257
52,00011101000111101011101010100110110111111110010011011001010000011000000000110101100011010010100010011110001001001011111100110111000011101110110001101110011110011100010000000010001010111001000111000000010011111000100111111100000110010011001000001011111111010010000101001000011010011110111110001100100110110111111000101110000010010000011010011010100001100101111100111000111010001111110011000110101010011010111111111101011001010111110100010000110001100101101110000000101001000100110111111010011101011011100001101000,True,True,True,True,True,True,True,True,True,True,256,239,111,35,23,30,33,256,255
53,00000001000011011010010011101000001100001001000011011010011110101101110100010111111001000100011111000011000010000110101101101011101011110110010110111001101010010011000101100110001100010111100001000110110010011011110000110000101011010101110001001100110001000011010000110010010011100011101101010010110110111011101110011010011110011110101010000011011011001110111011011011110111000100000010011101110011110101011111000011111100010010010001011010110000010110001001010111011001101001110010010110100011010101000010110100,True,True,True,True,True,True,True,True,True,True,253,269,132,26,28,32,33,256,255
54,11110001101101001100000101011110100000110000001111111100011111010101111001100111010010101001111101111000001001111110010001110110101111011100001011100010100010010001101100000100011000001000001011111111000111001111011110001000001010110001101100110001010011011010001100100001011100010010101000111010111101011111101111001011001100101111111001000110101000000111011011011001011101000111110011001001010011011010010011100001111010010110000110010001000011001100110111111101110111001101101000000001101101010011100100100101,True,True,True,True,True,True,True,True,True,True,262,247,116,30,26,31,32,256,256
55,00111011001000110010111101110110010001000100101010010111111010010111111000101000000110101110000111101101010110000011011100000111110101000100100010111110011000100000111111101000001101001010111001001010000101111110001010111100110011100111000011010100100001101010101010101110111111010011110000001100010111110110100111010111111010010110010011110111111110011110000000101101000111100010111111111011010111110101001010101010101001110001100010000001001101101110000101001101101101011011100001001001110110100010101110011110,True,True,True,True,True,True,True,True,True,True,269,261,145,27,41,31,28,255,256
56,11111001000111000111010010101010001111101110011110101101111011000110000000111111010111101110101011010111001111101001111010010110010001011001111000010010111011001010110110110010001111001101010110100101101100101001010101100100001000001100011110011001001110001101011111000010100010011010011010001100010010100100011101011011100010100100000011100101110011011100010100101011110010011001110101100100111011111111101101001100110010111101101111001010111010000100000000100101100010101010111110111100100110111101000101010000,True,True,True,True,True,True,True,True,True,True,267,274,145,19,40,35,24,256,255
57,10001100110101001011110111010111101001110011100100101010011011000000111000010100011010001111100101001100100110000110010001011000010110110110000110110111110001101100000111010000111001010110010010000110001110111111101110011011100001110101001110001100010010111011100101001111100100101101011110010001011101000101101010010111100001000000000010101110100110101000000001111001101100010010110001001100011100101100010111110101000100101100010010011001110110100111100010111101011001010110101001010011000111101011000001101100,True,True,True,True,True,True,True,True,True,True,251,268,132,27,35,35,31,257,256
58,00001011100000011100111100110000110011001111110111100100011100101110111001010011010010100010100000000010101110001111000010111101111101011000001010000111101110000001010110011100101011001110001100101001101011110010000100010010001111111011001011010000101111011000110001001110111110100110010110000010001110001111010010110100000100100101010000110101111100100100110110011110110011011011100100010001010010110011101001001101101010100011011010001000100101001111010101001000011101100001100101111100100111011101100011100011,True,True,True,True,True,True,True,True,True,True,252,260,125,27,31,38,32,255,257
59,00100111000100111101010001101010101001011001100011000110101001111111110111010111110101001000111101000101110111110101000010010000011110000001000100111110010001011100111101010010001001011011000001110011111100110100111110101001001111101001110101111100011001100001001001010011000011000111000001111000000010000000111101000011101110101011111110000010111001100101110000001101101011011100010101001110001001001000111011010001100101010100111001110011000010001100101111100000111000111100101001010001100111010101000010010100,True,True,True,True,True,True,True,True,True,True,251,253,126,30,32,32,33,256,256
60,10110110100000101000001100001001011001101000001100010111010101100101100000110000010100110100000110001100000101110010011111000011111110111110010010000001101110111111110001100011110101111001111111000110000111001000101010101110100000010000011111100101101100101011001101110001000011001101001110011100011101100011101010110000111100110111101010000110011101010101011001111001100111010011101110101110111100111101101011001000011010101111100100010011000101001111100101000000010000100111010101001011001011100100000111100111,True,True,True,True,True,True,True,True,True,True,257,249,119,36,33,26,31,256,256
61,10011111101010100100111100110101011100110110101000011000110100111000000011101011001100011011011100001011100110101110010001011000101100001010100110001000100011111000000010000101100010100010101100000000000110110010001011101110111100001001110010110100010110000110111001100101010011100010010001101010110111010100110111101011010101111111001111111010001011011110010111101101011000111100100011010000111001100110011111010010010011100111010010000100100100100010000111010111111101110101000010101101110101110010110100010100,True,True,True,True,True,True,True,True,True,True,255,270,141,26,37,34,31,257,255
62,10101010000000100111010010001100111110001101101001011100110011111110011100011111011001000011111111000101111110101010111111100100101111110001010101000001001111110011000000111001011101010011100110101000110111001010011010101000000001110011010010011001110001111010011110100010100010101110011010011001010101010111100101100000010000111101101010110010111000110010111100101000101110101011110110010111110001111111001011011111011000110111110110011000101001010100110011000111011010110011010010001100101000001000111100001100,True,True,True,True,True,True,True,True,True,True,268,262,135,22,41,28,26,256,257
63,11111100000111101011100110010000110010000110011111111000010110111011100010001100101110011000110011110000010110101101101101001100111100010110111000000100101100110110111101100100110101000111110010100111000010000100110110010100101101100110010001111101010000001011010101001110111111011001111001001111110001011001011011101100011001011110001110100110000111101001110000100011011001010000011010010101110010101111101100110110010111001101101100100111110010110011010110100100000000100001101001010011100001100010110110000111,True,True,True,True,True,True,True,True,True,True,262,257,114,27,28,32,27,257,257
64,00001110000111011101110000111111011011110010101010001000010010001111010000111101100110000100100001010110001110010101110001010101100011011101000101011010011011110110111101000001000101001100000110111111101101101001000101110011101010110100110010100010100100001101010110010110000100111001010001010001011000000100111111111101010100101100000100011000111100110110100000000000101010010110011111100011010010001101011010001010110010101111111110110011000001011110011000011001010100000000111100000011000000010100100011111000,True,True,True,True,True,True,True,True,True,True,242,257,137,41,39,34,36,255,255
65,10100111010100100101101111001110000110111100001101011100001101110000001010101111111011100111001011011100010101010101101110111110111110001111101010100111101000100101100001001101111101010110111100000011110011100010101111111010111000101110111011001111100000000001011011100111100100011100000011111110001010101101010000100111011100110011100110101101110010111011010101111111111001101111111011001011111100100000001011001101100110000111001110001111101101101111001100010010111111001011011010000000010001001000110001011011,True,True,True,True,True,True,True,True,True,True,283,245,122,31,35,25,24,256,256
66,11000110000100111110100000000001101100110001100111101010111101110110000111000001011000110110110001111110111101100100011110101011110010010011111010010110101100010100001001101001010001000010100111100011001100000010111110010000101010010111011001001011111011111100010010001110011100111100100000111001000110001110010111101100011101111010010100001111001110011010101110111111001111100000010111100100100011100010001010001000111110000011110100101011001111000100111101000101001011011101110101110100001100100110111111100110,True,True,True,True,True,True,True,True,True,True,263,244,112,26,26,34,33,257,256
67,11110011010000001110010110111100100111000100011110011101101001001111100000100010100011010100111001011011000011100000111100010100110010110101011101101010101011110011110101001001110010100100010000011100101100110001100011110110001001110001111101001110111011000000000000111101010101110101100101001101100001111010110000001110001000100111010010100110011010100110101001011111110101110100101101011111110001000001110110111010101010111111111110000000101010100000011110011111010100011011001101010000100000011101001111000101,True,True,True,True,True,True,True,True,True,True,259,259,138,36,38,25,28,255,257
68,11111110101010000110110000000010001101100011101011111010000100100110100001101000110110111100011000110100110101011110011010010010000110001110100101010101111101011100011101111100101011000010011000011010101111111100001000110010111010010101010110101011111100111000111001101111101110010011010010110111000000101001111100111011001011000100100000001100111001001111001010000110010101011110000010110110110101001010111000101101101111111111111001100000111101010110100011110000110100101001011011001110011101011001001110011000,True,True,True,True,True,True,True,True,True,True,267,264,136,25,38,26,26,256,255
69,01101111010110011111011000111101110101010101111001000001011010111000111100010000000100100100100101101100100101100000000001111010010001101111101111010001111000110000111011001010011111101100100011101101100110111110010011111010110000101010011111000011011010110000010110001110100111111101010101101100110111000001111011111011011011110010110111010111111011101010110101111011100111000000100011100100101010011101010001110000110110000010111001010111010000100010010000001000010101111011000111011100100000010110001011110010,True,True,True,True,True,True,True,True,True,True,267,255,132,34,33,31,28,256,257
70,01010000111000101011010100110011110000100100101001011110110110000001000111101001001001010101111011100001100010010110000000001110011011100011001110101011010101001001000000001100011011101001101110111111001101010000111111011000000101110100010001010010011001010010011110001101110011011101011000110100100000111011010011100100000100011101000100011101101000111110110100110101011100100000100001111010101010000010011101111001001010000001100111000100110010011011111000011100100101110100010001110011101111001100000100100010,True,True,True,True,True,True,True,True,True,True,241,261,130,36,26,36,33,256,257
71,10011100010100100100100100001011010110101111000100100111101011111111111000000111001000011010110100010001000111100000100010100000000000010011000110000111111000000111111000000100100110000010111101101000100000111100011010100100111001001111011111100101000110010100100000111000011101100110010111101010100110010010011001110010101101001001010100110001010101001011101010101010011011110000001100001011101000111111111011011111101000010001110010001010010110001010010110001001011110100101111110011101010110000010111101010001,True,True,True,True,True,True,True,True,True,True,244,257,138,37,37,42,33,256,258
72,10000110110010101011000100011111001110101111111011100000101011011011010100000011011111001010101000011010000111100000111001000110101010101001100010100011100100101011011010010111101101100111001001011111101011100000000101110001110111010101111100111111111010101111110111110100101011001001001001000110111011001100110100011000100000000111000101001100000011100001101010100011000111000001000111111110111100101011001100001000010011100101011110000111110111000111110001111111010110001101101011000000111001001101010100100111,True,True,True,True,True,True,True,True,True,True,264,253,131,32,38,26,31,255,256
73,10101011000010011100010110100000111111011000100001011001110010000111111001100101100100000011111111101100001100000100010001000101001101001000101100011001101001000010101110011100100100100011010100000111010010001110000000001100101001100000010101010110111110001001000110010011011111110011001111100101110000111011000011100101100001000101011010000111001010111000001010101000111111100011010100011001011110000010000001001001000011100010101110111110010011001101011010000101000101001011100100010010001111000010010110010000,True,True,True,True,True,True,True,True,True,True,230,252,123,38,33,46,40,256,255
74,10110000111100111101110010010001101001100100001000001000001011000111111100101001011001101101111000100011000011001100110010110001010001010101001111011010001010110010000000110100100011011101111100011000101100110010000101101100000101010011010111001010010110100011101101000111111111100101111010010011010101011011110000010001100101110000011010001011111000010010011001110110111010010111101010100111100010000111010101010100101000110011101111011001111001100100111110110011110001011000101011111000110011000110000010001101,True,True,True,True,True,True,True,True,True,True,254,265,130,22,34,35,34,255,257
75,01000001101001011000100000010111111001000010011010101001001001011011111101100011110010100001000100011111000011111011111111111101111001100011011110110010100001001001000001100101110001010001000000110110101111011100110101010000010110000110000001011101010111101000010110000101110000001100000001011101010101110000000101101100010010001010111111011001010001000001110001100000101001000101010110010001010011111110101110010000101000101110011011100101101101010011101101100101100101101010110010000001111101110111001011110111,True,True,True,True,True,True,True,True,True,True,248,258,141,41,41,42,34,257,256
76,10000100100010100111101001110100000000011110110110000110111011001011111001011110100001011010000111011001000001011100011101010110001000110110100001000010101101001110011111110000110100111001100100110111010111111101010001000101101001101111101010010100011010100100010100001110110000110101100000110110111000110011001111011001010011100111111010000111100100010010111110000011010011000010011110101001110011110001110100010011111100110010101001010011010011010001100110101001110010110101101100101001011011110001000011000111,True,True,True,True,True,True,True,True,True,True,257,265,131,24,28,29,31,257,257
77,11111101100111000111101001001110111011110111011000011111000001101100101001111001001000011011101110110000101101001101100011101111110000010100101000010100101001000100011111010111111000110011001001001001000001011000010111010010001010111010111110111010100011101001101100100100110101000110111010010011000010011100100000100011010011010111000110000000110100100101110111011011100100000110011000011111100111000000100001111101011001100100001111101111000000111111010111101000110111111000111010110101110010101101001111010111,True,True,True,True,True,True,True,True,True,True,265,251,120,29,23,31,29,258,256
78,01001110011111000111000110001011000101011111110111000111001011010110101101010111111110110100100110111110101100101100111110100101011010101010110100010011011011010001000110001011110000101100101000100100101011101011000000000011010111010101110101100111100100100101101100100100011011100011111010000010000000111001110100111011101100001110101011101000010000000110110011101100101011000001101010111000011100001101010111110101100111010010011011000000110010111100101001110110000100000110111101111101100011100111110011111010,True,True,True,True,True,True,True,True,True,True,266,267,141,30,38,26,26,256,256
79,00010011000001110101011001111111010111110000101010100010011011010011001011100000101010110010010010100111001111000100010111110101011100000001010010110101010100100011100010000010111001110010111101100101111000001101110110010100010100011000011100011000000010111101011010010010111001011111111010000111110000101111011101001001010011001110011001111000101101111110000101001100000000100001101110101111101001101010001101010000111001000101111111101001001110110100011100111100010011000111010000111101010110000101001001100101,True,True,True,True,True,True,True,True,True,True,254,262,139,30,40,36,31,256,256
80,11000001100010101111000000111110101111011001110000110100100011100101011001110100010111100100001111011011000001011000100100100100110010101100110011100111101010001010110100001111001110010011101110110111000101111001001110010101100011000100101000110111110100110011110100011010111001111110000011000111111010110000001101101100010011100111101100001000110110011000001000010010110001000000011000100100010001110101100100010000010111000111001110010111110101101011100010000011001100011010110111101100101100100101101011001010,True,True,True,True,True,True,True,True,True,True,251,256,115,27,29,36,35,256,256
81,11000000011001001100001010101010010111110101000011001100101000101111111110100101000101100000010011010111011000100101010111001111100101011010110001000001110100110010111100010110011110101010101010000000101010010011010000011110110011111111100101001000101101110011100111000100000001110011110010001101001011110001100010001101000011100001111001100011001011100000001100111010001101110110100101110000000000110010110001110110100000100101011100101110110001101011011100101001111111111011000011100101100111110110000100110101,True,True,True,True,True,True,True,True,True,True,251,257,130,38,39,32,30,256,256
82,10001111000011101100111001100100100100110110111010010111101110010100111110001000100001001101011110010000110010111000111001110011011110010110011101011101001001100110001011101010001100110111110010001101100011100011000110111011011111000001111010111110000100010110111110110001101001101101010110010001010001010101011100111001110110011000000001110010010110011010101000100011111100110100111000111100101010011011010100000110110101111001100111011001011000000011110010001011000111000101000000111111111110100110001111000101,True,True,True,True,True,True,True,True,True,True,265,255,114,20,28,28,31,256,257
83,10111001001101100101011001101000001111001111111001101001001011111100111011110000001000001111000010100111110011000010111101011101100100010011000001100100110101101001101010110111000011011010000011101110100111100001000010001111100110100001001010010111100100111101010101111000100000000010110101101110001001100110011100000111010110111011110100000011111100000100100010001111101001101010110100111100011010001100101101101101110110001010111111011101110011101100001110110011001011001100000110101101001011101000000010100100,True,True,True,True,True,True,True,True,True,True,258,254,122,37,26,28,27,255,256
84,00011110101101101001101010001000101111011100101111110111110011001010000111110110110111110010110101001011001001101111001011110111001001111111101100011111000110100010010001111000111101110001000001101100011100001001111010000000101000100000011111111010001110111110110111101110111000000011000110110100100110010000110111001100000110111000110001101010001110110001101001010000000100011101110100101011111011001010011001011011011000111111000111100100001001000001010111101100100110010110111011101111101111001001111110011111,True,True,True,True,True,True,True,True,True,True,275,240,108,25,19,29,31,256,256
85,10011101001110010101001010001000000100011100001010111101011001111000111000101110101111101111111001011111000011001000011110100011100101010010100000000001010100000001101000001110010110111100000100010100110010000111100001101010101001110101111011011011110101110100000011011110010101001011000110011011110110000011100101001100010000000100100100001110000010100000111111010110101111101000001000101110001101100010111010010000000101101011111001010011010111010110001011111111110011100111001011010110110101101000001010101110,True,True,True,True,True,True,True,True,True,True,250,258,144,45,42,32,31,256,256
86,11100100110001000001111111001000110001100011000001010111100111010110001111011000111110100000110111101101001101101011011110010011111000000100110100011010101000001111011010101111110010001111111110010011000010110001000101010001111011111000001001100011111001000100010001010111000111001100101000010010111101000011101111110010100101000110011100010100001101000101100010100100101100101111011010010101010011100100101110101111010011110101110110111010000100101000101110001100011001101111010011100100010011100100101011010110,True,True,True,True,True,True,True,True,True,True,259,262,132,18,33,37,35,256,256
87,00001001001100110000011111111010111110111011011110011001100101010010001110101011001110110001111001110010011011111110100010010100110111100011111000010110100100111000110010010111110110100011011001101001110001011011011110111011101110110101011100111111100111111110110110000001000011010011001011010011101010111010110101100010000111011010110001011111000111011001111111111001011100111110111011111110011111111010100000000010001111001010100001101111001101101101111011011001110100110100101111101000100011011010000001101100,True,True,True,True,True,True,True,True,True,True,290,249,117,19,23,21,22,258,256
88,00110000100010001110010010010011111110001011001101011000101100101010111010001001001011110101110101110100000101001110011101011001110010010100011100010101110011011000000001001100001111011011100010110010101000111110111001011110111101000111011100011100010111100100000001110110010001000011100001011101100110111101111000010110101111011000000110010001101100001110111100001101000010110111101000100111010101111010100110101101001111001000000101001010101010000101100110010111011110011011101110000000011011000010000001111010,True,True,True,True,True,True,True,True,True,True,253,259,131,35,34,34,32,256,256
89,10101000101000100001000110010100001111110111011111100010000110100011110011100000110010110010011100011000101001100101111010101101011000000101010100010111010001101101000010111000000111001101010111001110111110001001110100110101000011110010110010100001010010111101000100100011100100100111011100000011010100001000000010001100100000001111011000100010010001111110111011010001011100011001101011100011000100010101100110001100100010111010101011111000101000111110000010010010101001000001101000000100100000110110111011111011,True,True,True,True,True,True,True,True,True,True,237,259,134,35,33,39,42,255,256
90,00110110100110100111110111000011010100111101001000001111101100111111111001111000110111010000111111110111000100011000001010011100111100110010010111110101001000011011010100111011000000011000010000111110110101101101011110001101001010110101010000000011010001111101010101000111101011011010000110111000000010010110101011000101010110011010000011100000000100010001001101000101111111011011010011100111110110010100000010001011000110001110101111110101100011100011111010011000110000011110001011011000100110100010000000111000,True,True,True,True,True,True,True,True,True,True,254,247,123,39,27,21,35,255,256
91,11110001101000011101010101011110110111010111111000100010010011000010111001110100011011100011010001001000111001000011000111010111011011010101010110011101101101100111110010001111000011001000100000000100010010101101100100111101001011000111111100101111000010011101010001101011101110100111011101000101101011000111101111111100100110011100110000000011000101101100101010111100100010000111011000010100001010110000011010100101000011101101100101011110011001011101111111010001011000111001010111110010000110101100111000111011,True,True,True,True,True,True,True,True,True,True,264,263,132,22,35,31,33,256,256
92,01001001001000101110101000101111010110011010000101101001001111001110101000100011001111011011100101100111101111011111000000000010011001100001000111000000011100011010010011101001100100100100010110110110111001110111000111111110010001000101101010011110101101001010110001110111000000000010100101111100100100001101101000000011110011110111010000001100101000101011100001000100001011000011000100000110111110101101000011111100101011000110100110110001110111011011000100010110111110101101010001001011011010000111110101101110,True,True,True,True,True,True,True,True,True,True,251,259,131,35,27,35,33,257,256
93,01111011110101110100101100111100111000110000011101000100000001011100111001111111100100110000011010001001110101101010011000110011101010110001111100001101111111001010010101010001000010000011000010111100000011000000011111110101101000100010101000110000000010111111000110010110110001101001000000111001010010110111100101001100111101001111001000001001011011111101011001010011000100101011010001110010101010001101000001001001111000100011111111111110001011111101000001010110010010110000010010100100110111101110001110101110,True,True,True,True,True,True,True,True,True,True,252,249,127,36,34,35,33,257,256
94,10000111010010000111000111100110111111100111101111000101111010010000110011000000101000100101001001100000111101100100101011010100100100001101110011010100010011010100000001110100010111100100010110101111100100111101101110100111010011111001000100011001001101010011001100110001111100011000001000010101101110101110111000011110111001010010001000011001100001000001111001110110110010100101101001101001110101101100101001110111100001110001111011000111110001111111001010000010111101000011100110101000011101000110111011100110,True,True,True,True,True,True,True,True,True,True,257,254,118,26,23,30,32,256,256
95,11110000111100011100010111110100110110001110000111001100110100100110011100010111011001110111011001011110010101100101111000111111111011001101010011011100011000111101100001000011101110101000101111000000000010111101101100101001010010011011101100111000011100101111010101000000000111001011001100001100010011110111100110100110110111000100010111100010110001110100101001010000100001111101000001111011110011101110110000101011110011010011101101100010111110000111111101001011111011111011011110100000010110000100010010101111,True,True,True,True,True,True,True,True,True,True,272,243,111,29,27,28,30,257,256
96,00001100100111101001000110001100101001011000101011001111001001111110101110110100111000100010111100110111010100101000001011110111100101001001101110010010111110110101101110111100001011010100100101111100000001111010011100000111111000011101000011000111100001101000010000000000011001101100100000111011001010011111011010110000010011001110101101111001000101010101101000110010110011011011001111101101001010111001011111111110000110010100111101110001001101111110010000111101001000000011100110011110100111100111100001100010,True,True,True,True,True,True,True,True,True,True,262,249,117,33,27,31,26,255,256
97,11100001111101101110101001011110110111111100111110010110010011100111110111011100011110110010110101100011100001001110101111010011111111101100111001100111000100110110000001111100001010001100110111111110111111001000100100111000100001001110010000110100001011011010101011011000000110111110000100101100100101101100110100000101110010011000111001101101000111100101110100010001100111011110011001111010101101011011111011010100000011100101100010001100101111001010100001001100101000010001110011000011011110011010110000111001,True,True,True,True,True,True,True,True,True,True,272,249,110,22,25,29,28,257,256
98,00000010010101111001001111111010011011101110011110110001111101111111100110100001001010010110111000110000011101010010101101110100100111101101101100010010110011110110001010010011110010001000001001011100111110100100011010111100110110010000001101100100111101001011001110011010001100100001110010111000101101010001101111110011011111111011101111111000111010100000111101000110111001000100001111100000001001101000110001011001001000100001001111111010011100111000111000110111010110111110001111000110101010001000001010101100,True,True,True,True,True,True,True,True,True,True,266,249,116,22,23,33,31,256,255
99,00001001100011000001011001000110101101001010100001011001000110001010011011011010100000110100010010011011001101011110001011111010011100101001010001011001000000101101011101001010011001000110101100111010010001111010111111011110100000111101011001100011010001101001001110001101010001100100010011100011111111010100010011100010011110110000010111110101101010010000101110100001001110010011010111000001011110001001000101100110100101100101001101010110100010010010110010001110110110101101111011010011011000001001111011111001,True,True,True,True,True,True,True,True,True,True,249,282,148,19,33,39,32,256,257
100,11011101001010001101100100111000001101011100111011111100100011110110101000111110101100101001110111001001101100000100110110000101011100110101100001111011110001100010011100001010110111100001101010010001011111110100110110110000100111001100101101010000010111011010101001111110010101010100001111001001010000001000000010100100110111101010011000011000010001011110100101001010101100011001011011111101110001111001110000000001010101010001001110000100111000000101001011111001010111011001111101100000011110101000111101001010,True,True,True,True,True,True,True,True,True,True,255,266,143,34,40,32,28,257,256
101,11011111110100111110111111110111110101110110001111000001000100110110010011001001101101111001101111111110111101111001101100010100100100101010001001101111001111000000010110101011000011110010111000100111100000001010110100010011000010000011000100011110010010011000000110100100111010011111011110010010001101010001101100101101111100000011100000010101100011111011001101010100011011000011111010100111000100011101010111000111110101000110011110001000110100101111001111000100110010010100110000010010111011111100100110111111,True,True,True,True,True,True,True,True,True,True,268,243,111,26,23,32,30,256,256
102,10000000011101110011011101001101011010110010011001000011110001110000110110010111011000010101000110100101000011100010101011110011110010101001001011101100011111100001101111110001010111001101011001000101101100111101001100011101110010101001011011011011011100001101010000110000011010001111111100100101111000111100011011110101001010101100000001110011000110000010111011001001101000000110000010110011001111101011110001001000100001111000001110111000010101100000000101011101011100110010110011001010000000101110110011001110,True,True,True,True,True,True,True,True,True,True,252,256,123,38,36,28,31,259,256
103,01010001101100101110100111101001011100011011100100100110111000110001000111111111010011110101111111000110101001101011001111011110100111110010101110110100111010110000101101010111000101011010010110011010111100000111110101000101010110011010100101011010001111011011110111000011101000001000101000010100101101110000101000110100100101100011100010000010111111011100101010100001110010001001000101011110101110011100001101000101000001011001011011010010100000001111110110000001000110110110110100101110000111001101100010011001,True,True,True,True,True,True,True,True,True,True,261,276,152,22,40,32,31,256,257
104,10001011001100001110000000011111110111111100110000010111011100010111110010011111011000110110010000010001101111010001111110011100000110111010001110010010000101111110100010001000101111000101010101111101010011100100111001001110100110100000100010000100111000001110010001001011100010011001000111100111111110011011011001111100111111111110011110110010001100100000101011010011100001001000001010001111110101110001011011101001110011000100110001110110011010101100110001000100011100000011111111000001000101101100110010010011,True,True,True,True,True,True,True,True,True,True,258,231,96,28,19,37,37,257,256
105,11111110111100100000001011011100111001111111100110101101011000110001010001111000011101011010001111101001111101101101000100010101001100001111111110000000010111101010101001111000110101001101101101101111000100111100100001010000110011011011111001111001001001000111111000011100011110010110010000010011010100101010101010111000001100100000000110010010001100100110110111010111001110011110011011110010001010101001110001100111001000111001110000111011011010101001010011100100100011100110100000000100011100010100011111001000,True,True,True,True,True,True,True,True,True,True,258,250,118,29,29,29,30,256,256
106,11000111010110010011001011000011001101100010011100100110010111011010011110111111100001101011001001111110011010001010000111110001001010001011100111101100100000100010010100100001010000000001101011011001100101001100101111000010000101100100010111001100111011101010011000011001110001101000100011000001000101011000010001001011010011011011111011101000110010111110110010101110111101000001000011010001010000011110000011111110011001101110001100010011010001001101101110001000111011001101100101100100000101011010010100110101,True,True,True,True,True,True,True,True,True,True,245,263,122,27,27,39,35,258,257
107,11111101011100011101000011100001101111110010110001011110000001000111010001001111000110100000001000111011111101100110100110110110000010110001010110101001011110000100000001010101111101001101010000001110110011101000111101001111101000100010111110110001010010011011101001000101110010111001111100101001100100110011001111101111000111101100000001100101100011111100101010000101000011100001011010110101000001101000101000011111101010100000010011100110010100100000001011011101010100111110001010101001100000100100001010000100,True,True,True,True,True,True,True,True,True,True,246,254,134,40,35,33,35,256,257
108,10111111100010010110100111110000001010101011110011101101110110100010100100101010010010101110101100010000001101011111001010011000010010111110010100011001011101111001010010001110010100111001000100111101000001010011001101111010000011001111000111001111000001100000100000101010010010000110011100000010000001110011011001100011011010110010110101011100001100100011110111111110001010011101011000101100000010101010000111101000100011000001110111010010001010100111111011010100010100111101001110110010000100101010001000100000,True,True,True,True,True,True,True,True,True,True,242,264,140,34,37,39,33,257,254
109,00011011001101110000110100110110011101001010110000000110110000110110111001100100001010111101100010101001100000000000000000110000100001000011011100000000101101100101000001101101011011110100111101001011001010101110100001100100111111001110111110001111110111110100111110111000110000010000110101100101000110001111000101010001000000000110100100000011111110000100101011101010101101110111001011011111000000001001110010011000101111100001110110100100100011100000011000001101110010000001101000111011001100001100100110100010,True,True,True,True,True,True,True,True,True,True,236,239,111,60,24,27,34,256,257
110,00011011001101110101001110100101000010101111110000001001111101101011010100011110110000110000011110111111101000000101000010110010100011011010101001000110000010101110010111011100001110101000010011010010011010111000001110110011000111111110110010110101100010110000100101001010011000000101001001110000011011111000010011101000101010010111010010011011001101110000001001110101100000110011101010000111110101010000010010100100111100000101001110111010110010101011100010001011111100011110000110000110101101000100110101101001,True,True,True,True,True,True,True,True,True,True,247,268,145,36,38,31,32,254,257
111,01101000000110001100110110111010100011010101110000101101011000000110010100111000100000101101111001000000101100011011011001010001000000000110111111110110010100000110011001101100010000111010100101010010010111001010110100001010000101101110011100110111110101110000111001110000011010011010100010111001011010011000110001100111111111001101000111010101110000111111101101101000111111100001000010101000011011011000100011001001111110000100100100001100010000111000101011111000100110110111000001111000111010110111101110111110,True,True,True,True,True,True,True,True,True,True,252,251,121,35,29,28,37,255,256
112,01001111011001000010110101111001011101101001001001111111011000111011001101110100010001010000010111011111001100110101100110100100111001111000110000011101000011000100101010100100111110000011010010110110010110011100110001111110010011001101000110101001010001110011011111010010000110000011011001110001100101110110001101011101010101000110000011111110000110110000000001110100010100100001110000000011011001100001111001100000110101110001010010100101010011100011111101010110011011111001111010001101000010010000000111101010,True,True,True,True,True,True,True,True,True,True,251,255,120,34,27,25,31,255,256
113,11011100011011000011110001110000100100001111110101101010110110101011000111011100100100100110101101011011001010110100010001101111000000110011100010001011011111110111110001100010101001000000110101010111111110011111101001010000101101101010100011101010010010011100010011101110110001011010010011100100100000100001001111111100010001011111001000111101001110011111000101000100110011010000001100100100010100011110001000111101010011100011010010001000000001101111100011101011111111000111000100000101011011010011010010100000,True,True,True,True,True,True,True,True,True,True,253,256,130,25,29,36,37,257,254
114,01110001011000111010101110100101110111000001001110000001001000011101101100000001000110100101100000100111111010111010000000101101100000010000011001111110111010110010101000110001001100111001100111001001101000001011010011100000110100001101100000101001101111111100011101001100001001010010011111111011110010011111000110010111010000111100100011000001011101111011011111000001010100100111011010100100011011010001100011110101011100001000001011000100100000100010110000000000001111010111011110011010101100101100011110001001,True,True,True,True,True,True,True,True,True,True,242,244,117,48,26,33,35,256,256
115,00111011100110000000000000111011111001000111011111111100001000101011011111101100001101111110001110101110010010000000010100110001011110000100100000001001011100110010110010001111110100110000101111010100000011100111001111011000110011110001001111101100100000111110010110010011110000111000000001101010110101010101010110101000001011101011011100111011101101101111000100101010101011011101110111000111110010100101100001110001100100101110001011011111011111000011101101101001110001001010101101111111001100111100011110101110,True,True,True,True,True,True,True,True,True,True,268,243,119,38,34,28,27,256,256
116,01001010000100000000111010000000000100001010101011110000101000101111111111100011100011110001000110000110110110111111101110101101000011111111001100000010001010101101110001010110111110110011000111000110101010010010000101101001000110000101100110000001101011111000110100101011100011100000110011111011111010110001111010010010001111110100101000000011101001001100011110100111011100110000010111101101011010001000111101100111001011111101000010100111011010111111001111000001010010100111101011011101000101100011010000100001,True,True,True,True,True,True,True,True,True,True,255,246,128,38,31,28,37,257,256
117,10010110100000011110010010111101101111100100101101000101000011111001011101100001110100111100001011101001000110111011011000000011000101111011000011000010001111010111001111101011100000100111100011100110000001100101101110110110100110110111101101000010011111011010100101001011100110000101001110011010101110001000001100101000010011101011101101001011011100010101011011010111000100110100111110011101101110000000101000110110100000110010110100010110111110001100110101001101100100100110110001011111111101011011011001101111,True,True,True,True,True,True,True,True,True,True,266,265,131,28,29,29,27,255,256
118,10001000000000101011111101001001001000111001101000001101111100111000000100100001111100010000110000100011001000100110100011111110001010110100000000110100111111010101001101000111100001110000001010101111001101010011010111001011110110100111000101100000000100100011111010110101010101001010111110010011110101011111100001100110001001011010101011100000110101011101011110010011010011101000000100110101110111110000101001101101000010111011001111010010110111111010001000000011011000010111000111111100001010001111110001000001,True,True,True,True,True,True,True,True,True,True,248,251,136,44,35,30,34,259,257
119,00110100011111110011011011000001110001100011101010000101110100110101100010001101010011010110011101001101111110011111011101110010101111101011010110101010100100111000001111110111011111000111110111111001111110101001111011000000000011010101011101110011111001011100110000011110110000001010011000111101001011001101101001100111110001011100001101111000001001111010000000010111011111000011011001010000111101011011110010100011111011000110111100011000110101001111000111010010101010101001101010101110110011111100100111111010,True,True,True,True,True,True,True,True,True,True,282,251,127,27,33,14,24,255,256
120,01001001110111100110110010001000111000010110111101111100100010000100001000010111011100001111000001000011011011001100101101010011001001011000110011001101010100011010011101010101100110001010100001110110011100011000101001100101000101110111101001110011111011100100111110010100110111101100101011001110110100000000100010111001001000010010000001001000100010010111110000000000011111101010100100111011100100101011100001000111000100110010110111101110110110011001011000001110110101001011010111111000110000110000111111111110,True,True,True,True,True,True,True,True,True,True,251,257,123,31,29,39,31,256,256
121,01001000001110010011110110001111001001000011010001010010101100110111010100010100101010011100000111101011101010010111111101010010101110000011010010110000001000110011110111111110110101000111011100001000110100110001010100111011100010101101111011101100001010100100001010010010101111001110101000001010001010011100110000001011101010101010000001101110011010001100100001111011101010101011001100000010000011101110100010001110110110001111101110111000100101011000110111110000101000100001011010110001010010111101011110000101,True,True,True,True,True,True,True,True,True,True,250,276,159,30,45,34,34,256,257
122,11101001011101010100001000000101111111000011100100000001100001001011011111001101011000000101000001010001001011110110101110100011101000000111011101001011101001100100111010111111001110101000011001110100110111011111011001010110111010100001000010011001001110111110000001101011001000001101101001001111101001011011101011000000100001110010100001110000000011000110111000001101101011101001100111001000001110111110011110100001100111010100111101001001101110000010101110000110011001100001011001011000010001001000010111110101,True,True,True,True,True,True,True,True,True,True,248,253,127,47,28,30,29,257,256
123,01011000110000111111100101100101111011100100000100110010100111101111010011100001111001001010001101111010010011110000110001101010001000001101011110110000000110111001101110010110011100100001000000011001101100110110011110110111101100110100000111001111101000011111100000000010000100000011010101010000100111110010011011100110100111110100101110110000010011011011001101101001101110011010110111101001110010010010011010010011001010110110011101011110100100001100010100001111100111101100010100001110010101101011011000000111,True,True,True,True,True,True,True,True,True,True,256,252,113,38,21,27,25,257,258
124,11000010100011111001110001101100101010110101010000100101001100010001111001011001000001101110011011111000111011110010010000001001000101011100001111011100001010001111001010101000010100101100011001111000010001001110000111111011010010101110101010010011000111111010110110110111111011100101111111011011011010011011010001111010000001001011101011110010011101001101001001010110000110001110111111010111000101111110011001111101111001011111110101000101101011011111111100011100000010110001010101111101010101111011001111111000,True,True,True,True,True,True,True,True,True,True,277,258,137,19,39,31,28,257,255
125,00101100010000101100001100011110101011110011100111101111001010110011111110001001100101110101000001111101101011110000000000110100101100111101111001100111000110011110100010110001101010000010011111100010001101100001000110011010010000111110000110110110101100110100101111010111111000001010001001010000110101111000011011001110011000111001101101000001010110011001110011101001010000101100110001110010000001111000100111011011001011000110010010000010111110001110001110111101010011110011101000101111100101011110010101111000,True,True,True,True,True,True,True,True,True,True,259,247,110,28,30,28,32,256,255
126,00011011111111011111000110001011111101001101101010001001010101111001010011011011000110001110111010011011001000001101110001101111110000100100010000110001110000101000000000101100101001001011111011001111000110010010011111011101101111000010001001100100010100011000111100100111010101100011001100111001011011000110111010000000111111100101101111001111110000000100000110101101000001010110000001000010000011011111111010010010111010111010110101111001101110101111100101100101000100010000110101111100111100011101111010001110,True,True,True,True,True,True,True,True,True,True,261,245,116,31,26,32,34,255,256
127,01111111011101100111011110011110111100000001101110001001000011110111111110010000101010111001011000111110111000010011111111011100001111110001110010010011101100100101111101011011111011010111111110010111001001010000110100111001011010011011011010010001100001000011000111010101100110011000111001111110100111110001111111101111001010011111001000000000010110100001111000110011001011001100111100111010100010011110000111011101000001110010101100110000001010111000101010110001011010011010111011001110000111111101001101001000,True,True,True,True,True,True,True,True,True,True,278,237,106,26,25,26,25,256,255
128,11000100100101010101000010011100101101111001011000111100000111110011101101010011010100000101100111010010110101111010100001001101010000001110100101111111100111001000101001001011010010010000011000010011101011110000101001100011001000011001100100010100011001000001000000011000000110001010000000011111111101001100100110001111010110011000110000111100001010110011111100111000100111111010111010111111101011000111111010010001100000101100011100111110110101110011000011100011110001011000010001101111001010111111100100001110,True,True,True,True,True,True,True,True,True,True,250,244,115,35,31,33,35,255,256
129,11111000001110011010011010010100100001100100010001101100111101110101011111011011010100111011100101011000101011110010101111111001000111001110110010011111100010101101011110101110001000000000100001001001111101011000110110011111110100011100000011000011111000101001011010101010110101100010000111101010111010100010101001001001000010001001000011110100101011011001011101110001111001111101100101000010011101000111011111001011110000000001101001110001001111001101011000110010100111111110010010110100101110101000111010111111,True,True,True,True,True,True,True,True,True,True,266,263,140,24,38,34,28,256,256
130,00011111111011001011011001110001011001001011001110010100010110111000000001000011001111011110001000011101010000110010111000010000011011111100001000001001100001111010011010110110001000100110011101110010011011011101001010011110101001000100101101100010000100110000101111010001111011111001000011111110100001001011100111001100000111010011100110110001110110110111110110100111010011101111110100000110001100010010010110011100111100111100000101000010001110111001001101101011100100001111001101101111100010001001100001111000,True,True,True,True,True,True,True,True,True,True,256,241,100,28,16,34,34,255,255
131,10011111001000001101011111110010011011001010000001111000010110000101000001001111000011110111111010110111101000000010111110101100011011101000010001100100110011101111000110111000101110011001111101111001110110010100011100011101100000101100001100001100101101101000110000111000010100011100000100110000001101111100110010111000011010001110111001011001100000010111101110000111011010111100101100010010100110100110000101111001111100100100010110110011000110001010000000000110101110000000101001000000111100101100000100011110,True,True,True,True,True,True,True,True,True,True,245,232,98,48,24,30,37,257,256
132,10011110101100011010011100111000010011011001011000111110000101111111100110000010011000100101111011110011011110000100100110111111010111100101111000000000000101110101101010110101011011001011100000100100111010111011001000101010101110010100100111101000101111010001111001001110000111000101010000111010100001010000111010001101101101111101011001000001110011111000010011101010100011100011001101101001010100101111111011110100010101000110111100011010100110000011000101000001000001110000111110111100110110001100011011110001,True,True,True,True,True,True,True,True,True,True,260,255,129,30,34,28,33,257,258
133,11010001111110001011100000110110111000011111011010010001110101111111100001101110100110001101010001011111101010011111100011000001100000111010001100011010001111101111101111100011000000011010101001111001000101011010000001111111011111000110110011001001010111010010001000011110101111100111000111010111011110101111100010011110111010110110011001111110111011011001000101100110101011101001101100101101000110101011101001001101100010000110110101011000000000010110101101001001001010111011011010001001000011011011101110010010,True,True,True,True,True,True,True,True,True,True,273,258,131,25,27,23,30,255,256
134,01000100001000110001110110000101101000111100100010001101100100100101011100100000010110011000010011101010111001001111010110010010101100110110101011111101001011000110111011000100111101000000011100010111110111001011100100101101100100110010100111111111110001101111001110111111000100010101111110011111101101101111011101001100010111011100010010110101110100001010011110110001011100110000011111010011111111000101001000001111010001001100100111000111101101000011100010011010110001110010000100100111111000001110000001110001,True,True,True,True,True,True,True,True,True,True,264,248,115,22,25,37,33,256,257
135,10000100111011101110110001010000010001100110001000110100100101110000010110101101001111010110000011000001101100000111101111110010000101000000000011000100000011011101101101110100100110101011000101011111100100110010110011111101000101111100101000000011000111000101101111001110001110010100110000101010110001001010001000001010000011011111011010111001100110011101011101111111001111000000111101111000011100111001000101111011010001011101001111111010000010000010011010010111100111110110001010000110010101000011000001011111,True,True,True,True,True,True,True,True,True,True,250,243,117,43,29,32,35,256,256
136,11010010011011111001011101011101011111011011011101001010110010101000001101010000111011111010100110111101110010110100011010010010100011101111000101000010010000001011010001000000100000100100000001101001101011001000010010111001110111101010111011100010010010110010111110100010110101110110100110001111010000010101100100000011111100110010101001011100000110001101110011111110111000111110010001100101110110000010100111010100011101000011110011011011010100000110000100100111010011011011110101010110010011101010100000000000,True,True,True,True,True,True,True,True,True,True,252,270,148,38,35,33,26,256,251
137,01010111101010011010110111100010001011100010111111101011110011110000111100100110000100011101111000001100101010001001010111000111111100101000000001000101111101110000011010111100111110111011011101111101001101110010000010001100110110001110100000100001110101000000001011000100000100010110100111110101010000111011010001101000110001000111110010011001100001110001100110010001110000001011001111010011110111000111000011000010001011011000010010011001001001011111101110011111000100111100001111000001000110011001111111111111,True,True,True,True,True,True,True,True,True,True,257,230,101,34,22,31,39,256,256
138,11100010101011100001100000001010011010010111010000111001001001110110010100100100001110100100100011011010000100000111100110111010100000010000001101100100100011110100011100000101010010110000001011010001000000010001110110010001101100011000101010001000000001101011010001011110100110100111010001011100100000010010001001011111110100100111001001100101100010101101101011001100000010111000101010111110100100001010000100001010101101000110011000100101110000001011000001100101101011011101001000110011100011111010111001111000,True,True,True,True,True,True,True,True,True,True,224,266,139,44,34,44,38,256,255
139,11010000010110101001111000111000100100101010111001010010101000100010111000010111110010110011010100101011100111001100111110100100000100010010011100011111110111011011001101111011001010010101111011001101010010101100011110001100001000111011010111010110111000111111111100111111100111001010001001110101111000000100001100111101010110010011100101100011110010101000101101010101010001100100010010011101111011101010011110111001001111001100001111001110000001011010101111101011001110101101001011001100101000110101011110010000,True,True,True,True,True,True,True,True,True,True,269,274,145,15,44,34,24,257,255
140,11110010101011001000000001011000011001000001110111111110100010001010010001110001111010111110101110010100001001101010000001011110010010011011000010000010010100111011100111010001011100001001100010011101100111100000010000101101101000111001110011111101000011000001110001011000010111001010001101101101100110111000110010110110110100101100111100001001001011110000100111010101000101000001101111101011111100111101010100001101001111111001111011110010110001000001110011001100001100010101000001111011101011101100111110010011,True,True,True,True,True,True,True,True,True,True,254,249,118,34,29,34,33,251,256
141,00000111010110100100101011101111011001010010110000101001000110001101111000011000000111111101000000111000100110011010100111001010111001011100011101111111111001110101001100110000100101100010110101001001110111100100110101101100011111110010101111111111001100111110010111111111110101001101011001000000110010001101100001100101100100111101111001001011111101011010110100000010001001000110111001111101110010101010011010111001110111101000011010100100110011111010111110000100111100001010010110101111001111000010110001000110,True,True,True,True,True,True,True,True,True,True,273,255,126,22,34,32,24,257,256
142,01001011010010010101010010001111101001010111001001011110000000000111000100100110010010111001011001110111000011011011000111001110110000111001001011001000000010011101100100010011101011000100000111010001110010001010110000011000011101011110000111110010010001101001001001110111001100100011011110100111001111111101100010100010011011101111000001000011100101011010110011110101100001001100100011001001111111001111010111011110010100001010110101100100100000110000110000110000111001011110010110010100000111111110000000101111,True,True,True,True,True,True,True,True,True,True,248,250,114,35,28,41,30,256,257
143,11101001001100001010101110011110110111001101101001110011000000010110001010011000011010100011011011011101110000010101100111101000101110001000111111111010011011110110111101100000010111011101100001110011011011111101000101010110011000000000001110001100110100100111101010011101111010100010111000101101100111000000010000001011010111101100101000001111010000010111010111011100110111001001011110001001110100010111111011101100010110000101011010010110100110001001001100000010001110111100001011011011110001000110011101001011,True,True,True,True,True,True,True,True,True,True,261,257,127,36,30,29,30,256,256
144,10001110101110001101001011111011110101101010100101010111110111110011101110001110111001100101001011111100011000010101011000011000001110100111100000000101010010000010001010110111010100001110100001001100000001010010011111110010000000001000101011111011011010100100011001101101010001011111011110010010100101011011011101101000000110010011000010011110011000100100100111001010001110110110110001100001110111100110000001110110011100001011100111010010110011101101101011111100101100011001010100111110100011110100001101110101,True,True,True,True,True,True,True,True,True,True,259,263,137,33,35,30,28,257,256
145,10101011001011001011101100011010111111100100001001101100110010000111011110001001111000101011010011001100011000100100101001000101111110010010001100001001010000101101001101000110101101110100100101000100000111011001010101011110110010111110110111100001010011001010111011011111001110000011101010101101101110010011011011110011110101111010000001100111101100111001111000001110101011001100011001111010100011101001000000111101111010011101101010101000011100110011110101101111011011001111010101011010111001011010100101100110,True,True,True,True,True,True,True,True,True,True,271,280,147,18,39,28,22,256,256
146,00110001111001110111110011110001010011000000011110101001010000001110110110101110010000111000110101011011000001001101101100101110100111001111001101110100111101011010100001111111100101011010110000110001110000110011001100110100111011110011101001011011110011101000110111010100001110011011111111111000111011011011101011010111101111101110011110000000011010111101001011000111011011100001010110011000110001101101100111101001000000110001010001000011000001100011000000001010011111101101010101000111000100010000100100110111,True,True,True,True,True,True,True,True,True,True,267,248,113,32,25,17,30,257,256
147,10010101001101010001110001111110000110001111001010101110111101111101111101110001000100110111111111011111010001110010000010010010110000111100010100101000110100011111010000111101111111000010000010100001101001001100000000101001001111111001101011011010001111011100000001110010100111001111000000101110010100111001111110111100000100001110010100101001010010011101010001011010110010100011010111010011001100101101001100011110110011001001010001101101100001000001101000000011101110110011110001010101010001011011010111000010,True,True,True,True,True,True,True,True,True,True,256,254,130,32,31,32,32,256,258
148,01111000011100101111000100101111011010100110000111111101101001011010100001001011000001100110001000010011111001101101011110101101111000100111010011011111001001010000010110011110110001000111101011110110111111010011000111101010000101110100100010111001000000100000110110000100000011000011001111000010111000000110000100000101110000111001000001010011110110100110001101011000110111100101110111111000011100110000111101101001001001110010010101010001011101001001110111000001111001111100111000111110100110110110110101011110,True,True,True,True,True,True,True,True,True,True,259,247,116,33,25,31,32,257,256
149,10110001101101011010110101001011111100001111010011011000100110100001011011000110001010110011110010110111010110111110001111111111110110000110000110011011001111011000101000100010000010000101110011110000011010000011100100110001111111100000011111000110011100110011100010100010000011011110100011001011100111001010111001101001110101100001001110010110010100000101111110001010010100001100110001100101111101110101101111010000100000110111100101101001001011010000010011101110000110100000100111001011011011010100110000101100,True,True,True,True,True,True,True,True,True,True,257,252,116,29,28,30,34,256,255
150,00011111010001111000111010000011111010001000011001111111111101010010110111010111110110100000010111001100000101100000000011110110101111011000101101111101101010000111111110111000101101101100001000001010100110101000111110101010111010110001101010101101001000001001010100100010111001000010000110000001111111010101110001001000011110101111001101001011000010001110001000010010100100000010111110011001001110001111100001100110101011010101010001101111101010101110000010100011111001011110111111101111010111100011000000000011,True,True,True,True,True,True,True,True,True,True,259,248,138,41,39,27,35,257,260
151,10011111110010111001011001000010011111111011011110011010011011001001010111111000100101000001001010001110100010000011111101001100011001111110000010000000110011101110000111001101100011010010100101100010110101100010011000100101000000111101000001110100000000110101101111010011111101010100001110001010110111001111111000110001001111011011100011111000010100101001011010110100001100001111010011010001111100010011000010000101100100011001000110011000000111111000111000110100111011000111001111011000011011100010100011010110,True,True,True,True,True,True,True,True,True,True,252,242,109,32,23,29,38,255,256
152,11010000101001111010011011001010010000000111001101010010110000101110011100101010000101001111101011110010001100011110010011001100101011001110111011100011100101111001111001111111010001100101101000001101011000101001000111010000100011011111001101010100010001000001000010101100000011001000000000000011011101111000101010011001000101100101010101101011111010110011110101000000010100111001000100011011001000100011111100000110001101010011101111001111111011000100111101010110011110000011100110111101101010111100011000000001,True,True,True,True,True,True,True,True,True,True,248,255,128,39,35,30,32,257,259
153,01100001100001110111101011010000101110001000110100001010001110011100010010100001001010111000011101001001011001000010111101101111011010110011111101100000010011100000011011100110111101011011011010111000010010111000100000000000110101101010111000101001110000011000000110100001011111100101000000101101110101001100100011110010101101011011111001100000000011100001100011111010000111001110000110001000100111011000111111001001010100111000110001001101101111000111011011100010001010111101101010001100100001000100111101001000,True,True,True,True,True,True,True,True,True,True,243,249,120,41,28,32,38,254,255
154,01001001010011011111111000101110100100111000001011011000111110011100110111100010110001100111000000100101011000011010110111001001100011001100001001100011011000110010010111111110011101100010001101101101110001111011111100101101011000111101000000011001011010001100100011111000001100010001001110111111001100001010011000101010001111101010010011010100001000101100010000000011011001010001000001011111101000111111010101110100110111010101000010111111101111110000100011110100100011000110110000011101010110010100000100100111,True,True,True,True,True,True,True,True,True,True,254,248,116,28,27,33,38,256,256
155,11110010000100001111101010110000101000110001100001111100010010001100101110101101100010111111101001111111101111000111011001000010000101000111100011110010111010011000001100011011110100010001101011001010110101111100011011011011011111001110010000100000001110010100011001111111001100110001000100001101110111101001001011100011000010111011011100001101100111110011100000010011001000011000001111100011010100000100000101111001100010101011011010000111101000011111011100111110100011000010000000110100011001111001111000010011,True,True,True,True,True,True,True,True,True,True,254,231,97,34,20,28,42,256,256
156,11011101111101011011001110010100111000110000100101011001010111001011111001100010010101111011100011100101001111100101111010001100100111101010010000011000110010000110011101110010001001010101111111101001011011101011100001010111010100111100011010110110000101111001100010010101110000110110111111001100011010000001101011000011110110101110101001011111001100000010010001101111101110110100111011000011010111100100001100101100011010011011101000001101000110101000011100010000010001100000111011011111001100001101000011111100,True,True,True,True,True,True,True,True,True,True,264,258,124,25,31,27,31,256,255
157,11000010110110011000010111110011011011111000001110101110101101110010001011111110010111010100111011010011010101100010111001010101100110010000001010001011110001001110011001111011111000100000001101001100011001100010110001001111100110100110100111100001001101100001111011100111110011000001110111000001001010110001111110110010001001100100100000001101100100010011111100110010101001011010111010000101000001001100101011111100101110110000000100000011100010101100000000101101111010100000011001011101010000101000100111111010,True,True,True,True,True,True,True,True,True,True,250,252,122,40,33,35,30,256,256
158,00100001111001011001101011010100110100111111101001011101110100111101111111011100100110101011111100110001000100001101001000111000110101101000100000001000001001010011001100110111000001010100001011000000011000111111111101001000101000011100010110001100111110101010010101000001010101011100010010011001111111011101000100111101000111100110101100000011001110011101001001111110001110110010011000000001010100111001001000010111011111011001100011110101011110001010100011010011100010000101010011000110101111101100001100101101,True,True,True,True,True,True,True,True,True,True,254,258,131,29,33,31,32,256,257
159,10011100000100111100111011101000100001000111110000000001100110000000111110011011010101111110111110001000011001001101001100111110001111111011011010000111001010010001110010111001101011100111000001110111101110010000110010101100100100010100101100111010001000111010000011110010001100110001100011000101011110111110010110011100101010000001000010110001001111010001010011110110111010000100010010111000010111011010111011011100110101010011110010110011011010011111110000001101110101011111110011011011100000000010110111000100,True,True,True,True,True,True,True,True,True,True,258,244,111,35,25,30,31,255,256
160,00010010001110110111001001111101001010010101110000110111101011000110101000011000001101101001011010010010010101001001010011101101000101010111011110100110010010011011000101011110100001100110110000110111001010110010011011110100110101100111010110100010010101100110010111110110000110000001011000001001000011011011001101011011000100100011110011001110000000100001110101100110010111010100000100011010110101101000010011111100101100000000111110001110110110010100011011101001011001011101010100110101110110011011011001111000,True,True,True,True,True,True,True,True,True,True,252,283,145,26,35,33,25,258,255
161,10011011100110111101100001111110011100011111000101011010011110000000111101000001011010010100001101111111000100010010010111000000010011000111101110101101001000101110110110110000011110001110000001101100001100000000001101011111110001011000011111011000001111110110010111111001101100011110010010000101101010011110101100000101100110001111111011010001110011010111111100011001000100111011001000001011111101101010001001011001110000110110110001111000000011000001110001110001100001100110111111011000100100110001100000011110,True,True,True,True,True,True,True,True,True,True,257,222,89,44,18,24,38,257,257
162,00010011111110001111010110000000010111010011111010110011011100000101001000000010000101010000100000110101110110110100110000110111000100111101101111111111100000011100110010010011100011010100101010010000101110110110010000010000010010111110111101110000111010100010000011110110011010011100101011101100011001011101000111111000000110110100111010010110010100010011100001001001010011110011100001001101101010100100011100111101110001101100010001110000101010111101010000100011001011010110111000011110100011100010010011101000,True,True,True,True,True,True,True,True,True,True,248,253,125,35,27,34,34,254,255
163,10100010111110100010011100001010110011011000001010100011001011010101110101011110011111100110011110001001011100110110111011100011110010001011011001011100010010101101001101110000101110000000101111100001011111010110111110010100001001010101100110100110101010110111010001110110000100010100100101111001101101001001001100010000111100110100110011010001010100000110110011000011101000110111010011101000011010011101001010111101100000011010010100001001111011111110011100101110111110001110111111011110010000001111011001100110,True,True,True,True,True,True,True,True,True,True,265,268,137,23,34,31,27,256,256
164,11111100101110101111110110011011110111100111100100011111000110110010001110111001010011110011110001111110111011111100000100111000100100110110111011000001011111111000010010001101110010010011111010111000100101010101110110010010110110000000011000011010001010001001101111111101100001100010101010011011010011100010110100111111110011000001000100000100011101011001101011011101011111101100000110110010000010101001010100010110000101010110110100110101010000111101110000111001101101011111111111011110101001111110000000110101,True,True,True,True,True,True,True,True,True,True,276,249,126,27,31,28,28,256,257
165,01101000000111011010100100010000110110110000101110101010101101010110001011011001100111101011110011000110111101011001111110111001010001010001000111101101011010111110000001000011110000101101110100001110100000110111100001011000010010010010100001100000100110000001011100111100110111011010010000101111110011110000111101010100010000110010010100110100010111011110101011100110110011011110100011010111111110010100001110010110111100110111000111001011101000011000010011001100001010111110011011110110001010011010011010000001,True,True,True,True,True,True,True,True,True,True,258,262,134,31,33,28,32,256,259
166,11011100011010011010010011010001101101100011010111010000000001101110100010001010101001111110110100000010101010100000111101100111110011101001111110111001011000000110010101110111010011000010101101011000111111101010100100000110000110011111101000000001011101110011010110010111010101110101000000011011011001011110101111011001010100111101101100101000000001101100101111100011100011000001011111101010100011010010100001011101000011001101101000011011010000001010000001100100011111111101100011100100111000111111010111100111,True,True,True,True,True,True,True,True,True,True,260,257,137,43,35,20,28,257,256
167,00100000011110011000000010011110010010111011111110000110011101010110000010010001010011001111110100010000110110000001111001000101110100000110101011100111001101110010001101110000101100101000001000011100001011001100110111101101011100011100001101011110011110100100001110100010111010110101010011101111000011110111100011000111100101010111011001101000001111101101010011000111011100101011101011111000011100110011110111111011110110110111110110101010101101011110101101100000110101100110010110001011011101011010011001110011,True,True,True,True,True,True,True,True,True,True,271,256,124,29,33,21,27,256,257
168,10010100100011000011000100001001100010111001000101111001010100110000100111000011111110100010010100001010111111110000001001010101011110100101100001001101001110011111001010000000100101010001011010101111001001011000011001010001011111010010001000111110101011111100010111001011000110101011001111010010110011011000100101110001111011011110001000100101110000111011101110001000101100011110101100001001111101110010110011110010001000000011100100010100000101011000000001011100000001001101111010101011010101101010110000100101,True,True,True,True,True,True,True,True,True,True,243,267,147,32,46,47,36,256,256
169,01101011011101010011111000111100110101011101001010011000101001101001110111110010110111111100010011000001000011011001001111110100111000010000011001100111010110101000000110100101111001101010011110000110101110010011101011010111110100111001110100101000010011010101000011110000101010000111111100110011100010100101110010010111100100101101101111010000101110101011010000110101111010001100000110100101001000001100001101001011110010010011100100011110010011110100000101010100010001101111110000010001100111100000011000100010,True,True,True,True,True,True,True,True,True,True,254,265,137,28,32,31,29,257,257
170,01101111011100001100011100101110000110111010011000010101011110100001111100011100100011100101100111010111011110110000011101000100010010000001001001100111111000000011101011001101000101110001110010010011101101101100010010011010010010100001010111011011111110010101011001011000011111011110011110111010010110010101001010100110101110011110001100110010010101000000100101111110100100101001110110110000011011000101001000000100111111111001111010001000111010111101101001110001101100100101011110000001111100011110000101001001,True,True,True,True,True,True,True,True,True,True,260,258,127,27,30,36,28,255,257
171,11101011101111111100001100000100001110000010110010100111011100101011010100110110110100100100011111011010001001010100101000100001110010111111111110101110001100101111000001110010110110011011000001110010011110000101100110110000111000010110010111101101011010100111100001101011011110110011001100110110110011011111111000110100101000000011010101110010011100100011101001100111110001011111110011100000011100010001100010100010001110111101101101011011001100001110011111011101101101000110110110111111111111011110001000001000,True,True,True,True,True,True,True,True,True,True,274,246,112,25,25,26,29,256,256
172,10100110011001111011010000001001010110011001011110001111110000110111110100000000010010011111110010010100010110101010101001000100101101110110110010100010111110000001001011001111001000110010000111000111001010010100010000011111101101101101101000011110110101001101000001010100101001000011111011110100010111011001110000011100110011101110000101100000111000001001111000101000111110111011000100100110101000100001100111000110111001011000110010101111100110100100000111001001110010101011001111110111000101100000010011000010,True,True,True,True,True,True,True,True,True,True,248,256,125,34,30,38,32,256,257
173,00000100110101111101111111110000110100100100100000100001110011011010010010100001011010000110001111101111100001011100110101111110110000001001000001100101111110001111100001110011010001010011011011101001000001010101110101010010011001010011110100111011111100100000001110101011111000001001001100101010011000000111010011110000110110011010100101011000010010110001101101110001001011101011001110011110000000111001101110111010011101101111000011010101001001111001101111010101110010010011111011001110000000001001000111011000,True,True,True,True,True,True,True,True,True,True,255,251,122,39,27,31,25,257,255
174,10110001111000100100011000100100100101110110011001001011001110011000101001111000010010000000111111001011001101011011100000101001011100011001100101011101111111111001111000011110010011101111100001100010100111101110111100111111110011010100011110101110110111111111001000001010110011100000111001110111001011011001001001001000100010000101010101101101010101111010110110111101100101111111011111001001100000111000100010000111110100001010000111110001101101101111100110100100100100011110010010011100010101001100001001001111,True,True,True,True,True,True,True,True,True,True,269,249,115,20,27,40,28,255,256
175,11011111000001001001100010101000011101000011001100011001111001111110110001010111000011000010000100111011010010000010010010110111111100000011111001110100000010000000000011111101001001110011101010101010011000110111111010111101011101010000011010110000001101011001010101011000011111010111101000010001001100111100010001100010011000111001011010010111100000001011100111001011000010001111111110111011101110001111010000000101000100011001000010010000100111111110000011001101100101110011100011000111110010111110101110010110,True,True,True,True,True,True,True,True,True,True,251,236,111,43,28,31,35,256,256
176,01110000110111010101010000000101001101011010110100000100111110100111010110101110001000101101011100010011110010111111101100001110010110111100110100110000011010001001110001011011001000001111011000000111000111101111001101110011011111111011001000010011010110011110100100010100100000111101101000010010010111010010110001010001000011000101111101110100010110110101000111011100000100110000010101111010101101101110100100101010111000000010110101101010111110000110000010100011010110011010001100100001011110000110011001100001,True,True,True,True,True,True,True,True,True,True,252,266,140,34,35,31,33,258,258
177,00101110110000110101011010001100110111100000001100100010010011000100110111111100001110101101011100111101010001101111011011001100010111110101010011100001101010010011001100010000000000111010100001000010000110010100101110001010000001011000001010000001000010101001101000001001000110010100110111110110101001010110111100001101000001010100011001000010011110010011100111001010111110001110101000110111110001110011110001111100011011100111101110110001101100011011100010001011010100000110011011100110101101011000010110110100,True,True,True,True,True,True,True,True,True,True,244,261,129,35,32,29,36,255,256
178,01011101010110111000000100010010110000101110111001011101011010010011101100011010010100001100010011010010011111111000101101000011001011010111110000110110011011010010010110100000110000010010001011011001101111101011101101011111101001011011010000111101100010000101000110111111110111010011100110011011110100010000011011010110111010101011100110101000100101000000000100010011111111000101101001000000111111110101010100010101010011000111001001110000010110011110001010110100000010001100001111001010111110101011110100111010,True,True,True,True,True,True,True,True,True,True,258,271,151,30,37,32,30,256,256
179,00011101001110100111100111100000001101101100011111100010100111001011000100110000001011010101000000010110000010000001011101011110111001111100000100100100000100001101110011000111100000101111000000000010110111101110111001010011011011101100111111110101101111110000000011001010110011001100001110000001110111100110001110010111110110010110100100110011111001001011010001100100001001100001101100010011101000011100101011000011010100101111100000111010000111110101001001110011111010011110010011010110100110110000100101000110,True,True,True,True,True,True,True,True,True,True,250,239,106,47,24,29,29,256,257
180,11101001111011011000100001001100010101101100000011000010011101010000101001111011101010010111111011010111110001100111111101001101111010010111110011111100001010011000111001101100011110110100001111111011000101000111010100011111111001110111100100001000110001010001100011001001100010100001011111001101001011010111001010100010011111001001010101100011111001100100100101100000101011111111100010001110100000111100110101111001101000010111101100111101000110110011101010011001011001110010010011001100000100000010100110010010,True,True,True,True,True,True,True,True,True,True,264,254,121,20,29,33,31,255,256
181,01000000010011011100100101000011100001100001011011100000010100100111110011101111101110101101101001111010000001111011001010010100111011010010000011000101110101111111100011011010110111100001111110010110011101011101000011001001111111110101010001010110101001100001111101010011101000110001001011001000001100101100001000110001001110001100101000000111111011011101010111010000010110111011101110110100100000011011101100100001111010010011111101001000100100000001110010111001100100100001000011100110011000011011100110011111,True,True,True,True,True,True,True,True,True,True,256,250,120,37,24,31,29,256,256
182,01111001000101100110101001111000010010000110101100000110111110001010000110101110101110111110101110001011100010110010010001110101011011101101000000111010100110011100111001010111011000110110000011111000010000110100001101101010111011000101010100011011101111100000101111010000011000000101101001001111010100001110101111100000111001110111110010001111101100000001010000100101100011110110110001101010110101010111010100101101101001011111100111011000111000100101000100011110100011100111101110001100000100010110100111011001,True,True,True,True,True,True,True,True,True,True,259,262,137,30,35,26,35,256,257
183,10011110101101101011100011010000011101000110110000001011000001010011101011011110011110000101011010010101000001110011110111110111001001101011110001001010111010011001011111110011011011110000011101000011101110110101110111000100111010001101100101011000011111000010011100001011000111010001000100111100001101111111011111010000010110011010110110000110000111100011010111001010110010000000011111001010101010110101111001100011101101101010100101010001000001010010010001001111001001110001001111100101011010001001100010111000,True,True,True,True,True,True,True,True,True,True,260,262,135,28,36,29,31,257,255
184,11101100010011000101101011110100110000110111011110101010100011101110000011000111100111110101010010101001101001100100111110011111101110001101100101000011111100100111111101101110011000011110110000111100100111000101010011010011001010011000001011100011011101010011110000110100100011001111100110011001000101000111110101101010011000000001111110001100111110001110010110000100001111011010110010110100011100100011111010101010011000000011011101011100100101001101101010101011111001000110010110111000111100111101111001010001,True,True,True,True,True,True,True,True,True,True,270,257,122,20,32,22,28,256,258
185,01011101010001100100101010000000110110010100010110000010101110010000101110010100111110000000101011000001010001010110000111010111010000010000101111000001110100010111011000101101100101110000110010111010001011110011001010011100010111011111011101101001111010000000001100011001001100111100100000110001110010001111111001010011010011000001111000011110010111101111011001111001010000111011110101111001111110000011001100111001110001001001101110010000111110000010110101111001000101110100010101110001000110100000100000011110,True,True,True,True,True,True,True,True,True,True,246,245,118,42,33,35,35,257,256
186,01001000110111001100010111101100001111101001111100101100110000110111000001000100010000101010001011100101101101101000100000000011011001010100110011011001110010101101001101101111101100111001110100100100001001010100010100010010101010110011000110100111010001110111100111011100010110010011010010111001100100100011000001100001101101111101001010100110010011010100110011110111110010101100100100100001110011010100011100000011101000101100111001110110110000110001011100000011010110000110010110101000010111010110001010000010,True,True,True,True,True,True,True,True,True,True,244,275,135,27,33,36,31,256,258
187,11101101000101110001011110110111101010001111111001111011101100011001110000110101101101011010101111000100101001100110001100110000011110001000110001111000111111110001001101010011001010100001110001000111110010100111010100011110111110101010001011000101010110001011101100001111100001100111001100000011000001010001001001011110101111001010110100011101101111000101000100101110011010100001110000110001111111000010010010111101010111000110101110010101011100001001011111110100101110010001001100110111011011001011010101000110,True,True,True,True,True,True,True,True,True,True,266,264,135,15,40,30,36,258,256
188,11101001011100010011101010111011000010110001000101001010011100000111010010010110111000010010001001110001110101110101101100001010001110010011011111001111101110001100110010010011010001010101100111110000101110001101111010001101000011100001111100100010100011000110011101111101010101000110100101011011111000111010000010001100001000001011111010110101110111000111101100010010100000011001111111010010011001110110111101001000101110100010110101000111100010000110100011111010001111011111010001010110111010101111011110000101,True,True,True,True,True,True,True,True,True,True,262,263,137,18,32,32,38,256,257
189,01110011001101111110101000100100101010010001111100000100000110111101001101011111000000001001100011010101100100000100100101001100110000111010110110101010110010111110111100001001100110010000100110111010111001000111010100001011110001111010100000100110010001010000101001110101100001000010101010100001111110110000001011111110011010100011000100001001100111100010010101101101011001010100111001000010011101110010111010011111001110110110100000011000011001011110000100110001011010111000010001111100101011100101111100001101,True,True,True,True,True,True,True,True,True,True,247,264,137,33,37,37,32,255,257
190,11110100000101110111101011000001101001110101100110110101000011100111011000001101010111001110011110000111010011100110010001110011110100011111001110000011001011001000100000101000000001011000000001100101010100100010001100110111101010100101010100111011100100010110100110111111111010111010111010000000000110101010001000110101100000011011110001010100100001111001111101011010001000111100101011110100000101010001010001110000111111011100000101011010001111011001100001110111000110110110010000010001111010101100110011000001,True,True,True,True,True,True,True,True,True,True,248,255,132,43,35,23,34,256,259
191,10011110100001001000010001010110100010111010110010011001000010000111001000000010111111011011110000010011110100110101110000111100001000000010111101000100111111010001110101001011110011111111100010111011011111110101000011000010011010111101111000100111101010000001000011010111001100100011111000010101001111100101101101111010000100101101100100100001011100001000000101101001010001010100001111101000100010001010001110110010010100101011101001100001011010000101001000111101101011100110100111010110011101100000001000010010,True,True,True,True,True,True,True,True,True,True,244,258,140,37,31,43,36,256,256
192,01010001000111110100010001101000110010001111111100010101101011111000111111010001001110001010001010101111000001010011101010010001101001101101000001101010111111000100011110001000000111111110001011000011001100001101111110010010111101001111000011000101110110110111011011110111111010111111100011100001100000101010010100000111011010010110001010001100010000000011011001011010100000100101110011001001001110100001111011100111011111101001000010010101000111010000101011010100010000111111001100101011111010100100001111000110,True,True,True,True,True,True,True,True,True,True,256,251,132,27,32,32,40,259,257
193,00110101111100011011100010001000011110101111111110100111011100001011110011100111110011011110010000011111001011100001000011001110110111010010010011011110111001001011101111110000010110110001111100110100000110100000001001011111011100100110001011010110111110100010110111111010000111110011000110101101001111000001101100110100101101000011111110001000111000011110000111111111111011011001100000001101010010110000111110110101000101000100111101100000111010001100011100111110111000011011000101000110101110101101100011001101,True,True,True,True,True,True,True,True,True,True,275,234,103,28,19,22,33,257,257
194,00010101010011100111111100010011111101110111110000111010011111110101011011011100011110100010011010101001000001110100000010100011110000001011011101010111110011111010011011000100001101000110111010101000010001111100110111011011111001011100001101101110111111000011010011001010111111000100011011110101100000100100101101011100011100001111100001101001111000111001011000000101101110111010111101000001011000111011001101010110010101001100001110110010100110100010110010010010010101011100101100010001010111101011100111000010,True,True,True,True,True,True,True,True,True,True,268,261,137,24,36,28,31,257,258
195,11010011001110100110011011110110010001100111111011000101010011011111000011100110010110111000101111011010000000010110010111001000001110110111110110111011000010101010111110100010010100010000001000000011100010100000011001101110111110101011010100101000110101011001000010100111001000101010010001100011110001011111100101111010010111110011000010111110110101111100010001000011011100100111000000100001100011100110101010111010111100011010010011000100111011111000111100100001110011001101011001110011011111000011101101100000,True,True,True,True,True,True,True,True,True,True,259,254,122,30,31,30,31,257,254
196,11110111100010101001010100010001010011001100101011011111111001011111110011111001000110111111101100011001111111100001010110100011111000000111010101001000011110100001011111001111100011010100000111001100111111111011101010001001101001001001111100100100011100100001010111110000100101011010101011111001000000000011001000001110011111100100100101001010000000110001111000111110100110000110101100101010010110001111011000010011010010110011101100101010011000111101000101111000000001101100100100111110000010010111111001110000,True,True,True,True,True,True,True,True,True,True,260,242,119,33,33,35,28,261,254
197,11101111001001101110110000111011110001111001110110100111000011110001111000111110100100111111011110011100011001010011000101000111010100010010010010010100011000000011011110111011101100001101110001011010111100001110110110101110100101101011010000000001000101100100010111110111010011101110010000000111110110010110100011011100111000101111000101110011001101010001110101101001101110100111111011000100001110111001010010101110110100001101011000001001110111111110011010111111111111000000100010100010101100011010111001110111,True,True,True,True,True,True,True,True,True,True,275,249,119,25,25,26,30,256,256
198,11001000111000011011110101000001101001100101010110111000111101000001010110100110000001101111111011110001111010011000001011101101001011100100000101011001000001011010101111110000000100100111001100100010110101100000011111011110101010110110010100101101010001001101001010110110100101110010110000010110110001111001111001111110111101111000011110001011110111001100011000110001100010001100011110011101010101010011010110100010011111111100111100001110000101100010001110000110111111101110011110001111011011101110100011010111,True,True,True,True,True,True,True,True,True,True,269,253,125,27,34,25,32,256,256
199,11110011010111000101000110111000111101110001110010011000000110110111000111011011110111111011011000011100001111011010101001000111110011100100111110011101110101101100110010101001000010010101001011011001101101100011110000001000000010011001000100000001110011111001001000101101110000011110101011110100000111010010011001100000010000101101000011101110101000110111101100010100001010110110011010100100010111110010110011000000010110001011000001010011111010011100111001011011011100010100110000101111000010001111010101100110,True,True,True,True,True,True,True,True,True,True,254,254,120,35,29,31,32,257,256
200,11110100001101100101010101001101111101100100111001101111100100000011101001101001101110010110101110100000111111110111110010101011001100011100111000101000001100000101011011101100111010101100100000110101011011101100001010000110100010000011010011010011110101111110010000101100110011010100011111001100110010111100110000100000011111011010011000001111000111111000110001100000111010111100101011101011111001110011011110101110101010110110111011000001001100010000111001110001001101001000111100000111011110001010100101101100,True,True,True,True,True,True,True,True,True,True,265,256,123,30,32,21,28,256,255
201,10101101101101110010111010111010101001001101110101100010101001010110010000101001001010111110001011111001101011010010111001001001111100010111010111101000110001000000000111100011110001110011101001100000101101101000110010110101110011001010101101000111000010011000000110110011011001100010110111100110111100111101011110101000011011101111110011111101011011111100010110101010010111001011000000001000101100000110101111110101010101110101000110000001101011000010111111101001001010111101000000001111100111111001010011001110,True,True,True,True,True,True,True,True,True,True,268,270,149,30,45,28,24,256,256
202,00110011100011100011101011100010101001010110110000011001001000001101111000111001110000110011100011010011000010111010111011000001111111010110101000100111001011101011010010100001010000111011110111010001001110011010001101000010000011011101010011011111110010110001110110001100101111101111100101010110010000001110111110010010100010111110101110111010110001001100000010110011110101101111001100100100100001001010010100000100100001000111100010010001101100010010010000010010101111010100111010111010101001010111001011110110,True,True,True,True,True,True,True,True,True,True,254,269,140,25,36,38,31,257,256
203,11000111101111110100001000000111100110010010011101001010100110101101111110010000000110100100110110111011001110010011110111101001100000011101101011010101100011010100110101001111110011111010010011111111001011001011111000110000010010001011001000001110100111101010101011101011011010111111111101111000000001001111001110011100011010011101101011011000011011101110100101000100010100111001111110111011100101101000101001001100001001100011100001000111101110010111101110010101001100110011001100010101111000100001011000100111,True,True,True,True,True,True,True,True,True,True,271,257,124,24,28,29,24,256,256
204,00111111010110000111100001110100001100000000111111100111000111100101111011101011011100011001011000101000101100001100110011111110001000100000101010011011010111000101000101001111010111111010001111100111110001010000000100110110001110010100001001010011110111110111010101001111010000011010010001111001100111010010011010100110110000011110111111010100101100110011101001010111011100010001111000110001100111101111001001010000010011101110111000101001110100011010110011011100100011001001110101110001000100010100101100101110,True,True,True,True,True,True,True,True,True,True,262,253,121,22,29,30,33,257,256
205,11110110110001100011111110010001011001001100100101010001011110111011100110011111001100011101111101100010010101011101011001010101111010010001011010101001011110010010110011000001111111111101010001001100111011100010100111100000011001000100011000010101111100000110011101110101101101001001011100111111101000110001110010110101100001101011101000100111110111100011110101100101011001110110001010111010011100110011000100101010011101110100000110011111100101111110010010000101111100011000000001110000101000000110000001010000,True,True,True,True,True,True,True,True,True,True,264,254,124,25,36,33,29,256,254
206,11111101001110001010100101011111010110111011010111101101110000011111000101110001010010101101110001001011111111001011001110111010011010000111000100101110001010010011111111100100110001101000001100001001000000011000010101111111111011011001100111011001101111101010000011001001101100011101101000110011000100000101100001111001000001011100010010001011101000001011110011010010001111010001101001101101110000000110011100001101010001011110000111011110011101011001101100010111110110111010011011001111010110011001100101011101,True,True,True,True,True,True,True,True,True,True,268,253,120,26,28,29,30,256,257
207,00110110010110110011011100010110010010000101110000111101110011110110111110100010111001000010100101100010001000101011001000110010111110110010010011011001011111000001001010100011101110100010100000111001001101100111101000110000100111011011001101011000010010101001100111110101010010101101100100001111100011011000111111110011010010111111101100000010010011111011001101111111010010000010011001010110100011011110111101101010000010110010000110101101110000110101011101111000111001100100110101001001001011001001001000100110,True,True,True,True,True,True,True,True,True,True,259,271,133,19,30,42,27,256,256
208,01010111110111010011110111110010111001001100001011001011111000100100111110011101001111011010011100111110000001000001110100010001110100000100111001001110000001111001010110001010010110111111110100000101110100110100011001111101000111100111111011010110111100101111111011011001001111010110010010111110111100010001100101110101000001010001100111010010011110110100011110001100001101011000010110010010111111110010000010000111011011100011101100000010100111110101111010111110000111110000110010011100100101100110100111111000,True,True,True,True,True,True,True,True,True,True,274,241,112,25,24,31,26,256,255
209,01011100110000101010010110111110100000100111110101100101111000110011110001010011000101100110100010000101100011101011001010110100111001000010110100111010111001000110011001000101010100000001010010011101101100111000011101110011001100110011101111101000000110111111100111011101001000110111011111111110001001001001000111110101111000111101111101100011101110110000001100001001001111000100101110110010111101110010011100110011100010011001110000000001000011011111010111000010110100101011110111010000110101101110101011111100,True,True,True,True,True,True,True,True,True,True,267,253,119,26,28,31,27,256,255
210,10010001100101101011110111001010110110110000010101001010011110101011100011110011101001111000110011000011000010101000100101010100011100000000010000000110110001101110100101110110010110010000110000100100001010000101111101110111111100010011100110011000000100100111010000111011101111000011110001111000000110011001000010110000100101011011101110101011000111010101100001110000100010110000101000110010011100111110110100011110100000101100100001110010110111000000110001010001101110001011001111111000010000111010111110110001,True,True,True,True,True,True,True,True,True,True,244,249,119,39,32,33,39,257,258
211,01101101111101110001011000001111101110111001000010011000011000101110011110100111111000011011101010001110101000001001100101011111000010110001011101111001110101101001101000101111110110101000100110110010101100011110000101100110110011011011110000101001110000001100010000100110001001101111100001100010111000001110001001010011010011000011100100000110000010100111101101010101011010100100001010100100011111011100111010111111100010110011111001001000000111100110000011011000010011000011111000001011111001111011000000001010,True,True,True,True,True,True,True,True,True,True,253,245,115,37,29,30,35,256,259
212,01100011011100010101101010111000000000011110110111000111000101100000111100111100000100111011101101100100000100000001010101001010101010011010011110010111101001001000111101110010110100100101101010010111011001000100000001011010001011011101100001101101100000011011001011011001100101110001110000011100101110100011011011010101100111101110100010101101100111011010000101101010110011001101100110011101101110011010001010101011111110111011011010010110001010011010011100000101001101110010011101001000000100101010011001000111,True,True,True,True,True,True,True,True,True,True,254,280,147,33,38,32,25,257,256
213,10011100111000111101000010001010000001101010001001110101101111010101000101101101100010101010110011111100110101000100011111100001000001101101000101111111100001000001110011100001001111010111110111101000111011001011110001001111011101010010100000000011110101000011000100010101101010100001111100000111010011011101001001101111010010000001101000101010011110010010001100100011000011011100001100000011010111010010111010011000100101110000011010011011001111010011001110111010110011111111111011101001010101010110001000100000,True,True,True,True,True,True,True,True,True,True,253,258,137,33,32,27,34,256,254
214,10111100111010111010111110111000101110100001101111111101110010111011100010000011111100100001000010000111110001110110001101110110000110001000000110011000100101000100011110111001010011110101010110110001100100011110110111001001101100010011011011111011100100000010010011101011001101011011010010001000000101000100101011011110111110100011001010011001011111001100111000110001111101100010111001100000010101101001111001001111001110101100000110010000110001110110110000010100001101100101100010010101110111001010011011100001,True,True,True,True,True,True,True,True,True,True,260,253,116,26,25,33,34,258,258
215,10110010110101010010011010000011111011111000000101001011110100000010100110110101110110110011101111000000110100101011000100000001100000011101010110011100011100011000010111100001001110011100100011000100101000010110010000111010111000000011000001011101110000110100011000111000001001001100100100010101101110011001100011101101000100010101000001100010101100000000101111100011110001011011110111110000100101000011100110110001010001010001100001101000010001111101110000110001001100110100110000101001000110001011001000000110,True,True,True,True,True,True,True,True,True,True,227,248,116,47,29,35,44,255,257
216,01111011110110100001000010001110011011010111010100000100001000110101010000011010110010001011101111011001001101010110000011111001001001000111011000110100001101000100101010111001111111100011101010100011110101010110001000011011001101111000100001100101111010110001000001101001000100000001010010000011111000000100100000001110100101110111000000101111101100110000101010110001001111111011000111011111000110011101010010100100001101111001001001010001011001001000110111111100011110000110010111000101011111001100111101100000,True,True,True,True,True,True,True,True,True,True,246,253,128,35,31,36,37,257,254
217,10101001011111110111011010010101011100111001111000011110011111001111010110111101100000011100000110000100011110000001110110000001101100101111110001100101001100010110010001100011010010111011000111111010110001100100110101001000001010011100000110101111111100100010010100011001001001110010100000010000001111010111010101001011101010000000001001110001100001001100100110101111011111100011110110001001000010011000010011111110000010001010001011001111101111100110111000001111010011101101011110000100100101010010000100110000,True,True,True,True,True,True,True,True,True,True,250,242,114,39,27,34,32,256,254
218,11011010000011001110011011011001101101011001011001010110010110111001000100010110100000011100101110000100100011001101110100000010001000000001011010101001011111011100010010000001010011111110010110011110001010011100000011100111110011010110101111110111111110101111001010000001100011100110100101111000111100111010001101010010100000111010111000001100011100111100101010011111000011101010010110010010111000100000010000100010100111101000101101000001001111100101001110000011011100111111101001001011011000111001101110000100,True,True,True,True,True,True,True,True,True,True,251,252,122,37,31,35,30,257,257
219,01101100000011101000111110000101001011111010111111001001001111011001011000011000010101111110001011001111000001111011001110010111111111101101000001101110000111101110010100111110000000000100001110001101001000111101010101000111111110110000111100100100100011111100011001110010010011100010101100111000110011000101110001101001110011001110111011101011100111101000001011000100110000110001011111110100110000101000101110011100010101110101101100111010010011000110011100010101111001010000110110100001010001001100011000110100,True,True,True,True,True,True,True,True,True,True,261,241,106,26,27,29,35,257,256
220,01000000010010101011000010001101000000001010001011110011001100000000001110110000001100000011101001101101001001010111000100000101001000111110100011101110011101111111100001101111101011100010111111101010111111001010011101001111101101111001110000000110001110001100101101011100111001011010001110100110101001011001011101101010000001011001001010010101001100111110000110101000011000110111010110000100110010100010100000011111000111000100111011010011000100100001111111000101000111111010010101100110000111010011111110111111,True,True,True,True,True,True,True,True,True,True,253,246,123,41,31,28,32,256,256
221,01000011000010001001101110110000001011100000001001000100100010111001100110001011010000101100011001111011101001100001111000000000010011111001111000110000110110101000011001001100101001100000101100101110011110110101010101010100010111001100001110100101001101100100100110110001100100000110000000011000001110000101101100110111100100111011100111000111001101001111100001010101101110110011011110010000001111111000100100101011100110101100010001111101000000100101100010101110010010000111100011010100010110110001011010000001,True,True,True,True,True,True,True,True,True,True,234,252,115,44,29,35,36,255,259
222,01100010001000110100110010110101110001111101010110111000101011001110001000010000000111010110111100100100010111001011010010101001110000110000101100101001110101101110111000011010000011111001011110111110000011001001101100011110011110000000011011101001001101000110111110010101110110101001110110101010001010111000000000000011110100000100001011001111110001001010000001110111100010100100010110100110010110100110011100101100001011011101101000101001001011001011010110000001011010001010111101011100111011011100011100111010,True,True,True,True,True,True,True,True,True,True,250,267,140,37,37,34,30,256,256
223,11001111111000110010000000110011011100010110110010011000110100000111110111001001011000100100010011100111000101010000111101111001001000010100010001000101101011111001000111010011011000111110100001001001100100101110011000111100111110010101101011111001101111111111001110101001010111010010001010011100010110000110011010001010011110110011000001100111101111000110001110011010001001100101100100100100111110101010100111101000010011001110010000110111101001011001110110100000101110110110001110010001100000010100010001000100,True,True,True,True,True,True,True,True,True,True,252,256,114,19,24,40,34,256,255
224,00000001000100101100000011001011101101000101000011011011001011000101000101010010000010001010001000001000110000011011011101111111100110101111001011110000111111011011101001010011010110010011010001110011010011101001011100010110100101111111010000011110111010011110000100001000111001011101100101001110000010100000111100111110011111100011011111001001011010111110101011111000001110111010100101011110000010001101100101001111010011001101101100110010010101000010110001000111110110100101000010010000010111101001111000011100,True,True,True,True,True,True,True,True,True,True,253,257,131,32,31,37,32,257,256
225,11100110011010110011011010001000011111001110110010001000000111001110011110110000110100011110111000110011110101111111100110000000110111100011011011101001110100100011101100001011011101101010101000100011000110111101110110011100111110100000111101101000010111101110000010010001111100110101101110010011010010101011011011001100010000001110101010010000000001111010000101010100101110111110010100100111001110000000000011011011011011010010001011110000001100101000101011111000101001011011101110010100100010010110010110011110,True,True,True,True,True,True,True,True,True,True,259,256,124,36,27,28,28,256,256
226,10101000011001000001011110011000100010001100100110011110001001110000110110110010010001101111001111001110111011100101101000011110111010000110011111001001100011011010001100110010001100011000011101000000101111101011110111111100001110101100110001001111110010100001000101111010100011010110001100001011101110011010110110101110001011011010001001100110110001100101110110100100101000110100001111110100110100010011111111100011101111000111101011000110001110110011111101011010001110010010010111110111100010110011111001110111,True,True,True,True,True,True,True,True,True,True,271,249,107,14,20,27,35,255,256
227,10011011101100011110101100001111011001011110111010100010010111010001011000101101011100000110110100001001000010000110110011000111011101011101101101000101111000000010001010011010000011101011110100101011001001010011111011001110111010000011100100110001010111111101111011011010100101000001010010111000111001111000110111111011010010101110111000001001110010010101010111001110110110011001001110001010011100101101010101000101100100001101111110010111010010110001110110110111101000101100110110010110011001001010110011100110,True,True,True,True,True,True,True,True,True,True,267,280,147,19,38,34,25,257,256
228,00110001111001000111000110010111110111100000000011110001111010101010111011000111000011001001111010100101100000010000001001010000001001100010111001000010001001001100010011010010000101111101110001001101101000000110011001100011010101001001000000110000101011011110110011000001110001011110110001110011101000000000001101110001100011100011011000010010000011001000101100000001000000100111010000100000010001101110101011101111110001010101100111011110000110110001111010011100100011101111101110110001000110011111100101001110,True,True,True,True,True,True,True,True,True,True,233,235,102,50,22,33,41,256,256
229,11010010110011011111111100111100011101010101101011110011101011011011110100011001111100110111101110100100000010000000101000100001100001100011111111100100101000001101110100110000001001100110110101000110101110001111111101000011110011010000011110110001100010011000010100001100000110100001110010111000110100110000011101000000100000100000100011010000011101111010111101001100111001011010111011111111010000111110111010111110100010111001110000011010101001111010101100000011011000110111110011100110111010010100101101000100,True,True,True,True,True,True,True,True,True,True,260,242,116,39,23,19,33,256,256
230,00110011010000111111001010100101100111100000010010010111001110000000011010111111100000110110110101011101100101000001000110101000110001001110111110001010000000010111101111001100111001011101000111011011110111100011111000110011111000111000001010110110010011111001010001111010000011011110101100010110001110100101000011110011100101110000001000011011101000110001100100100101110000010011100110000100000101111101010100100001100001001001000000101011111110100101011100011010001100100101100101011111110010110101010111111010,True,True,True,True,True,True,True,True,True,True,253,249,124,37,34,34,32,258,256
231,00110110100000011001111011001001001011111000011100000000100110110110011011011010001000011110100010110010001000101000000110000000010001000111001101100101011010111010001011001101010010010101110100110011001100111111001001000010001000010010101110000110010010010000110001100110110000111001001111001101010001110000011110011100110100101101000111011110101101100111011111100111101011101000110111101001001101100101110011111101100100001000100101000111110110010110011001001101110110110110000011110110001011011110101001101010,True,True,True,True,True,True,True,True,True,True,251,263,120,28,22,35,29,256,256
232,01011111010010001011101010001011110001101101001010111011110001101110100111000001000011101111011011000001111000011010001111000010000100101101001001111001011001111010000111011101110000010101000111101000011101011000010001000110011011011000001101000010000011101010001100011101110110101001110001011000011100110100111000011000110100001000001110010010100110101101111111100110110010111110001101111111001000001101101101100111010011001011100111010010110100001010100110110011011101010100100100100011011010000001100000010011,True,True,True,True,True,True,True,True,True,True,252,258,124,32,23,27,35,256,256
233,11011010010001001110110001000111101010101110000101001110011101101010011101111100011000111101101110010111100000010000001110011011000111001010100111010110100000101011000010000011100011100010000100001100111011111000010101010000110110001110100000001011011010111010010101010011000100100010110011101011101011111000001101010000001110110100000110100110111001011010011000100011010100111000111111001011000110011001000111011111110110010111100001010001001011010101000101101000110111000100000001111101001010110010111110000001,True,True,True,True,True,True,True,True,True,True,248,261,135,35,35,29,37,256,259
234,11111010111110100111000110010100011001010001000111011010110110011010001110011101101011000111010000110010000100101000011001101111100101010010101110110100000111011011011101101101001100001110101111110001011111000101000110000011011010100011100000111111000111101000111100011111111100101101011100000000010011100011000110100000010011000101001001110011010001101110111010111000001101110010001001110011001100011010010110100100011111111100000010111011100001101001011100101111100111001001111011100011111001110111111011011101,True,True,True,True,True,True,True,True,True,True,270,245,111,25,22,23,33,257,257
235,01011111101111000001011011110011111111001001111010100100100100101011111011010011100010101001100111101111101110001011110110010111111101110011010111101000110010011010011101001101110010011100111101101010010011001010100101100010111001101001011110010001111110011011001111100000111001011110010111110100111110001000101011000100000111000100011110000001010000011111011110010101001101010101001100110011000011111011011100001101110000101010000001101111100101111100101101100101010010101010110010110101001111100101110101110010,True,True,True,True,True,True,True,True,True,True,280,265,138,17,40,33,19,257,257
236,00001000110111001000011001011111010000100110011100001011110000001000010011110000000010001100100111100010000110010110001001001110011101100110110010100111010111110111111001001100110100100110100101011101110000001100110110000111100010110111100000001101011001001101001000010111111101000011110001011001110101011011001001010110101110011011101000111101000111111111100110011011010010101111101100010100010000000011101010011001001110110001110100110011101101101110011001111010000010000000110011011001000111010101011111001101,True,True,True,True,True,True,True,True,True,True,255,250,112,35,23,30,28,257,256
237,10010001111001001011110001101110000001011001111001001000101101000111011101010001000000010010000010000101000110101000110011111100000101001111010100001110011011100010101111000010101001011010100100110010110111110110100011000100110100100011110010101111101100111011011011000000000100100110101011010010110010110110101110011100001101010100101010000011000100011100001001110111101100001011110010101001011010011111010111101111111111101101100101111111110000001011111010000100010100110011111001101110100010010110011100010001,True,True,True,True,True,True,True,True,True,True,256,263,139,29,35,38,31,256,256
238,01110110110010000000101010010111010011010110011010110011100010101001001101101000001011101010101010111000101010100011100001011101110101111001000111110111111101110101101010101001011000111000010100001101101100001011111100000100111000110100011100010000010001100100001111001101000111011110001001000000100100010111011110110011011010000011010001010010101010101010011001010010011111111111111001011101111101100100011010101101000011101101101001001111001111010000010000000011000111101110110010011001011000000111101011101001,True,True,True,True,True,True,True,True,True,True,257,270,150,31,39,31,30,256,257
239,11011000100111110001101110010101011111101100111010011011001000100010001010001000101000110010000101101011000001010000101100010011001101101101111111111010100111100011000110010101101100111010010000001101100010010110111001101111001010100011110100011100000110000001010010010011000001010011110110100001111000110011000110111111100111111000100001100110110010001111110000101111100100000100100010111011000110010101000111001100110100000001010010011010111101110001001000001110110110001010010010111100110011001011111010101101,True,True,True,True,True,True,True,True,True,True,251,257,120,25,28,38,36,254,257
240,10110101010000000001111100001011100110111100010100011110111110110101001000110000011001011100011100101000110000101010100101001000111100011011101100100100101010000100100100001000000010100010000010011111111100100101101010011100010011000011000011001001010100000100011110011110011010011101011101111111011000111101000111110111110000000101010101101011100111100111111110011110001000101000001100111011111000101110111001100100001010101010001101000110110101111100011000100010110000111000111110100110100111010101101111001010,True,True,True,True,True,True,True,True,True,True,253,254,132,30,35,33,36,255,256
241,11001111111011101111001011011010000011101111010010011101000011010111001111011101110100010001010010000000100101110000001110111001110010010110001010000110001100001111111101001001110010001001010011110000001001111010000101101010000001100000001100101000000100101000000000011000011111111111101001010110101000110111110110111110100001110000011101110101110101100000101010001111100001011001000100101010101100100011100001011011101001000111010110101011000111100111100010111000001101011000011000011101011110111001010111100110,True,True,True,True,True,True,True,True,True,True,252,246,127,45,32,30,33,256,256
242,11000110110110111111001001000110111001010010000101101010000101000010110011011000100001011110101001000011010011000101000010010000110000000010110111111011111001001100100011000110000111110011001110101100001011011110011011010000010101100010100101100100001101100110000000101111010011000111001100001110111101101100000110101100101011010111011100101001101001111111010100101000011100111101010001100101111010110100101001100011000011001110111011100011100011010101010101111100011001001101011101101000100001100111010010100011,True,True,True,True,True,True,True,True,True,True,252,269,133,27,34,30,33,256,257
243,10010100010001100100101001010000001000101101110000010101001111100000001010101100000001101000101001110010110000011000100101101101101001100001001110110111110001010101110110101110001011111101011010000110111011001011100111100000000100111100101000110101101101100110100111010110001000000000100010001110011011000010111010100001110110011000110011000100010110000110101111110111110101100001110111001010111111111110000000100110111011111111000110000101100111000110110011111101010001000000110011101001010011111001100010001101,True,True,True,True,True,True,True,True,True,True,250,251,124,40,32,31,35,255,257
244,01100001101101111000101101010001001001001000010101001100100111010001101000110110000010101100000000010101111101111101110101110011001001010001001100001001111010111111100000001011011101011101000000111101001101111101011111000001000001001110001011000101001001000010100010110111110101101010101110011111110000100111101011001000111110001001110100100100000101110111011011110001110110110000001111110110101011010011111001000000100111000100111000000100111011011001110001010101001011010101000100001001111011100011000100000010,True,True,True,True,True,True,True,True,True,True,249,257,137,39,32,38,33,256,258
245,10100111111101111111110111011110100101000011100110101110101000010001101100010100110100101111000001011111100011111100001100100110010001100010011000001010110100000110101110010001011100010010001110000011111010001011101101101001000001000100011100100101111000011011011110110101011110100111111100011101000000100110110101001011110011000101111011100000011001010011100101011001001001001010000000000011011101110101101011011110100110001011101011111000101110100101000001111001011100000101110101100101000111110010111101011010,True,True,True,True,True,True,True,True,True,True,261,258,137,32,33,35,30,258,256
246,00001000100010111001000011010000100101111101110000100101111101010001011111110011000101001101010100111100000100101101000010101100010000110010101010011100001010011110111000000011011011001010100100110110100010111111001101111110100110110100111100101110011000101110111110011100010101111101000010010101010001110111100111111010110110110100100000000101100101100000110101011111101110111011001110000000101101000011011001011001000010011010010010110011010001110001000101001000101001101000111111111101011100001111010100111111,True,True,True,True,True,True,True,True,True,True,259,264,142,28,37,37,30,254,256
247,11001001001100100011111101110010010110101110100101100001100100010001111111111011101010011101110111100110101001001011001010101110001011110110111111011000110110011100000001101010110111101000011000110001101101001001011110110000100010010001111100100000011010100001011001000110001001010111110000100010001011010011100101101110110100100010101100101011010111101111000100100101110110000110001101011000100010101110010110011000100001101100010100111011011011000100100110111011110001000011011100011100100110110000011011101110,True,True,True,True,True,True,True,True,True,True,259,270,132,17,30,41,34,256,256
248,10100101001000110010101010000010000010111101101110110010000101000001110110100101111100101101000110100101000011100110110000010101010000111011000101001001000011101100100000111011010010010110010011101111101111100010001001110011011000010100101101101110001010100111100010111111110100111011000110100101010100011011100111111001010110000111010010101100000101111001010100100110011110111011101111101000011100111011011011001111100000000000100111010011001110010000110011111110101111110111000011101011100111011000001100101101,True,True,True,True,True,True,True,True,True,True,261,263,135,31,32,33,26,255,257
249,01110000001101001001010000000100110101110101101100100000101011000001001000111101000011101000001100010100111101000111100101001111001001110000011110000111011111100100011011010001101010011010000010001100011110110111110011110010111000111100100011010001111100110000010001111001000110100010110011110000101100000000110000000010110011100011100001011001001111111110110101000001101011000000111101110000111111011110100011010000101001001011100011011000110000000100010011111111100100011111010110010100111001100010001111010000,True,True,True,True,True,True,True,True,True,True,242,229,100,45,19,29,40,255,255
250,10101111000111101001011000111010011010011100010010100011000010000010000100110111111111101100010000001111101011000111101101110100000010000000011100001011010001100001001110010110100001010100011101001100000110011101001011010100011101000010010100010110111001111101111110101001001001000010101010101110110101000110101110111010011000000100101110011101110000011001110100000100010101101011100110011110100111100110101111000111111111111110100101111011110000000010010011000110001010000110011001011110101011001001010111010001,True,True,True,True,True,True,True,True,True,True,253,257,136,35,32,31,33,256,257
251,10110100100100111101101000110100110001100000101001000101101011011001101000110000011001111100010011010101000000001011011110010010101010111101111001101111001000001101100001010011010000111110101011101100010101010001011100111001000111111001000100100000010111100100001101110000101000111111010101001111010101111001111101110000000111110011000110001111011010001111001110010001101110010010110101000111111110010100110001011010001110010101111010101101011010110001110010011001010010011101100100001110100111100110010001011010,True,True,True,True,True,True,True,True,True,True,258,268,138,23,35,32,30,257,256
252,01100111001001110101011010111111001001111011010100111000010101110010111000101001101000110110011110110100001110111011001101000001011101100011011110110111001101001111111100101111101101110101111111111111111100101000111110100010011001100001100110011101100110010000010000110001100000110100100010010110101111011011110000111010111101101000110111011000000000010101101100100100111000110011101100111000000011001111111000111011101000100011110001000110100101011001000100100101011101111111010011010010011111001110001000110001,True,True,True,True,True,True,True,True,True,True,274,248,112,22,21,26,28,258,258
253,11010011000010011011001100100001101110010010010010010000111101100100100111001000010001000101000011010111000110101010010100101010000101010101110111111010100110011010110111010110101101011101001011110100000010011010011011000110001101011110100100110111000111010110010011000101011001000101101100011010110000100000011100000111000010100110110001010001001101100101110010011100100101011011101010000000101000010010101000011011000110110000000101110101010010110111100011000101010000101000001010000101100001100010111100111001,True,True,True,True,True,True,True,True,True,True,234,287,156,31,42,41,34,258,257
254,11011101001010101110011011001100110010111011011110010000100001101000001110101111111001000000100101010110101111011110100001000100100100001101111011011000101110110010101010101111001101101111000110001011100101100001111110100000000010100110100011011110110001000010000001000101110111110011101101110100111000010010100010110000100011000000100001111110111110110110001111001010110100011110001110000000011011001010111000001101011101001010000000001000000100101111110111011110010111000011110010101111010001011010110010101110,True,True,True,True,True,True,True,True,True,True,254,254,134,43,35,35,32,256,256
255,01010010111001110001001101011110111111110110110111001010111111100100011010000111001001110011010000001100001100010000000011000000100100100100001010110101111110000111111000110100110001111000000010110100101100001110011101111010011100001110110111100101001111000001000001001110010100101100001011110101110111111110010100011101101111010110010100101111100011001110110100100010110101101010011010000100011101111000100111100011010110111001010110000010010101000110111101011001000101111101101010011010100110001111010011011000,True,True,True,True,True,True,True,True,True,True,261,257,129,29,31,31,29,257,255
256,11010101000111010100010101111010100110100001001000001101111010011011101100011001011011100101110000000001101110000011100111000110101011110100101100000111001010110100010111011011111111000010101110001101111111010110000110010011011011111000010111001111010100000100000101010000111101110111111100011100010101011010000011010000101111011101111110001100000011111010101010011001110010110101001100010000100011011100111001001110111000010000010000011111001110101101100110000010110011100101010011100000001000101001001100100110,True,True,True,True,True,True,True,True,True,True,255,254,130,39,35,27,32,256,256
257,10110011101001110011100100000100010001110000111100110000101111111001110101000100101110111101101001101000110101110011101010111000010100011110110001101010111111111001010110101000010100011011111010100011110111111010100001100101010000100110011111011000111100011111101101000010010100011111001100010101001110101001010100111100110011010100001000100100110000000100100101100001010000000111111110001110010101001101101010100010101010101001011011011011101011001100101101011101100010000101010101000011101110101011000111100001,True,True,True,True,True,True,True,True,True,True,260,275,156,22,45,28,32,257,258
258,00110100111000111011001010100111011101100001000101110110101000101011001111100111001001110111101001010110111110100101101011110100110110100101100111000000001110000101111100110001000000000101111001000110010000001011011111111001011011110101010110001100101110000101110000100101100011110110000011011011010100011011000100100101110011111001000101101000010100000101100101011010100011010111101100011110101100010111100111001101010111100001001111101100010010100001110110110001010111010100110000111000110011011010011001100001,True,True,True,True,True,True,True,True,True,True,259,268,136,27,38,32,30,255,258
259,10110100111110011001100011000110001011111000001000110100111000100111100010000000010011101001000101101101011111010110111010010101001110111010001000100010001100001110011101011011100010010011111000110001110100001111111110111101010000110011011010000111011101101100001001101100010000000100111011001010101001110111000001000011101101111100001011010110011011000110100010001000010001011001011101111011000110101111001101101101000001110011100000100011111111101101010011010000111011101110001001001110011011010110100101100111,True,True,True,True,True,True,True,True,True,True,259,253,117,26,19,28,37,256,256
260,00110110111101001100111001111000101101001100011000101100001101011100000111110010001111010111101001010110100001100110101011101001001000010111000101010101010001000010000101100011011000110001111110011110001000101110010110001000111010101110000000101000011011000100001010000010100111001110010011110011010101001110010000010100110011011111010110101100100010111100110011100101010001001010011001100110000111010100010111111000111010101100000011100011110110110011011011101110011110110110111011000000110110110111110001110001,True,True,True,True,True,True,True,True,True,True,255,264,128,24,35,28,35,255,257
261,00011111000110011000100101110110111010001001110101000101001010001000110111110111100010111000010101110111101101100101110001110011000101100111010110001110111001000011100110000001001101111100010000010111110001101101111010111010000111010011000110101010101110010100010110000001001011000110101001001000110111010010101000111000101100100011101011111110011010011001001010000100100111010100011011100101101001001111111010011110000000010000011001110000011011011010100100101101010100101111000110001110011001000101111110111011,True,True,True,True,True,True,True,True,True,True,257,266,133,21,33,35,34,257,256
262,10011011010110010100011101101000101110010110110000000101101010001101000010110010010111011110000000001100110011101100111101010110111011101011101100011100010111100110101101001100011100111001101010111000000101010110010000110101010001010111110000110001111101110100011111110010101101010110101111110111101101111111110010000000110010110010111001111010110001110001011110011000001001010011000110010111101111000001111001110110011001101110101010101111110110100010001111001111100001100001111011111000101010111111011110010101,True,True,True,True,True,True,True,True,True,True,278,259,134,26,42,22,26,256,257
263,11101011101000000000110111000010100001001010000000000000011000010001101011011011111010110100100001101111001001101011111110101001010110010110011111001011010010111101011100010001101000101111000110001101100101100110100011011101110111110101111010100110101100010000111011100101100010101010101011001110011100101011101011110001010000010010000110010001010100100000000011011011100110010001000111100100011011001001110101011111001100001001001001110111100111010001000010100100100101101111011010110101110111010111100000010010,True,True,True,True,True,True,True,True,True,True,251,272,148,36,38,37,28,256,257
264,10110010001100101000110101110110000101000100111001011100101010001000101100111101011111111110010010010011001011001010111111001110010011110100101001111101111001000001010010110010111110101011001111001010100101110000110011100111011100111010001001010111010100101110100000001001010000000110111110001101110101101110100010010111011101010101111011100110011000011001001001000100011010011010111011001001000111010000110100000111011101111101111011100000111000100110010100010100011000011010010101010001011100101000111111001111,True,True,True,True,True,True,True,True,True,True,262,273,144,19,38,40,26,256,256
265,10100001110101101100010101000001001011000010100101000110010110111000001110100101100111011010111001010110111100001011111111011011011111100000111110000111000101100001000110011110001110100011110011000101010010001000110110001011100010011000111001110001101001111011000100101111001101001011001111010011111011100100010011100000000101111011000011100101011000100111010100001011111110010111001001110100001101010000101111011001011101101000111001010101101110111001000100101110100010000000010100010111011111100011001010111100,True,True,True,True,True,True,True,True,True,True,258,258,129,25,35,37,35,258,255
266,00001001011001101000100001011001110111000111010101101011000000101100000111010011101010000101101111101110100100010100000001001011000011000110100111101011001010110010010000000011100101110100101011111000101110001101110010100110010100001011010100000001000011101001111101001111001001101110101111101101011001011110101011101110000010001011101011010011011011001101101001011101100100001010101011110111011111010011100110000101010010010100101010000011110111011101010010010100111011011000111000100010000100110011110100100001,True,True,True,True,True,True,True,True,True,True,251,280,156,32,40,37,27,256,258
267,11100011100011010001101111111111110101101110101111010010101110111010110010011001110101101110011010111000010000011101011101010000101110000111101000011101000111000010010110111001100110011111100111011001000111101101110100100111011101100000100001001100101000001010010100110001011001001010010011011111110000100101000001110110101110101101101100001010000111100001010010100000111101101001001100111011110000100111111110011110100011111101001111111110100110010101111010101111001110011111111100010010000101101000101011101010,True,True,True,True,True,True,True,True,True,True,276,256,132,22,30,29,26,256,256
268,00010001111010101011010100100010000110101110101111010101011101001011011001010100000110010010010011111001001101110101011000000001100010110000110101101100100110000110000110001011100001100111100001011010010111011111011011011100000100111011011111000110011111000010010101010011100101000110000111101110011010000101000101110101001001000001111000111011101011011101111011101100101111010111011111111010010001000010110111001110001010001110101110110100110101100111010000000110000010001100010011111101011111011000101000110101,True,True,True,True,True,True,True,True,True,True,260,268,142,27,36,30,32,255,257
269,01111100101000010010001010100100101000100000100100001001001101100010111011100110111101000000111010101000000111101010011100000100110101111010101001101000101101111111101110100110000001010010000101001110110111001010101010000001111111101001001010001010101100011011100100000011100111100110000010011010010010111010010000101101111010001010110001111011101110101111000010000111011100010001010100111110000011111101001001000110100100001111000101101000100001000111010100110011001011100001001101100110011010111100010101110110,True,True,True,True,True,True,True,True,True,True,245,269,148,32,35,40,33,256,256
270,00011011101101001011111110110111011001110101001011001010001101110110011110000010000011111011110010001011110000000100101000001010111011100110001101000000101101011101010101110000111010111001101100100101010110111000010001000110110111010110001010011011100000100110111000110100101101000110011110010011010001101011011101000000001000110010001010001111101111010110011100101110101101011001000101001011110111010011110010011001101101000001011100100001101101001011001010010011101100000001010101010001010011110010000100110111,True,True,True,True,True,True,True,True,True,True,254,276,146,30,36,35,28,257,256
271,00011111111000011000011000110100101111111001010101011010110111111111001110011111100011101001011111100011010000101001000100110111001000101010100110110100001110010000010010000100110000111111101101010101010100110010100100101011010100101001111100110010000011001011010000100100000001110000011010000000011001111101100110001000111000110100010001000001010000010000001111110100000011010001110010110101011100101001101100111001001011110011011011010100101000101110010110100000001010011000010001011100011110111101110110110000,True,True,True,True,True,True,True,True,True,True,243,257,133,38,34,35,33,257,254
272,10101000110010110010010100010001101000010100111011111111010011010000110110100100000110011000001000001111111110011101111001110001110010010001100001101000101011001000100110010100011100000000001001110000000000010010000000010111111101101011010111110000111011100110100100011010010001100010100110000011001011110101011101100010111100010110010001000101000100011010001010111000111011010111100010000101011000000110001011001101001001111001101100111000011101110011011100101001110001111011010101011100101110111100011001010110,True,True,True,True,True,True,True,True,True,True,242,254,123,37,30,35,37,254,256
273,10111110011010001111101001001110100111011000011010110101000001111111011100000110001100010011001101101010001010011100010001010010010010100001010001010110010011001000011000100111001010011010111101000011101100000011110100110110101100011111100111001001101111101111110111000111001110010000001001011011100101000111101001011001111111010111010100001011111001101110001000111101011101101111000000111110010110110010100111111111011101000001100010000010010011010111010111110100100010111000101010101100101111110100001010110100,True,True,True,True,True,True,True,True,True,True,266,260,134,23,31,32,29,256,256
274,00111000100010010000001001111000111111010011011101110101110100011000100001100010101011100011110110010011110110000011001011101001000011001000110000010001000110111011111100110101010001111111111101001000010100011011000001100111011110100001101100100000000100110011101000011010111011100111001110111000001000101010111001011001011010100000000000001010001011010100010000010000111110111011111110010011101111100000011101000110000111001010000100011010100010101011110111101011010111100010100101101001101001110010010100101101,True,True,True,True,True,True,True,True,True,True,247,252,129,39,29,33,36,256,257
275,00010100000001101100111100110111011000111111100100111110011010111110100011101010100011101001100101111011111011000100001110101100110101111011010101110111111111000000100011101011100011010010001011100001110010010011110100100010000001000100001100000010001011001110010000100100000111100101101010111101100101100110101011100101011100100111001101001101101101001001001111000101110010000110101011101001100000101110001111011110001001111001000101100011101110000010111000011001000110010100000000100011001101010000110101111010,True,True,True,True,True,True,True,True,True,True,253,255,124,31,29,34,33,256,256
276,01011010001010001111111011111010000000000110100111000111110100011011110010000011111000110011011001110010011101100001011011010000100000000011111100001010010100011111011100001011111110011111101111100001000000110010110010100111011111010000001110010010111111111010100100011110010011101001001110111000011001011010000111101011101100011101111110001110101110111100001110000011100011010110001100010111000110110110110010010000111000011010010100011010001000000000000010100100010000001011011101010100111110110001010001111100,True,True,True,True,True,True,True,True,True,True,254,229,107,46,21,27,36,256,255
277,10101101111100000011111101110011010001101110011110111110000011110001100111100011001101000111010011111110101010110110001111010101111110110011111101101001101000011111000100010000001111000000101001110111100111110000000101011001110011100100010010000011111011000101110000010111111001101111010000011111110010100100110011011101100110001001010011101010100111011010101111111101001111100100100001001100101101011100100111011110001110000101010110010011110010101110001110001011110000000100010110111101110010100100110110110101,True,True,True,True,True,True,True,True,True,True,276,243,116,28,28,26,26,257,256
278,01101001011110001110101100000101110000101011010100101110101000101110010010011101001001111101100111110001111110101110111111100100000100010001011110100000101010100100101000101001001011100111101010101001101101001110001011101000011001101011010011011000111000110101000001011100000100010100110010001000000001111010100100110100011111101010000010011001000110111111101000011010011011000001010000011111001000100111001100011000011001010101001100111101010001000001001110101010110000000010101001001001010100100110111010111010,True,True,True,True,True,True,True,True,True,True,242,277,157,32,40,38,31,255,256
279,11101011000010110001011000010001111111000001010101111001111010001000111111100010101100000001100001000010000101111001110001011111010111110001000110111000010000110001101100101010111110111000001100011101011001100111100011011110010000111011100100101010001001001111110000011000101101100001111110010101110111101000000000001000010100010010000110010001111111101110010010100110011011110011110000110110110000110111101111011100000011100101110011111100110001100010110001110011001101111000110011010001110011001100110101111111,True,True,True,True,True,True,True,True,True,True,260,227,93,34,25,29,39,256,256
280,01011111010001010101001111111100101101000000011101010011101011001101011011111100000100111000110001111100110000100010101111111111101011001101000010110110101000000101110001010100011101011101001011001101110010100010111101001101110110000010110110010011010111110101101001110100100001100010110001111101011101100111100111000011101101011001000010101110010110001111011100101000001101111011001011010000000100101100000010011011100101110000010001010001010100000010000001110000000001111111101110010011100111010111100101000000,True,True,True,True,True,True,True,True,True,True,256,255,136,42,38,30,28,256,253
281,00010000111111111110110010111110111100011110010011001110011110100010110010101101111001011001100101011000001110000101001000010000011101001010101001001010001010011111110101110101001100010111011100100000001010111101100010100100110110100000101111000011000101011010101011100101001100011110010101000100000111101011011011001001001011110001111100001110001010000110010010000111011001110011011001000111101100100111111111111110100111000100111111100000101011101010000111011001110011001111000000000110011010011101011100111100,True,True,True,True,True,True,True,True,True,True,262,251,123,28,35,34,28,254,255
282,10001100000010110011110001000110100101111101101111001010011110000010101001001100011110000010100111101101111001110000010100000111100010111001101101100111110011100111100111111111101111100000001010110011010001000011100011000000111101010110110010111000001100100111001101001100000001110110100101100010000101000101111111010011001000010010010011111110110110001111010001101011010011010000000010011100010100001111101101000011001011110000101101101001111000011110111011000110101001001010111101011010111010111111111001111011,False,True,True,True,True,True,True,True,False,True,264,241,113,36,26,27,30,123,256
283,00100011110011111010110100000110011100110111000011000011011011011011011110100110001110001011000111011010101110110011001001101010011110100001000111011010000010110011011101100111001000011111011100001011001101101001111101010110001110110010011111100000000100000001001001000111101100101011011010010000100001010010111000011111101010000101111101000111010111000011010010100011100000001110101001001000101101001111011110100110010011011000101100100000110101001011010010001010000111000000011101010101000101011111110011010011,True,True,True,True,True,True,True,True,True,True,252,262,131,34,28,29,31,259,257
284,00011000111001000001110100100011011100100010111011011011000100100011111001111010111110001010100010011010000101000001000000110100100110010000001101000000010100001101000001011011010000100110101100000000001001111111011011011001011010011000000001010000111110001011000001111011000001110101111101100101111000001111110100111001010011010011010001010101110101010110110110111110010101110001101111001000110101100101001111000010101100011111110100010010110010011011000110111000000001110010100111001101111101110000111001110110,True,True,True,True,True,True,True,True,True,True,246,251,124,45,28,30,33,256,256
285,01011110110001011000111100100101101000000111001100110010010000100001101011001011111010100011111011010111100100100100110110101101001111011110001111100001111001011010100111000111111110111011010011111110011100101000001001100101101111000011010000000100110000100000101000001011010111101011000101001110001010001110010011010000011011101011001010100010011100001000001111101101110100111001100110111100000101001000010111100101000110101110011111101011111001111001001101001100010101100011111010101011101111101010111000100000,True,True,True,True,True,True,True,True,True,True,262,257,130,28,33,31,28,258,255
286,10101011010011001001010111010001101110010010010010011100011111101101110111000010100011000011100101110101001111110100011011000100111111010100111000110100010010010000011111110101011011011100110100111010101000001101111111010100101011001110010011000110000001100010010011000011000110100010000000101000001110011111010000000110111110111001110110000100010110001000101110100111010000111100111111010111001100000101110001100010110001101010100011011000011111011000001100101101001010110011001110011101100011101101100001001000,True,True,True,True,True,True,True,True,True,True,253,256,121,28,26,28,34,255,255
287,01001000001011001111011111001010011001010000001010100100111000111100010001101010011100111110000101011110110000110000000101111001000001010000000010111101011000111100000001100110011101110101010001001110011001111100110101110000110111100111010001111110110111011100011110101011111101101101000010010001001110101101010110011001101001111011101000000101100101000101010010111011110101110111000010001101101111010111100010011010000110001100110101111001000011010101010011101110101100111110001111000110101010101110100001110000,True,True,True,True,True,True,True,True,True,True,261,259,134,32,36,23,29,257,255
288,00000100110101110110010110001000110111111111011011000000010000111000011100001000011111110000010001101001111111000010111100000000111010110101101110001111001111100011101001010011010001001100011000101000101110110101001101111000011100010101000011011101010010110110101101111111110000010010110001001000101111110100101101110010011101110100101011100000010011001101100111000111111111101101110111110000101000000000110010011010011010000000110110010011011110100001101011010010111001000111001111111100111100110010101011100111,True,True,True,True,True,True,True,True,True,True,263,240,113,37,25,28,31,257,256
289,10010010000001010001001001000010001110111110110101001110100111000110010101010111110110010010001001011000110100100001000110111110010011110010001001110111100011001001011100100101101110101100010001000010000110001011000111101110101010010100110101111000111100100000010011101101011010100111000011001111010001111101100011000110111001111110110101100001011010011011101111101001110111000000011010010011001100100011101111110110001101010000100011001100001000110110111011010101110101111000001110010111001011111100011111001000,True,True,True,True,True,True,True,True,True,True,258,260,124,20,25,36,33,257,256
290,01110010111100001001011001111011111100011100011100010000111100010110000110000101011001001000010011011010001001100001110110010011011110111110111101001010011000110101111101101110000110011010100000011011100100101001111011010100100000100110110100000111111000001100111010010000100011010111100000010010000010101111100010001011010111000011011010010100011101110011000110101110011011100110110000010110010101001100100010100010111101100010100011111011000001001011000011100101110110101000010101010110010011011000000011011101,True,True,True,True,True,True,True,True,True,True,248,260,127,33,30,35,35,256,256
291,10011101100000111101000110010010011001011010110011010000110010111100001010100011101000110000011010100111110000111001101001111110101001110101100010011011000110001010010011111110100111101011001110010011110100111111111110011110111110101111111110110110110100111011000000110010100010110011011011111001101011010010000111101100101110100000000110001010001111110011101111110100010011010110111100101110010000000001100101111111001110101100001110101100011001001111000110011111001001100010001011111011001000111000111001101001,True,True,True,True,True,True,True,True,True,True,275,245,109,23,22,23,26,257,257
292,11001110101011000100101001000010101110010001101110111010111100100010011011010001111000110111100111111001111110101101001100011000000110010101111001111111101010101010000000001010110110010011101011110111011001000101001110011000001100101111011000001100011000011100110000011111001000010000100011000100001011000010001010000110000000000000001011011011001001101111100101100110011110100011001100010100100011100110010001000111101011010001111110111000100101100011010101100110001000100110000001011110010111011101100111101000,True,True,True,True,True,True,True,True,True,True,246,248,113,37,29,33,35,256,255
293,01111110001011101111110001001001100100000001011111010100011100000010010001001111100110000111001000001011010011001101100101000110101111111100111100110010100011000000110101100011110000001011100101111100010000100001000010011111110111101001110010011001111011101001011000000011101010011011101000110011111100010000111000010010100111100011010100110010100000000101001101111000100101101111010101110001010111010010100100101110001001110111011011111011011000100110101011111011010111111001011111011111010001000110001001100101,True,True,True,True,True,True,True,True,True,True,260,248,121,30,28,37,31,255,256
294,00010100101000001111101100010010100011000111001010000010101010110001101101110100001100111010011100010100000101110000100111011101110001010010001000010011000100000011010011000000100110011011001101110001111011111010100111001010111011110000101010000100010001011001011111000100010101100101001110110010111100011011100110111110101101011010000001001011001011101001111101111100100000010001110010101011010101001101100010110110010101101000111001000111111000100111101011010100011100000111100101101001101000011011001000010101,True,True,True,True,True,True,True,True,True,True,246,272,144,27,39,38,36,255,257
295,11010010000011100001110110001010001110100000111110110011000100001111000001000110011100000001011101010011000010010011010001101001010110000111000011101111000001101110100010011011000111101110110010100101101001110000010100010100111001010101101101110110101011010110000010011000010100101001000101110110111000010001101000100101000000001001100111101000110101110111001100000110111111011001000011111001001000001110001110011101001011101000100101110001100100000010111000100100101101000010111110110001101110100111010010000111,True,True,True,True,True,True,True,True,True,True,239,257,124,38,25,36,38,255,257
296,00101101100101011011010101111101011100110000000010001110100111110101001010011111001111010100010101001000100100001110111010110011110111000001101010011100011110001001001100101001000000111001011110010001101100010100010001011101010101101011111110011101111100001010111001101111010000010110110111011001001010100001001111101101000111010011010010110000110011000110000000010000111111010110011110111000001101010011100011110001001001100101001000000111001011110010001101100010100010001011101010101101011111110011101111100001,False,True,True,True,True,True,True,True,False,True,258,264,139,28,37,33,30,125,258
297,11000000001111010111011010010100111001011001010000011101110000101110111011010011100100011011000110100000111010001010100011000111101100110111011001001110000111100011000001101010010100001001110001000111101111110111101100011000000111110011110100001100100110010010000111011010111011011001000001001011001101001101000010111100010010010000101010011110110110101101110001000011101100001001110110101000100101010110001111100111000010001101101110010011111011111100001001101001110111100111010001001011001111001101101011010010,True,True,True,True,True,True,True,True,True,True,257,258,120,27,21,31,32,256,256
298,00110100101111010110000010011111100110001100011010110010101100011110000110010111110100010000011101101100000101001011111011110100011010010011010010110011111000100010010001011001000010001010111100111010101001101100010011001011011110011010001101010111010011110111101001111110101001001011001100000001110000001000100111001011000111111110111101010010110111010000111000001000010001110000100110001100111000100010011011100101100011001101010100111111111010110100010100110101100101101110100000001100010001011110100110111100,True,True,True,True,True,True,True,True,True,True,255,261,128,24,30,34,33,256,255
299,10000011010110010101100001011100001010111000101011000110000010011100110010011100010111010011101100000100100010111101001111101001010101111101101001010001011101001100111110011100001000101011000010010000111010111000000011100110011000100110001000110001011101111001001110011110101010111010101100011111010111011000011111101100000001011011100010101110100001110010000100010100001100001101000101110011011110001011001000011011011110001001110010000000011010010010001001111011101000010011110111000110101111110111100010111100,True,True,True,True,True,True,True,True,True,True,250,254,124,31,33,36,37,256,255
300,11101100000000110001101010001010010110111111110100100000011101011011010100101000011101101100000100000110110000101111100100111111111111001001111010010111111100000111110110000010111010111000000010111101100001000010000101111011010011111001101100100111101101101110111101110111111111100110011111111010100100101010001000011000010110010111110011010110100111001000100000100100101010001100100110111001010110110000110101001110101100011000110111010111101000000001011100011101000100001100010111100010101100111111000001111011,True,True,True,True,True,True,True,True,True,True,266,243,122,38,29,31,30,255,256
301,00110100001000111011100100001011101010101110110101011101000001010010001001100101010100011101101000111001100011011001001000011010100111101000010111011011111101110100100100010110101011000101101001110110011100110010111000100101011101111010001011000110110101010010100101010000000101000110110101010001100000100110011100100011111000100001101011101001100010111111101100100100110100011010110110011111101111010001010110111010111011000100011100011101111110010000000101011001001001001110101011111000110011110111000100111111,True,True,True,True,True,True,True,True,True,True,260,280,152,17,38,35,31,256,256
302,01000110001011001100111100100110111100001000000000110111111111011011011000000001000010101101100111110101000000100111101110010010100101010101111010011100110101000100000010010110100000001110001101111101000011001010101100000111111101110110100010111010100010110100101001010010110000011100001101001110101001101010011010111111110011000011100011010001001100101010011000110100110100000111010100010010111111100011010111001000000000100110010101111010010101001101010010000001111101000011000001101011011010111000100100111100,True,True,True,True,True,True,True,True,True,True,244,263,142,44,35,29,29,257,255
303,11000010111011000011000010011011011010010000010100110101001101010011111001001000010011010010011010010011001101011000000101010100101100110011110110100011110111011101111100000100010111101011101101111000111000101000111010101000001000111010111111010101100010000011100100101101110101100011000010101110001011000001011000101011110011010000100001010001000010101111011100110100111101000111101101110000110010001101101001111001101001001101111000001001111000010010000110011001001001010010100000001000100011001001110101101110,True,True,True,True,True,True,True,True,True,True,244,270,138,30,31,38,34,255,256
304,11110001001101000000000100011110101111111011100101100010001110110111100111000011101111100010101011010111111010110011111111011010111110000010001110010111111010110000100010101001000111011101001110001000000101000011000101001000111100100110111011010010100101101110000001010100110110111111010100111000100001011010001001101010110011010110110111101110010100001101101001011111111101111000010101111101001110111011100000101110001110001110110000101100111111101111101111000011010010011110101001111001000001001010001000001011,True,True,True,True,True,True,True,True,True,True,272,251,132,28,32,32,31,256,256
305,11010010001000011111010000010001011010011001111000111101100111101100000110010011011110101101001100011001110011011101101001011110010110011100101111101100001001101001110110101111011000000000110100100101100110011000110101110111011001110001010110001111110000000010111110010011010110001110011001101110100110100010101101100010000101010011000110100011101100111100011011100010111001101101110101010011001111100110100100100100110010100100101000000111000010100101000111111101011000101010101110010100001100101111111000000101,True,True,True,True,True,True,True,True,True,True,259,265,126,26,31,30,27,256,258
306,00001000001100011000101010011110010001111111110101111110011011000101110000011110111000110001111101000111011000001100101001001010000100001010100011000011101100000001110101111100101101010001101000110011010010010111110011000001110010110001001010001101011111100100010010101001011011100001110001000100100111111101001010101000010010100011011000101101110101111100000110100001000010111000010110110110011110001001001100100011001010110100001011100101110011000100000010011111010011011011110000000000100111101010010110111100,True,True,True,True,True,True,True,True,True,True,243,253,125,34,32,39,38,257,255
307,01011100001010101001001010011011100001011111110001000101101010000110111100010001001110010101100111110010000111110110101111110011101000001010110110011100011101110000101100001010010100001101011100111100010111111110001011000000001010011101001011011111001101100100100110001010110000011001111001010001111001110000110110111011000110101111011000011010010100100010011010100101010110000011001001000001001010010011111111010101001100011011001101101110001001000011110101001100101010001011000001001111100000110111101000100011,True,True,True,True,True,True,True,True,True,True,252,264,135,27,37,37,33,257,256
308,00010100010111101011001110011000011011110000110011110011111010011001010000100100001011110111011101101100111101001010111100101111010101100101010000010001010011111111011000101010100110000000001011110001100110011011100000100110100101110001001100001101000011111110010111000010110100100001011000000100000011110011001110001100001010110111010111101111101010001111011011001000011110010100001000010001101001110000111101100110110100111000010011100101001101101100110010100101011011110001001101010001000010010111000000100111,True,True,True,True,True,True,True,True,True,True,250,256,124,34,32,35,32,257,257
309,10111100100000111111011100101100011001110010011001101001101111011111000011001010001000000111011001010010100010001111011011100001100101010011111001001100110100110001000000011110101101100101101011010010001111111010011011001000111010101001111000010011101001110000001110011101111000110010101101001011011000001001001010001001001000000101100111011111010110101011011111100101101010111011011111010010001000011100111010111001011000111001111110100100100100111010001011100011000001111010101010101010101011000101000010011101,True,True,True,True,True,True,True,True,True,True,260,271,141,24,35,34,26,256,257
310,11010100011111101001010010000001111101000000111001000111000010110001110010111100011011110111110001010111110001101010010111111011010000010001000101000111001111111110000010001111100010110101010010011001101010100111000000110110010000111000001101100100100100001111100110001100101010001010111010011100101110001100001011110101001110101011111011010101011111001001100111011111110110010010010000101000011110001100001100011111010000101010001000110111010100110001000001111111001101000110110111011110010111100111001001101110,True,True,True,True,True,True,True,True,True,True,261,250,124,25,31,31,35,257,256
311,10110001010100000000100011000111100101000100100001111100111111110001000100100100110110111110000101011011110010000101000000111010010001101110110011111001101011011001010101110100111111010000010010011000100100111000010110100001110011010100101110111111101000001101011011010010001100010011101011011001100001000101011011001110101101011001111100010101110100000110100100011001100010101011011000001101110100101101111101011100010000110000100010000110100011001110101101110000101000100101110011001110100101110101111011010001,True,True,True,True,True,True,True,True,True,True,251,269,139,26,31,35,35,257,257
312,10000010101111010011010010010000010100111101110000000011111101100001011010001110010010111011010001111100101001010110010010111101011100101011100100101010011101100101011010110110011011111110000111010100011010011101000100110001110100111100111110001101011100000101000011011001010010101000100001100000000010011110110010100100001111101010010001011101001001000000001101011101010101000011101000010100100000100000111000110010000001101010100110000010100000001000101110011110111010101100010101011100010001101010110110000101,True,True,True,True,True,True,True,True,True,True,237,273,156,43,43,37,32,257,257
313,10101010101000001101010111100011010010111111001100111100110011100010100011011100001000111010111100011110100011010100111001001010110100111111001110111111100010101111000111101111100101101010101100110111100000110110101100110111100111010111010000100101111011110110000010000101101000100110101110011101010011110100011101110101110000111011000111111101101101111110010000010010011011000101011100100011111111011101011001100000111010010100101110010001000110011010011000101010011001110111001101110111100101101001110000011100,True,True,True,True,True,True,True,True,True,True,279,262,131,16,33,23,26,256,257
314,01000010010010100001110101010101101100100000110000001100101101110010111100101100011010100010101101111101100010000011110110010011010101110001011000011000101111111000011100010000011000101010110101011100011110011001000111010110101010101111110101011111100000011000110011101010000110100110100001010101011110000101100001001011000010010111110010110010100001001011000001100100001001110111100111001100111001101110011111000010000110011011110101010000100100110111000010111101001000100100011000110001101010110000011001000010,True,True,True,True,True,True,True,True,True,True,242,267,139,32,43,36,37,257,257
315,01100001000000111011000011001100000010100100000000101111000000011111111111101100101100010011001011100011110001000101100001010001001111011101101000010001001001101110111001110100100000111101111010010010010001011001010111010111100000111110000111000101100000101010010000001000100001101111100101000111100001011100100010111001001111100001011101011010111000101110010111110111000111001100100010000101101010010011010000001011010010001000111111011000111011011100100011000101100101010001101001100000001001111010001001011001,True,True,True,True,True,True,True,True,True,True,238,246,119,40,28,46,40,256,257
316,01001010000110100001100011101000111010111110110111101110001100000001011111010111111010111110101100110101111100010110100000111010000110101110111001000001000011011010111001100011111010001001111011100010000010011100011110000110101100110000100101000000111011000101111110010000011101101010110000100011000010101101000010011011110111100110101110100110110101110111011111111010111111000001111110100001010111101101011100101111110101111010010000010000010111000100110111110101101110100010101001111101010000001101010110111100,True,True,True,True,True,True,True,True,True,True,271,251,136,34,32,22,32,255,255
317,10100110011011101010010000110000000010111110110110010000101000010110000010111001100101111110101100010001011001110011001110011000001111111010100111000000111110011001011111000111001111000000111110110100001110011010001011001101011100101011100101000011100011100101010111110100110000011101101001001011110111010001011101001101100001100101100011000011001101011110001110100010010001111110100110101010101001011000110101001001010001110011011101000111001000101000001000100000111000010010010001000000100111111110110111010111,True,True,True,True,True,True,True,True,True,True,252,255,124,32,31,32,33,255,256
318,01010101000101110110111111111110001001101110101010110101110110101100001011100111111001010000011000010110110000001101100101110101101001001110110010000110111000011101011010101100110100101010001011011001111111010111000111010100100001111010100100010110100111100111011111010001100011010001001101010101110011111000010110101110011010101010111100000101000011100101111110101100111110001011001000110100111111001100001000010110011000111010000100010101101000000100001110000000111110110010011110010111001010110111101111000000,True,True,True,True,True,True,True,True,True,True,265,267,146,28,43,27,28,256,253
319,10100111010011111010110000011111001010101111000111101011010011100011111100001000011110100111110001011010101001011110101111100100011110011010001010111100101111001000111011010011011100011011111111101010000111111001000000100011100101100101100111000100001000000001011111000001110010110000001110101010111010101101010010011100111010011011110101111111110111000010001010101100110100001110001010111000100110111111010110110011111001101100100010011110110010010010000011010001000110010010100011110010110000000110111001000001,True,True,True,True,True,True,True,True,True,True,265,251,128,29,33,31,30,256,259
320,11010111110101010000011101000001111001110111011000100010110111111010001010110000110011011010000000000101000001111111010011110100101101101111101111111001010010001101100100101010001011001010000011110110000100011011001100100001010110010011000010110110110001011101000100011011011111100001110101111110000010001011110101011011110011010111001110010010000001000100110001001111001100101101011101100011010100110101101000010001111111011110101101100000111111100010011101011111011011111000011110101000100010100011101000011100,True,True,True,True,True,True,True,True,True,True,263,254,131,30,30,30,34,257,256
321,00011001010001011011011010011010010010011010000101101000010011010011001001101010010010100101011011001100111000010110001001001011101011101101110101001000100000100010100010011011101110000010101101010011100101011001000111111101111000101001100111110000100011111011111101011011111101100001110101100000001011001100100101100101101010001010000011011100110111001001110000000011111011001110111011101111011110100000001011011010011000001000110000100011111110100110100101010001010100000011111100000111101001011100110101010001,True,True,True,True,True,True,True,True,True,True,251,270,143,32,33,36,29,256,258
322,11111011011011110001111100000101011010011111110101101100111101001001011010011010110100000000110010100001101111110100101011101111010100000101000000110101011101110001101001111110011011000011101011100001100010100011101010000011101111010000110101110110010000010001010010111000101010100000001010001010000110110100100101111001000100111101111010010010101000101100100010010000101011000010100110111011100010011011111001110111100110111100011111111001001101011100011011010011111111000110110110100111011101111011100001010101,True,True,True,True,True,True,True,True,True,True,267,265,145,28,34,29,29,256,257
323,01010110010111011110101100101101011000111001000101101110101001001101000010010101000011110000101111000000111101011100010010011100001011001111001011011010001100110101000000010011110011011101110011101000110000001100011011111011010111110010010100110001101001001101001010100100001010011110111011100110001101011110011011001010101101100111011001010011111001110101010011101111111001111110011000001100010100000001000101010110010101101010110111101100100010000100001100001110011101111101011101111011100011110000101011100101,True,True,True,True,True,True,True,True,True,True,264,270,140,25,39,30,26,257,256
324,01010001100101011001010000001010111101111011110010101011010110101010101100101010010101100000110111000101100010001111111110101000010110011100001001110101110001001000100001111101100111001011100100010011001110010011001100001000101011100010100101000010111100100111101011110000001000110001001111011010001010110010101100011010001100110111000110100001010011000011110100111010000011011010011111101011000010011000111110100010110110001100011100101111111000011011010011101111110101001101011111011101000010000101010101101101,True,True,True,True,True,True,True,True,True,True,257,274,149,21,43,33,34,256,257
325,01000101011110011011111000001000011000111011011101011000001111010000010100100110101100111111110010000010111011101010001111101101100000010010001110010000110001101010111100000011100111110101101010111110010110011101000100011000101011100000111000100111011100110011001001100011001001100000101110101111101011110111001101111010100010101010111100111010000011101110101110010000101110110010100110111011110000110001111100100010010000100000101110100111111101001010010001011010101100010101011010001100011110000111001100110100,True,True,True,True,True,True,True,True,True,True,259,257,129,28,34,29,33,256,255
326,11111010011001000110010110010111001010011001000001000010010001100001100110000010110000010010111101111001110011000010110001100111110010100001100110101011001110001111001110011111011110110011110110000100100101100101101000000011101000010100001011011011011000001111010111100000010111100100011110110110100101101000111001101010111101111110101011011111000111100100011100110001000110001011111001110100101110000110110100000100101010010011101100110010000010011010100001110100101100000000011111101000100101010100001111000001,True,True,True,True,True,True,True,True,True,True,249,251,117,37,29,34,32,256,258
327,10000010001000110111000010111101010110001100110001011011100100111100011011001100110101110001011110111001001000010110110011100001000010010110000000000000000001001001111110101010011010010001101100010011111011101010001101111101100001001010101110110001100001000110000111101001100000010101000111100011111000101111010110010000110010110101101110111100100000100100010010000101010100000111111000101110001001111111001010100111101010110011000011011111010011111000111010000000001010010010111000110110100100100110000000010010,True,True,True,True,True,True,True,True,True,True,238,250,124,45,30,39,36,256,258
328,10111110101101111010001010010101001111001001110001000011010011001000010111100110010010010110111000001010100101001010011111101011101110001110100101010100101101011110110011001010001001111010011010110111000101010110001001100100100110000110000110010101111011100000110000100101001001100110111100111100011000001111000101110011111100001001100011111011010001101111111011010010111111001000001010011110110100000011100001101101011010001100101111010110111000011110100011001111010111111111100110001111011101011101111111110001,True,True,True,True,True,True,True,True,True,True,273,259,130,19,32,30,27,255,258
329,01000001000000111010111000111001010111110000111001010001110010001011001111000010000110011010110010110001000110110010100101000011011000011101100110111011110000010011011000000001101100010001011011110100110001001100011000111010100001100101001100100010000010010101110110101100000101010011011101010011011011110110001000011011101011110000011110100000100011000111110110011101001011000100001110001101110101010001101101100111010101111000110101101011010110110011101000101111001000110111111100111110101001100001101101001010,True,True,True,True,True,True,True,True,True,True,250,265,130,29,30,27,37,255,256
330,10101001100101110011111100010111100100000010111000100010111111000111101111000101001001101101001010110100011111010001010001111110011010001001010010111010110100100001000000111101001101010000011001011010111111001010110000101100111011101010100101101000000100100011010000011110010001100111001001111111000110110110111010011010010101111000011110111000111110000100000100000100100100110100011010011100100001111000001101110111000110101010010011101001001110011101110000000101111000100100001110111100001010011111100100110011,True,True,True,True,True,True,True,True,True,True,253,255,127,30,27,37,32,256,257
331,10101111101011100010101000110100010010101011111101010000101001010111101001000000100110111001001000011101000100110010010001100001101111101100110111010000000110110011010100101001000010100100000111000111101010111010101111110100111011100111000000111110001000010110001000101010001010000001011010010011100001110111111001011001001111101000110000110010101100011011101100011011011001011110111011110001101100000010110110111100011010100010001000011111100100100111100110110001010011000101110111010100000111110000111111010000,True,True,True,True,True,True,True,True,True,True,252,260,136,30,32,34,35,258,255
332,00001000111110001111111010101110100111010001001000000100011010001100111110011001010111010011110010001010101000110110011000110100111110010101001011110010010011001001011011010111111000010101010011010001110101011101000011111100110011011010101011011011101111111101000010110101100101100011110010000111010001101010011100010110111101111110101111101000110001000111101000101100000000110011000001100010000001111001001001101100001100000101101000100000001000011011011000000111110010011110000101100011001110110101111001001111,True,True,True,True,True,True,True,True,True,True,256,254,125,30,30,29,34,256,256
333,00010100000100000110111001000001001000000110100001101000000100000011101011000011101010100010010010100100110000101010011001010101001010111011011110010010100001011001100010111111000010110111010100111100111110111000000100000011001110011100011000101110010110111110101011101100011010100111101010101100001100101010111110111100100010110010010010010011000110000010010100011001010010000010011000000111110111100101110001001001111010010101110111110011100010011111001110111100101101001111000011001001111001001010000111110011,True,True,True,True,True,True,True,True,True,True,243,260,131,36,36,42,30,256,257
334,11100110111101101011000100000111100100110001000110110010010001100111111001010101001111011100100000101110110001111101011101011010001101010101001011010100010100111011101001010001000000101011110001011000001010110111011001000011101101000100000011001101011111001001101110000110000011100001010011100110101110011001011100011100011000101101001000101101100001111011011100110101010110111001110100101111010110111110111000010111010111111110101110111110111001010000110001000001100001010000110011100111110001110101010110001111,True,True,True,True,True,True,True,True,True,True,265,265,136,24,38,28,32,257,256
335,00110110100110110011110101111101010011100101011010111111100110011000010110001111011000000001010010011011100111101111110000100110011100101011110000101001111110000011111001001000010001010100010000100001110100111110010111011010000111110100011010011011100110110110001101001101010101010111001110110111100010100101000111011110011000001101001011101001011101110110100000001101011000000111110100000111101001000000111010101011001010111100001011000111100000000000110011001100110111101011100010100011001100010110010000000011,True,True,True,True,True,True,True,True,True,True,255,252,124,42,32,24,28,258,259
336,11001000100111110011001110111000111000010001110111010111010001101100111001010101101001011100010101101101010001111100110111001100011101111000110100111111100010011110001110110111110100001010101100001010110111100000110001101100101111100110111100101100111100101001111111110100000110001010001110110001110011001010100111110100111010110011011001000000000110000110000110100110110101101010001000000101010100011000010011111011011011110011001001010000100001101101010111110011000100100100011111110010001100010110111110001001,True,True,True,True,True,True,True,True,True,True,265,255,119,21,29,27,33,255,256
337,01010001011001001110001101001011111100111011100001100110100110000010110111100100000001001100000101111000000100001010011100010001100001010100101111011011001010010101111011101011011011010001100011001010011101101000010001101010101110011110100011111100110111110000101110001001101111111101011111011000100010011000011010101011010010110010001100000000101101100110011011011010001111010100011001110110111011011110011101011110101001111111101001000011001000110110010001000111011101010101010010011011101010011101110000011010,True,True,True,True,True,True,True,True,True,True,261,269,139,25,32,28,30,256,257
338,11001000011000101101000010001110100010001001010100110000000110001001110000010001011011011010101001111010111101010101101110011101001111110010110010100101001111000101111101111000110110101100110101010110100010000101000110010101010110111000011011110000101000111101110010101100000100011010010011000001000011101111010100000010000010000111000101111101010111001100110110101110110001100010001011110111010011110011001001100111000001011000100010010001001010000010010111001000001000011111111001010011110010110100010111010101,True,True,True,True,True,True,True,True,True,True,244,271,146,29,40,40,37,257,257
339,10001111001010011000111010100011101010111001000110100110100101101101100101110111101001101110101101001111111000101011011110101101111101110101000100011110011100101111001101110101000001000001011101101011100110010110010010010111101010101110001100101101011001111001111101010010001110111101011000100001000100110010110001000011100001001011111111100001100011101100000111100001110011001110100111100110100111000111100101101011101111011001011100010000100111010110000110011001000001111100001011110011110100010000110001000010,True,True,True,True,True,True,True,True,True,True,268,260,126,18,31,31,31,256,257
340,11111110110011010111101110001101100011100000110010010110101100101110011011111111111011100100100100001001110010110011110010010001001101101010111101100000100101110001011001011010011110011001110011111111011110000001010011000010001111100101011000111000011101101100110101101111110001101000011011100100111010111011101000101010100101000000011000100000111101010001100100001011111010010010001001101101010111101100000100101110001011001011010011110011001110011111111011110000001010011000010001111100101011000111000011101101,False,True,True,True,True,True,True,True,False,True,268,251,117,25,29,34,28,125,257
341,00000001011100001100110111000011010110100001111100001101110111101000111100010000101111010001111101011100010110001101001011111110111101010110000110000100001110011010110000101100011010010010101111000001101111111011110101110100011111110100001000111100110010000110010110100001111010101001101110110001111000011010111001010100111110110001110010100011010100011101010001110001010001001100100001110001110001011011111000010001101000111111100101001001100010010100110111001111101001011010111111001011111100000001001001110110,True,True,True,True,True,True,True,True,True,True,263,247,121,25,29,27,38,256,256
342,00000111011000111010101010110010001111001110100011110001100001011100100111010000101100000110111111111010110100010111111010001011101110101000010101010011001101111011101111111000010101110101011011110111110110111101011010000101000101100101010110101111001110100111001110010111111111011110101010100101000010101000101101000000001110010011000011110101001110111001110010000010011001100000011101001011101010101110101101101011101110010000011111000110000010111101001010110011100011001001101111011111101100101001110100001010,True,True,True,True,True,True,True,True,True,True,274,269,153,26,44,25,25,258,256
343,10011100100001011101111110011010100010000001111000010000010101110001110000110101001000101100011100011011100111001100100001111101010000011010110111111010110101000010000000010100110011001111000111011101001110001101001000010111010101010101000101101010000001010111001110010010011110101010001100000011100101010010011100111001100111101110110011111100111110100000101010100100111010100010101111111000000111001011000010110110001011100010100100110000000101100000011011110011111010011001100011011110000101000111010101011110,True,True,True,True,True,True,True,True,True,True,249,258,135,38,40,28,32,257,256
344,10011000111100100101100001111001110010111011011111000000100000001001111000000001010010000011111111110001110101111111110111101011110110001101010101011111110110101111101000000000010110001101101010110011101010111011101011010011101001000011000011001110011101110011000111101111011101011101111000010101000100111111110101100110110010011111001011100111101000000100000110001000110101111111000111001111100001100011110110111000101001101110000011110000000000101111000100010011001010101110101101011111001011110101110000000010,True,True,True,True,True,True,True,True,True,True,271,232,115,45,31,22,28,256,260
345,10001101110111000110011110100000000011000011001110110011010101000001110111010000100000110001011000010000111011000111000101100011011000010001111011010001111100000010000000000001111111101101101000101111000011110100110011000110010110010111111110001111100011111000010110100000110001000111010111000001000011000110010111111010011011101011011111011001100001111001010000010001110000100101001000111000001111100001101100111001100011001110101001011100000011000110111001011001001010110110010100110110111110111101100011101100,True,True,True,True,True,True,True,True,True,True,249,228,92,44,19,23,41,256,255
346,10100100111100010100000011110001001101001111000010110011010001111011111011110101011001111101010111010010010100000101011110001100100100000110110010010000001011010001000100110100100011101101100011001011100010001110111101010101001011110000101100111101101110010010011111111111110011100111111010100000001100101111101110101011110100111011111001011010010001010100001110001000001010111011111010011010110101100110100000101010000001110001100111010101111001110100001110110110101110000011010000011100011001000011001111100100,True,True,True,True,True,True,True,True,True,True,261,258,134,30,32,30,29,257,256
347,01000101011111111100110110110000111100100111111001011001000000011101010000101010110010101101110110100000010111011000010101000101010001010100000011101111100111001110011001100101111000011110010010011100100011111110110101101001110101010101001100000001010011110001101011101001011110001101100001010000010000100000000100001000000111111001001101001110100101110001010101000100110001110111111111101110001011010111101101011000101101000001110000001001001001101101100001110111101010101111010100010001011010011111000000001101,True,True,True,True,True,True,True,True,True,True,251,258,142,42,39,32,31,256,259
348,10000001100011011010011101110011000110100111111011011101001010000010011110100010111100001000000110001011010010000100100100100000110110110010111001110111101011010000110100111000110100100011111110111000101001000100101001001101001000111000011000111111000111111001010011010111100011001011011010000010001110111001011100101000100000110001110000110100000111001010001000000101110101010100011001011100110010011000001010011111010010111100010011010111111010100001010001110010001100011011100000111100010100001111111101001110,True,True,True,True,True,True,True,True,True,True,245,252,121,30,24,35,39,255,256
349,00110110100101111010110000111101001011001011010011111000001010110101001111011100101000001011011000110111111101100010001100010110100111101100001110001101000111010110110100111010111101111000000001100010101101000111000010000010001000000011111111110110001101001010000111101111010110010000001101111000111000001101110111101010011111000100000101010011011011001011000010001110001000111011011000100011110001001101100110101110001100010101100001100100011100000110110101110010110010001101001011011111110110001100111110111011,True,True,True,True,True,True,True,True,True,True,260,250,118,30,26,26,38,256,256
350,10000001001111110101110111110101100100010000101100110000101110101110011100110011011000111001100010110111010100010110010010011001100000100110111100111001101011110000100010101111010010000111000100101110100101001100111100010100001000100011100101001010010010000000100001111010101111101010101100111000110000101010101010100110101111111111100011100111010100000101100001000011011011000001110011000101100010011011110011111010101000000011100100011011111000100001101000101100000101000000111100111100010100010111100101101001,True,True,True,True,True,True,True,True,True,True,246,259,132,32,38,36,36,254,257
351,11000011111110010000101100010110000011100001100111011001110010111101001000010010010110100101010101001000010110011100001001100111101001110111100010010100101011100101000000100110011111001001010110100100111110111100001101111101100000001000001011101010001001100100111111110000110011100101001110110000110111101001000111001100101111001101010100101101111001001011101010100001010011111001101010011101100010010001001111011001000110001111010011110001100001100100101101111010001011011010001011100100100000101011101001110101,True,True,True,True,True,True,True,True,True,True,254,267,133,24,33,42,27,254,256
352,00111010000001011001001100010010011111010111000010001111010100111011010001111001011111100110100111011001111100000001000100010111111100011110110111101111110111111001000111001100111110100000010110110011100101010110111111100101000001010010101101100110110111010011001101001010101100010101101000101101000111101101010011101011010001110001000110100110000011100110001000100110010100010000011000000010111000100100000110010000011001110110010011011110011111011100111011000001111000101001001001011011010001111000000101110000,True,True,True,True,True,True,True,True,True,True,255,251,118,31,26,33,31,256,255
353,11011111010100000111001000110110000111011010010110011100110111111101000000010010001101101111011100001001010111110101110001101110011010010000110111000110010010001011011100010011101111000111111000000001110110001101010100110111000000000000000001110111010001011000010100110001000010111110100110011101110110101001101101100110001001111010100000001110010110000011001001001111001000111101111000111111101000011111001111011110010010001000001111111000000000111111001001110010110100011111010010001010011000101101010000101000,True,True,True,True,True,True,True,True,True,True,252,234,106,46,19,29,32,255,256
354,01001000111000001101010111100101101010100100111011010111001111110110111001101000101010010000001011011110011111010001111011001000001110101110010101110111000100010000100110001010000111000001101111100110001100000101100011100011101100011010001100100101111100011001010101010001001110010111010111010000110111001110111011111000011000110110111111000011110111101001000111010001101111101111110111110110001111110001000010100001001001100011010010010111001100110111010000001111100010000110100001101111100010100011110010101101,True,True,True,True,True,True,True,True,True,True,264,250,120,23,26,28,37,257,257
355,01010101010111010101011001100000001001000010010000111011010111110001101110110010010111111011000101011100111110111100111111110101000011101010000000100010001100101110100111010010101110010001011011111010010011000111110101001001100010010111000110001000111001000000001010110011000100101100111111000001101110101100000100000110000100011110111101011000101101111101011111010010000110011100110111111000001101111000011111110100101000000010110010011010101001011000100100100111100101110110111011101010000010111010111000000111,True,True,True,True,True,True,True,True,True,True,257,256,135,36,36,35,30,255,258
356,11011111010110110111010000001011001001000100000100101100100101011100011001000110000001001100101111000011101111001010001101100000111111101000110101100101011011011011010010101110010111110111010010111010000101010110100110100010110111110100110101010001011110100101100001111110111111100001101100111101010110101101111110001101111011111100111111110101100010100110011000001010101100100011100001111110010111000001000110101011011010100000010100001000100000000011010111111011000100100111001100101011001011010110101101000111,True,True,True,True,True,True,True,True,True,True,266,269,148,29,41,32,28,258,256
357,00000111100011101101000001001110001001000000100000101011111001100000111001101100010000111111110000001111111100001000000110010011100101000010011100100011110010010110000001010001111101010101101010100101110001110011001001010010010001001000111111101101011011100110010001110101001101000010010010110011001111111110001011011001111000110110110001000100111011000100011111001000001000111000100001000000010001000001010100001000101000111111101011101011100011000000110001010100111101110001011101110001111010001011001101001011,True,True,True,True,True,True,True,True,True,True,238,240,112,37,26,42,43,257,256
358,10010000010111000101000111011000011100100101111111011011001001100000110001101111000110110000011100011100010011000110011010001111010001100101111011001101100111111001100000111101000101111110010111111110111111110100000001101000011010000110110000010100010110100011110101000101100101100010111100001101101100111100001100101011100110011100111110111101010111010001111010111001010010111010100011001100001110101101011110011010100011010011101111001100100011110100100101000001111101011110011000001101111011101110111011101110,True,True,True,True,True,True,True,True,True,True,273,246,112,24,25,21,32,257,256
359,01100000101110000101001000011000000100100011100011110001101111001110111101110100110100010011100111110110000101000000101010100110101011110011110010001110010110111100110111111011110100000010010100110011001101000011100000111110001000011100001001100001011110100011000101010110000110100101000110110011011001100110110001010110110000011001100010010000010101101010110111001110100110111110110101111010111100011100011000111111000000101011001111100001010001110110111101110100000001011100110111010101011000101010010011001110,True,True,True,True,True,True,True,True,True,True,254,255,123,33,32,26,34,258,256
360,00101010100100110001101010100111110101100110010001110110111111100100100111010110101110011101011010011110100110101100110111010011010101100011111001001100100101111110001100100010110110101111001111100110010001110110000011001011110001111001101111000110101011011001000100010011100110010000100101011110111000011001001000010110000010101011011111111010101101001101100101011111010111111000000100011110100101110111100000110010100101001100010011011110000110011110011110010100100000010001100101000100011100000001000010000000,True,True,True,True,True,True,True,True,True,True,258,263,129,25,34,35,26,255,254
361,01001000001010100000111100100010001101001100110111010111011100000111110000101110011011001110000111011101001000111111001101000001111110001011110001101111111001110011110100001010111011111110100001001001101110010101100101100010111110111011011010000100100100010101001010100101011101110100101111100010101101001001100100111101100010000000000001101000110111101011010100010111011100101101011000111100000111011101000001010100011001100011011110000101010000100001101100010010000010100000101010111000010001011011001110101101,True,True,True,True,True,True,True,True,True,True,252,262,140,34,35,35,34,256,257
362,00101000110110000001111101011101010010110001011001101111001110100001101111110000000011110001100100101100101010101110011010111010111001110100011111010100010101011000110100011110011100011000111101011110101110000011101010010001110110010011000101010100110011111101001101001101111100110110001111111111101000111111111111011011111100100010101001000010010001001010000011110101111010011010110101011111100100111110001000101100010100101100011000111100111101110101111110000110110010001001011011011001001001011001111111101101,True,True,True,True,True,True,True,True,True,True,279,258,133,15,35,28,28,256,257
363,01110000100011111000111100101001000110101100000000101010110010111001110010101110010000011110011010011000000100000111011011100000001101110100101101111110000100010111000111100000110010001010000000011001010011110111101000110100000110111011100100110000001110100001001100010100101110110010101010111010011001100110110100110001111011001010001000001110010100101000011101111000110001110111011001001010010100000011110101001101001001111010110111000110011001100110111011110000111101011101000110110001000110101011101011110010,True,True,True,True,True,True,True,True,True,True,247,257,124,38,29,29,32,253,257
364,00101110111100110100010100000110111000000001101010111011000001101100001000001111110000111000110001000010010010000111000001010000111110010110111101010100010010011111001000011011111001100010110001111111100110110011010111000110000001110101000110001010011100101011010101100110011000101100111110101110110100011111010111110100001011101011101111110011010110110101111100111101000000010100110010101100110100001111101011011011100110110011010010111101000101011110110101011000101110110011111101010111101000000101111100101010,True,True,True,True,True,True,True,True,True,True,267,259,136,31,38,24,29,256,256
365,10111011010001110101011000101001010101111011001110001101010000101010011111011101010111111110110110000001001110100000111000101101101010001001111011000111110000101001111001010000100000110001000110001011111000011001111100001100100100100101000111111001101000001100000000010101011000100011011001011111011101100111111000111010011100000010010111101001100010001011011010001001011110010011000011011100011100100100010101111010000011100010001000011010011011101110101111001001010010011011111010111001100011110111000000110100,True,True,True,True,True,True,True,True,True,True,253,254,126,30,29,33,36,256,257
366,11001101101101101000111010010011001010111110110000111010100001010101010000010110011011001011000010001010000110010111101111000101111110010011010001100011001111101100010101110110001101010001111100000001011001010010011000111100111101000011110110001110100000000110101101111110101101100101111110010010001010111111100100010101001011011001110111011011000111100011000000000100011000101100011100111110101111010111011000111001101101000111010111100101110101000001001010011100101000100000000110111001111100001111011000000111,True,True,True,True,True,True,True,True,True,True,260,253,124,33,33,28,33,257,258
367,11010110011001110111101101001000100000011000100100001011100001011100101010000011100101111001011011110000010100000110001110101001101001010001101010010000011001101111011001011111011100000010011101010000110100011111001101000110010100000110000101101110110000101011000101110100010100000010100101001000000111101111101000110100100101010111010110001000111100000010111001011100100101000000010000111110101101011000010100100101100010001110111101011111100110001111000100111110100000011110110110010001000101110010101010001011,True,True,True,True,True,True,True,True,True,True,240,263,141,39,38,40,37,256,256
368,10100001101000100101000101110100010011100010101001100111000101011011010000100000001000010110010000000011000010110100110011000011010100100000110110100100110110111101111001010111111000100100011010111000110010110111110011101111001111100111001111101011111110100111001000010100101001000010110011110011100101010101101100010000101011000101000011110011000101001110010101000111111010101011000010011111010000010000011101101001101010010011100001001111101111011111001111111100000100001110100010011001100010110001001100000000,True,True,True,True,True,True,True,True,True,True,246,256,129,34,32,36,33,256,252
369,00011111010000011000110010110100111101111111101100011010011000000000100101000011000111101110111101011001010110010111010011111110100001111111001110000010011100110011001111001010100010110001101110011101100100011000011111100000101111000110100111011110000100111101101000011001111010111010101111110100000000110010101010010101100000101010000011111111010110110000110000011001000011010010011011101111111001110010001111101100111010101000000101100110001011111010000111000011001001111111011101110110100110111101010111000000,True,True,True,True,True,True,True,True,True,True,267,237,111,38,27,20,28,256,253
370,11001000111100010010101011111101000110000011000001100101000001000110111001000111010000100111111010011101110110111101001001011000101010000010001110100100111110110000011001100100101010000011000111011000001110101100010100001101000000111111100110011100111011100110000101100101001100100100101010010111111111000010110101111110101010000001111010100000011110001111001110010010010111110111001111011111000000111010010010010111010011100111111010000110010110110110010111011110111011100001100111011001001100100000000000010011,True,True,True,True,True,True,True,True,True,True,254,243,113,41,25,33,28,257,259
371,10101100100001000100011000011001100101010111111111001000100010110110111011110010011100101010100111100000110100111010011110110101001111001011101001101111011111110000010010011000101100010101101110111101101110100000101010110010000110000001010011111010011101110110111011101000111110100011000001101001010110000010000100010111100110110000111101010110001110111010010110111111010010111101100010101101011001011110111000001000101001011111011100101001101000101101101001110100011101100010100011001011110010011101011100000101,True,True,True,True,True,True,True,True,True,True,267,271,146,22,36,34,29,257,258
372,01010010111111110010001101100101111001111011011011011000100101101101100110101011010110101011001100011110110100000000110110101110110100001100100010011001101000000111100111011111110111010001000000001100011010111001110101101101101011010000001100001001111101000101101101010000110111010101101110010011001101110110101101000011100000000101010110110101010010001110100100111110001111101010111011111100010011100100100000101011100101100101010010111100001001010101011011011010101001011101001101101001010110000101010000011110,True,True,True,True,True,True,True,True,True,True,263,285,162,31,42,26,23,257,257
373,10000011001110110100000001000111111011100000100111101110001101011001011000110011000001111001101111011011111001110111011011101111010000101010110010111011011011001011100010100000101100001000100101010010000010010100000001101110001010100010000000011011001111100010100101011110110101011001001011110101010110010101101100011011010111001100000101000110000011001111101010001000011010001000101111110111011000011110011000001010011101011111100101010001100000100011000100011111110001101001111010010110100100111010110000100011,True,True,True,True,True,True,True,True,True,True,250,259,133,36,35,32,36,256,256
374,01111011001111101011101010011111010111001010110110001010000111110001001001100011100101000111110011100001011101010000001100001011111100000001011111100000111100101101011110011011011100010100100100111001010111001100001000110110010100010010110111011001011011100111110001011000000111100011000011011110110001001110011100100000101111001001110000000001001011001010000101011110010001010111011111010101100011001100011101111001111011011111101110001001011110110111111011000100000100110011000011011111101011111000111001000011,True,True,True,True,True,True,True,True,True,True,267,242,111,30,31,34,31,257,257
375,10011100001011011101100110111101101001111100000001010111110001111110100101100011100011011001001110010001100101001010001001010111111011110110001101101100110010111010010111001100101100001100101110001011110111110110101000001011101101100110010010101010000101101100110101001111110001000100100100101101010111110010100010010101011100000011110001100001000011010100110111000100010111011101001011110111010001000100110101100111010111011110001011010010111010000101110010010000000000011101011011010101101011101110001110100100,True,True,True,True,True,True,True,True,True,True,262,276,147,23,39,38,27,256,256
376,01001000111001110001001111100110000111111110011100010100101101001010001101100001011010111101101110001011110111110010000101000101000101010100011111011110111001110000010001000111101000110110000010001110101001001110111101001100010110100111010100101100001000010111001010000111110100010110110011101101001111111011000110011111101000001011101010011101010011001011001110100101010010011010100101111100011011100110001111100001100101110111110101000001001111110111001001000011010100001011011011101100001000110001111111000101,True,True,True,True,True,True,True,True,True,True,265,260,133,18,31,33,34,256,257
377,01001000001011010000100110010111111100110110011010010010101000101000011111101010110100101001010100000100111000111110000101010110100100010110011110001101000000000011000010001010100101111110110110100010101001111000010000001011011011111010010001100100100011100111010100010001010011001011011101111011101100000010110000011011110011010011001101100001000101110100110111001110001100101111000111110111011000100011011101110110100000100000111011000101100101001001101011111110001011011010100100000001110010011010011100011101,True,True,True,True,True,True,True,True,True,True,247,266,138,33,31,37,33,256,256
378,01111111101110110001000100100000100100000100011011010001100100001101011101011110101100011011100010110000010010001111110010010111111101111100111001101101001011100111111011001101100001001001111001001111111101111000000011010100011110100111011110100111100011110010100001110010101110011001001110111111110111011011111100110000100110001011110001111001000001000111011100000101010000001111010110011110000001011111011010011110100110001111001010111000001100010110110011000100101101111010011001011001100111111000001001000110,True,True,True,True,True,True,True,True,True,True,270,235,102,28,20,32,30,257,256
379,00000000011110101110000011001110111110100001010111101001010010111010111101010101000001001100010100101010011010101110000010011000110111111001011000110110101010010010011101100100011000000111001000100000000111110111010011011011110010000010010110100100100111011010011111010011010011101100101001111110110010101000000101110100011000011100011100011110111000011000011111000010011101001100100100110110001100010011001000000111101010111110010110110100011010011001110010101001111011101001111010101000000010001011000101101001,True,True,True,True,True,True,True,True,True,True,248,264,136,37,31,31,28,257,257
380,00101110101011111100111001011010111110111100111101001111100111100010011111000010100010011010000011001110000110011010111001010101010010111111000011100101000001111110101111101110101101111000011111001100001110100101011100001000010011001101110011101001010000001001100110111110110011110111100001111101000010011011101011000101110010000110010111001101011010110110000101011010111011101100100001100011101101000010010001001101011100111011100101101100100111110100111111000000010010011101101101000011000101111110000110010011,True,True,True,True,True,True,True,True,True,True,272,252,119,26,29,28,25,257,257
381,01010111111000100000001000110000011010001100111100110101101010111101011001011110110100010110110011001001010011100001100000100110110110001011110101011111110001100011100011011011001000101010110010000001000100101011101100011110011110001000010111010110011111100100100101010110101100011101011101011001011111011101100010101110110000000011001110111010110011001001000111101010010110110011111001010100011010101010001010010010000011000110001110000100000011110111110110101110010110010011101111100111011000010000111110111010,True,True,True,True,True,True,True,True,True,True,260,267,138,26,39,32,31,256,256
382,11011001001010000000011100110110010011000101011000001001010101101100001100011000011100100101100110001101000100111110000110011110001100011011110011101000101011000100010001111100010111111000100111100110101100001010010000110111101111010111100011111101011101000100000110101010001001111101000001011000110001101100011101110111010101010001101101110010000000100000111000010111011100001001111011011110011101011110011110100010001111101000000110101100100010010111010010000000110011101011111001001110101001101010000000000101,True,True,True,True,True,True,True,True,True,True,247,249,120,38,28,30,38,256,260
383,11101111000100000001101000000011011011011111000100110001010100101100101000001111100000010100011011111011110001000001110010101110110110001010010010001011111111100100110010010000010100101101101101010011011010111101101101011101101101010110000010101111001000100110100001001000001100011000001010001000001111110000110000101000000110000001100000100110111010000111101011110010010010010111000111001101101110111000111110111000000111011001110000010110111000010101010110001011100100011110010111110101001110100111101001111011,True,True,True,True,True,True,True,True,True,True,249,251,126,43,30,35,34,256,256
384,11110001100111001111111101000111001011101101110100011111011000101010101001000001100111001110000000000001110111011101101011110100101110000010110111000001011110100111101101101001011010011010110010101100010111101000001100110000001001010111010101100100100111111110110101010110000101111011100101110001001101010001101101000010101111100111101010100010111010100000010010111011011010101001010100001100110010001000010101100000000100100100001011110011010111001001001011001111000010111101101101010111110010110101100001011000,True,True,True,True,True,True,True,True,True,True,259,274,154,35,46,34,24,257,255
385,01110001100001110010011010101011100110011110101010110101101110101010001100000011110100110111110101111100101011010001010010000010001101111000101111011111000011110101011110000100010010011010010001011101111011101011101100110010101000101001101011001000010101110110001010001110011000110011101111011000101000110010111000101001010011000110011110001101010001010011000111010111100011010100000110100101101010101011001101010100110010111001010000001010110101001101011111111010011100100101001110100010001000101101110011110001,True,True,True,True,True,True,True,True,True,True,260,288,162,14,48,30,31,256,258
386,11000010111111101011100101000010001101001100101101101001100000010011001010110001000111100011000010000011110000001111010100100011101100100101111000000110010011101110100010001100110110011010110000001010110111011000100110000111111001110110111001011101000110111010011001100101111111010011100111111011111111101010100100010001010110001110000101000101111101001001011110100000011000010000100111101010001100111011111001010110100001110111110100101110100100011010000000010010101010110011100100101000111111010011101011111010,True,True,True,True,True,True,True,True,True,True,258,256,130,30,30,33,31,256,256
387,00101111000101100110110101111000011100001100000011000011111110101001010101000110000100110001001101111111010110011010001100001101100001110001000011000011011110110100100001101011001001010000100101010111001110010101011111101100011111000011101101001101010100110001001010010000011010011101100101110011100001000010110111010101001100111100000110111000000100101111101101010101100100001001010111001100000010100011110111110101101001011000101011100011011111001110110110100011100100101100100001110110110001100011110011110001,True,True,True,True,True,True,True,True,True,True,254,262,129,28,35,29,34,258,258
388,01111111011011110001100110111001110001111101010000001100000000011110010000000100010101000011011010110011000100011110010100100111001101101011000001100100001011001100011101000110101101010101001110100000001000110111100010000101111111011100101111110011110010011101101101111100111111100000001101001100010111011001110010101001111110110111101101000000101111001000010001110111000111011101000110111011100101000110110101110001011100100110111011001111110001010110001001111001100011111011111111010010100001001001010101011100,True,True,True,True,True,True,True,True,True,True,267,245,116,31,27,27,30,258,255
389,10100011101110011110010110011111011011111111010100100101011000010010100011000001010110000010001101011011011100110111010010001011111001110000111100111000101101111101010101100111010110001100001110101010001110101101011101001110101110111001110110101000100101001100110001010101010001001000110100010101010110000100110100101000100010110111100100110010001010010100010011011111111110101000001100010101000100111010110101011110100110011101110100001100110101000001100101110010111000001110010100100111101000011110011110100101,True,True,True,True,True,True,True,True,True,True,261,285,160,16,44,32,29,257,256
390,00000110100000100100000010111101101011000011111001100111001100101110011011111001110010010101010001000101000100111110101011010111110110010010110111110110000001001011110001010000000111000010000111010001010101111000111100101010010000001110010001000000011011111010110100101000101110000111001101101010110101010111111110001111100000001111100011101111111101101101100110110001000010011001011000111110100101001110111000001001110011111101101110100011000000000010110111001011011101100100000110110010110000111010100100101011,True,True,True,True,True,True,True,True,True,True,255,250,127,42,34,33,30,253,256
391,00101110001001100110010000000010001011111111001001001100101011101010011111000010011000000001101010101001110001100111000010110001100100011110100011011110011101111100010110110000000111000011100101000000111000110011001111000011110011011100010101100100010110101111001100111001001000011100110000101110111001100111000111110101001000100110000010110000110010011111001100101101101011010110011111111100111100100110101101101000100111111110101010011110000000010010011001101010110001001011101101100010010010001101101001001000,True,True,True,True,True,True,True,True,True,True,250,249,107,31,27,35,29,255,255
392,10101110010001000000010100001001001000100101011100011111111110101011000011101000001011111000001110011001011011001100000001011011101101000110110101010000000100110110011101101000100110001011101101110110111000110110001110011100110011011111011001000010001011010111110110100101000110010100100101010111110101011001101100000010101111001001000110010110001000111101011110010100100101101011110101101000000001011010010100100011010100011010000000000001100001000001010000000001010100100101001001111110011011011100010100100100,True,True,True,True,True,True,True,True,True,True,237,270,147,45,37,41,30,256,256
393,10110101010100111110011011010100101110000001101001010101001011100100111111010011011110100010100000111100000001001000100111101101100111100101101001111000011001111001111100010110001110011101010100001010011010110110000000011110100110001101110000110110100111100110010000101101000000100001001110001000000100011111101100111001010110101000110001001001010110011111111111110001110011000101001111001010000001101011100000011011100000100110111000100111100110001110100010010011010011111101000010001010001110000010110000000111,True,True,True,True,True,True,True,True,True,True,247,247,118,40,27,30,33,256,258
394,01100100000110001101101101111001011100001111111001010011010001101011000011101101100101111010001000100000100110001111010011101011011001011000010001110111110100100010100111011010010000101000100000010010010000010011110101010001000011000111010001001110101010101001101111111101010001110100111000011000011100000110110110010011001011101010011101000011111111111110100000011101011110010111110000000001100100010010100001101111010000111010110110111011001011010111000010111101001001000011101001100100110001100000000011101001,True,True,True,True,True,True,True,True,True,True,248,254,128,38,24,31,34,257,256
395,00010000001100111111000111101101101101001011000010000100010010001000100010001001111001111011011110001010011011001011110110110000011011000101110111000111010000110000101111110111011100110101100011011000011010001100111011001001011010111000001011000011100011001001100001100000011010100001101111010010011000110001111100110011111011101101101100000101111001101000111110110100111111010010110001001001011100101110101001000000111010111111100100100010010101100100110011010010111011010101000100110110100110001000111101011011,True,True,True,True,True,True,True,True,True,True,257,258,117,23,22,34,35,257,256
396,00011010101111011011110110001001100111010110100001111001011100101010110000011110010000000001011110111101010010100111101111101000011101000100101100010111011100111001111001001000101111000110000100100110100010101011101111001001101100001110001011000001000000100001010001000011111111011011111011001011111100001111110110001101000000111010110100110001111000000010101010001010001001011110000011010100000010110000011110110110010101011100011000110110110000100110011101001011010010010011010100010001110111011010110111010110,True,True,True,True,True,True,True,True,True,True,253,259,135,35,34,33,34,259,256
397,10111001000110100100000000000010010100000111110110111111110011100111010010011100110010001110110100010101101011001110000001000001110111111111101011000010000001011110100001100110100111100011100010100111101011010110100010000100101001101111001101001110100100010011010000111010010111110100000010110110110011001110011011100000111111101000001111111100001001101011101110000010110111000101100001011101000101100000001011110000011000011001010100000001100100110111110110001110100111001101100010000010110010111101010101010111,True,True,True,True,True,True,True,True,True,True,251,245,121,47,27,29,31,256,256
398,10101000100110101111111110011000000110110101011101001101010100100010001110101001000001101011011111010010111111101111001111101101111010111011111000000100101010111111111110110110100010011011011001111011000000110101101011010100111100110110011111000010000000101010110111000110011111010010000110011000110100000001111000000011111111011010111000101001111001101111001100101000011110110000101100011000011110100011100100001000101001000011011100011111110001010110100001111111001100101111110111000110010100100101011100010110,True,True,True,True,True,True,True,True,True,True,272,248,127,31,31,24,29,256,256
399,11010010110110010000111001101100001000010000000000111101111010010111011111101010011111110010010011111111011110010011011100000000110100110000110111011001111001011000111000101010011101011101101000010101011000111001111100010111000000110000010111110011101001001000101111011101110000010100110001110000010101001101001111110001011110100010100011100010100010110100110100110110001001000111100001011111001100011000100010110111000110111100010101010101111000010100011011100100111101000111100000011100111100000100001010110010,True,True,True,True,True,True,True,True,True,True,254,246,119,34,30,33,36,257,257
400,00101101010011010101110100111110001111100001100111101101000001000110011110000111100111001010111001101011011110000000010100110011101011000111011001000000010111011100100111110101011000001001010001011011000001000011010100101110001110101110010011001011101011011110010000001111101101100011100111101001100111110111100011010010011010100010110001101111010001001100001111010011111101011111110101110000100100110011001100010010011010000010000010111110000010000100001110101110010110010101100101100010100011010100010011111111,True,True,True,True,True,True,True,True,True,True,258,254,123,31,31,31,30,257,256
401,11011010000100111010110010101110100000101011100101011101111111101101010111001011011010111101011100101000100110101111010011111110010001100000001000001010111111000000011001010111010001110000011110110101101100101010101011011001101010101100100101011000011000111011001111010100111111100111011001011110010100001001001111010001111101111011100111010000000100001101100111011110110010011010010000111010000000111110101110101010101010101111010000011011001010001101011111110010010101010000110011100111100001100000001100010100,True,True,True,True,True,True,True,True,True,True,265,270,153,35,46,25,23,256,256
402,10011001000011111000001000010100000011101010110000101101110101100011011110111000110110110010111110110011000000101001111011111010010011100001110111101100111001111100110111100100100001100111100101000011100111101111001111000100100010110010000101000111010110000100101111100110111110110000100100101100100110100101011001101100111101000100100111011100101011000110101111101010010101111011110101011101010111101110000100011010001101000001000011111100011011001000111010001110101101000000111111001101010000101011001001010100,True,True,True,True,True,True,True,True,True,True,263,260,129,25,31,32,29,254,255
403,10000110011010010101111101011000000000010010001111111011110001010010000001010100001011100010110110000100100110000100001100000110100011011111000100101111110000100101101111000111110000011111010111110000101010011100000110110101111101110110110010100110010001010110110110001010001011110110110011100000010111011100100111010011000110001000100011001000111100110110100011101101100110000000110110111010011111011001011001011110111000010011001100010000111011000101101001110010110100011101101000011000010010110001011000110010,True,True,True,True,True,True,True,True,True,True,248,252,117,34,26,36,38,256,256
404,01001011001011100100111001010101010110001110000101101101111011001001100101111010001011001011110101101001010101011101011100101000001101110011011000011001011010101000010000101101101011110101110100101001100100011110110101111011000010010011111101001000010000101111011011100110110001000011101111000011101010111110101010010100010110011000000001011000100001100000110111110010011101101011000100100001001001100000101000100111111111110101101000111011100110000110011000011010100010101001100110010110001111110010101110011001,True,True,True,True,True,True,True,True,True,True,257,278,149,24,43,36,28,257,257
405,01011110111101000100111011100111101010100101001010111110100010100110100010110110001111110001100110001001000100001001100001000100011011100010010100001100011111101010111001010100001100011011001001011100010101101100100001101101111111011001001011000010110001011100100100011101111000100101111100111001100100110111011110001100010110000110110100100010100110001011011100011011011011000010110101011101000001100000110010111011000010010000110100101000011100000101110111010010010110010100010110101010100101101111011111001011,True,True,True,True,True,True,True,True,True,True,253,276,142,17,37,43,36,256,256
406,10111100110101001101111110101101100110101011010110101010010110001101100111111100110110000100010011100010010010010100010010110101001001000101001001100111010110000000001000100010111000011010011011111111100101000100001010101011100111101011111011101010001010101100000101001001011101101110011010010010010010111111101010010111001010101101101000111100000011000011110101000110000100000010000011010111111010110100111100010001101010000100110111000000001011010101111010101110100000110001111110001011011001010111001101001001,True,True,True,True,True,True,True,True,True,True,253,281,162,29,44,37,28,255,256
407,10011110100101000101100011101100110111110100011111110100001011100000000111011011000001001111111011001011000100110101000101001101100110000001110110111111101001001110101001000111011111110011001101100000011011110001101010100111100011010001000000111110011001101010111001110010100001000010100110000010011001100000000001000001001001001101101010111000000011011010101100100100011100110000111110110101110101101110101100011000111010001101111000110010000000101101010001011111101011001000000111101101101100110010100110000011,True,True,True,True,True,True,True,True,True,True,250,249,117,44,25,25,31,256,258
408,00111101100000000011010010111100101001010101000111111001000011000001101000000000010010110001011100000110010111100100101101000110001001111001000100000100010011011011111011111100010001111010010011010011000010001100100100111110100000001010111010000111001101010110010110010001101101010011111010001000110000001100000010000100100100010000111001010111101100011101110110011000011101101110101011001111111001000110111010110100110101100101010011001100100000111010000100001011100100000011001101101110100101111110011000111100,True,True,True,True,True,True,True,True,True,True,238,251,118,42,25,37,34,257,255
409,11101100010110110111000101101010010111100001011111110101010001000111011010101100000011110010000110010100010111110110110100010000000010010100010010101110110101000010001110001101000000110011110101110101001101110000000111010001001111001110001011001011100000100001000111000001101000111111010010010010000110000110110111010010001011010001011001111011100100011110111010110101000011111101100011010001011110100101001100011000110000001000100100100000010111110000010110100100111100100011101101110101000010010110001001101100,True,True,True,True,True,True,True,True,True,True,241,260,134,35,29,39,40,256,255
410,10110011011000111001101010000100011011001101001100110000110011100110011111101011101001100100011001101100101011110100001000010111000100011000110100010001000101101011110100100111100011100100100011000000010111100011100011101011101001111010001010011110110100111101010110100011010101001010101100101100011010101001111010111111011011100000011101101100011011001011110101000000010110010110001011001100001010111001100101001101000111110001101011101010001110100110110100110011100010001100101001100011100000011101110000001110,True,True,True,True,True,True,True,True,True,True,254,270,131,22,32,24,34,255,258
411,10101101010000000000010001111011001100010000111010001111001100111101000011010000011001110111001111110111100011011011001000010010100010000001011111100001000000000001100011000001101010010101011010110000101111101001110111100100001111101111001010010011110001100110100110100100010011101100100101000001011101001111010100111100000010011100010111000100101101110100110110110001101010110001000010110101101100010001100010011111110100101010010000000100100100010100001111110001001000001000001001000011101111101010111000001111,True,True,True,True,True,True,True,True,True,True,237,247,123,47,25,37,37,256,257
412,11011011110010011001111110111011011110000000010110111101010110000101110000110100111000100110100100110011010100011010101000101001011010011000100001011110010100000000011110011001010111101110101011110010110110000011100001010010101011011001001000000101110111110001001010111110001010101100010010110000100011110100001010011011111100101100001101110111010101100010010000110100100111100001011111010101100001100111011001101111101110001110101111010100010000000111010111011100011011010111110110101001100110111011100011011101,True,True,True,True,True,True,True,True,True,True,264,269,144,30,39,30,28,255,257
413,10111101100001101101111001110010000000001010101100111101010001101001001111010111111100100101111010111101000110111000110100000000000011110110001111010010010000110111000011011011001110100000000100001011000111100001000000010010111110110100001100001011010000001110110010110101011010011001010011101000001001011110110010110110010011101000110110000000001001100110111101001011000100110011111000100101111110110000101101110101101011010001111100111101100110111110110001000000110101000000111000000100101111101010001101000000,True,True,True,True,True,True,True,True,True,True,246,246,122,55,24,28,29,255,253
414,10110110101000001011001101011110101011111010111110000011111110011001001000110011010011111000011001111100111110111000011110000000001100101100111110010011110110101100000100111011100101101000000101001110000101110101010111010001001111100001110010100100101001100111111110010010110000001010101111110000010010001001111011101101111011001101011001110100011000110101001110010011111010011001000000101001111011010011100011000100111000101111010101010110010001010011010111001010110111110001001010010011011011000111111000001110,True,True,True,True,True,True,True,True,True,True,266,256,127,29,33,30,24,256,257
415,01000001100111110100100010100000000101100111101011011100010100100010001100110111010100000011101001001111111000010110110010010011110010001000110000010100010001010111001111110011001111011011011101000100110100000011011010101100110011011100010011100110110100100100010000101111100011101101011000000111111010010101011000001010111000111101100101001001010011110100011101001001010000011000101000111111110010100010011001110111010101111100000011001001110100000111110010100011001010101111000010010001011100110100011000110101,True,True,True,True,True,True,True,True,True,True,246,262,133,30,31,37,34,255,256
416,10010111011111000001101000010011001011011111111100110001110010100100011101011110111111000101001111010000010011100110010110011111110011000101111001010100110010000111001101010010010101000111100110011101111010001011000011010101000001110001100100011100000011011100101100100110111110100100110110101010100111110010011111010101110111000010011000100111000010101101110101101011000100100101011011001111100110100110011001010101000011001111010101010010101110111010100110011110001011100110101100011101100100101111011000001100,True,True,True,True,True,True,True,True,True,True,267,272,136,17,39,30,23,255,257
417,10110010110001111110111000111101101101101101000100111110110101101010000110101000001000110010010011011000010110111011010110110111001001010101000010100101011101001110110111010101001001110100001011100110100011100011011001110110011100111011101001111001010011101011111111110011000011011100010011001110100111101100111111111001000010010000101010111001010001110001011111101110100100110010011111011000111101001000100011010100110010111100111001001010110010010110001100100110000000011101001110010011011001101001101010110000,True,True,True,True,True,True,True,True,True,True,269,274,135,15,29,31,22,256,254
418,00100101011101001010011100000001101111110111110010100011101000011101100100010111100000101001101111010000000100011100010110101111111000110010110000001010000111111001101100111011000101000001101110011100110110000010001101101010010001000111101100101001110011001100000000111100101011101111100111010110110111010111011101110110000101110000000100011000011001110111100101101000100000000000101001001001000000100111010000010001000101111110011011101100111010100110000111100000000101010010110101010010001111000100111011010111,True,True,True,True,True,True,True,True,True,True,245,246,120,49,28,33,32,256,256
419,01011111101001100000000111001100101010001100100111111011111000010000011101010101111000111011001111001000000111000010100111101000000100110000000010100000110011010001110101000000100111101011001000111100001000001100111100001111101111110111000100110110001001110101100111010000001011000010000111110000111101011110100011101011000011001100111001010001101011101000100010100111010110011010101000010000101000100001110100110101011100000000010101111101101100110101001000000110111110010111010110110011000010010111001101010001,True,True,True,True,True,True,True,True,True,True,242,246,123,49,30,25,35,256,257
420,01101101001111001011010011011001111001000011000001110101001011000101010111110000101011111010011100110110101001001001000010100000010010111111100000010011111101100100101100011001101000100001110101100100110010011100101000000000010000011111000111001001110110011110110101001111101000100001100101110110010000110111000001111111101111100010010010000101110011001001100000001101011101110001011011111101000100000110010110101011010000010100000101101001010001011100011010111001000101010101111111111001110101001111011110100000,True,True,True,True,True,True,True,True,True,True,251,255,131,38,32,37,28,253,254
421,00100100111100101110011001111100110000000010100111001011001000111000101101001001010110000010001110101001000010001000100000010110101000110110110010100000101101001000011100001111001011000101001100111111011010110001110101101101110010000100100101010001100100010000100110011110000101100011101000001100001100000011101101010100001000011100110010100010000000011011101011011111010101010111101100000000100001110011011101001100001001000111110000100111101001001000000011111001011001000010001101101010010010111001100000100111,True,True,True,True,True,True,True,True,True,True,226,256,124,46,29,43,37,256,256
422,00111000101110110010101111010101001010101111100010110010111110010000100111011100000000100110101110100011010101001110111000110100000111001010110111011101100110110001011010010100101011001010001100110000111000001110000011110000001100101000000100011011110101111111101000100110001010010101110111011111000110101100011111100010011011111000001101010011011000011001001100010101011001110101101010000100110000001101000010101010001001100000111111110010011000101110110010001111011110000110011100110101001101011001010100011111,True,True,True,True,True,True,True,True,True,True,255,264,136,30,40,28,32,256,256
423,00111101010011001111010101110101001110100010000100111010100001010100011000101010101000011100111111011011101000111101100000000100000101100011010010110011101010111001101100000110000110111101010111000000011001111100111001001000101010000001101110110100001101100010111000011110001011101100100111000011011010000001111001001101001011111111110101111110010111111101000101110000001001001110110100010110001111011010000100001001010101010011001100010000100111101000010000111110011010010111011100100000100101011001001110001101,True,True,True,True,True,True,True,True,True,True,250,258,134,36,33,31,33,258,256
424,00101101111100110010110010101111100010100100000000011111010110110101011000001010111101110001001011011111110111100111101110111110001100111010000010010111101001000101100010100110010101001000011010110000010010101110111100100101111111111110000011101011100111000000110001110011111110000101101111001001100010001001010110000111011101010110111100110100010111101100100100011000011001110011001101101001010001111100001100101101000100101111101001001010101001000110100101100001111000010001010000110000100010101011101000111001,True,True,True,True,True,True,True,True,True,True,259,260,134,26,38,39,31,255,257
425,00000010001000100000001010000100100010010110100110111001110110000101110010000010010100010001000100010010111000011010000100101111101101011101110011110110100010000010000111000101100110011101110100110100110000101001100000100000000000000100010111101110101000010110110110010101000100011011000010110111111111011110111001001101110110010010010110100011110001000000010100110100011111100111101110010000111001011001101000111100001100100000101111000001001100000001100111110011001100011001010100111100111010101010000000110011,True,True,True,True,True,True,True,True,True,True,229,246,116,50,24,42,38,257,257
426,01011011101110110011001010111100110101101111011101010111011001010000111100111111111000111111111000100001000100010010010010111111001010111011100100101111011110011111111001011101101100101110110000110011100110010001110001110010100110100001011110111001000100001000011000111011111001011011001100111011110010100111010110111000000010001110110011100110001100101110011010001010100001100111000010010000000100000000100010111110111101001000110010110010010100001011001010011110011111110011001100011010010111011001100000110110,True,True,True,True,True,True,True,True,True,True,267,249,111,24,27,37,27,257,256
427,00010011011011000000101000111101010101000011010110011010010110100001111101000100110101101000011100111101000101100111010010110000000110100000100001000100001001110100011110011010111011011110011001000010000111010111010000111101000110001110110101000110111111011001111010000010100111001001111110010111001000111101011111010100100111101011111101101000000001011010010101001010111100010000010001100000100001010101110000001011010100100100000011011110001011011001000011100110011100010010101110111011000111010001101100001110,True,True,True,True,True,True,True,True,True,True,245,261,137,37,30,31,36,257,257
428,00100111001000100011100010010111101010000101101100111111001111010101101000011010010101110101101101011110111011000101100111100110110001000001100010110111101110111001010011111011001010100001110100000000101111011000110001001010110010001011111101100100011001101001111001110000011001001010000010010011110100010000111111011010011110001111100111001001001111101001111101001011011101010000000010111010011010111101010111010111011110101000000010000011100011010011101110001110110100001101110011101100000001111011010010101000,True,True,True,True,True,True,True,True,True,True,262,259,132,31,29,29,27,255,255
429,00011010111010000110110000101111110011011011101110101011110100011000101111101000111100101011000100100011100101011011001100100010101010011111000010000000001110101011110001111101001100000101110101100111001010011100101001010111001111101111100010001011011010110010001010110100100000000100000111000010100000011011111111011000101001101011001001001000010111101111011110001000011110101000100000111001110111010100100110001110101011001000001011100111101011110100010110011001001110110011000001110101000100000101110001001011,True,True,True,True,True,True,True,True,True,True,253,262,138,32,38,36,33,256,256
430,10110000011110101101011100100111001111011011011111011100110010110010111100000011010011010111001100111011001010000000111010100111010011110011100110111110100001011100101011010000000010110001011111101011000101001100111011010101011000011000010110100000001101000011101001110011010110000110000100001001000011100011110110110011000110011111010111001101110011100110101010001001101001001001110011100000100110000000000111100101000101001011110110000000100111111000101011111001100010000011101011011000100101001010101110101010,True,True,True,True,True,True,True,True,True,True,252,260,129,41,34,26,26,256,256
431,00001001001010100001010010000110101100101111111100011001101010111011000100001001100000000100101101001100111100101110111010001101010011010000001011011011111101110001100001001101110111100111001001101001110111100110001000000100111000110100100001101000000111011001111011101101110101111000000101101110010100010101001010000101001100000010110111010000111010101001010111111001100010110000001111001100000000011011101111011101100100111001101110011101000100111000111101101010101111111101100010001001010000101001100001100111,True,True,True,True,True,True,True,True,True,True,251,256,126,39,29,31,30,258,256
432,11000110000010000001010000101100011111000000011110001001100110001011011000101101111110101101100100001111110110000011100101100101010011001100111101111000010101001010000111110010100100001011001110101010100101100100101000010000010001011100011010111010110101110111001001110001000100110111000100001001010111001000101010001000111111000101000000011100001110000110011011001110000010000111100000010111010101100011010001000010110101111010000101010001110110000011101000100100111001011101011010111010111100011001011011011101,True,True,True,True,True,True,True,True,True,True,240,261,135,36,39,39,40,259,257
433,01001111110000101010100100010010001110010110000001110001000110101110110111110110101011010001101110111000001001000101001110000000100100111000000010010100101011110101000011011010101010110010110010000011000000101101000000110111110011001110011000110011001100111100011010110000111101001111101101010101101101011110011000000100110001000110101000111010100001000000100111110010100000110000100001100110100000001011101110101100100100111010011101010101011010011110010110010101110110011110101000001011101100001010110111000000,True,True,True,True,True,True,True,True,True,True,239,267,142,45,39,30,30,257,253
434,01001101100101111011100111001000111110011010010101110010101001001010101101100111101110111111111100111010100110010100111101010111100010011000000111110111000011010011010111111001101100110100110011001011000000010110000101100000010011001000000000011100011100100011001110101001110100011000011001000001010111010111111100101110011101101100100100000001010101101011010010110001101011011010010001111000100101001110100000111011000101110101001010101111001110000010101111111001101101000110100111101111011101111100000001011010,True,True,True,True,True,True,True,True,True,True,263,263,135,34,36,28,22,256,257
435,10000101101011111100101101011011011000011101010110101010100101001000001101000001000000101111110101100011101010001101000111111001010010000001101001011001101111100110101010100101000000101111010000111001111111101111100010100101010011010000111000000101010000010011010000100110000010100010101111111111001000100110011010010111100100100010001001011001011110000100110111111110110000100100011010011110100001100011001010001101000111011101101001010000010000011110010101111011010000110111010000110000001100111111011011100001,True,True,True,True,True,True,True,True,True,True,247,261,144,38,35,34,34,256,258
436,11000111101101001111110110001110101000101000001000110011001101100101010000110110010111010001010001111000101110101010101011011100101000000111111100011110110100000010010100101111000010001100011111000110100101110010111110100101100101110110110111011111000100001111110100001101110010110001101111001010001011000010010101100101101011110111100100010101100100010001010100110110101101001110110010101000110100110010001001010110001001111011100100000111001011110001001100000001000100010100111110001011101100011111101011101111,True,True,True,True,True,True,True,True,True,True,260,269,142,19,39,39,35,256,256
437,10110000110101110111011001100000001110000111000100000100111111111011111000110101110111101100110110110111111001001011000100111110110011010101001111001110001100000100011101111100111000011000010010110110101011110000001001001110010011101010111100010011100000111111000011101111111101111010101111110000100000000011011010001101000011110000010001100110101110001011011101001110000010001110111100110001110000101111001101011111010000111101011001001000101101000011010001011011111100111010101110011011110111011110000001111010,True,True,True,True,True,True,True,True,True,True,272,232,105,36,21,21,32,256,256
438,01010100111010100000100110000110111010010111101100100001000111110110011100110011000001110100100111110110010101101110001100110101101010101000011100111100110001010100010011011110001110101001000000101010010001001011011111000010011001010000110000110000001000011100110001001001000001011111010010101111111010000010011010101010010101111110011101110100111000110110100100011100010110001000011000101110100110000010111000111111111111110010100000011110101010111000001001100101000000011011110000010001100100111101110010011011,True,True,True,True,True,True,True,True,True,True,247,256,129,35,33,34,33,254,256
439,11000001101011010110100001111101011000100001001101100101111011010111101011110101011111000011111101100111000010110000001011011100111011110001011010010011110110100001110000101001110101110011100010011010100111111111100011110111101101111110100100000100101011110101101001001111011010101100110010100010101101011101100110011011000001000000111010100000111101010101101111010111011101011111111000010101101100101011000100010011101100000110000111001000011101011100000010001001000011110100110110000101110110001001010000011111,True,True,True,True,True,True,True,True,True,True,269,259,138,32,36,27,29,257,256
440,01100001000010110100100100010000100101100011110010101010000101110000100011101010001100000000101101010111000011010111001010111101010000011010110001010101010011000010110011010101001001100001110010110011101100110101010000010011100101111001001111101010111100001010000001100010101100001101011001100011011100111100111010101010100111011100001000111111001000111001101011101100100010101111101110101100110100010100000000000000101011000111111100110010010011000100001001001011110101011110100011000001111111001100010011010110,True,True,True,True,True,True,True,True,True,True,241,271,148,37,47,34,33,256,256
441,00001110001001001101011000000001000111000101011000011011101000100111010110101101011111001101001010011000000001000110101100100011101100111101011100110010110110001111100000101110100010011001101001111001000100010111011100110101100000010110100001111100110111001011111001001011100110001101000000001111100011110101001001011010011001011100010001010100010100111111111110110000111011001000001000100101001001111101100010001111011101101011100111100100011000111110111100100001110100111010001101001101010000000010010011101001,True,True,True,True,True,True,True,True,True,True,250,254,121,32,25,34,33,256,257
442,00000100101001010101110111011011101100111001001101011111011010000001111111101011101001101100100000111101111100010100100110000101000111110110000000101101000001001000100101011111001000110000111100101110011110001110001010001010110101101000000100010001010101111001010110111001100000010011110001011011010101010100011000110111011010010010000100001101010101100000011100110111101011010101110000111110001110011000000000011101101110011100110100010010011110001110010101001001000110001110101001001111101001001000011111010011,True,True,True,True,True,True,True,True,True,True,249,262,137,35,35,34,32,256,256
443,11001110010000011101011101111110001111011111001010101101110011001110001011000101001011101001101011110110111110000100011000001100010000111001011111011000111110010111110001010011110100011010010011110010000010001000001100111101110001101010001111111100011100011110011111010010100110100010101011001100111011100111110100101110110001010110011001010101110100010111111101001100100101000110101110000101100101110001011100010001000101100110111110101010011010011101111011101000111111011110000111011101000010010011000011010000,True,True,True,True,True,True,True,True,True,True,272,254,123,15,31,30,32,256,254
444,10101100001010011001010100001010111110110100011000110111000010101011101100010010010100110000110010011000100101110000011100101010001101001001000001111110101011100010110100101111001111011000011010011111100101110111010111110001111111101100000101010010101011011001100101111010011111010011101101101111000111010110000100010101111000100111000100010110101110111101000101000101110101011000101000101001010000001000000011110111001010010000100001001111101101000001100100100101011001010111110100101010011000011011111001110010,True,True,True,True,True,True,True,True,True,True,255,276,155,24,44,40,31,257,257
445,11100101001111001110010101100001101000000110001110001011111100101111111000100110110110101011111111010110101111001010111001101000100111100110101100011111110101111110000110011110110000010010110100011110000001111101001000011101011110110110100100111110010011101000100010111001110011010000111110100101011100100111110100111000110111010001111111010000101101011100010001011110010010011110011111100010000100110010100110010110101100001001001001100001000100101000110111100111110011010101101000111101101010000110110011111010,True,True,True,True,True,True,True,True,True,True,274,254,124,17,28,31,28,258,256
446,10101000110000011110000110011001100110100001010110110110001101011010000111100101101111001110000010101111010100100101010101010101011110011111011010000110101000011000101010101001010100000101110111100001101011101001001010010011101000011110100000100110101000010000001100010111011100011010000001001000001011010111111111010011110001101111101101000011111010000000001101010110101011111011011000100111010000001111000101011100010100100110010000110011111010001100011011110010000101011000000110011101100100101100010111001100,True,True,True,True,True,True,True,True,True,True,246,268,148,39,41,27,33,257,256
447,00000100000101110000010000011001011101110101010111111101011100010011100000000011100010000001110111111011010011101010101101011000101010010101001000011010100000101111001000110101110110000100111101000011111001110001101110100011000001011010100110100101001001011101101111110111111101011010011100010111110100100000110001010111111000100100110001100010100101001110110101001110011011110100111010001000111100100101110000001111110001011000101010001001011110000011111100011001001111000111100111110000100011100111011000001010,True,True,True,True,True,True,True,True,True,True,254,251,131,34,34,33,35,256,257
448,10001111011011010010100110101011111100010101101001010110000010100100000100110000010100001101011100100101110101010010001111001010010101001110101101111011000001110110110001011110001101011001101011011001110110111001100000010011111101010101100100010111001101111001010100011000001101001100011100010101110111100010011101111010100110111110001101100111100001010000010001011101011110101001101011010101001111010111111101111111010001111110001101010101110111101000001101001110100101001010011010101111001001101110010111111011,True,True,True,True,True,True,True,True,True,True,274,281,160,19,45,26,24,256,256
449,00010001001111001000011011100110010010101111010101100001111111010000011100101110000101101101010110000110001011001110101110011011000011101000001010000111010011010000001110010100000011010111100000110101100011100110011001001101001110010011011110011000101000101000110000001100111010110011011010111111010100000101100100101001111100100110101011100001000101111010010110011011110001110101010111001010010101111011011111110111111001000001010010110100100000010100011101101001110100110100101010101111001001110100010001011000,True,True,True,True,True,True,True,True,True,True,252,271,142,29,39,32,28,256,255
450,01111001000100111000011100000000000101100101111111111001110011101111010111010000000010101001000101100100010111111010000000000101100110010111011010010111011011111010010111111010110010101011101010011000010110011010010110000110010000010110011110001100000110010101111101100010111100000011100011100001100000011010011111111000110001100101000010011001000001101001000111010011101100000101101011100010110100100111001101110001011111100100111001001100011011011000111001011110011010101010111001101111111111000000010011011000,True,True,True,True,True,True,True,True,True,True,254,243,114,43,32,32,28,256,255
451,00101110011111101101110001111100010111010011101111100010111010010111010100011111001011100000010000101100000110010111000111100010010001000100000111100000110011111000001101101101000110000101111110010101000011111100011111111000010111000101110010110100010000101100101001011011110110010011010010110010111110100101111000001011100100001001011011110111010001001100100110100000101010101001110111101101101110101001111101110111010000000100001011001000001101101010101100100110110000111011101101110010010010011010100111111000,True,True,True,True,True,True,True,True,True,True,261,255,129,29,32,39,30,256,255
452,11101010100111011011101001101101010010100111110101010001110010100010011000011011110110010100110011010100111001010010001001010010010011011011100101111000010001101011001100110010000001011101110000001000110011001110111001000101100000100001100010100010001000100000111111011110010110011100111001010011111000101101101011000101100110101100101110001011110111110000101001001101010011100110110001000110110001111111111011111010001110101111101101110010111101111110000000101000010011100001100011111110001110110100011010011001,True,True,True,True,True,True,True,True,True,True,262,261,125,20,29,34,31,257,257
453,10000010010100001010010010101001010100111111001101010110000100110111011110101000111111010100010000000110011011010011001101010101011010110000100000011010000010010011000010100100010100000100110101010001110100001011100110010100010110010111110110101010111110010011100011100010001110000011100011000111110110010110010101100000110101011110111110001111000111001010110000101110101100000010011000100101000111111000000101010110011000111001010100010101110000100111101000011001110100110101001001010010110001110111001011101100,True,True,True,True,True,True,True,True,True,True,241,276,152,31,47,36,34,256,255
454,10001110010000101110010111010000010010010011100001011010110101011010110011101101000000111100111011111011110001011110101110111000000100110101110100000011111101111110011010010101101101111000110100010110011000111011001100100000000111010001000100001101010111111100100110101111010110101100000000001100011000011100010101010110011010101111100000010001110001111001110101111010001110000001000011010101001111001101001010101010001101001000111011010101100110001001110101010101110101101001100010111010001111110101101000111110,True,True,True,True,True,True,True,True,True,True,259,266,146,34,40,22,31,256,256
455,11010000000011101010011011111010111111000100010010000101001100011100111010010001100011011111001001010011000000110100100000010110000100011011110100111111111000101100011101001001110111000010010001100100111001111110111100011000100101101010110111110000011010100110010110110000010101000011110111101111000001010011110011000001101001110110101101000001010000010000100111000100010000000111111011111001000110001001101001110100010101110001110111001111001011101011010001101001001000001101000001110000001011010000001101000000,True,True,True,True,True,True,True,True,True,True,240,242,115,45,21,32,37,256,255
456,00000011010010001011111110000001000111101011101110110100011011111111111000100011101001001001100101100010001101000100100011010101111101110101000100101001001000100010111011001110111001100001000111000100100100001111000010000001000001111011000101010010000001101010010010010010010000010111011100010110101001100011100011000000100000010110010001001000010011111111010110101011010111111100011111000000001110101110010100110011000100111111100010001110110101101100110100110000100101011110001000000111101011010001101110010110,True,True,True,True,True,True,True,True,True,True,240,251,126,35,26,44,40,256,256
457,00101101000100000111111000100011100001100001101101011000101000011101111101011101010000001111101011010001011000110110010111011011001101001000000111110111001101101000101101001001110111101111111011110011110011010011011101100000000100011110110110110100000011101011010110011110101100011001111111010110000001010000110100001110100000110011100000110100001000111110111010111001110101100011010110000011011111100110110000100011100101010001101110100011010001000011000111111001011100001010010000001111000101111011100001010001,True,True,True,True,True,True,True,True,True,True,258,244,117,38,23,20,38,257,257
458,10100110111010100101101100011110100000100111010100101010001011110110000101101001010001000001110100111111010110000110101010011100100000000110000110111111110101000001100100110111101100000011010011110111010011101001111010000011100001010000110000100001010000010001000100111101001001001110000111100000110100000100010000010011001110000011111011010111111010011000001001010001110100100011011001101101100000111111101011111111010000010001110010101110100000011100100010111100001100101010101011101000100110011011000110001101,True,True,True,True,True,True,True,True,True,True,241,251,129,44,25,29,37,256,257
459,00011111011000100110011011110110000110000001111001011000011000010000111100100011011000100110011111010001011010101101010010011010001100101101001001110101111000011111100110011010110100100011110111010101110100010110000101000111010000110100001000101010100000101000000100010000001001110111110110010101001001001111100010110010000000101011010011101110101011011011100100111000001100001011010100101000101000110010000001010111100101001100001111001101000110001100110000010100011010000001010000111001100111110010110110010101,True,True,True,True,True,True,True,True,True,True,236,266,136,36,35,35,37,254,257
460,11110111011001000111110001010111011101011001011101111011011011010011111000010111101101000100010011101101001100111110000011100101000010000101100111101011010010100000111101011000001010110001011001001101111111010110101101011100111111101010011111111011110111000001100001100100100000111101111001101101101101010010000010100000111000110111011010101110011110110111010001001010011110010011010101101100000000001101100011100111001000111101011110100111000111111100110110101100100001010100101100110101110101100110011011000100,True,True,True,True,True,True,True,True,True,True,275,262,132,26,31,25,24,256,257
461,10001101111011111010011011110001010101001010000100101011010101011101100010001110001010011010011011010101000010100111011110100001101101101111110100111000110011011100111111111110110100110111011100000011000010011000101100010010000001110010000010110010011111010111001000111011000011100011101001010011011001100110011001111000100000111111000100001001011011100100101101000011100000000000011100010111101111101000100010110001010100010100110000010101100111101101000101100111100101010101010100001110011100111100011011111011,True,True,True,True,True,True,True,True,True,True,257,259,130,29,33,30,33,258,256
462,00000000101000011100101011000011101001111010111010000000110100011001100001010101010001010110010001101000111110001000001101010111011111000111010111100011000100101001101110010110100110100001110001001110110100110001000101000101110110010110110000110011110001100111110101000111001001001011011100000101111000011100100011110000000010001000101001111110111111000010011100111110011001011010000000100011110000101000110100001001100000011111111000001100100100011000011010010010010000000000101111111001011111010101011001010110,True,True,True,True,True,True,True,True,True,True,237,245,120,44,31,35,39,256,256
463,11010101101011000011100000101101101100111011100100010000110000010110010101110110100100101111100101010001110100001000100011111100110011001001000011000011011110100000001101100100110001100000000011101000111110100111010100001011001100000010111100000010111011111101110101010110001100101110011111100001000011100010100001011111110111011010011001001011101111001010011011011110011010100101010101001000100000001010100000000110001111000000010100011110001111011100010110110000001110010000101101111110001001010011101100100010,True,True,True,True,True,True,True,True,True,True,243,250,126,46,33,35,35,255,256
464,01011110101100101001000011110001011110111011111011100000111110101110011101010010010110000111100000011101001000010100001011001011100111100111100000110111000111000110000001101101001001001110000010101010001011101001110011101010101011001110110110000101011101001110110001101011110000000000001000100110000010110000000100001101111111010100101100010101111101000110011001001010110010110001000011010000110111101111111101101000111011100010010000010110011011110010001111001011100101101110110110000110001000001101000011101110,True,True,True,True,True,True,True,True,True,True,252,251,125,41,32,31,33,256,256
465,01010111100001111100100100010011011010001101000010110000111011101111100001010101010000100100001111010010001010001011100010110101101100110111110011101011001010001100000110011010111000010001100000111011111110001001010111010100010001101010010100111010100010100010011110110001001110010101100101010010000100000010000001001100111001101010101000110010000000001101110001001010111111101010111011010110110110100100100010011001100100010111001001100001111110100001011101101111110100101111100001011101101001110010100100010100,True,True,True,True,True,True,True,True,True,True,245,275,151,27,39,41,34,256,255
466,00001101111101000010011101100010110001001011101000111110010000011001111000110011110001110001101110101000010000000011011010110101000001110010001001001101011010000000010001011100111100101000111000010110001101111101000000111101010110011101110010011100101101111011001100100111111110110011100000111011111010101000001100101011110101111000111001100100001001011010010000011000001101000011110010010011000001001110011011100110010010000011101000110001000110100010110101111011110001000100001100110101101101100011100111001101,True,True,True,True,True,True,True,True,True,True,247,246,108,36,21,30,36,256,256
467,11011101101100011010111100111110010100000010100110111000010111011111000001001100001110010111110111000010010011101110010101101100010010001001100110100010111010011000001001111110101000011111011011000110100110001000110100101100100001101100000000000111111000110010111111001100011010011100100010101010011001100110001100101001011010110100101110110101001111011101110010110100011110011101111111000101101011110011001100101110010101000101001000100111100111001100110011110111100001001101001000100010000101001001111110100110,True,True,True,True,True,True,True,True,True,True,260,260,120,22,27,35,28,256,256
468,10111011000011100010011010100100011100110110100000100011100000101111001011001000110111111111101010100101110000000110100101011100110011111110001010011000011011101010111110100100001110011011101001100010100101010010111111100100110010111100100001100100010011100010110001111111100101010100001011100011110000001001101001011010111100100001110100011100000100001101110000010101100010110000000001001111110100010110011101011010001011100001000111001110001101100101100101001111100001100010000010010000100000011111110000010100,True,True,True,True,True,True,True,True,True,True,244,246,120,38,32,38,37,258,257
469,00101011101101110001011101001001100001101101010001100010010010001100101000001011110001010100110000110111010100000001011110001111111110011100110101011001000100101001101100110000101101010011101101000011010000000101110000011110000010000101111110110101001111100110111010100000100101100010101000100100101000000101110100111000010100001111010110110100110000100100100101100100011001010101111011110011000010000010000101001101101011101110101011001011111001010000001001111100101111100000100010101011001011011001100100101011,True,True,True,True,True,True,True,True,True,True,241,274,150,36,43,43,31,258,256
470,11000110100001011100010101100100001100011000110101111101110111101011000111010111100000110011100110000111010011001110010000001101100110001011110100001010011110101001100100010001001010110110011101011001111101110011011100000100001011001101110011011111001010011100111111111101100010010001010110100011000111101111010111111010111000000011100100111110000000111000010100111111110001011111011000000111001111100111011100100001000010100100011100010111110000000111110000101011110001010111111001010111110010000000111010010001,True,True,True,True,True,True,True,True,True,True,263,233,105,35,28,29,34,256,257
471,11001111111110011010100000100101001001001010101001111110100110110101000000101101011110110000000011101011011111011010011111000111101111000001000111000000001110101000100011001010001101001111100111100110011000000000110010110111001011001100000110001111001001011101101000011110110111100000000101010110100101101001011100111110000111000011000101111110011110110010110110110111111110111001000000110101001110101110100001000101100101011011010011100110000000100111010110011010011111011011110100111011110010011101111011100011,True,True,True,True,True,True,True,True,True,True,267,247,119,41,27,24,23,256,257
472,11001101000000001011000110010101011000011111010000000000101111000100111111111001000110000001000010001100000010101010010000101100101000000111001010001001111101011000111001000001010000011110001011100110110110011111001110011110011111111110111110000000101011001101000100001110001100000011110101011011001011100000110010011100110100110000000111011010010110001000010100010111111101001100100001001001001111111011011000111101000110101101001101000000001001110001010000111110110100001100101111000010110110100111100001111011,False,True,True,True,True,True,True,True,False,True,241,233,108,53,26,32,36,118,256
473,00110011011111010011110111101101111011010001100001100011011001110011010010000110100110110010010001000000100110010100110011101110011011000110000100100010001110000101110111010110111001100101011000010011100110110110110000100000010111100001011010000010101000011111111001001000110001110111101010011000011011101110000101011110111111101111011111101011111001111111110110000000000110011011110100010010110001110101000011001100001110101010001000101110001000101111110110111100010101101100000011101100101101100000001011000000,True,True,True,True,True,True,True,True,True,True,258,243,110,37,23,28,33,256,255
474,01100111110110000100101001011111001001111000111001111101111101010000111111110101110011110001100011000111010001110010001001011101001011110010110101011101101011111101010011001100000110111101000011001101011101011010100101001011110010011000011001100101000100110110111000001010101000011100001010010000010111110010100010011110001111110000111001111010111110111010000001010100100100111001100101110001100010000010111110001111100100001100010111100010101001010101011101101001110000011010100110010101100010011111000011100111,True,True,True,True,True,True,True,True,True,True,264,258,130,22,38,32,30,258,256
475,10111001111111001100101100110001001110101101110110101000111100110011011111010101010111100001100111001110011101011011100101000001101000110111111001000011001110010011101001000011010111011011000110000100101001000000011110101001100011111111100001010110000011101001100111000001101000110010010000100110010010000010110100001001011111011101010011001011010001100000010100111011100111011010101010010111101011110011001000000010011010110110010011010011100101000001111101111101000001110000100111110110110110110001111111001101,True,True,True,True,True,True,True,True,True,True,262,257,122,31,26,26,25,258,256
476,11010100001111011101111001010110010001101000010010001100011000001001111011011010110100111011001111010011010110101101001000010010101000100010001100001101001101111101101111010000010101111011111111100101001101001100000001001110011001010111010111101001101000001011110100110010111111010011000011011110010101111101100101111110111111001110010111111110011111111111011110110000000000100110100100111100010010110011100001011101111011001110101011100000011010101000100000111110001111101100001100101101110011111111010010011000,True,True,True,True,True,True,True,True,True,True,276,248,123,29,27,27,23,258,255
477,11011011010000111110110001110100101011001111111001001110100011101101101101110110000001110011101011101111011110101111100011110010101000001110011110001001101000000111001010000101000010011111100000110100010111111001000111111110011001111010110000100101110010111000010011000001001000100100001110001010111000101100011001010000000100100100101000010011010111110101001001101110100000010101110100111110000111110111000110111111000100001100110110001011000110001000110111001000101010101011001011011100101001100101000101111110,True,True,True,True,True,True,True,True,True,True,258,252,124,28,31,36,34,256,256
478,11100100101010001000000010100010111000101111101011010011010001111110011110101001110100110110110000011100111111010001100010000110000101011001010101101000110010100000000000101000010000001011100010101111110010101100000110010111110010001100111000011111101100110010000011110101110100011001100101100011110100110101100011110001001000110110111100000101100100111100100011110111110011111000101001110010001101111011011110101110111111010001001110001010000010000110100001101000011110111101110110011010101110010000101100000011,True,True,True,True,True,True,True,True,True,True,253,247,120,36,30,31,36,256,259
479,00011011101010111110001110111010011001011011111011101010101000010101010000110100111001111100011110000001101011001010010010100011100100011101010100111011001010001010001111101110011001101011011101110000001100100110100010010111010100101011101111000101011101000100001010011001000011100100111011111011011111110111000111100110100111011110001000000000101101110101101100100100010001011000011011010101111110001111011101010001000011101110001011110010100110001010100001111010010110001000110111001011011010111001101001101001,True,True,True,True,True,True,True,True,True,True,265,274,147,19,37,30,30,257,257
480,11100011000100100010101000111101100000110000000100101011010110111100001100111000101100101111011001110010010000011001100101011100101001001011001001100010110110000110000110101101010010010101100101110110001011001000110101111110001110111000110011110100000111111001111101100110000101101010010100011101010101110100000000100001101000010010000011111101111010110101000101101001000001101100111001011001010001000001011100000100010001000110110010100100110111111111011011000001010101110001111110110010111011001101100000001011,True,True,True,True,True,True,True,True,True,True,246,263,132,35,37,39,34,255,258
481,01100011010100100110101011000100010111101001000100010100110010111010011000101011001111011110000110110011111101000010000111110010011011001100011100101010001010100110001011100011110110110010000010110001111111011000110100100011011000010101101011110001101010111100111001010001101101001001001111100011111001111101000110110001001000011011110110000001101110101000010011101000100110000011010010001010100100010001000010100000011011101011101010100011110110111000111001010011011000110101111110111011011011110111100000000110,True,True,True,True,True,True,True,True,True,True,255,265,133,22,29,31,37,256,259
482,00110100001110111111000001111000000101011100011100011011000100111000110111010111101111011100000011110000000101101010110100011011111111110111011101011001000111000010000110000100000000000000101111111100010101111011000101001000100001110111001000101001100001000010011101001011101100101101010111111110011111100000111011111000001111011010000111100101111011110111100110010111010010010001000101110110110111110011001010010011100001100110100010011001010011001110101010010100100101011111011001011001110011010011100110100101,True,True,True,True,True,True,True,True,True,True,263,244,118,36,28,32,29,256,256
483,00000100110011011100001000000110111011011000110111110111010101111100110111011000011010111101111110110001001001001001101010101101011101011001101101011100001001100010001100111100101101000000000010100000110000001001000000100101000110001001111101100011001110010110001010010101010100011011111110110101101010111111010100101000010010000100110101001100110000010001011111001010111001000110011101101000111011001010110000101001001100010111000001000110111111110101001101001000010111101001110010010111101001100001101100001011,True,True,True,True,True,True,True,True,True,True,249,268,139,33,35,36,31,257,257
484,01000010100000000101111000000111101000101101001001011001100010100100001011010110011000111000100010110010001100000001100001101010010110110101100110010010000001111101111001111000010000111100100101111010010101010000110001100001010001111110100011000111000011011110110100110001010110010110101001110000110110010101000100000010011001100111001101010111110100110001001101011011100011000110110110111000100010101001111010100000101100111011110101000001010001101110010001111011000011110110111011111101010111100011101111001000,True,True,True,True,True,True,True,True,True,True,245,261,130,32,33,31,37,257,256
485,01001010101110000111111000111001000101101110111011001010001011011110101110001100010001100101100101010001101000010101000001110110001100111010011011000101110000101110011111110010110011111101110001111100011001111111001110111101111110111110000101011001001000000100111000010000111000010111111101010011100110001000000111001101101101100001000111100111010011011000011101001110110011110011001001010000010110111110111100101111101000001111111110101000110011011011100110101101000101011011000111001101101000100100011010101001,True,True,True,True,True,True,True,True,True,True,271,250,117,21,28,27,32,255,257
486,10111101110100111011100111110000010111110110011001000100101000101010101100111011100101110111101101010100001111001001110001001110000111101100011000001000010010011101110110110010000111101011011000001011111100100001011001000101000011000111000101001000010010000100001011111111011000110101010110001110011111011111100110001100011110011001110010010001101110011011011100000111011111111001010001010110110111101111001110110110110000000101110011011000010100101010111101110010110011000001010001011101000001011000110011011100,True,True,True,True,True,True,True,True,True,True,264,252,118,26,30,34,32,259,255
487,11000110111001111001110101001001110011011001101111110110111000100001010100110100101000110001100101000010001101111100001100110000010000101001101011011011101110001100100011101001110111011011000000010111101010111101000101111000110011010001010010010110000010010111000110111110101010110100011110110110001111110110101101010100100011110001100100001001101010000000100100100000111011011111100010111010100100011000010111101101011000001000010100100110110010111000101110100000110001101111001011010010101001000001110000010101,True,True,True,True,True,True,True,True,True,True,250,269,139,29,33,34,35,255,256
488,01110101011100010100001101011001111110010100101110011111111001001110001101010000011101111100000010100101111100010001011110110000000101110000010110010110010110011101000001110101000111111010110001011101110010110110101100011100110100010010001001010010100100001110101111110010101101100111011000011101110001010100001011010101101011111101011110100111011101111101111101111111111100000101100011010101110111000011011001111011100001101111101001100100001111100110101010100110111001010001100001111000100010110000011011001011,True,True,True,True,True,True,True,True,True,True,274,258,136,25,40,29,29,254,256
489,01011111011110101000101100010110000111010101101010110110100111101101010101110101010100010101110100001111010100010110011001101001000101101101101001110111111100010111111011111111101100101001110011111101010111101110111111010110110010000001010010100010100011101100101011111101001111000101011011101011111010011001011000100010000000011100110111100010001010000111111110101000011101101011000000111110000001100100110110101111001011010011000100011110101011000111100100010101100111011101010101001101111110100010011000100010,True,True,True,True,True,True,True,True,True,True,277,275,161,18,45,27,28,252,256
490,00111101110101101110001111001101111111101001100011110111110001001011100100010111101100110000000110011110101000001100100100000101110011111101000111001101011111010000111001101101111000001010111101011111100011111100000000111011010100011001000010010001000001100001011111110011101011001010100101101110000101111011110001000101010111001110101101111111100100000101110110100001100010111001011010101000010001011111100110111011000101101010000101011010001010110010011000011000001110011001001001010000101001111011100111000101,True,True,True,True,True,True,True,True,True,True,264,250,126,30,35,33,32,256,257
491,10010001101100111000100010111000100010000001111011000111101000001111111010011010110111011011010100110100000011001000001001001011100100100010101011011000001001100110101000000110100111101101001110011011000001001000010011100100111010101011110101001001011011111110011101001011101101000000011100111001101110001111010100111111111000100010001001011100010110011010011101110100001011001001001001001001101111110101001101010100100011011100100100101111010010110001101101000000010100001011001110100011101000100010000011001001,True,True,True,True,True,True,True,True,True,True,245,269,137,30,25,41,30,257,257
492,10101100000001101101111011110011111001000010000001011111111101001100010010010001010110001001101000111000111110011111110000010001010001101000010011011010111111011010110000011001010110101010110110010111001100010111110110101001010000010101000111000101110011110010010100011101100001111100001100000000010110010111110010100001100010011111011000110101100000111110010001011110111110111001110101101001111111101011101011011000101010010101110011010101101110010011010011011000000101001100001010110100101111010100011111011000,True,True,True,True,True,True,True,True,True,True,262,260,138,30,39,31,30,256,255
493,01110011000101100100110100110111100001111010101011111100110001101111111100011111010011011110011001111110101011001010111000000011000111100111010010111001101011011110100011000111001101010010010010001001111000101000001010101111101011010110101111010101111101110000101101011001100111100110111011111100000110010101101011111010010011011011111100101111101100100000100001001011000011101011110111110010101000010011101110101110010111010000101100011111011111100010010011101100001001110111101001001011011011111100011000000100,True,True,True,True,True,True,True,True,True,True,282,257,130,20,34,28,23,257,257
494,11110011000011001001110110101111100011000110111001000100011100101101000000010001111011001110001101100000001111010111110011001101010011010001000111101100101010110111000101110100001100000010010010010100010111101101001101100110000010111100010110011110100101010101111010110011101001111101000011111100111111001111110111111000111010011010011001111100000100101001001111000100001010000001011111011000011100000100011111100010110110001100011111000101111001011000001110100110110011011111000110110011010001000111011010100000,True,True,True,True,True,True,True,True,True,True,261,242,108,29,24,27,34,256,254
495,00010011110100111111010110001010010100110001000010111011100111000010001011110100110000110101000100010001000100100100000101000000000111110101111101111110001110110010111010100000011000111111011011001110111001100110011100001101111000000000111010100010011111101001111011000100011111001001000101001001000101000100001110100000111001100111100001000010100010000100111011011111011111011010100101100010111010101101110010010000101010110001111000101011111100110110010101001001110010001110111000100000010110010001001100111001,True,True,True,True,True,True,True,True,True,True,246,250,122,31,27,41,38,256,257
496,10011110110110110110000010010010111001010001011001100011001111110000011101001000111000001001111101111011110111000100001010001101001000000011001000100110001011010101101011100000111000001101011111100110011001111101011000001111100100010011111100001100101010011110000001101111010011111000011110001000101010010000100000000001100000101001111110101110101011000111001001001111100010101111110100011110010110011111011100001101011111100001101101000010000111010111010001011110011010111011010000110111001111010101000011011101,True,True,True,True,True,True,True,True,True,True,258,241,116,38,27,27,34,257,257
497,00101000000011110010110110110010001001111000110111111000011001100000110010001011011001011010000011001100001100000111101000111110100010101100110100111011011000100100111010100111101111001100111100011001000110010001011001100101111001101011010001011101001101111100101011010100100110011000010001101110000111011110001110110001101000101111110011000110100100101011011111001010011011001010001010011011101111010101001001001100100110011110111111100111000001101000011110111100010100011001101011001101010001010101110100100011,True,True,True,True,True,True,True,True,True,True,260,266,122,17,28,30,30,258,257
498,11111110000000100010100001001010011101000001011111000101000010101010010101001111110000110111101111000110000001111111101010111101011101101110011011110110000010010011110110011000000011011100011110101000101010110100111100010110001101111000111111111101101111011000000100001000110000101110000101010001100111100111011111001011011011110000111010101110101100010111110111010100011010110000001011101100110001011001000010100000001111111010011110010100101100110110011110111110000111001110000010100101001000100100000110101011,True,True,True,True,True,True,True,True,True,True,263,245,127,38,36,29,33,254,256
499,01011101110001100001100100101111000000111011110010011010110100011101011011111111110101101101010101011111110110110000100100000011000011000100000010111001111111100100010101100000100011011101001000011101101101001111111010001010010101000011000110110010110111000010000011011010001111011010100011100010110010100100011111011001100001011101100001011111101110111011001001110111100011101101110001101101001101111000100000011101010110111011110100101101011101010000010000101011101110100001101101001111001011000111001111110100,True,True,True,True,True,True,True,True,True,True,269,257,132,28,29,26,32,255,256
500,00010000100111100000110001110001110101100110001110111110110011001011111110011110011000000001101101001001110100010100111100101001111010110100101100111001111100001111000101100010011110001001110110011100100110000111111011000011000110111101000100001101111000101110000100110110100000100100110111111111001101110011011011101000111110001111100101101010111100000000100100010100001110001100100000100000000100000011111111110111010011010011011010101011111000101110000001110010110010000111001001010111111001101100010000010101,True,True,True,True,True,True,True,True,True,True,257,232,99,37,21,30,34,255,257
501,10011111111001111111111001111101101000011010000010110110001101000100100100011100101110111101011001101011000000010010100010101001111010010010100001111100010011111100110111101000100011101111000010000111101100101010110100101001000101110001001011001100010110010010000101000100000011111110101000111010110011011010111111001010000111110011011001011100110110110011111111010000001101101001001111100001111010001010001001110011101100110001001001100100001010101111100111000101100101010101010001100011111101010001001110101011,True,True,True,True,True,True,True,True,True,True,263,261,135,20,34,36,31,256,256
502,11000111011010011111110000010000000111110100100010010101101101101110000100111101011011110000001110010100000111010101100110000010010110110001001111001111011100100010111101000000110111001000001111000111010110000110000011011010110000111111101000010101000000001010010101001001000101111111101100110100111100010111110110001010111100100010111001011110100101000000010011001010000100111100010100110101000011001011110100000111001110001111100101011010100001011100110110110001010100110110101011001111101110000010100101111011,True,True,True,True,True,True,True,True,True,True,253,255,133,40,36,34,31,257,256
503,00011110010111101101100011001011101110011101111001101000011011000111110100110111101110011011100110010000100001111001000010010110001101000001100010001111001110001000110010101111100110011111111111011000000100110011010000011101001101101110001010010101100110010011010001000111001001001001111100110111001100101001011110100111011001110000100000000000110111001110101100100101110101000011110100110111001111110000010111100010010101011101111010111011010001100001010110111010111010100011011101000111111000011111000010110110,True,True,True,True,True,True,True,True,True,True,266,249,111,26,23,28,29,256,256
504,01101101000110100111010100010010001001110100111110011001100001001110011111000100010111100001010111010111111001111000001101011000111100100011001111001001011110100001000011001111000001100110000001100001111110001011100010101100100010000100001111011100110110100011001100010011011110011111000101110110110111101101101111100100000101010010110110111001100011111011011101011001010000001011101010100111100110010101111110111101110111010000100101011010010111001000110010000110010101111111100110001110101011011000111011110000,True,True,True,True,True,True,True,True,True,True,267,251,116,22,28,30,31,257,254
505,10101001110101110101000110011001111101111001010101111101110000000000100100000010010110011110001011110000100000110100111100101011000111001000000011011100101010001111001001001010100111111100101100001000011011101000010101110011111001000101010010011101110111001011100110000110111000000101100001001001011001111001010000100101011010100110110110110000100100011000101001111111001111100001010010010000101100010010001001111111100001010010000111001110110110001001100101000011001101111010011100000011000110100100010011111110,True,True,True,True,True,True,True,True,True,True,245,254,124,35,31,43,31,256,256
506,10100100010000000001111101001110110001001000110110000111010000011011111101001111001000111010110011001101101110000010000101000010001011100110100101011100011101011101011001100110110111111001101101110101101111111001110001001110101111011111101011010100001100010110000011001001011100011101011101011010010000000110100111100010110000001011101110100010111110000011100111001111010100001101100001010001101111000111000110100001101011010101111010111111011011101111001110001011110010010001100001101110010101010111011001101010,True,True,True,True,True,True,True,True,True,True,267,258,130,29,30,23,31,256,256
507,00010011100011010100110110110011100100000011101010100100111001100011000000101110010000111111010100001010010011010101000110100100111101101110001000001001000011111100011101110010101010110011011010111111100010110111111011001001000001010111010111101011110011110111001001101010000010101110100111101110001111110110100010000101001011000001100111111001011010000101000101111100001100011110000111000001001011110001001110100011100011100000111100010000010110001000001111111101011100000001100010110110111011000010001110011100,True,True,True,True,True,True,True,True,True,True,253,245,119,34,30,32,37,256,255
508,10100101011101000001110011100111101101010101110010001011000000011011101001111101000111010100010101110010001011111101101101101001010101000111001110111011011000001100110001000100111010110110110101010101101000010011000100001001000111011100011011110111100010110110101001110100010000100110100001001000111111111011001100101001100001110010000101000001010011111101011011101000011110101100010011000000010101100110110000011110010000001111110110111100000001001101001010110011011100000100000010011110010111001011011110110001,True,True,True,True,True,True,True,True,True,True,253,263,137,35,31,31,32,256,258
509,00001100110110010011110000000111001110111110001111000000110111100000100011011111110111110110111110110011000101101100111110111010100010011101011001110110001100011000010101100000010001000011111100101110100011011100111000000010001010011001101011110111000101011101100000111101100100000110100000111001110101100010000110110000110011111101111001101100011000101101010111010001000110011101011010000010010101010101110100010011001100100011000001110101000110011000000110001000001011111000101000001011000001101101100100000011,True,True,True,True,True,True,True,True,True,True,247,238,103,43,24,24,40,256,258
510,01110100110111110100101110011010010100011111001001111011000011100101010101100111101101110111100000101110101110000000010110011011010100000111010111000000110010100111011110001100110100111010101011000100000110010110100010101000010101010101011001110111001101010110111110110010001101110001101110110000110110101001110110010110000001001110011011101101001000010010111101110010110100111100100101001011100000010010010011111111111011001001110100110010010101101101110001111000100110111110010000001110001010100101101000000110,True,True,True,True,True,True,True,True,True,True,262,273,143,30,37,31,22,256,258
511,11011011000100100110100101010110000110001001010011100001100101110001100010111100110110010011011111110010001110111100011100001111111001111010100110011000011101010010110101100010100010010010101100110101010100111000000111111001000100001111110100010110100001000001011000110000001110010000010001010111011101010010101011010110100101110100111011001111010110111111011000001101111011011100000011100100111011101001110010000100000110111011110111101010100100010100010101010111000010001100011111101001110100010101010111110101,True,True,True,True,True,True,True,True,True,True,259,269,145,25,39,32,32,257,256
512,10110111010110010010011101101010000001000010110100101000010011001100001100000110000100111101010001000011110010111000100100000000111011101011110010000000001101001011000000001111111101010100010001011001010000011101001001110011011111100110001010110110011000010010010100010110001000001011000001111000001100100111111000111001011110001011010111011100000001111000011000000000110110000001111000010101101001101100111010101010101101001101001101100011110001111100010111110000000110101011111111111011100111110101000100010100,True,True,True,True,True,True,True,True,True,True,239,242,121,54,32,31,35,257,256
513,00000111101011111011110000111000000111100100011101000101010000011000100110011000101011010000101001000001011000010001000010011010001110010010001101000101000001110001101000100011111011110000000000000001101111001101001100100100001110101101101010110110101101011110010100010110101101101000111011010010000111000101001000100011010101101001101101110010001101100010011111111000100010100100101000001110011100010000011011111001111011100001100101110100100111010010110010101000101010101000010000001101100001001111111110111000,True,True,True,True,True,True,True,True,True,True,235,257,132,39,29,36,40,256,255
514,00011111110100001011111000001010000111111011010101010100100111000100101111111111111001101011010001101011001010000011101101010111101100101010010011110011001100000100001010011011101001101001101011101010011010111010110110100011011011101001111011010000001100100011111100110000110111111110110010001001101110110110011110011101011010001110111110110000000011011001011101110111011110101100101111101000000011001100101000100110110100101100011000111011100010001100001100110001010011011100010111110111010110100011111001011111,True,True,True,True,True,True,True,True,True,True,277,260,131,23,29,22,26,256,256
515,01011000111010001001000101011111111100101101010010100110101000111000100011000101011101010101100010111001010011111101100111100001101011111101101000110010011010010111111010101110110101001101011000000010001000100101010001110000101010001000111101110110011001010001101111110010111101010000111010101101101010101011101101000001101110001101001101000011001000111111011111001011011011001111111000000110011011001000111001110010101111010011011010110001111110001100100001011000100001000110101101111101100100111001011101010111,True,True,True,True,True,True,True,True,True,True,269,276,151,15,42,29,31,256,256
516,11011010101111111100110000001101101101101110001010011110101110011100011000110111100110110110010100111110110011010010001010110011101010011100110001011111000111001011001011010110010110110001010110011101001001111100110010001111011010011011010100001011110101101111001011100110000101101111011100100001011000011111100110000111000010100110011110000110110001001001010001011100101000101101010100010001110010100000010101100000101010000011001111010110100000110000010100100111010011011001011011111101100010101110101001111010,True,True,True,True,True,True,True,True,True,True,264,274,139,21,39,31,27,256,256
517,11110111011101111011101000011101101101000101010100101010100011110001110011011101001000110111011000111010100001001010111010000001111001110100110110110011010111101010101010110110110110001011111000000110110100101001011110010000100011000100100111011010011000101010011011001000010110100100001111011110100101011111001000011000011100011111000100110100100010001011000011101000101110101100101001010110010111001100001101111101101101101110010010010101011001011000001101101111100100000001001001011101010011001001101100010001,True,True,True,True,True,True,True,True,True,True,258,283,152,21,36,36,29,257,256
518,01110110001101110000000111100000111100110111101011110010100110110010010101011101011100000100101101100101000100101011010110011100010110001110011111100001111100110110010101111110000000010011100011100010100101100000100000110000001101100011011111111111000101110000001111101011001111010000100100101000100100111000000001111100100010001000111011110000101101000110001110001010000001010111100110110011111100011110101011010110100100001000010001110001000101011101001011000101111101101011001100101010110110110011010010111111,True,True,True,True,True,True,True,True,True,True,254,248,122,36,35,35,35,256,256
519,11010000100000010110101000000111101011111000101100011010100111101110010110111111000001010101011100111110000011101100011000000100010100001100000011000010001101110010111011011011110111111110000011010010110001110110001111101011110111101010000010001010100100110000010001111110110110111010001011011010101011101100100101110100010110110000101110110110010010100101111010011000001010101011100011111101010011001100101110011011011000100000010110010011100000101001111110000011110100111011001010001000010011001100010101011100,True,True,True,True,True,True,True,True,True,True,255,260,137,36,38,32,33,256,255
520,00111001011100110101000011011110000000111010101000001011110000100100111100010001100100110100011101011001001101011010101000000010101011111011000111011111011010100101110010001001000100011011011011110110100010100111100110010101010001011111011101111011001000111111011111101100100010110011100100011100010110011110111011110101110110110111111111111000011010111010000001001011000110110100100111011110101101000000100101001101100001010001010111111101101111011101000011110011010011100100000100011000010111111000000110110000,True,True,True,True,True,True,True,True,True,True,267,257,133,28,30,31,29,256,255
521,01111010000000111000001010101101100101001111001011000101110000101111001101010011001110000000011010110111110100010000000010111001111110010011100011010001011001110110010101010101011101011010000001100000111001010111000010100101111100010110100101000110000100001101111000111011010101110001110010101111101111101000010000111010100100100111000000101001101001111111100110111010100001100101010000111001001000010110100101001001001011101010110011101011111110100001101110110000011001111100110000100011110101100101110111100111,True,True,True,True,True,True,True,True,True,True,255,262,140,37,41,31,28,257,256
522,11001000010111011111000011000001000101101010001011111110111100110011110111010000100100010101101110001101100110100110100110001000001110000010000000011111101111001110111101110101010010001111010000000001111011110011111000111101100010010110010111111011110000110010100011011010111100011110001101100011010011110001010111100000011001011010001011010101110100110100100000000111110010010100100001111101010000001001111001001001001010110011111011101001010100101010001100010101110111011110011000100101010110111010110100000001,True,True,True,True,True,True,True,True,True,True,257,253,131,37,32,32,31,255,259
523,01001111001000000001100111010101000000010001111000011111101111010111000001010111110101011111110001110101111011011000010101010110110111100101001001110000111110111110010010100111011111011001100011110100000001101011110110001100110001101110111010010001110101100000111010101011001100001110101011111101111111101010111011000100110011110000001011101000111110101111000110011001100101010000100001110001100011111110011010000011001100011110011101111100101101001000101000010110000001100011111001110100110000101111010011101100,True,True,True,True,True,True,True,True,True,True,271,241,116,33,31,18,30,257,255
524,01101111111001010100011000101010100100111110111101001111101000000111111010110010000111011111101101101000100000011110101101011101001000110010001000011010101100011101111100101100111100011100111111110011100011110101100001101110110110101111111000101111110010100100100000010101001011101000010001000101001011100001001011110010111000000100101010101101110101001001011010000110010010111110010100000111001010101010111100111110101110100110110101110000000110101010100101010111100100011100001011110011000000100010111101110111,True,True,True,True,True,True,True,True,True,True,267,266,152,28,45,35,27,256,256
525,11100110010001110101100001011111010100001100010101010001111010110110100001000111111110010001101000110101001101100011001101000110010010010101001101100100000100001010101011011010011011101101110110110001100101111100011100100001000001011011010101111011101000100101001100111011101110010000001100001111011110001101010010011000111010100100101111011101001101010101000110000100011010000100011000010001001100011000001000000001111011111101010011000101001011010100100100000111101101110111011100101010100001110100100011000011,True,True,True,True,True,True,True,True,True,True,246,273,143,27,32,32,37,257,258
526,11001110011010010011111111001001101100100110111011001010111010011010000101110010100100100011011100111111111100101011000000011101000011101011000010011000101100001010111100101111100101010010100101101010100011111110000011110001001000110011101001101110110001100000001100010111111011100010011011001100000101110011001000001000011011001000110010111110010010011001001000100100000000100001001000110011111111011101011011000110010101001000101111110110011010111001001111100110001101000000000101000000101110110010100000101000,True,True,True,True,True,True,True,True,True,True,246,252,118,36,29,42,29,256,256
527,00101111100000000011110000010100000111001110001110001100100100000100111100110001000110010001111111001001010000011100110111010001100010111000110110110100111110111011110001110010111101000001010101101101000111000001111010111000001101111000101011100010100111111011100100001010111001000101110000101101110110110101001111101010111110001011001111110110000000101010100000111101011111001100101101001000010110010000011101001101000101001011011110101001101111111010110101010100111000111100000000010110001110011000100110000000,True,True,True,True,True,True,True,True,True,True,253,245,122,41,34,29,33,257,253
528,00010100100001010001011011010010001000000001000110100101000111111101011011101101000101010000101111000101110111001011011001110110010000001001001010100001000101000111000011110000010101000110001100001010111100101010111101000101011011000110011111001011110001111101001110111001000110100101010001000101110001111011010010001101010011011011101001100111011011000011000111000100111110110100001101100111011101001001000111101101101001001111110001001010100111110001001000111001001100010100000111000010110000010010001010101101,True,True,True,True,True,True,True,True,True,True,244,272,144,22,34,42,40,258,257
529,00011010100010000110110001010001010110110000101010111001001100100110011000011110100100101110000100101111000100101011111101111111011101000100100010110100101000111101111010000111101001111011000010101000010011101100000011100111111000011100011011110010000001001000000101000011011000000100111100000001000010001111101011011011001000100101101111110010101111010011111011011011100101000011011000001010011101001001011010100010001101100110101000011110111010100011011100010001111110010000001100001001000011100101101010001001,True,True,True,True,True,True,True,True,True,True,243,256,131,35,28,40,38,257,256
530,00100001110101100100110111111010000001101111010100101111001000010000010111101010000111111101111100100011111100111100100000001101110001111001001010110001110000001100011111000010110010010101010001110100101011111100000110010000000000001010010110111111011001011011010011001110111111010011001010111101110001001111000111101011001000011101001100011100111000111000101010001000101000010001011010000101100111001000101011111101011000100011101000010011011011000101100101010101111001100101011001101011111100011111000110111011,True,True,True,True,True,True,True,True,True,True,259,250,125,31,35,34,33,256,256
531,11010011100010110011101000010111100001000000000100011010101110011011011111110001000001011111110010011100000001010110111110100101001000000101110100111001010111001111000010111000110000000111100100011100100100101111110001000001101100011101100100001000100001000111011101001101011010101010101110010001110101111100001010001101110110100110000000001001011111001101100001110010000000000111101110110011100111100111100001011000110000101101010000000001000111100111111110011101101000011110110011011001000010001101100001011011,True,True,True,True,True,True,True,True,True,True,245,235,109,52,26,33,35,255,256
532,10001101001000111110000101101010001100101000000001000011011000010011011110010110111101111010100101011011000001100001010010101000010111110010100011010011011100110101000001011011100001010010011111101010111100100010110100001000000101100001110100011000111011010111111100110011101111110111010000111110001000101110110001111010110010000001010100000011111001010100010110101000111111111010001100011001101001000111101011100110111010101011000011100001100100100011101111110010111001010001100101111000111011000111111111110010,True,True,True,True,True,True,True,True,True,True,259,254,133,29,35,31,36,256,257
533,10111000100000001111010101010001100010011100011111110111101111010100001000000000111011000101000101001011100101010010100001101111011100011011001110001100101110110110101100110101101010010000011110111101101000100000110010100010111100100100110001111000110100000010010011011100110100001011010000001011100000000110001111111010110000010100001110010100000101000001000100000111111100000110011101100001001111010001000000101110000101111000110111001110000010111010000000101001001011101010110100100110000110000111111101111101,True,True,True,True,True,True,True,True,True,True,238,243,124,52,29,33,39,256,257
534,01110011000101100000001100111011011100011110000000011110010100111000000110011101100110111101110111110011111101111100101111000001110111011011110000100100100100101011011111110101000011011000101001011100101001101111100110010010011001110111011011011110001010010100010010110011011111110010100110110011100111110000010101110001111010111111001001111100010001001010111100000001000010010100000110001110100111101111010011011011110011000110110001001000110111101000110110000011111010111000010110001010000110111001001011000010,True,True,True,True,True,True,True,True,True,True,267,243,108,30,23,33,28,256,258
535,11110000001100111001011101110001001001000101001100101000001100101111000110111011110100010111101111100001001001101100010100000101110010101001010000000000100101111110111001000101100100011000000111100000100111011101011011010010111110101010101010010010101111000001011010100110110101001110100111110110100001101001101011001011011000110111010101111101100011111001001011011101100110100000100000101011101011100011010101011000010010111101000001010100111000111011010101110100011001010011110011111011011010101101100010011100,True,True,True,True,True,True,True,True,True,True,258,278,155,30,43,34,26,255,255
536,00101111110101010101000010101101010000010001000110000000100001111101110001000010111001011010100101110001010110001010011000100000101101100011000100000010101110000001101110111101001111011101110101111001111100011000001011011001110101001111110111111101110010101110000100101001010011001110101111001100100101000100110000100000110010111101101110011001010011110011000100111101100100110010001001110000001110001100100001111100001011100000100001001010100110111110110110010011101010011101110000010100111110111011101110000111,True,True,True,True,True,True,True,True,True,True,253,254,126,34,34,37,32,256,257
537,11101101110111011101000000100010110100011111110101100100101111010100111010000110101101001010100110011010010100000111110010101011011101010000010111100000001111101010001010110101000011000010010101111111111000110110010110010001100011100100110010010111010101001011011110010111100000010001101110000110100111000000010100110001010101010101010110011110101001101100001101111011111101110101111111000110000001001010001110000010001101011111101000001011001100111010011111100110001001110011010011110111100001100010111010001110,True,True,True,True,True,True,True,True,True,True,262,264,144,31,40,27,29,256,256
538,01100111010001111101101010101111000100001101010100000101000001110001110101001110000010111010011000100111011000110010001111000011001010100000000010111101100110011110000010111011100001101100000111001000111110111000001010110001100010010101001100111011010010001010010100110111101000001001001100001100101001001001110111011001101000010100011000101110011000110110110100100010111000111000000111011001100101101101001111110101100100001100101110001001110000011100110001101000110111001010011111011111110011111101010001010101,True,True,True,True,True,True,True,True,True,True,248,258,123,31,30,30,35,256,257
539,01001110111010111011101100100010010010101110110100000010010000011001110110000101000101101001000010101001011100000011110001010100001100101001101100011101000011011011001101101111011111110010010101100011111000010110000100010000011111001010001011100100111001011111100101110110100100110110001110101110010000101001000010110111001100110011111001000000101101000111101111011101011100000111001100011000001010010000001000101111111100110001101110001100111001110001101010101011011100001101100011110100011011011000010110100101,True,True,True,True,True,True,True,True,True,True,252,260,127,30,31,36,34,258,256
540,00000100000000100101111000110011001000110000000000011010000011100000010001101001000110101100011001101011100110011011000001111100011110011001011001001100011101011010000001110001011110011010100000100011000000111000110100010110000001001001101001010111010100111111101010100111111001011110110001110111111011000101100011111101010011100110010001111011111100100001101001101101011101001111010001010100110001000011101000000110100010101110010000100011111100000001011111001010110101111000101111000000100000110101101110010111,True,True,True,True,True,True,True,True,True,True,242,240,113,48,28,28,37,255,256
541,11101011011000100000010100111100000000011011110101001101000000001111111011111000010000000100010100101101111010010110101011010010011101100101010010011111101101001100000111001010000010001111011101101001001011110111011101101110000000111110001001000110000011110110010010110110100101110010001000010100001001011110000101000101011000010110110011011001000110001010111001100110110111010000011100000111001110110101001100011010111010000111011011110000101011001010110100010101001000101111100111001110110101110010110011111010,True,True,True,True,True,True,True,True,True,True,252,264,139,39,33,35,29,256,256
542,11101101101011001000001101011111011001001001010110010001010010110011000000110000110010011011011001111101111110000101111010111100000011110100110111010010111110111001101001011010001010111101111011001110101111001111010111011000000001010110011111000011110101111001001110010000001011000111101100101101110010010101100101001010000001001101110110111000111111010101110010011101010110011100110110111011110110100000010111000111000011100000001110001100110011011111111011000010010100101000110101111100111101100001001110001011,True,True,True,True,True,True,True,True,True,True,273,255,123,32,32,29,22,256,256
543,10011011100100100111000111001110110111101010000111000010100000101111011111110001110011100001101100001010101111101011100000010001100000110100010100100100001100001000001101100100111011111100101110011110011001111010000000000111010101001000011000111110000100010101100000101000010000110000011000010100000100000000000011110011011110111100110001001011010111000001001001001010100011001000001001111010101101011001110111110001101111100110111100011110111110100001000011001110111100011110011111110101110100010000010010110101,True,True,True,True,True,True,True,True,True,True,244,233,109,50,25,31,37,255,256
544,11000100101010111011010011100011010001001101000001010000111000111101010100101100011101011010110110100100101000011100010011110101000011000111110010010100111101011010011011100000100100111001000110001011110001101110010101001110110110001100000101000111010100100111100000011010110001100000111011000001100101000111111111100011010101100111011010101011011101111011111001001000111010100101110111111001101000011000110001100001000111001000001010011011111110010011000100011111100100111101000101110101110011010000000001001110,True,True,True,True,True,True,True,True,True,True,254,260,129,26,30,29,35,255,258
545,10101010111010110010011100001100001111101000111001101001100010111111111011110101011010001001010110100111010111111001110011111010000011111111100101010110000111110001000001111001101001111110001111011111100100011110001010011000100001011000111000101001000010010100001110001001111111001100110000111001010110000101110010100010011100010001100111001010101100101100011111101011000011111110001101101101110101110000010011010011101000111011011111011101000011011011011011011110011100101100010000101100111011001000100011000010,True,True,True,True,True,True,True,True,True,True,270,248,117,18,29,29,35,255,257
546,10010000100100011011110011101000001111100000010010101011010110011011100010000001101000100110111001100111010111101110000011100110110000010010110100101100111111001001110011110100011110000100110000101011110100100011010100010100001000010001110111010101000101111000001110010000000111100111011110101111010010011011101101001111101100000000111011110001101010100111100011011111110111000011010011000100101011011011101000100000011100100011011110110000100011001100001000000110111000000010111111011011100010101011010101011111,True,True,True,True,True,True,True,True,True,True,253,247,121,41,26,28,34,258,256
547,10011110001001111001000111110011100100100100111001101010100100010010010110001100001000100011110001001000001100100010110111001011010110000010101101010000001100111000010011101000110110101100111010110011001000100010110110110100101111000000101110100000001110010100010110100000000111100010010000100111110100010100100011101111110100101010110010100000110111011000110010110010110010110001111110101111000010001010010101011000000110010110110000110010010100101110011000010110001111110111001001001101111101110011001100101110,True,True,True,True,True,True,True,True,True,True,241,266,130,30,34,46,33,256,256
548,00011010000001111101110100100001100001100100011100000010000100111001011111110101011010010110111011010011010001000111000001101111101110100011101110000011100110110001011001011001000100111101101101001011101001010100110010011110111111110000110101110110110100000101010100111100010101101100101000011100000000101111010111011010110110010111010101010000000110110101000000001100000111111101110100011000110001000000111010000001100001100001000000010010000001111000111101100010001000100110000100001100110111011101001100011111,True,True,True,True,True,True,True,True,True,True,242,244,119,50,24,27,38,257,256
549,10101001111001000000011110011001001001100010100101001111011110001011000001100111101111011011001001100101010101100110001000111111011111100111011010110000101101111101010111101111110110100101101001110100010110011111010010011010100010111011000001111101101100011110011001011011011001011001101100010000001101010001000000010000110010111111110110100011011001010001100110110110111111110100001011100011000100110110000110011011100001101010000100101100110100001101101101000000010110110011110010001001110011010101110010111101,True,True,True,True,True,True,True,True,True,True,266,263,127,26,28,29,27,257,257
550,10100011110011101111010000000000000101111011101011011111000100010110101000101010011111011111000011001100101101111011011101001111111001111010101110011100001110101010000100111011100001101001001001101100001001010111000000001000000111111100001100101111000110110110011101110100010100000011010101001100011110000010101110000001000000101010100000110100100100010000000100111111001011010111011101000111000001011001001011010000001001001001000001011101111011101010101101110010101001010110111110011100101111011100110000010110,True,True,True,True,True,True,True,True,True,True,250,254,138,50,36,33,28,257,256
551,01011011010000011001011111010001101010001000100011101101100010010100010110011111100110110111100100000000010001000101011111001011000101000001111101100101100001100001000111001010000100011100100001011100001001111101101011000001010011111011000000110000110001101001001110101101110110010100101010101011001011111000011011100110110111111101000011010110111111000111110011001111111100011000100110111011011000010001100100101000010011100001000001000001101101110111011101011010100000111110110110110100110000101010011011000000,True,True,True,True,True,True,True,True,True,True,250,253,124,36,28,32,36,255,253
552,01010101010010101100000100010010001001000000100100000000110110100101100010101110111100111111011010110110000000111101010010011101111110011011110100100011001011010000010110011110011001010101110111101001100000110111011001011011100010110010000100000111001011110100011010001011100000101100000101010110010001001111100010001100011101101010011110000000100110101001001001111111001110110110110110010010001011111100011101010100010000110010101100000101101000101000110111010110100001111011001001101011100001010000001110011100,True,True,True,True,True,True,True,True,True,True,244,267,141,37,36,38,32,257,255
553,01101111100000111010110000011011000001100011010001111100110100000110010000011011001011001110011110100111110110001000110010100001010100111000101010011011110001011110001110111101011111110010010111101000101111111001101110011010110111110100001011010011100101011110001101001100111001101100100110000001110101011111000000100000100011101010101000100101011001111001101000101101000100110011101010101010110101101100011100110001110101000011000111011011010100110001000101000111010000101011111110000100101001110111001010010110,True,True,True,True,True,True,True,True,True,True,260,267,137,23,37,26,32,257,256
554,11110100011100001011101011101001100111001110101010110010011100001001001010111110010101111001011101010100100110011000110100110001001110010101101101001101010111000001110001000101110110000100010001100110010111001001100000110101110010101001000100111001110110011100010110001110000101100101000110001000000111010111100101101001101011011111011100111100111111000011111010110000110000010101011011110000101010111001110111100101000000101011010100110111010111001001001001100111001000011001001101101101000100011100011101000111,True,True,True,True,True,True,True,True,True,True,257,273,135,20,39,34,29,256,257
555,11000011010110000010101101011100001100001000101100101011111000101011000000100101100111000101110100111101001011100101100111011000001010011000001001000001111010010100001101100111101100010011010010010011001110101011000101101011000110001110101110010110110101101111111011000100111110000111011111001110110100100010100110100100011101100100111110101010111100011101001111111111110111010011100100001000001001001010010101100001101110010010011011010111110000010110101011010101111101001010011101011001100001101001010110110001,True,True,True,True,True,True,True,True,True,True,261,275,145,23,39,35,27,256,258
556,10001010010101100001111011001101111011110101101010111110001110110101001001111111110001011000110101011000011011100000010101111010101111011011100010011001011000010110111101101001111110110000011101010101100001111001010001110011111111010000001101100000011110001110111100011001101001101010110100111011100110000111110101001101101101011010111010000111000010001100000100100000010111110101100101000101011110110101000010011101111101011110010000110101111011101110010100111101110110110111011111111011111000001010001010001011,True,True,True,True,True,True,True,True,True,True,280,259,140,27,37,21,28,256,256
557,00110000011011011000000011100101001001111111101000000011111000010010010110101000110100100010001111110011100010110100101011110001000000001001010101010011011101010100110011001010110101111011100101001100000011101010101001101000000101011100110110100101001011000011110110010110001011000101111011100111101111100111100001100001010010101001111000101100010010100011011011010111000110111011011001010011001101010000011010101010100011000111010111011110001101100000010110100000000010111101101010101000001101000101101010100011,True,True,True,True,True,True,True,True,True,True,246,278,157,38,47,29,30,258,257
558,01100110010101100110100110111011110110100100000010100101011110011000001011001010010011101100001101011100011100101011101010001010001111111101010000001111101100000100000010110001101111011010100011000010010011110111111000100011001000110011111100010010110101010011110010001100010010101111111001001100010110100001100010010101101000100001011000010100001100011011001001101010101110001100110010011011000100011100001100111111010111011000101011110010000010001001100001111110000011000110011011011001011111111100100111001010,True,True,True,True,True,True,True,True,True,True,250,259,125,25,33,37,36,255,256
559,10011110110010011101101100111010001001110110100011101100010111100010111101101110011011111110010010100110010011011000111101011100001111110011110000001000001110110110001011001001100010111000000110010101111111011111100110111101110111111110010010000010001100111000100110011101011001000111010011100100010000011000010101100100001010101010110010010101010100011011101111110001011101010010001001100101111001011010011101001110110100101100100000110111111010011111011110000101110001100001100001110110110011100011100101011111,True,True,True,True,True,True,True,True,True,True,272,253,117,20,28,33,28,256,256
560,11000010110000010000111011010111010000001010001101000110010010010011101000000000000101010101010101110101000101001001000110100111011010110101000111011010100101100100100101101100101100110101000011101010011110010110100000101000000000101001001010010100001100011111011111011101011001110001011100111111011000011001101100010101011111101110010001001010101110100101000101010101011111000110111101100001010100110100011010101100001111111111010111000001100010011011011011000101100011111101111101010010101110011101100000000001,True,True,True,True,True,True,True,True,True,True,249,279,164,38,48,32,29,257,261
561,00110001110101011010111111011100100011100100011000100100111011111100101110100000111100011011010010111010101100010110101000011011000111111110110000111111101011001010011101101111111110100001110101101100101111000100001100110001010110011100011101111110110010010001010001010101100011100101111101010101000101010101001000110000001110010111000111011001011010010110111101000011100100110100110101100000110001100011111011100011010010001001000001001010111111011010011110001101111101000111111101000100000001110010110100011111,True,True,True,True,True,True,True,True,True,True,270,258,132,18,34,29,34,256,256
562,11111011001000100010000101110010010111010111110100101101010010101100110010011101001001111100111001110101011011110010011001110011000101010001111101100000001001110011001010000101011011101011011011111011000100000011101000111101001011101010000010001011011111001101001100011111110110001111011111100011111110100011010111000001000001001000111100010100011000100010011011011111110010001011001111110100001101111001011011010000101000110110011110010001000110011111000101100010101101111110010110111000111111111100000101110111,True,True,True,True,True,True,True,True,True,True,272,249,120,19,28,35,33,256,256
563,11110101000011111111110010011111111001110010110111010011100100100101110000001011000011000000101101001011100011001101011010010000111101011000011101100000101100000110001111111010011110111010110111100101111001111111110000010101010011001101000011011011100110110011010001001101000110010001110000101011011101011101111101011111000001110100100111010111100000000110000111110110000101100100001111111100011100010001010011100101101110111000010010101001110000110000111101001010010010010111101001110110110010101111110000111111,True,True,True,True,True,True,True,True,True,True,271,241,114,32,28,28,28,258,256
564,00111100110111111010011011111010111000000010111101011111101001100001000111111101101010111011001001011111011000010011111100111100000011000001001010101101111110010000100101111010111110101010111011111110000001110010100010010101101100101111110010100110010010001010110010010000010001011110110100011100111010111010100100111010111000111001000101011001000111100110110100001110010101100000000010110001010011111111001011001010010101000110111001100011001101001001100110000011011110000011101100110011011010010010100011001100,True,True,True,True,True,True,True,True,True,True,264,259,130,28,36,35,24,256,255
565,00110110010110010001100011111101010111111011110001000111101110111011111011000110011100011101000010100001000111101101110100010111010000010011001010011010011010000000101010001011000111101111001000101010010010000000111001111111011100111000100011000010111111100100010010110100110011110100101110001100000101111010011000100010001000101100101101110111010100101100010101110111110011011101100001001111010100110011111111111001000111111100011101100110011100010100100000100001010000111010100011101110111100110101010111100101,True,True,True,True,True,True,True,True,True,True,265,252,124,20,29,35,35,256,256
566,10110100110001100001000000111100011001011100101001100001101000111110101011101000001111100010101001111010111111110100011110100010001000110100100110111000100010011101001000010001001010110000011000010001001111101000000000100010011101101011011010000101101011100001100101000100110111101111010101111111010100000001010100101010100110011111101000001100010110110000110011011011100111010100101110010010110101000110010000001011010011000001111101100100110010100100010111110010010000111101011010110100011100111100110110011010,True,True,True,True,True,True,True,True,True,True,246,266,140,32,31,34,34,256,256
567,10110110110010100101100001111100111001101111111011110100110111110110110101101001111010001001011001000110110101101000010110101111110000011011110100000110100010001111100010011111001000001101111110100110100001100100110011110010111000000101001000001110000001010001100100001110000000110111110111001001100010101010011100011001001100101110001010010101101011111110101001010100001100101110111011111000111011010011101000101100101110010101101000011100110011110100110011000110010010111000110011010111111011110001100001010100,True,True,True,True,True,True,True,True,True,True,264,260,127,25,30,29,28,257,256
568,00011010101011000110001101110011110001111111110100011010011110110110111001010100011101110010100101110110111010110001100001110001100111001111110110101100110110110100011000000110010011101111110001001011100011110110000011001111100010100011101010110101101011000100110111111001100110001101011001100101000110010110101000010001111011011101111001100100110110101010110101110000110111010100110011100010111011001000000001101010111110011010111100001111110011000001101111100000100001101000010010001110100111101101101000111011,True,True,True,True,True,True,True,True,True,True,273,258,119,20,28,17,31,257,256
569,01010110100000110110111000101100101000111110011011001001010011010010111111101011001001001011101000100101010001101011011101010000000100010010000100101110011100110100110000000100011110101100111011010101000110101001001001101000010010001101000110111110100010100111110010000000010000100100000000110110001010011111110001001111010110101101111011110010000011110110100111110100101100000100100011010000011100111001001011010010100111100101011100110010111001000011000110110001111111011011000000001001110010110101101001111010,True,True,True,True,True,True,True,True,True,True,245,269,141,35,29,39,28,257,256
570,00110000101110110110000110110000110000000010011010101001111110111010001101010101010110001101001110100001100101101100100010010001001001010010111011100011110001101110111100100110101111011100111111101000000000010010111100101010011010000110100101010100100100111011111100001111011110101000110001100000110011010011001001101011011110100101100010010110111001011110001011000011101010100101110010011000110011111101101010101100001100001011010111100001001101101000110110111000001011011011110011100000011010100011011001010100,True,True,True,True,True,True,True,True,True,True,255,273,141,29,36,29,28,257,256
571,00110011110110001000100011110000110101110000111111001110110010101111011000010111111100110101011101101111010011100000101011010010100011000011100101111000001010111100101110110111100001011100001000110101001101100111110010110111001110111011101101100000000101010001110101011100101100100011100111001001010001101011000110111100000011000011110111101100101010101001110010011111001011111100000111010010001110011111000110110100100101101101111010010101111010100001010010100000100111101011011100100110000101001010011000001000,True,True,True,True,True,True,True,True,True,True,264,261,132,27,37,31,27,256,257
572,01110111011110000111101110011000011110001110111000001001000011110110010000010110000101111111100001100000101100011111000010111010100100010001101100001111000011000110100111001001010111100101101001000111101101111001001100010001000011011111011001110011101101000111001110001100000001010111101011011010000111011000010110111011001100111001010111100000100100010111100111110110111110110101011111101111011000010101011111011101011100001111101010000110010111000010010010000011100011101100001101111010100111101100010000001111,True,True,True,True,True,True,True,True,True,True,266,236,106,33,24,28,36,256,256
573,10110001000011000011111100001100001111011001101011100110111011001101010110111010011000101011000001111011110111000110110101011100100111110011010100101010110011010111011111000000001010001111011110010110001101101011101101100100110000100000100111011110110000011001011110011110010101110010001111110111010010110010000000000101010111011110001010100100010101111001100101011101010101111100011011100000101100110010001111001011010011001110110100011110011010010010110011001111110011101111010000001001101010100001001000100111,True,True,True,True,True,True,True,True,True,True,266,263,131,29,36,28,25,257,256
574,00010101001000110110111000010011011001110010100000000000010011001010100011100100101110101000101101011011010111000010100101010100000101101000111010110010010001000010111111101110101001110001110000111000000011010111010100101001001100000000100110100011111101101100110101111110011010100000000110100010111101001011010001011101010010100110010001101100110010001111101101001111111101100111011010101111100001110000000101000010111010001010101100001001111101101001110010111000010110000100001111010111010110000110010101101101,True,True,True,True,True,True,True,True,True,True,246,272,152,40,41,33,30,256,257
575,10101010100011100111111011011100001101011011000110000101001110011111000100000011111111100100111010000111110001111111111011110100001001001010000101001111010110100110011100001000101001010000001000011100101111110101101111101001100001001110111001010100001001001001011010111100110001110011001010000001010001111111011100001101110010011011111101110000011001000011111000110011111010000111010010000110101111001111011001011010110001001011101011011001000111000011011110101010100110100100011011111010101010110010110011001000,True,True,True,True,True,True,True,True,True,True,265,254,128,25,31,30,29,256,255
576,00000101111101000110001010110111011101111011100101101001110100001001010000000101011101110100101011111100110110110110100110101010100010010111011111000001111011110001110101111111101010000010101001010010101101101101010111111101101000001000100001101000101100000101100111100010000000111111100000011110110111101011110000000010101011111001011010100010000011111011001101011010111111110010110011011000101011011111010010011010011100111101001101101001110100000011001010011111111000001110110110101010101101101100101000011111,True,True,True,True,True,True,True,True,True,True,273,264,153,36,41,25,24,256,256
577,00100011001100100101111110010100011010001101110101000001101010000010011001010100010010011110101000010000111010100111011010001110111011101000011110011111101110010011010101000000110101100010011100000001011100101100010010001010100110010010111111001011111000011111010011110101000010011001110111001011101110110111001111000110010110011011001100001100111100011000100011000011111011010000010010001010011111100111010110000011100110101101001101000100101110011001101100111001010000111000000100111001010001110100100010110111,True,True,True,True,True,True,True,True,True,True,252,260,122,26,27,33,31,257,256
578,01011001001001111100110111110000100000001101110001100001100100001011101001101010000111010111010010110011111000001001001000100110101001000000001111000000001110111001110100000101010010011100111000110101110110111110111000110110101000000010100101000011100001010000100010100011011001000001010110001011000001010011111100110101110100111000101001011000101110010011010110101000001111010001101110111011100100111100100110100010111001111010101100100010011010011110100100000100100110000010010110011010100111001000000111111001,True,True,True,True,True,True,True,True,True,True,238,260,131,42,29,37,31,256,257
579,10001011001100001001011000110001100100100110111011000011111100110001001110001110001110101111001111111100101001001001101000000100100110100100110001001110111110011110000110111000101010010001101100001001000100000010011100000010100000010001100000010100010111100100001110101111111100001010011001000101000001110000001101001011010011000010110100111110001010101111010011010111001000110101010101101100000110000010010101111110101110011110111001010100100000010101101101011110111000010010010110010101100111100010011000111001,True,True,True,True,True,True,True,True,True,True,240,257,126,35,33,41,35,256,257
580,10000100000011011100011010110101110100000000001100110001101100110100101110011011110011100111011111000100001010100100101001110011111001101111010111010001111011001000010111100010000010111101000110011010100111110101011010101000110011000101111110110101001011101100000000000000011100001001000101000000011111001001111101100101110101100001011110000010000100111100101100011001010101000011111011111110111011011010010000011001101000001110110010111000110010111110100111010111001000001010000111001101110100100101110100000101,True,True,True,True,True,True,True,True,True,True,251,251,127,46,31,30,29,256,257
581,00101101110011011010101110100100000110100101110010110111000010011100001110011111111110100111101111111010100011001100001100110010101001111110010000111010110101111011001110010111110010101000000000101001011010110111100101110011000011101010101111000001010110101101101000001100011101111101001111010011101001010111010101111110111110101101010101011011101001110111111100101000000011001001001101010010100111011110010110100000001111110000011100000010101000111011110111001001011101011000011011101010110000011100110000001110,True,True,True,True,True,True,True,True,True,True,273,263,145,36,42,22,19,256,258
582,11001011001011010000101100010011100111101010011101010101101000100000110010111010111010000111011100001101100001010100100110100001000000100010010110101001111010101111101001110110110000011111101010110111111101101000010111001101000100010010111101100111011001100101011111001011011111011110111001010111000111101101001110111010000000011000010010101000000001101011110111011011010011011001110101101100000010000101110110100101000101000001101011101110010111001010101111011001110100000000101101011101101100101111000000110100,True,True,True,True,True,True,True,True,True,True,261,274,153,38,39,29,24,256,257
583,00011010110001010011100010101001111110010011000101111100101010111110101100001000000110110010111011000001011010101000110110011100100100011101001010101000010011011110101100010000011010100110111000100100000100100110101000100100111111011001010101111010000101010101011010010000110000100011101100111111000000001100110110100100101100010000111101110110001010111101110110001001111110011101100111101111010011010110111001111100100101000010011001001010110110111001011010101101100100100010010010100100110110001010010111110010,True,True,True,True,True,True,True,True,True,True,253,283,153,21,40,43,27,256,257
584,01101111101101000111110011110000101101101001011101111010110001000100100000110101011010001110111000110111110110000010101000110000100100110111001010000111100110100001100011001110010101110001111101101010010101101001101101111010101011011000010001010010101011000110111101011101110010010010010100101110101101001100101011111111110100010011100011010010110001101000001110101110000101001010110001110110011000000010000001100000100100001000100011111100100110010101011010001000110101000100001110110011011110101101111000101111,True,True,True,True,True,True,True,True,True,True,256,274,147,23,37,34,34,257,256
585,01101011110010100101001010111001011101001001110000000111010010010101011110000110010101000001010010101111000010110100101101001011111011011110001010100101010011001000101001101100101111010111110001100100101111110011000101001010000111011010000111101000101000001011011101001100111101101100011110001110010111100001011000011000001100111100010011001101110000111011001011110000110100100010111011100101101010010000101011111001101000010011100101100101000111110101011100101000100000101101110111010100111001000101000111110101,True,True,True,True,True,True,True,True,True,True,256,280,155,22,46,41,28,256,256
586,01110001110100000101100000011001000000111110100010101011000000000011010100000011011010101011100111101100101111010110011001000011000110101111000000100000001101001011100101010101111110101100110000000110110010001110011001000000111011000001010010101111110010110011000111100010000001010110001011100001101010111111000101001001010011000001001001000111010011001011110111001010100111100001101111111010111100100000111010011110011111101000110000110110011110110001101001101010001010011000101010110001011011101110100100110110,True,True,True,True,True,True,True,True,True,True,245,257,132,45,38,29,31,256,256
587,00001111110101110101000110101010111110101011101111101110111101110011000011010100111100011111010101000011001000111010110111011100010110111000010110101110100011010100101100111000100101111111001110001111101011000101110111110101011111010111111101111110100101111110110111001000111001001101110011101011100100000101100011011000001011001010011110000101111010101001111111011000001111110100110100100110111111100100010000001101111110001010111101111100011011010010011001111100011111000010101110010000001110000111100001010100,True,True,True,True,True,True,True,True,True,True,288,249,131,20,36,23,27,257,255
588,00101001001010011000111111001111001110010001110101010001011100101110110011101001101110100010000000110011010110011111011001000101100110101100110110111101001100010110100000110001001000110111110100100111101100011011011010011100001001110101000100111110111011011110100100000110000110010010100110010010001000010000000000111110001011110010111101100101011000111001100001010111000011000001101010110110010110110011011101110001101101011111111101110101100011101011110111001010010000011011100011100111101001110000000111010110,True,True,True,True,True,True,True,True,True,True,261,259,121,28,26,29,28,256,256
589,01111100111011111000010111100111111100000011110110011100000100000110001001000101011100011001111011111011100010010011001001101000000101000101110110010000100001011100010001001001110000101110011111111100111110011111010000010100111010100110000000111001001001111011110111001011001010110100100111111010011010001101101101101110101010010101001100111111100001001111011000010001101101111110101001101111001001011110100111100011011100100100001001110001010010000111000010001001001010001000001010001000100110100001010000001010,True,True,True,True,True,True,True,True,True,True,251,247,119,31,23,43,33,256,257
590,00010001110000010100001001100111110110001101000110111001011001101010101011001011101000011111000000100011100011100001110100000101101101000011000000001010000010101100000010100010101100110010011111100100110011011001001010001111011001101010110000010001011110100101101100000100111100011001110010101101011010010111011101000011110110011010001101001000001101100111011000001001001111001010101011101010010001111100100100001010001101110110101001010100111110100111101111011000101111110100111000010110100110110011001100001111,True,True,True,True,True,True,True,True,True,True,247,266,134,33,34,32,32,255,257
591,01001010110101100101110000111010011111101001111000011011100110010101100100100110011110100101010110011010100101000110000010011000100011101111100111100010010001000011011011100100110111010001000110110001010100010010101000011011101000010100011011101101011100101000011110001111001000111111001100001101110111010011111101110111000001100101010011011001111000010000001111101110100001010101001110100011110001101001111011011001110110111101111110011001101111011101111111110100010010001100001011001110100001110000111111001110,True,True,True,True,True,True,True,True,True,True,269,255,121,19,24,26,31,258,256
592,10000110001011011010101001001100010011110100111110011000101000100100010111000011110001110110110011101000000111010011100010101011101011111111110000000000100101101000010101010101000111110010000011111100111111000001001101011011100011100101100100110000110111110010111010011111000011101010000100100100000000110010001110001000100001111101101000100011000101000011100111010010100110010011111110111011010100001101000111000001001100000110010111100000010010110111100011011100101111001110000101101000110110011010111101011001,True,True,True,True,True,True,True,True,True,True,249,247,119,36,28,32,36,257,257
593,00011010000111100101010011101011001000110100111101111110100010001101001010101011111111111111010000111000101001000011001010010010000011011010100101011011111111101111111110110000000001001100101100011110010111110011011110010101100101100010101001011000001010101010000101111010010111111000000111100111000111001111000100010000101110100100001001100000011011111101011010110110011000101111101001001101010011001010001100110011101010011010101001111110111101001010100100110101110001100100101010100000010001000100010111110110,True,True,True,True,True,True,True,True,True,True,261,267,149,25,42,36,28,255,256
594,00110001100000111011110110101001110010011111011110010101011100010011101111100111110010100110011100100010101110001001100110111000110011101101001100111101001111101110101101110101000010111010011110010100101010110001101000110101100001000000000111000001100101110111000100110000110011000111010110011001001001000110001011110101010100010110011010111100101100111111111001011010110011111101011100001110010001110011101010110110110010001010011011001011010101110111010111101110111100110101110001101000110110011011111111100001,True,True,True,True,True,True,True,True,True,True,277,266,128,15,35,24,24,256,258
595,01111110001110010001110010001011110101100101011010110010010010111110111010111011110111000111101111100010000110011111101010110100001001001001101110101101011111100111000101011101110000110001100101000100011010111000110100101000111111010101101100110001010100010100111010001100000100100100011000000110000000001111110011010100100100101010010100110001100101010000010011011111110101010001100101010100001000110011011011001010101011011000000000101110110010110110010010110001000011110101100000000011011100000101010001000100,True,True,True,True,True,True,True,True,True,True,246,271,147,32,42,37,33,258,256
596,10110111100001110001100001000101011010100110000001111101000000000000000100001111001100100111111000110101011111010010101110010010110110000110000000000111011101001100000001011100111011001100111111010010001001100101001001001010001011011110011011011010010100010000101001011001001111001010110101110000001110001110011000110010110000100110000010000011101100111111011011110110100100100111011110011110100000111101010010011011011110100010011010001001100110100100110100000010100110000111000000110110101000111000011001110111,True,True,True,True,True,True,True,True,True,True,241,249,115,49,22,31,29,257,256
597,01001101011011001100010110010101000000100100100010100110000101111101000100000000010010000111000110100011101111101111010001010101001100010000101101101100011011011100100010010101011010011111010111110001111011100101101110010101001101101101101111110001011111101110001110111010000010101010101000111100100000010111010101110110011000000110001110001011101110110110101111111101011000101110111101000100001101111000000010001001001111100111000101101000010111100110011001101100011110010110000111010001001001000101110100111001,True,True,True,True,True,True,True,True,True,True,258,264,138,27,34,35,34,257,257
598,00101100101011001010010100001000110011011101000010100011011010101000001011010010110000110001001010011100110011001100001110111100000001011101000000110100111110000111110011001011010011101100110110001010011001101101100000010010101111010010100010010011011010010001000010011001001000000010110111010111110111101000111000001100010100011011011000111101110010111000110110011101001001011000000010000110011001010101001011100001111110010110010011000011000110111001010000010111011010010011001000110100011101111011000011100101,True,True,True,True,True,True,True,True,True,True,239,268,128,34,30,38,32,257,257
599,11000000000000100000011000100000111100111010110101010000010100110100110010001110100001110110011001111000110101100110000010001010000110100000010110000100000010100001111011111001001110111011110101110111101100100100101000111011001111000111110101100100100100001000010101101110101001010000001011010111011001001111010000010010110111100001101000101010110001101011011010010101001011010101010001010111011010010100001110001110110000000110001010000101000101010001100101010010100010100001000001110111011111110001110101001001,True,True,True,True,True,True,True,True,True,True,233,271,153,45,40,36,36,257,257
600,00000111010110000111000001010001110101011000101000010111110100111101101110111110000000100101000000110000001101111010100010110000100010000001001000000000000010010011111101100000000010110111100110010111010011001010101011000110110011100111010011111110101010011100001011110111100000001010101111101000011101100010000001110101111001000011000100000001101010000000111111110011000101101011000101010111111000010100101010101010011010001100011110010001001101100100100100010000110001000010011001000000100000000111001001111111,False,True,True,True,False,True,True,True,True,True,228,238,124,65,34,35,37,257,256
601,00111010111111011100110001001101010111000111010110000101001000011101100001111000010000100111110110010100010010110010111011100100101001011010100000111000101001111100010111001100111010111111010010110110111110101001111111101101111100010001010100100101011001011100101010111110010000000101100000111110000100110111111111010001101001110111100010001011101110110000011110000100100101001010101001101000111000101111011100101110110011001010110110110101110110000101100110011101110011110111000101110010101101100100001100010101,True,True,True,True,True,True,True,True,True,True,270,268,141,19,41,38,27,256,257
602,10010101000010111110011011110100111001000011011011100110010010011000011011000010001001010000111111011000101110100100110111100011110100101100011001000001100001100101111000111101111001001100011100110000000001100001011000100110110010101011011010010100000000111100011110011011000100111100000000100000100011100101011000111111101110110110101011001100111110000100100011110100000100111001010111000111001011000100001101100101110101000001010110111110000010110001001000011110010101001111101010111000011001111100110001111101,True,True,True,True,True,True,True,True,True,True,248,245,110,37,28,34,35,255,257
603,10111100100001101110100110000001100101011001011110000010100010111100101101011010010010100000001110111100110000111100100001101010010111111000111111111110000100000000101010001001001110100111011000001000111011001100001000000101010010111110010101011110010011110011110001011010111000000111010100000000001011110001011100011110010110011010011101100111011111111000011100111111110000010111111011001110101110110010101111011010010011010000010110011011010111010110001000011001100110100000110110000000011111111110010011001100,True,True,True,True,True,True,True,True,True,True,257,238,114,47,31,30,27,256,256
604,11101001011000110000001011110111111001011100100010111011101100111010111010101011100111100111011010011100010110111100011001010010100001010111011010001110000111100100101000101101010111010000011010110010011001011101100001000101101010101111000000011011110111010110001100111101100100000000000110100001100111101000110001000010110100110101010110011010101011111001011011100110001100010000101111000100101001001000110101111110010011000110011111111000111110001111110011101011111111011111110000000001100010101110000111100001,True,True,True,True,True,True,True,True,True,True,265,253,128,31,38,28,31,256,258
605,11111110100011110011111110000000100001100011011111100011101010010011111010111000110001111001001100101011011000100100010010000111000101010101101011000011011100110100001000110110000111100010100110001110100010010000001001010010001000000010100000000101100011111010000101001111100011100001100000101110100001101000000001011011111110010100110111101000100011100001011110110010110111110110000001000010111100100111101111010001101110010100001010101110010110111101100001111011000010011101010111101110111100111110000000111000,True,True,True,True,True,True,True,True,True,True,248,236,114,43,27,33,39,256,257
606,01110010000011001011010101100111101000001000110000010110000011001110000011111100100000011111101111000001101000101001000101010100101100111100100001101001001000100101100110111111001101000010110011010011110010010001000000101110001100110111101100101011011110101011011000000101000111010101100011000001100011011111010011000001000001101010011010110101101111000100001000111100011101001010011101110011110100000101101001101000100110101100111101010110000110101011111001000101101100001100111010011111110101100110100111110100,True,True,True,True,True,True,True,True,True,True,249,261,130,34,31,29,32,256,256
607,00000000101010101000101101001100101101011100000000010111110111111000101111101111000111101010000111101001010111001000110001000110101110100000111111101011101000010010101110000001111011100110111000101011111011000100010101010001100110111110100101110011101101011011101111111010101011111101011100110001100010100101111000111100111001111101001111101111101000100000001001010101100001100111101010101001101000100111100100011110001101111100000000010111101111010001010000110010001101100111111000110011001111100001111011000010,True,True,True,True,True,True,True,True,True,True,269,247,131,32,37,25,32,255,258
608,01011011101101101000010101100010111011101001001000110001110110101010011001000001011001110111001100101010011111010001101011010000100000010001100100101101110001111111110001110010110011111001110110011110111101100101000001001000111110010011011000100100000011111111010101100010010101011100101011011001001111001101100100001110111101011001111001101011001010110101111000101000000111101111010101010010010010111101011101110011101101000101001010100001111011001001100000001100101010011100010110000100001111111010101001010111,True,True,True,True,True,True,True,True,True,True,264,274,147,23,41,35,25,256,256
609,10101101010110000111101111110011000000000010101010101000110001010000000011001101110101000000001100011010111001110101010101100100000011111011000111000101100011000111101101001001100010011100100000000110001110110111100001010110001010111100011001000101101011110110110100101110010111001101111110111001111110101111010011101000101111000110101110110111001011111011001101110000001000011110100000111010001001011111010100101111001100100001000111001110000000011011111001001111001101100001111101000111110011100000000000001101,True,True,True,True,True,True,True,True,True,True,255,241,118,50,31,22,31,254,261
610,01100001100001011100101001001101011011010001101011011011011101001000000110010000011011001010110001101000100011010110000111000001000101010110001001101111011011110000101000111101101100111110111101001010010010000011111100001001110100010100110001111110011100100110010110011000101000001010100011111110001101110110001001100010001011100100011101011101011010011000110100101001011101111110001111010111001101001000010100110001101011000001100100011000000100001101010011011111010010010010001101001001110000001100000010000010,True,True,True,True,True,True,True,True,True,True,240,263,128,31,26,36,38,257,258
611,10001110111111100001000001000100010110100001011101001101100011111010100011001000010001110001101100111001010111110001011001000001001001011001001111100111001111000010111001001111011001101000000110111001111100110001100010001001110000010000101101110100110100011011000001000111010011001000000010100111111001001101011110101001011001100000011010111101010000111011101100000110011101100010100100101011010111111010110100111000001110100110101010011110010000010001101111011010000101010010000011000010000011101011111010101001,True,True,True,True,True,True,True,True,True,True,245,255,125,36,27,33,35,255,257
612,01010010010011110111011011001000100101101001001000000011000100010101000110111000101110000110100100001001111001010000001001010010010010100001110011011111000110111001110001000011001110001110001111010100001000000011000101000100010100001101000000000001111110100110110110110100111001100001101010001001101001110111111111011100101111100101111001001001000100000111010100100111100001010011000010000010001111111101101101010001101011001011011010001010011000001110100000001001101011101001011000100111100000100011111110001010,True,True,True,True,True,True,True,True,True,True,234,253,126,40,23,41,38,256,256
613,10010010010101111110010000011110100101011010110111100101010001110000010110011000111110001000010010010111010000010111101000110010011110011000010000000101010101001011101100110110001101000000011011110010100000111001111000101001010011101110000101100010000110010010001001010111100111001110001100110011011000011111000110110001110111110111110010000101101011011000001100111110010000010100011010011111101111110011101100110000011111001100010101000011000111011111000111010010000100001001110001110011101000100110000010110100,True,True,True,True,True,True,True,True,True,True,247,246,111,33,27,35,36,257,255
614,11001011011100000110111110011101101101110110000001001011100111010100111010110101101001011111001101111111010100100101011010000000011110110011110010001000011111000111101101010111000011001100110110110011010111010111101110001010010000111010010010100001110011001010000001011000111000001000101001101010010001000010010001111011001101011001110010010011010110011100011011111011110111100111101100110100010010100001000100100110010111100010111001011010100010111111101111110100000110010111110111100111001010110110000011100011,True,True,True,True,True,True,True,True,True,True,267,261,127,25,30,33,26,255,256
615,01100110001001110001010111110100100001010110010111100011001110010101011010110010111111110100101011010100100100110111000100111001010111010000000101000100110101001010101110100011100011011001010110010010001011001100110000011001101111111101100111010011001100000010001010010010101100111111111101010110010001101110111000001011110101000111101110010010110011001011011000100001000000101011001100110000101010010011001010110010011100001100000100000000001100001110111111011000100010111010011010100001111100010000101111111101,True,True,True,True,True,True,True,True,True,True,250,268,139,30,41,40,29,256,257
616,10111100011010010000110011101010000111110100111110001010110111010001010000010001010011010011000010011011111011010101110101011100010101010011111100001011111000100011101101011010011111100011001100011010011110110101101110111001111100000010110110110100010011011001111011101011011010010000111100100010110110010100011100011111111010111011011010101111110101001111011111011100000101001100110111001110000110111111100101101101101000100100110111010001100000111110011010011011111000000010100111001010101001011101100100100001,True,True,True,True,True,True,True,True,True,True,276,265,138,20,30,24,27,256,258
617,01011011111100001000101101110000001011010111011010010001000010010111110001111011000011011110000101001111100100010110010011000100100001111100100111110000010111011100101011111110101000101000111011011011000100101000000101010100110001111100001111010100110000111011110001101011000100111100010001110000011000100010000000011100100001101110010001111010100110100111000011000110100011110101010110001101001110101111011100100100011000101000011010111010110001010110000111110100000001101010100100111011000110100100101100101101,True,True,True,True,True,True,True,True,True,True,247,258,131,30,32,34,40,257,257
618,10110101101010011000000111011100110011000100100010110101000110000011101110101101111001101100011000110011001010110011100001111100101011011000010000101110010010101111000011110100000101111110010110000100111110001101111110101101110111000010001000010000100011001001000100101100001101111010101110100101000111011010001111101000101110111100110010110000110101011010111110111011000001001110001101100011011111100101010100011111100001111100000011111011011010100010010110010010111100001101000010010011001000000010000001000001,True,True,True,True,True,True,True,True,True,True,251,253,124,34,30,34,37,256,259
619,11110001100101111110110000101001101011000111001100111011010110010101110110000101111110111110101111010110110100010100100000001011011001011011111111110000101011111011010110000001000111001001100100011001010000011000111011001100010101111100101001000000101011101100010010000000111010100001100001100001110100101111011100110101011111111001001110100111000100110111000001011000000111111001110001001111010110110110110100000011011111100011101111010011110010110100101011010111001111001011111111101101100000000011011001010011,True,True,True,True,True,True,True,True,True,True,270,249,123,36,33,28,26,256,257
620,10010000001101111010100110001011101100000110111011001111110011010101110000101110011001011110001110000100100001010001001001111010111010001011100110100011000000000111001001000010010111010000011000011100010001001100000000011011011100001111111010111011000110101111101111110000001101111001000010101101001101000011010100000111111010010100011101001111101000110001001000000011010011011100110000010110001100000110011000000110010111101010100100100100100001011110101001110000110010110111010111111111000110110111011111111101,True,True,True,True,True,True,True,True,True,True,250,241,115,45,24,29,34,256,257
621,01010111011011101001100110100111011011101001001000100110100011111000011111010010110100111110111010000101011011001110111101010100001101111001110010000010101010010001001011000010111110000010001111111100011100110011101110010111100011111000111011010010110100111011100001010011100111100011110101111101000110101111011001110101001100001000101001101001001010010000010111010110110010111111000000000111110110110010000011110000110000010101011110110010000001110000101001001001100110011000100010011010000110000010111111100010,True,True,True,True,True,True,True,True,True,True,259,255,127,30,28,32,30,256,257
622,11111011000011100000111000100001111001010001010001011011110011110010001000010100110010001110010111101110101001111011100101111110000011010011100001100010100000010010100011101000111110010110111001110001101100110101111110000010011011101111110111010011000111111011001001001010111011011000101001100110001011011100011101001000000110111001000111101100111001110000001101111010000100111000100100011011100100101001100010100111010101000001001000100010000110101010110011010101000110000110001100111110000100000000010101011011,True,True,True,True,True,True,True,True,True,True,249,251,117,31,27,34,37,257,256
623,01101111010011010000000000010101010101101010111110001110101100010110111111101011100111001000010011000000111101001001110010111111100010100101111100101010000001101000110001000100010110000001100010110011000000111010111001000110111010111000001010001101101101110101100100101110001111000011100000001101110101101010001010101011101110110011101110111110101011000000011000111010111100100001111100101111010100000011000101111111101000011011110001110110101000101101100001000011111011100111011001110000000011111001110010010111,True,True,True,True,True,True,True,True,True,True,259,248,129,44,37,25,32,256,256
624,10101101111100010110011110001111111110111001000000100000011101011000111011100110101100001100011110100101111011111110101111101101000100110000000100100100100110111011100101110010111001111101001010000000110010101110010110001100010001010000000100011011101001101111100011000010111001010111001001010111000100001000000111101001011010000111100000111111011001001111110110101011101001111010101000011100101110011010101111101111101111010000101000111111001101010100011010011111001001001100000101101000000100010001111101111101,True,True,True,True,True,True,True,True,True,True,265,247,127,34,30,32,30,256,257
625,01000101000001000101110111101101001000011001101101100101001011001111110101011010000101000010011000000010110111000001001101100011010101010011100000010000011101000011000111011110011110011000100011100000001110001000000111100100000010000001100010000000111111110111110111000101001001110011011111010101010100100000001111100001100111111101000001101100011010100011000011101101000011111010011011000110000110110100110001001010101010111011101111101010001100010001100001100101111011011000111110001001111101010000100010101100,True,True,True,True,True,True,True,True,True,True,240,243,119,46,27,26,41,255,255
626,11010000110011010011001001000101110110011000011111000100000100100011001110110010101110101101101001101000101100011011100111000101000010101110111111110100110000000010000101101101011110110001011011001101011100110100001001111100001010001110100010001101001001011111010000101101100010011011100000100111110011011001110011001010000011001100100011011111110110000001110000111101111100011101000011100101010011101001001001010111010000010111001101100101000010101000101000111001010000000111010111000111011011010100001001001010,True,True,True,True,True,True,True,True,True,True,247,264,131,31,29,35,34,258,256
627,00011101010011000000100110010110010110101010110101100011011011110001000110100011011101011101000010010010001011100011100010011001101010011000111100011011111101101110010110101011010101011111110101010010011000011001001000100110011111001001101100100100100011111101110000111010000011010111100000010000111011101010101100111000000010110111000001010010111100101010000001100100001101001000101110000001000111101011101010100100110100011001001010010000000100100011011001101101101101111001111100100001001111001011000100011100,True,True,True,True,True,True,True,True,True,True,245,269,136,30,33,37,32,256,255
628,10100101111110110010011001101101100100100010100111000100101011011000101101011001011111001000000101100011011110100011001110100000011101111001100001000010101011011110101001110100101010001100100100111000000101000000111101000010101111100111110010101110111010010101100110011100101100101111100111001011101011011110111110011000000000101001101111010100111100111001110101010010000000100111110100011100010110010101011100111011101100000101011111001111100011001100000000110110010001010110100001111010000101111011011101111100,True,True,True,True,True,True,True,True,True,True,262,262,135,34,38,32,23,256,255
629,01001010000000001110010110111001111011010101011111101010000101110110011001111000011000001111001111110010100100001001001000010111010011010011001010001101000011110101010001110011001011010111111000111001000011110110111100100000010110110011001000010001100011100100110111011111001010110001000011001010111010101101100011110111100001001001011100011101100000010111101101110100110001111101101101000000111000011101000110111100110111011111100111011101110100000010111010110111010111000000010011001110100110110110010111000110,True,True,True,True,True,True,True,True,True,True,263,253,121,34,27,27,28,257,257
630,10000000011100010010001010000111110111001101111110011111100111111011001010100011001001101001011110101000010110100101011011000100111011010110100100101001001110010000101110110111110011001001111000111001011000111110000110010101110011110011110010000101111000100111100111101010100001000001011000101011010001010000000000100111001111100101100101110111100110100001110111100000110101111011101001011100011010110000101001000010010010011000101100001010101000001100010010000111010101100000001100111011111101101100000101001100,True,True,True,True,True,True,True,True,True,True,250,256,127,35,34,38,30,254,255
631,11111001000010001100001010101001011111111101001101100100011110011000001111011111111010011000000010110001010001101101010000101101001100100011000101101001100101011111101011101001010000011001000110011011000101010001010110000001010100000111011111010010111011101010001010100110001010011011101111011100001111101001101000010110001100100110110000110100001001100000011110010010111111101111001000101110100110011100010011001101000110001001100001000111111000101101011100011010011101001000101101010110100110111001011110010110,True,True,True,True,True,True,True,True,True,True,254,266,136,24,34,34,34,257,256
632,01010011010111001100111000101010111111000010011011101110111111001101000111101000010111001001000001111000001010111100000001111111110110111101010100000110001111001100100101101100100111000010000100111101100001110011011100101111000011000110001111000111000110101000100111100111010111011110110100011010101110010100100110011000110011010010110110010111110110101000100100110010100111001110011000100001000100010111000101000110100001011010111010101010000000000110101010001100101011111110010010011001000101110001011000111100,True,True,True,True,True,True,True,True,True,True,255,259,126,25,34,32,33,254,255
633,01010101110110001100101100100100011111101101110110100101110001100010000000100111110010010001100011101000101111111110001110011010010101001101011101010001111000010111010111101110001010101010001001111100011100011100111011010110101101101011111111100000010100101110101001100111100000010000001111111010010101100101000111101000101110001001111011010010100001000101010100100111001011011100111110001101001010000001111001111010110110111100110111001000111001100111101000011010101011001001000110100000001011011111000001110101,True,True,True,True,True,True,True,True,True,True,264,264,142,25,38,30,30,256,256
634,01101001010101100000111101110011001110101101100011101100001000001000111100010010110101101101101001001011001000100001011010111001111101110101010101110000000110010110110010000001100010001111010000011000011111001111100110110110100011111001000000000111101001010101111011100010010110001010011110111010011110000101110110100000011101101001001001111100111001111101011100101001000001100011010001101101000010101001110010010011101111110000100001001011011111011011001011001000110101010000001111001001011000010010110000000100,True,True,True,True,True,True,True,True,True,True,248,259,130,39,30,36,30,256,259
635,11110111100110111101011100010011000011010110101010100000101010100110100011101101100111000011010100110100000000100100001000101000010100100111110101010011101100101001110001000010000001110000111101001001000001110010000100000010011011101011101001010011110010010001010011011111011101110110010011100110101010100000100010110001000000000001110011100010011001011110100010101111111010110100011110010101010101100010001100100111000011000011110011100111001101010111111100011010011001011100011110001000100101001001001110101110,True,True,True,True,True,True,True,True,True,True,243,266,140,34,35,36,32,256,256
636,10111110010000001000011001010001010101111000110101100101010011000011001000111000001001010100110000011011111011011010101000001010110110001011001000110011100111000101111010011101101111001001010111011001000100010101000110111110000101000011111011111001011101110011011110110001111010111010010111011110110111101011011111011011000011001101110100011101001100010011101011111001100110010111101001110100010111010110010110010001010010010101110101010000100010011100001101100000100000011001010110001101000011001011011010100100,True,True,True,True,True,True,True,True,True,True,259,276,145,22,38,34,30,257,256
637,11111011010000011100100001011111010110001110010010000110110011100101111100011111000100001010101101001111101110001010010111111010110001010111010101001111000000101111100111101010111110001110010001011010100110100010101010101011100011110001100111001100000011000100011101011010000100001001001011101111110000001100110011011100010000011100110011101101011111111111000110001101111001010000101000000111010101000100100010110010000001111010011011001011010100000100101000010110100000001011101001101100001011010000011111100101,True,True,True,True,True,True,True,True,True,True,253,255,135,35,39,33,35,256,256
638,01000010001000010000000101101100111110001010110001100000111100001010111001110110001101111000100101100001101110001010101011011011100100011110100000011001011101111101010001110010110000101110001101010010000110100100101110000000110011000110000011000000000000001100000000101111111111110011001100111000010111111100111110011000001011011001111110100111001000010011111000101000100110010001110101000001001101011000011111001010001101010101111100010010011111011111000001000101101001001100001101101101011011010110111010011111,True,True,True,True,True,True,True,True,True,True,246,238,111,47,29,31,36,256,256
639,00001110000110111100001111010111111110110111100101100011100101101111010100110110100010100111010110101101100111000100001100000001101011100000010111111010010001100000110110001010010000001000011111100111001110100000100101101011011101011001101101000100110100101100110000100001100010000000000110111000010111000001111101111101011001011001111111100011110001100011010110111000011111111011001111110010100111101100000110000001101001110011010001000001000001100111010010011011110000010001001001100111011010011010001011100000,True,True,True,True,True,True,True,True,True,True,251,235,103,45,20,25,34,256,254
640,11110110011000010001110101000011110001010110010011001010101010111110110110001101000011010000010100001101110000111100011101010101011001110000000001010110001010111110110111010000000011010101100111011110101111010000101110001000110101011010101111110000110001111011010001010111111011101101111100000101010000100100000001111011010110100001101001011111011010101101101111110100011100000101111100110001000111010010110001011011111000111110101001110010010110100010000000111001111100001011000011010010001111110111000110001010,True,True,True,True,True,True,True,True,True,True,260,258,143,36,40,24,36,256,256
641,00000011101000111011000000110001001011011011010001011101100010100101001010111100001100010111000101000011001100110001000101100101110111000000011100101001111000000000000001100000111001100111110111001101010001111011000011101101100100111001001100111001001001101011000110101100000010010001010001101011011111001000110111011111010011011100011000101001011010110100010110100111101111010110000010100101100110011001001011101110010010110001101101001000011011000010110011100001110111110011000101100101000010111110000100100001,True,True,True,True,True,True,True,True,True,True,242,258,118,37,29,36,34,256,258
642,01101000100110110101010000010000011010100100101000011100000110111100101100001001001001100100000011101010001000010100101110101001011101100100101100111010010101101000011111010101110100000010110001100000000011101011010001000001111111100010101011000011100001100000110100110010000011100111110101001101000000011000100111010111000110111101000110110011010000000101111011111110101001100010001000011100101110000001001010110100100010000001001110101111000001101110111111000100110100111011010111001100111101100111101011011110,True,True,True,True,True,True,True,True,True,True,240,257,134,47,30,31,33,256,256
643,00111010101101000101111001011001100000100010111111011010100110100111000110110111111001101111100111111110111110010000011101000000101000001100100010110000110101000110101100110100110000111010000000000100010100001010011111010110101111001000010101010001101011101111101001001100101011110111101011000100010001001000100111000110100111000000011010100101011111111101100011101011000110010001000110011100001000011100001001111011110010110001101011001011110010100011010000110100110010001001010101001010000001111110101101001101,True,True,True,True,True,True,True,True,True,True,251,262,138,31,34,32,34,258,257
644,01111010000001101001110101101110110011000111101000110000100100110011101001110000111010101100000111111101010011111111111101100100010010110100010010010100001000111000100010000000110010000111100100111101101111101000100000110111011011001010011010011111010100000110010000010110111010100111001100110100000111010001010111101101000101111001011110001011100010001100001001011111001100100111001011001100100010001101111011001001000100001011000010011000010100000011110011111100110010000100011111010111000111111001111011101000,True,True,True,True,True,True,True,True,True,True,252,245,112,29,20,36,35,254,255
645,11101101011111101111000010001001111001000011001111011111001111110000010000001001001010010110110000010100000110001000001000010111000010101011100001111001000000011101010111001111100110111011100000001011001100110110000111111111100010000101111000011010101000011101111101001011010011101000000001011000101111000100011010001101100111111001010100111001100000010001000010011101010110110100010010111100010111101110101011001111001110110000110110111011111101001111000011111110011001111000000001001001110101101111110010110101,True,True,True,True,True,True,True,True,True,True,259,235,113,44,28,31,32,258,256
646,01111011101111100111000110101111110110110010011001110010001010010110101100010110010111111000010001111101110000101100100111010100110000010110011100001110000000110010110001111010001111011010101111011101111000000010110001010011000100101101010010011001000111111011010000111101000100011101001111010010010110011111111100101001111100100111110010000101001001011010100011000011111100101001110111010001001110110100000001011110011001111001101100011100010111010011011110011010111000101100110010000011001111000100111001101110,True,True,True,True,True,True,True,True,True,True,267,251,114,22,26,33,28,256,256
647,10000101010111101110000001001010001111100010100011110010111010100000011111000101000110001110100111100101110001110111100001001110101110010100101010101101101111011110010011011111110110111011111011000010001001000001000100111100010010110000010010111111110010011000011011000001111000011100000110100011101001111100110100111001010011111001100110010111001100001000111001011010101110010101111111100010111100111001000100100110010100110001001100010000000000001001111000001010101010001111100110010111010011100010110001000010,True,True,True,True,True,True,True,True,True,True,252,246,118,32,32,39,34,256,256
648,01101011100010011011000100000001100010000110010111011101111011111110011011110100001101110010001011111001001110010100101111111000011001011110001101100011101100000111110110100001110101001110011100100001101101111111110110000110110011011001000001101010010010001011111111100001000100010100110110110110111000100110011111100011000010110100101011111100110010111001000111011101110000110011111010000100000001100001001001001101001000010010011000111111010100110111011100011101000111001111110101001011101111011111111010101011,True,True,True,True,True,True,True,True,True,True,272,242,109,24,20,31,31,257,256
649,10101011000001111011000101011110101011010000101111111010110010010101111100001001010110111010110000110100100110110010110001001111011101001100111111001110000000000011000010010000111110011110101100010011101101100100100000110010110010010011111100100111011000001110011101001000101000001111010010101011001001101000000011011110101101001001101000000101010001100010100100100010000000100000111110110010011011100100110011111000011010000111010001100010110000010000100110101111101100000110110100011011110010001010011011001111,True,True,True,True,True,True,True,True,True,True,244,257,126,41,27,36,30,254,256
650,11011110011011100000110001111010100101010010101111111011010010001110100100000011100000110111100110100111100110001000000100010101010111111011110000110010101001010000010111111011000011100111110101001110011101001101011111110010110111000010000110100101001101001011101011110101010000010111010000100001000010011100001101111010000001011000111000100101010001011000001111111101001010001010010001111010001010100100100100011101000101100001111100111111000011111001110001011110011010010100100011001101101010001010111101100101,True,True,True,True,True,True,True,True,True,True,255,261,142,29,37,35,33,257,256
651,01000111001110011101111000101110111010110110100111000111111011101011010000010101011110111100010000111111010011110100110010010001001001100000010011110000010011011110101000110100111100010101011000001101101100010100001000111010000100010000110000111111111010011100011101001010110010011010000110000111101000001010011001000101111001010111011111101010001100001100001011101001001001010110100100011000000000011000001111000110110011111110001101101110000001001110100111001001101101001001100100110111110011100000101110100011,True,True,True,True,True,True,True,True,True,True,251,248,117,34,22,30,35,258,257
652,11011000101111100110100010001100110001101111111111100100111100101000010000000101010010100111000011011100111110001111101011101001011001110000001110111011010011001110000101100010001000001010110110111010100010101100100111100001011100110010101001011111110001110000000000110010001000011111010100010101011001101011010110110100111001111111000110110011001110111001111011111011111000111101010111001110011111000000000100001001011110011101110000101010110000000111111000110000000110100011111100110011100101110111101101111000,True,True,True,True,True,True,True,True,True,True,266,236,108,37,30,25,29,256,255
653,01001001111100110011100101111000010100010110000011100110000100100110000011101110110001111111111101110001011010011100110110101110000101101111000101010010001100000111101010101101101011001011101000111001101001000110101101001010001011110011101101000100110010101100111101111001001101101110000000111011011010110100101000011010000101111100001100111111100001000111110111101000001001110100001111011100001100111011000001110111110100010101011010011101110100101111101010100000000001000001000101110011111011110101010011100011,True,True,True,True,True,True,True,True,True,True,264,254,128,32,30,26,30,257,257
654,00001101110110011101101100011100010000111011101011000011110010111100101000101001011111110111111100100111101101110010100110000010000100110110000000101001101100011000001011100000001100110011101101000110100111010010001100111100111110100100010010001110110001011110011001110101110011010110010101110000110001011000010101111000000111100001111100110111110110110011011000101001110011001101110010111111001100101101010101000001000011100010101110010001011000011110001001110110011001100111111000101110001011101100100111100110,True,True,True,True,True,True,True,True,True,True,262,247,104,26,27,30,31,255,256
655,10100011010001001001011110000010011110100111010100100101010100011100101100000010101101001001101101100010110100110101111101101110010110010111101011100000011011001110001011001111010001001000110010011111101000000111111011101101100111001100101010011101000100110010111000101100101111101100111100001011111001010001010111001000011100100010011000100010000001101100110010011111000100000101011110000000010000100001001000001010110011111101110010111010001110010011101111111111001000111110100111111110110100001010100111001101,True,True,True,True,True,True,True,True,True,True,257,257,128,28,30,41,29,257,256
656,10110000110010110100110011101000101111000110000100111011100001110000110111110001011000100011101011110100000000110101011011011000011100101011001000011001111111001001111001111001111110001011100010011001110111000100111110000000111010001001100011100000011111000001101111110010101010011001001110011000111001101011011011100110010101100010100111100001010110011011111000100110000111110011001110011110111111110001000111101011011000110100000111101000110111011101001001010111010101101001000010001011001100000010010010101111,True,True,True,True,True,True,True,True,True,True,262,243,105,28,26,27,33,255,256
657,01100110010100101011010011010000111100101101011011100010111010010100110100000000111010110010001110010011010101001111110000011111010100110001011010100001011110111101011111101011000110000010111110011101110110000010001110001011111100111010010101111010001000010110110111001011100010110001100110111101100100100100011001111000101110110110110010000001000110101101000011110111110010111000000110011101100010110010000001101001011011000001000011111011010111000101111001011111110010010011000100001001111010111010011101001011,True,True,True,True,True,True,True,True,True,True,262,262,132,28,33,35,29,256,256
658,01101001101111110011001001101111001011100100000011100110000101110001100110011101010101001010010100111011011011011001110010110100101001111111110000100010100010011100000010010111111101001010001011101010111100000100100000110100010100100100001011110100000101001100000101111110010101010100010111010110110110100010011111011001100001001010010010110101100001101011100111000010011011011011010011100000111010101001101100001111010011111000010000011110100110010010000111110011100000010111101010110100011011111110011101011010,True,True,True,True,True,True,True,True,True,True,256,269,143,30,35,35,26,256,256
659,10000100111000010111011111110110010011000001010111010011100111101011000111011110100100001011101010101000011101001000111110001001001100000111100011100100111011100100010110011011001110100001010000111001101101000001110010000010111011110001010001011001010110010101111111011010101111100000111001111100011110111111011000101011001110000000110111100010110110000000011110101000100100111111100001001011101110000010101100000001111001010111110000101110101010111100111111100001000011100110000001010100110100000000111000011100,True,True,True,True,True,True,True,True,True,True,255,238,117,44,34,30,33,255,255
660,01000000000101000010110110100111011110101010001000000000000011101001101001011001010100011100001101011111001001110110101101001000111011110001111111000001011010001111111100111101010001111110001011110001000000111010001100111100001010100001101011100001101010010000010001001100000110111100001100001000000100011101110101000101111010101100110101000101101001010100011001011000110110100101010001111010011001111110110100010011000101011001011001001001110010011011001000110000101000100011100101001000100111001110100110011011,True,True,True,True,True,True,True,True,True,True,240,262,136,36,32,33,37,256,256
661,01101101101111101111111111010110110010011110010011010111011100110111100000110011101111100010000111111111000101111000001011110010001010110000001100000001110100101110111000101100111011100011000011010000001010111001011000111011101000100010101000000100100001101101000000101000001001001101101110111011011111000110010000111000101100111000100000001100000100101101111100100011110100110110010111100001100000011010110011100110000011010110110110100100100000000101010001110101110111101011011000111100000000101110111011010100,True,True,True,True,True,True,True,True,True,True,253,241,114,48,25,29,33,257,255
662,01000100110010000100000001111001000111110101010101011010010111011001010111100111101000000011110000001101100111101010001100110000001010101001010011001001110110110000111110101111101111001010010100010000001100111100101000110011011001101011000111111111100010111101011011000010011110101001100000011110110100110010010110001011110101010101001011111100100110100100000000101000101010100001011101111111011010001000010010101011110101111101110101001101000110110011100001011010101100010110011010001100001100001111111101001001,True,True,True,True,True,True,True,True,True,True,256,268,149,33,42,30,28,256,257
663,00101011101101010001100111000111101010000111101100110010000010101000011001101101111110000101001110001000111011001111111000110111010000111010110001101001101100111010110000001101010111011111100110110001101110110111010001011101000010110101011010010010110101011011010111100010001100100110000010010001110000100101110011001101110111100110001011010110111110000111110000110010001101110000111011111000111010011001011110111000110110011000111011011110010000110101010000110001101000011100001101101011101001011001011110110001,True,True,True,True,True,True,True,True,True,True,267,262,123,20,28,21,34,257,258
664,00111010100110101111110111001100001100011100001011101011010111100111100100000100111011111011101000010010100010111111111101001111110110111001000101100100011001110000010001000000000101110100100000111100111111110010110001100010111011101111110000110011011101101011111111011111000110111101011101010010000010101010101001010101111111000110111001101000110001011000000111011011100110001001110110010110110111001001011011111011110010111101011000100001001110000000011001100100011101111110110110101110110011100000001111010000,True,True,True,True,True,True,True,True,True,True,275,241,116,32,28,27,27,258,255
665,10110100001000110011000101100110010000111011011000010001000001110100101110011110110110111000110001010010011010001100011010001111110010001101001001101011011100001011100111001011011101010011101011111101001100101011110010111110010111010010001110111000001010101001011100001100100001000010110010011011011111000100110011011101011100001101101100110000111110001100101000100100100100110011001011100001001100100001100110011100010011000111110001001111111101100000101100011001010100101010110110111001101111100100110110011000,True,True,True,True,True,True,True,True,True,True,255,264,116,17,26,37,31,256,255
666,10001111101110011010111100001111101000000100101101001110000110000010010000000011110101100111001011000100011111011010100011100101010111001100000100111100000110000111101001100111011001001001011000000011001010010101111100100100010011111010100100000011001110001010100010100101110001011100100101011100110101111011111111001000101011000110110011000011011001100111010001110111011101110111110110100001100011010111110111001011111011010010000100101000000101000001001110011001101100100100000111111101010100110110100011011010,True,True,True,True,True,True,True,True,True,True,254,256,125,34,29,33,29,255,256
667,00001101001010100001100101000001010110100000001001000011001011011110011100110001010101110110011010001000001001001111111010000110111100111000010100011000001010000100011000111110000100010011111000110100100110110000111010000010011110010001101000010111011110100100101101000111110110111101100001111110000110101010001000110110001011001110100111110010111011101100001000101101100111010110011110111001000010100110010101000011100110001111011100100001110001101001001110101000001010001011000100111011010100011101100011100001,True,True,True,True,True,True,True,True,True,True,242,256,123,30,26,34,41,257,258
668,00110000010001111111111111101010001010011110000111111111000010111001010000000011100000000111010110001011101011011111011101011110111001101101010001011110001000111001011001110101010010001100110100011101001011101010011101110011001110001111110110101101111100010010110111111101110000001010110101000011101011011111001100011010000000001100101100110100010000111100010111111110011101111101010010111010010010100001110110000000100110001111111000010101000001110101011011101101011000101011111001010001110001001111010001110111,True,True,True,True,True,True,True,True,True,True,272,244,127,33,34,24,31,254,256
669,10011001111000110010010110001111100010111111000001011110110101011010010101001000010101101100110111011010101010101110111001000110111100100110110000110001000110100011110001100000100010101111001001011000001001111100010101110000010100110100111100111000000111101110110100010011010000011111001110101011000000010100111100110101010100100001111101011010011101001000101100011010111001111101001111011110100011111110011011110110100101100101100111100000001001110101110100011100011001100100010000001001111000101101001110101101,True,True,True,True,True,True,True,True,True,True,260,263,134,27,34,29,30,260,257
670,11001101011011100000011011110001111110000000110110001110001011111001011001011110110101110001110000101110101110010101110100010001100011010101010100010110101011010101100111110010111100001111101101000001000001010100110100001110001010110100111011001110010011101101100101001011100000000100101101011110001010111010010011100000111111010101001111101010001010010100000011100110011111000010111010111100001100101011110110101000011101011101110011101010010110010100111001010110000110100011011010101100101000100101100110010100,True,True,True,True,True,True,True,True,True,True,260,278,155,28,50,29,27,257,255
671,00111111110100100101010110010000001111010010111010000011000001001100100011001100110110100001100111100000000011011000011101011111111000001101100101111000001011000010011100110010011000011111011100110010010001100010010011110000010110100111010111111001110010110111101111001001111101111110101001011110110000010101011001000000101110010100011111001001001101000000011111011100100101100011001001100000110001111010001000110100000100001111001001010011001101101010000110101111010101011110011001011011101101001010101110111100,True,True,True,True,True,True,True,True,True,True,254,249,116,38,28,33,26,257,255
672,11010001000110110011100111011111011110110100011011100001111000000110001011010111100011000111011100000001010010010011000010010001000000011000100110101001111001110111110101110000000101101011000111110001111000111001010011111100010011010000010101100011111000111011101100001000100001110110001110100101000111010011101011000110111001010101000001110001101100000110000000111111101110011000110101110011110110001010110010000110010100101011111000110101111110100001110000110001101011000001001001100100000000001011111000010000,True,True,True,True,True,True,True,True,True,True,245,234,103,43,24,26,41,256,255
673,01111010001011101110111111100111011110100001100010011010100110111001111111011110011100000100011100011010100001110101101101001110111000111101010011001101010010010010001110110000000101000100011111111110111011100111001101101001111110111111111010000000111010011111110100101000101101100101110010000000100100111100010000110111111110001110101111100011000001011111000111110011111110010000010010011001010110100011110010010111111011011110101101011011001100000000011011011000011101110110011011011110001101100010010011001001,True,True,True,True,True,True,True,True,True,True,279,236,107,28,17,25,27,255,257
674,00100010010110001101010000111110100110010100000001000100001001001101010111100111000000111011000110101000111010000000001100101010100100010010111011010000000010000011100111101001000110001011110110111110101110001111010001101110111111001110100000000100010110001111000110101010001011100111011110001111110110000011100101101110001011011101111000010101010101001111001010101001110110110110011010110011111011100111010000000000110001101001110011101011011111101111000100000001000110011001010111100011100001111001100111000011,True,True,True,True,True,True,True,True,True,True,251,246,120,43,30,25,34,256,258
675,00110111010111110000100100101001101000011010010000001010000001000111111110110010110110111001110101011101100101100111111011011101101101011011111000110101101010111010100100001010011010011010101110001101011010111010110100010000011001110110001001010000100100111100001011011100011010101010100011110011011001111101111001111000110011111101111011101111011000010001000000111101100010111000001100001111100001011101101000110010001101111000000001111101100001001100111000011011110011010101011011101111010010101000011000001110,True,True,True,True,True,True,True,True,True,True,266,259,132,31,31,23,30,257,256
676,01101000010111111110011011011011111001101101010100101010001010010011101110000101000101111111100101100110011110011111100010010100110011100101000001111011100001101100110111110101110111110000011101011100100000011011001000010001100110100000010011001010010010000111001111101000100000000110110011100000100000111010011101011001001000111101100100111101011111000001111001100010111011011101000011010000101100101100101100000011100010111000111111011000111100010100000101110001110110001111111101010010000011100101010110101001,True,True,True,True,True,True,True,True,True,True,258,246,117,35,28,31,31,256,257
677,11011101001101001010101011011011100010100101011001101111111110111011110111110111000111010001001000111101100110011111011001011000000100110100100011100100011011111010101010011000010101000110011010001011111000010110001000010010100100101111110100011010101010001111111111000101010010111110110110010010000110011100000000100111110011000001011100010110101000010100000001010010001010011110110110110111010101100100100010011010000101100101100110100111101110001110010000111010111000010100111100100001111000011011101000000010,True,True,True,True,True,True,True,True,True,True,256,266,142,28,35,37,31,256,259
678,11100000110011000010000000101010110100110011000000010101010110100101001010101011001010000111111110000110111101000010101110010110001000110010110011011111010000000110110110111010101000000101100011101101001111011101011111010111000100001000100100110001001000111001111110110110000011101000100100101110111000001101100000110111100000111000000111101110011101000000001000010000100001111110110011100110100110111001111110101010010101111011100010011100001111011111111000010111010000010000101001100000110110000001000100000010,True,True,True,True,True,True,True,True,True,True,241,242,122,54,29,31,36,255,258
679,00001000110100111111001110010011101110110100011101001000000101111010010110010101010010001110101010110011100100011100110001100001001110111010111101101110111110011110001011110111000101111001000110110111010111101110010000101010101000011101110000101100100000000111011111100011001001011000010111001011111000011011110101101011100111011011011000010101101100100110001100011010011010001000110111011001100011001011010101111011000101001101001010101110101101010100101000000100011000000101000000110010111011100100110111100100,True,True,True,True,True,True,True,True,True,True,260,271,139,25,37,32,29,256,256
680,01010011001101100011101010001010100101110011001110110101101010011001110111011110110101001111000110001011010010010111010101010100001001101111001011011111011101111001110110111001011000011010010001000111101001110110111100010001001010111001010011000011001110010001011110001011101000111000000010111010111111101001000000010101001100000110111110111010010110100001000001111010011100011100101011000001101111110101100000010000100100110100101111001000111001110011001101100111101000000111010000111100100010110111101010000010,True,True,True,True,True,True,True,True,True,True,259,267,138,28,32,31,28,256,258
681,11101100110110000000000011111110010110100011011011100111001011010001101100011111000100100100011111101011111111111010101111101110011101110000010000010011111101001101011110111100100111010010011111001001111011111001100001000010010101010101111010011011000101101101101110010100111011000010111010001101011110101001001010001011101010000011010010110110000010100010011001010010000011000000000010000001000000111111111011010011011100110011101011011111110101100010101000110101011001111111000000010111101100001010010001101101,True,True,True,True,True,True,True,True,True,True,265,251,131,39,30,30,26,254,257
682,01110101101010101101011001110001010101100001100110101001110110001001001001111010101100001111001011010101110111001010001101110111100011010111001100010100101111010000111101111001000110000110111110011000111100001111010011001111111010010110010100111011010111111111011011101010010001011010011010101000000101101011100010011001101100000000001100000110000110111110000011110111111111001000111101111001001111111100000101110000000011101010011110100010110000100101011001111101101011001111101000111011100101001000011110010110,True,True,True,True,True,True,True,True,True,True,272,255,130,29,35,24,26,256,256
683,00110010100111111100101111101100101011011010101011010010010001100001001100111110110110010110001111000010011001001001101000001100001001000101101111110011101101111011010101001011111110111111110100001100101000110111100110010001101101010010000010101001011001011000011110100101111101000011011000010001001111110111001000101101100000100011011100000011011010000001110111011101110101110101100001111110111100000001101111000110100111000111110110011010000110010111100101010101101001011101110001101010100000111001100010111100,True,True,True,True,True,True,True,True,True,True,266,259,129,27,31,30,28,256,255
684,00111100110111110011110111111000001110110100011001010010100110001111100101001110101101011010110111100001000101010010011111100011101100101110101111001101101010100000001100010100100011111000010001010011111010011101001111110111100011101101001011101111101011101001010110101100001111000001111111111111100110000110000110001001010110101110010011110011010001011010101110111101000010000011010101001010101001101010111000001010100010101010111101101010011000010001111000101100000100000110011101001111001100100010011001101101,True,True,True,True,True,True,True,True,True,True,268,266,144,23,40,26,28,257,257
685,10101101110100010101001000011101011000011111110100001000100001110011101010101110010101000100110110111010001010111101000000010011111011001011111010000101010010001010101111110100000000101111100100101001001011101010011010001111111001010010110101101111111101111011111110011010100000100000011100110101110010101011101111110001100100001010101110101001011011011010010001101101001000010101100111101000011100011011001111101110111000101010101110100001000001001011000111000010011010011110101001001010111000110100010111010011,True,True,True,True,True,True,True,True,True,True,262,279,167,26,45,35,28,254,256
686,00000101001000111111011000100011110010000101110111111101011100000101000110000111100111000001100000111001100001100111110110101111011010011100100010000000111001010111011100010010100100000110000111111011010101011110110010011111000000100000101001000001010111111000001001011110101001011100110101111010011100001111111100010111110011111110111110100110100110101011111001101111000000010001001100001111001111100011001000110100001100101000111010101101000101001010011110101110101010111110111001000101111100000011001000100101,True,True,True,True,True,True,True,True,True,True,259,240,121,37,32,32,33,257,256
687,10010100110100010001110111110010110011011100010110010011110101011000000001011010001100010101110011110101000100101001000110110000111100010111000100011001001000010010010010000011001100010001000111111001010111011111010001011011010010111101011010111101000000000001010110101101111001001010101010011111010101011100111010111000101001011011110110101010101101010000110111010010001010101110110110000110100101111011101011010000101010000010011010011000110111111100001000110010001110101000101110110000011001111001011111011000,True,True,True,True,True,True,True,True,True,True,253,282,161,25,45,37,31,256,255
688,11111101001110011011110111101111011101011000111011011110000111110111011100100100100011001001001110010110111100101111101110101111000110111111111100100100001101000100100001000110110101011000000010111101100101101101110010010101110001001001001010101111111011100011001011010001100000111111010011110100001001111110101010001001000101001100111000011111010110001110110111011111010111100010000011001001111101101001110111011111000000011010010011001101011110100100111110111100110010010010011000001110110101111101110000001100,True,True,True,True,True,True,True,True,True,True,281,248,117,22,21,32,23,257,258
689,11111110111000011001111111111110110101010101010101100011011110101101110000010010110010101010010110101010011011010001000011100110010010101100100000100101110111000110100110100110001000111111111010001000100101001111001110011000010111000011111101011001100001010000010010101101000010011000110010110111001000110111000000100010011000010000111010101000110110000011110010110100110011010101101100000110000110010011011011111100110110111011101001010111101001000101000001110001010101010001001100010100011111110101101101001100,True,True,True,True,True,True,True,True,True,True,255,272,144,24,39,32,32,255,255
690,10111111010010111110110001010100011001011011011110110000001100010101010111100111000011011101011000001000000100111011110111110001100111100110111000010100101001111010001000011001100101100111000000111001001100001001111101001000010000100000001001111101111011010000111101011000000111111010111101111000010101001010010010111001001111110101000101110001100010110100101100110000000011000011110011100110001001101011010111001000011001011011100010011001100010000001011001011110110001010101011110101111110110111101000111101101,True,True,True,True,True,True,True,True,True,True,258,251,124,36,32,32,31,257,257
691,00011000111110000110110101110011101010110001001001010011010000110011100000101100111111101010011000010000110101000101011100000101100011010110010000111110000000111111110111011000110100000101110000010000010000110001111110101000101101101100010110110010110011110011000010011011101000001110010110101001101111101000111000101000111001101001000111010100100111110010110001001111000011010110000010101101111001101010110000011011101101000101101110110011110101110110111111110011101101111101111110111011011010110111010000110011,True,True,True,True,True,True,True,True,True,True,266,254,123,29,29,23,33,255,256
692,01010110011010111010110111000100001111001001100101111011010010110011000011011001011100000101011001010000101010111000011011100000111111101011101010101010001100100010001000011001110101011000010001000001111111111001001001110100101000001001001110001101110111110000111010011100100010110101100110000010100110011010010110000110100011100101000111101111001000100001100011011110001010100110100101010001001100100110010101111000101101101000011000111111100110011011101010001000101001110011011010101000000111110100001011111111,True,True,True,True,True,True,True,True,True,True,252,268,139,24,38,34,34,256,256
693,11111011101010010110000000101110010000001000011100000001001101010000010110000100000000000101100110101111110100010111010101010110001101101111000011101001010010001001101111111011111011010011000111100111111010100000000101100101101000011010011110101100000010000010101110010010111001101111101101100101100111100011101101111001000010011101001101110010100011110100110011000110010000101111001000011110100111100011100100100000000100110010001101000000100011111101000100110110000101101001111111010000100101101001000111011011,True,True,True,True,True,True,True,True,True,True,246,247,122,48,25,35,31,256,256
694,10010110011111000100101010101010100111100111110011100010110010110011110001111100001010010110111011110110011111011111100010010111100111001100010110011000001111000110011011000100110001100101101011010001100000100010101011011101011111101000010110100111011111100110111110000001001101110011110001100111010111100001011100111011110001100101111011100010010010110000011100010010010001011010001011111011011110010011010111001011110001110110101100000100010100111001110011110010111011001010011100001001111001110100111001000110,True,True,True,True,True,True,True,True,True,True,273,254,114,15,32,34,28,257,256
695,10101010001001001101101000100101100101110001011000001000110100000001010000001111111001101110011010000111100001010100010000111100110111010000100111110101011010011010010001010010010010110000010000110000100101010001110011110111010010110001000111000111000111110101111010100010010101000101011100110101100000000101110000101111101110111100101110010000110100100101101110111100000100010011110101010001010011101100001001011110001010010000100000111010101000111110110000001010111110110110111010111001110011011011011111111011,True,True,True,True,True,True,True,True,True,True,249,265,145,33,36,39,35,259,256
696,11100101110001001100000110101101010110111100000101111011111110101101110010100101101111100111111111001101000101010101010011111010101110011111000110000000010101101110101110101010011010011100011011010010110001010000001111101011110001110100010110110100101101101111101001101011010110000100111011110000101001001000110100001111000111100110000001111100111101001110001111010110011000100010010100100101000001100001110001011101010001100101000000011110010000001110100001001100000000000110110011111100010110000000101000101100,True,True,True,True,True,True,True,True,True,True,254,254,133,41,37,27,31,255,255
697,01010101001100011110111111101001010111011110101011010001000100100011101011011010111111000101001010110010000011010110010011001110100010100001110000000001000010101101000001010110100101111101110010011100011011000010101110110101110101010000101011101001110110010110000001011010010010011011011100110011011011110000010100011101110010101001100101000110011011110011110000101110001100101001001110100010110111110101110111010011110000011000000111001111010110111110011111110110111101111101110110000000100100001010001010101111,True,True,True,True,True,True,True,True,True,True,264,272,151,30,41,31,26,256,256
698,11000000001010110100011100011000110011001011100110011010010111000101011110101101001110000010101100011101011011011000011001011111100000011110100001111100010011001100111000101001111011101010000000111011101001111011110010001011111100100010011010011011011000100101000000000000111000101101001100010011001101001101000111000010011010000011000111111100110011001101100001100110011000011001111000111100101010111110110010001010001101010011101011100001010011011001010011000100110000101000101111100000111000100001100001111111,True,True,True,True,True,True,True,True,True,True,247,245,105,36,26,26,36,256,256
699,00111101010111011011000101111101100011000000010100000110011100101001111100110110110001000000000110011001001001011001001010000000101010110000001011000100101001011010010110001001011111011101000011010101010111000111001110001001011110000000000001101110101110010011011000011000110110011001001011011111010111001011101011110110101010000010100011100010101010000111110111000010010111101100000100100100010110011001001010100010000000110100110100010111110010100000101001111011011000101110010000011110010000000011010111010001,True,True,True,True,True,True,True,True,True,True,235,264,140,49,40,40,31,256,257
700,01010010100001011010001111111011101111000101100010000000110010111010000010100011011010100010010000111100100001010001101101001000110001010100110001001001010001111100011011010000001001110101000110111000010100100001101100001110110100000100011011101001111000010100011110010101100101101011010101000011001110111100000100001011110101000111111110001110111001001111000011110110100010100010011110110100010010100111111100111000000111011101101000101011001011000010110001010010011010000110010111111101111011011100011101101010,True,True,True,True,True,True,True,True,True,True,248,263,140,28,31,35,40,256,256
701,10101001111011001101110001001001100010000010010001011011100111011100010110111011011111111000110010000100110010111111011101010010100111101011000110110101101100100011001111101111011001001011001000111010101111110110010001001010010000111001110101110100101011001010011100101100111111001010001001101001001010111001110111000111110111111101010000010010110101011010011010111100111011011111010010000000011001001100111011110010100111100000010110101000110011010011111110001001110011000001111001100110010110100111111010001010,True,True,True,True,True,True,True,True,True,True,273,268,133,16,30,35,21,256,256
702,01011001011110110111001100110011110011010010101010000110110110000000100011011010011011100010010111011001101100110010101001011010001110000000010001011011000101111100000010111011111110100011101111000011011100111110111101100000011000111010100111101101011101010000011001000010110111111000011010101111101110001100101001111101001011100000001001101000100100100100000110000001000011111001000110000010101110010100011001111000001100000101101011111110110011101100111101100100000100001001100111101010010001010111010101111110,True,True,True,True,True,True,True,True,True,True,255,251,123,40,30,30,30,256,256
703,10110011110100110011011001100101010100111000111001011011110100100100101110011110010001001101000101001000111111101000011010000011011111011110101110101010111100111110010001110100010000011100111011010010000101001111111000110010110001000111100111000111000010111011010111111100011010110010010110000100101011110011000011010110110011100101000100000001110000111000001011011000100000001010000101110111001011011100100000111001100100101011001110010111011110000100111111101101000100111010001001011011101110011100100101111100,True,True,True,True,True,True,True,True,True,True,261,256,121,24,29,37,29,257,255
704,00010100111001000001111101100010110011110011111111111001000011110111011010011000011100101101011001010011011011110011101001001000101001010011111010001110111001001100000000011001101101100101011001100101110100010101100010101001011110010000010111001000011011101000101110000011111011111000000110101111111010110111111000111110001111111011000101001001110111110101110001101110111101010000110010100010111010000010100011100000101010110101001111000100011111101010111010011011001100001010101010010100000110110011001001000111,True,True,True,True,True,True,True,True,True,True,266,258,133,26,36,31,29,256,257
705,10000101100011111011000001010010100110000011111100100000000010101100001100100001101010000111010001110000000100010101010011100101000001101100111100111011110111101110011000001101101010010001010111011011001100111010101001000110011001010001101101101110111011111001010101001101111101010001110000111010010000100110100011001111110011100110011010111110111001111001000111111001000000111100101000011100001110000100111000100111010001010011110100000000001001010110100110001101110110010101010100110101110110111000010100111100,True,True,True,True,True,True,True,True,True,True,250,256,126,38,31,26,30,255,255
706,00101111001100100110111111010100100100001010101000010010100001001000001000010011101011101100101000110110110111001011110001110100000110110000011110011111111101101001011010101001100000110110000010010001100111110000110110110110010011010001001111001100011010110011100111011010010000011001110011000100000010111001010010100110110110011100111100000101100110011101001100111100100110110000100001111101001010101100001010111010110011001000011111010100100101110110111111001101101101110110001110010011110110110000111011001111,True,True,True,True,True,True,True,True,True,True,259,262,119,27,25,32,25,256,256
707,10001010010100011101001110111110110101011000010001111110111100001001001011110001101101010000110100100110010111010000011111001100010111010000110010100110000011000011010000000100001100100011001010101100101000111011010010000101010111000111011011010100101011001010011000011011011000000000010010000101001011000001010011000000001011111111011011100100011101110010111001000010001010100100000010010000011111001001101111101010100111110000110010100011000110010110101100000101010110101100011010010100100010000101011101111011,True,True,True,True,True,True,True,True,True,True,235,269,145,41,39,40,35,257,256
708,11011001110001001010101101101010011110111000111001001000101101011110001111001010000011100001110101001001001111010101001000110101001011010011111011110100111001011101000100010011011101000111110110101001011100011111101110100100111001000111111000110101111000000101001000010000011111010010111011001011110101011010110001001101111010000100011111110100111111010010001111111110100111010110110110111010000000000110101110011000111000000111000000001010010100000101001111100100101100101011011101110011101111000001010101011011,True,True,True,True,True,True,True,True,True,True,267,263,143,29,34,31,26,258,256
709,11110111101110001010010000111101101100000100010001110100001111110000001000111101111010111000000000001010011110101101110001101000011101011010011110000001101100010000000011001010101010000100111111110100001001010111000011110110000000110011111110111011101100011111101100111111111111001000001001110011000100110111111001011010111011000010010010010001110010100100100101100001111111010000111111100011111101111110001001100110010010001000101101000110110010001001011110100101000110011110101111010011101101100000101010101100,True,True,True,True,True,True,True,True,True,True,261,234,112,38,23,33,33,256,255
710,01010001010111000110111110101101000011101110110110001101000010011101101001110110111011011110011111011110011101111010110100010110111100010001011101011000000111100100010110110100110001111010001110110100110110100110101111000111110010111011010001011111101111101111101100001111110000000001010101010110011111110100001000110000010011110111100000110011001000110011101101001100101101110011010100001101100111000000011100100100111110000101001010000110010100000000001000001001000110111101011010010111000101100100001000010110,True,True,True,True,True,True,True,True,True,True,262,253,126,35,26,27,31,256,256
711,00101101000001110111010110111101111000000000110111010011101110110011011100100011100001100110101101110110001011111011000100110000101001100001110000010100010001010101001011100000110111111001100000001101000111110100110111100000110011000011011001010001111111101101110000111010110110000000111010001010010111010000010110011110011010010101001000001010100100101101110101101100001000100000110001011101010101100100001010010111101101100101100100000011111100100000010100110100010001011011001111101100011000110011111100110111,True,True,True,True,True,True,True,True,True,True,250,254,124,41,30,30,33,258,256
712,00011011010011010111101010001000010111001101010110110010110110100101011110010010111111000000101101001010110001000010001011001111011111100111100101111101001010010100001011111000010000100110010001100011010001010100000011101100100001110101110101110101100011111000110010001001100010110111111001010101100110111000111000000101000011100001111110001111110100100000110101100100100111111101010010001010111011000111000000110010010100010010111010010001111110001010010011001011100011011011001110010110101011101110010110010111,True,True,True,True,True,True,True,True,True,True,257,268,140,22,40,41,32,256,256
713,00101001011101001010001010001010110101101011100010000010010011011000101100111000001000101111011001000000101100000111101001000011000100011000011010110010110100000011010011011011101011100011110010010001100001000101001111011001001000110011001010101101101110110110011100111001111110010000000110101010110010011111000011001100000010001101001101001001101101010000101001111100111111111110101101110010000001100001101011010110100010001100110010100011011111110001000100111101111100010111100000101011100111010100110110010010,True,True,True,True,True,True,True,True,True,True,246,265,131,30,31,37,33,256,256
714,01100001011011111011001011111110010110100111011100000110101100111111001110000011011111101000010111010100101101110101111011011000000101110111111011110011111100110000110101001111101001000101011100011011101111011001110111110111010010101000101010011001111110000101100001100001100111000010110111000001000011010111110110010101010110111110101001100110011010001000010011001100001110111011110100101000110010100000001111101110011000110011001101111001010101100010010100010010010001011001101011010111010011110001001000000001,True,True,True,True,True,True,True,True,True,True,270,258,129,28,33,27,26,256,260
715,10001110001010100011011110001100001000111110111110001011101110001110010011101010000011000011001000010001001011010100100111101100010100101100011001110110111011010011011101100010001011100010110111001011100010101110001010001111001011010011100000110000011010100100010101001001100000100010011010101101100101011001011110010001101111100001110011101100011011100100011011001111001011000100001110110010000111101000100000011000100000111011111111001001100011001010011101100000001111000000011111011010000010111000001011111111,True,True,True,True,True,True,True,True,True,True,248,247,112,31,27,36,41,258,256
716,11111010011000111101000101000000010100001110001100000110001011011001111100001101011101011011000101000110010110000100111111010001100011010111001110001001011110011111000111100100001010001011011011001100101110011100101011110111101110111001011110111111010010111111111100000111110110011101010101111111010111111111101110101100100000001000011000101111000010101111101010111110011101000101101111011100111110100000010010000110000001110101110001001100101000111110111001110010101101001011110000000110100010110001111010010111,True,True,True,True,True,True,True,True,True,True,276,241,120,29,34,28,31,256,256
717,01001001100111001100001011111001111011101111000101110000001111000011000010100111101010110010101001110100111000100010111100100101100100111010100101010100001111001101100010001011010111001010101100000100001010111010110111011000100110001100100111101100101010100011000001001001111110110010111000101001111001101100111110110100110010111110101110111100010010010110010111100101110011101101101000000100111011101001101110011001011011010111100010010010010011110100001100011101011110110001000011111110100111000101100010100101,True,True,True,True,True,True,True,True,True,True,264,272,137,17,37,39,26,256,256
718,10110011111100011100100110000001100011011101011111011011000111101011101110111100111001000100100101110010011011011001001101110101000011010000101101110101101100111101101011001100101010001001101010010111110001111110000011111010100100111111110101101101111000000010110001000000011011001111001000110010100110111111001011001101101100111101110100000111111001100100011001100101101010100111111010011101011000101010011011000100001100010101110101000100111010101001100111001011100001010100010101000100101100111100100010101100,True,True,True,True,True,True,True,True,True,True,268,270,135,19,35,30,25,256,255
719,10000100011011100010010010111101110010101100100110111101110110100000100110000101011010001000111110101110011110000001011101110110111010001000100100000000111110110011101001011110010100011001010001100100101011111111111101001101010100110101010011001001001000000111000111010100010101100001011111110011111001000000100001010110110111110000001010001010011000001100110100000010011111001101110001100101101001010110101010111010100101001011011101000111010010001011100101010011010101110101000011011010110000001011101010011001,True,True,True,True,True,True,True,True,True,True,251,277,157,32,42,37,28,256,257
720,11001110100000101010001001100101001001010011001111110101011111010011101111111001100001010111101101011001010101110001100100000001110100110001001001100111001011100100111101110001110101000000010010011010111001110001110001111110001110110110011101101110000000000010110100100110010100010010111001110000100001100001011000101000011110010111010000001111111010101000111010101001100101110000000110101011101111110001101110000111000101110010101010010010011000110100000011111000101000010111111001001001000011111010001110110101,True,True,True,True,True,True,True,True,True,True,252,255,129,36,35,33,30,257,256
721,00011010000110001111010101111111101000011110000000001101010110000011100010001011010100011111110110001100011000101110100001010100101010010001000001111101010101001001001001110111100101100100100101000110001111111110001111110011111010111010100000010101111011100011111001110100000111101001011000000011010110111101101011100110000001001010101010100011010000101100111111000111001000111101110111001011101001110000100000110100110010000111010111001000101010000001010000010110010111000111010101111010010100001111010110111010,True,True,True,True,True,True,True,True,True,True,253,257,143,36,40,29,35,256,256
722,01000111010101000101100011011010011001001011101100100110010111010010001011001100111100000001000001111111000000000110110101010001110010110001101011100111010010000001110010000010111001010100000011100100011100101101110100010000101001001011110100110111100111110110001100110001111110101110010111100101010111100001010010101111111100001110101101111101000100100011011110001100100111101100010011001100111010010010101110000001100000101010110110101000010011110000101000111111011000101110000100000111100011101011010011111011,True,True,True,True,True,True,True,True,True,True,253,256,128,33,34,34,32,255,256
723,11010101110011111000110110011110000111000101111001111111111100001100011111011111111110011101100000101100011110001111000110100100011001011001101100111100101100001011010100000001010000010111010110110101010011100010100000001111011101110010010101110000100001011001110000110001100010101101010110011110100111001000010101011101010010010000110100110001101100010001101100001100000010111000110010001011011001100111111011011101100010110000010110101100000100001000111100110110010000100010101000101111110111100101000111110001,True,True,True,True,True,True,True,True,True,True,256,247,116,30,34,31,39,256,258
724,11111110110001110100101010101000111111010110110000000000010000101100100011001000110101111010101101100000011001110111010011101011110100001100100000010111111101011110100000010001011001100100101111011010111010101101000110000100100100111100010111111011011000001100011010001100101101011001100101111010100001000100110010011100101011011010010110011101001101110111111100011010101101111000000011101010111000001111111110010011111100101100001000110010101001100000101000001010111111000101000100000111001101100100001101010010,True,True,True,True,True,True,True,True,True,True,255,260,138,37,37,32,30,257,256
725,00000010010011110111011101001110010100001100111100101110010101101101000010010111101011001000111101010101100011111000010010010111110111011011000000001110000100010011011011011111011010100100001101110010001110111100000100010110010100011110101001011011010110001111000000001101110100111110101011111010111100000011000011000000110100010001010010101111111110101001010011010001100000110011100000010011111111101110011110011001101001010111111100111001101000111000001011110010101110100110000000010010110011011111010001110101,True,True,True,True,True,True,True,True,True,True,260,250,127,39,31,29,28,255,256
726,10011111011010101111011110001011111010110000101001001100001101100000100110110100010111111110000000011100111011100011000111101110000100000010011100101001110010000110000100011000100011101011010011101111101110010001110100110101110100000011101001100000000010101100111010010010100000001001101101010011101001111100000000010010010100000100100010111101111010101001001101100101001101001000111010100100100111110001010111100100011000101100111101111111000011100010000111100111100101010101000110101111000111111110101001101010,True,True,True,True,True,True,True,True,True,True,251,252,129,38,29,32,31,257,256
727,10101101011101001101111111010100010111010101001110101110110000101101001010111011011100101111111011000011100100011001101101001001101110010011111001010000001001011001001110111111000001110011111011011101111000010010110111111010011101110001001010101010000100101001010111110101011010110010111100010011001101000000100101011101111110111101101000010100011100010001110110001111000001100010101101100011111000001110000110110000100000110100000010101100111011101111101101001110101100101110100100011100011100101000100001001101,True,True,True,True,True,True,True,True,True,True,268,267,143,25,35,32,28,257,257
728,11001101100100000111100010011100110111000101001000110100011101011001111011010100110011010100010001100010110110011110111100110000101000000100111001111100001110100111000111100011111100111100110001010010011001101111110001001011010011101010110011010110001011001100101001011000110011110001000001110001111011001101101110111011011000111101101111110001010101101001010100011000010110110010000011100000111110100111000000100010100110010000100100000100110001010000000001001111101100101100111000001100000101011011011111011101,True,True,True,True,True,True,True,True,True,True,253,251,110,30,25,30,34,257,257
729,00100101011111100110000100100110011001001111111111011101001000111101100101110010111110101010111110111111111100111110111011110101010000001110010000001111111100100110011100011000100000101100000111000100011010100100000000000010001001000100101111111111100010010101011100010100110000011010110010011111110000101110110011101111100001001111101111010000111010011010100111110101100110010110110101011101111010001010000010011101100011111110111110001010011001010101000110101110001100110100110111011001110101000100010010111101,True,True,True,True,True,True,True,True,True,True,272,246,125,27,31,33,27,255,257
730,01001000010100011111011111111111111001110000100010010011100010100011100000001001001001100100101011010111001110010000000000010100111101000110001011010111110001000110101100111110000010010111101100101101000111111010110000110001110101000101011110100010000001011110100010110011101000010100110110101010011000011001001011000011100111100111000010111010000011011001001110111111100110001010101101101100001101001100001001010101100001011100000111001011001011010110011011011101000101100011010111001101111011111110101111010101,True,True,True,True,True,True,True,True,True,True,256,260,135,31,37,34,32,256,257
731,11101100111110101111001110101010001110000011101000100110110011000011000111010101100110110111011010110100000101000100111101100101101100000100010000100001111010000111011110101010100011101010100110110010100100001001101100000001110000011100101110000000001001000000000011011110010010100001100100100000110010001011111000110011011001010101001100001111000000111110110000100011000110010110000001100110100000101110111101011001011100011110101101000001100011101000011101101101011100100001110110011010100100101110101110101101,True,True,True,True,True,True,True,True,True,True,241,257,127,47,30,27,34,255,257
732,00011101010101011111101001010111101000000001110110010000111110101001101100000011011111000011000110100111000010110100101000110001000010111001000100111000110100010110101101010101000010101011011101000100110011010101101101011100110000010111010001101111101110001011100110000100001011000110010111100000001111000000000110101110000110110111001011001011011001101011100011100100000101111011110101000101011011101110000001111101100001000100010000111001001000100101100100011111110010001110101110110000100001101110111101100010,True,True,True,True,True,True,True,True,True,True,248,259,134,37,35,32,38,256,257
733,11011001000010100010110110111110100101110100010111111011101100110000111100100101100110111010001001111011111101000101000100110000011101001000100111110100111001011100000010111100101110110111110111010001011101100101000100010010111110100100101001111000111001100001111011010111111111110010000111111010111101111100000000100100001010100110001000110011110111011101011001011111000111011000100001010011000110010001100101010011100111001010010110000101011101110101011001001100000101101101101110010010110011001010001011100000,True,True,True,True,True,True,True,True,True,True,266,260,130,21,32,41,28,257,254
734,01001001100101110111110010001011011001010001001011101100000101010001100000100111000000101100100110011110011000010101110111110110101001101000100011010001011101000010000001011001001000111111000111001010110111010111101101000011101001100110111011101011011000001110101100111001000101010100000011100001100000100001110010101110110101100101111111001100001111000010001101010100001100010010000110001101000011011110110101000110011100101101010100110101100010101100011011110010111110010110110000101011101001100010110110001101,True,True,True,True,True,True,True,True,True,True,249,272,140,28,38,33,35,256,256
735,00110111100110110110001010011000101011110101110001111101100111100100111001000000001111001000111011011101101111110000001111100011000011110001100101110011110011011101011100111111101001000001011001000101010010001010000111110110011001001010011001010001110100011101101101001101101001100100010101101101100110101111010111010000010100001101000110001111001011101010100111001111010011011110100011001010101101000001110001101111011101010001000000100111010001100001100001111101110110001000110111011000000001010011111100100110,True,True,True,True,True,True,True,True,True,True,262,255,120,27,25,25,31,256,256
736,10010000101010101101110011000011110011011000011101001101001000110000111101101010000011000001000000001010010100101100110001001110000010111100100010000101110101110101101101010100100110110110101110101010111010011101011110001011101001000000110010001110111110110010100010011111101100101001111101101101010101000000110011011100101111110100000110101001111001010011111111111111111001001100001001110101011101100111100000011110110010010011111000011110001011110101010000011010011010001000010010100110010000100110110011101110,True,True,True,True,True,True,True,True,True,True,258,264,140,33,34,31,26,256,256
737,11101011100001110111100010100111111111011001001110101011111100010001011011011100000110011010000110011110000101110000100110011110011100001010001101110001001000111100000111010001011001101111000001110110011111000000111000110111100111001001010010111101111110111100000010011010100001000110111101101101100101111100011100010111010000110101110001010000001001101101100000100110000000000110011000000101110001101111101101011000011101010110110010101101110000000110111110110011001100010010010001000001111011101010100111111001,True,True,True,True,True,True,True,True,True,True,259,235,103,41,23,26,34,256,257
738,00110101000000100000111101110000111111011011100101110011011110011100110001001100101110100011010000010011000001010010011010100100010011010011100101000111111100110001011100111010111001101101111110101101000100000000111011000111100101001000010000100111110001010001100100001101100111101001110110101001101100111011010110111101100011110011101100111100111101010010100100011000001010010011011101011011100100111001110000000010100011000000110100100111101011101111110010111010011011010100110000110101000100111000010101110101,True,True,True,True,True,True,True,True,True,True,257,260,124,30,25,28,27,256,256
739,01110101111111111101011110000100111001101010100001001101011010010010010101100101011100000101011010011000101111111110011000010001000110000101001101011111001101101100101101001110011111011011001001011100011011100000000110101111000000101100001101101101010110101001101111111101000010011110011010000011111011001111011000011000100111011010101001101001110011011010111100011100100010001001001100110101111111110101100100011100010101100100011001011010001010100010011011100100110001000010011101001100000010111000101111011111,True,True,True,True,True,True,True,True,True,True,265,264,133,23,33,32,28,257,256
740,10110011111100100011000111111111100011010110110010011011001110001000010101111100110100010110110000100110010011011111001011101111110001000010001111000100001000001001110100010100001111001101010111001111100010100001101011101110010001111101111000100101100111100001010011011100010110110011101001011001001001000000010001000011100001000000101101111101111001011010111001000000100100100001111010001000101011111111000111001011100010100010110010100011100111111101000100011101000101011011111011111100000011001011000111100010,True,True,True,True,True,True,True,True,True,True,256,242,114,25,26,43,40,256,257
741,00010111100100001011000010010110001100011001010100000101011010111111010011101101110010010001011101010000100001011011100010101011100001000010110110001001011010000110111100000100111101001110110000111010011010001111000101010010101011111110101010010010011101111100101111010000010001011011000001010111001101010010010001001111111011101100010110011100100111010011111110100001100001101111010110010000010110100101001011111001001001001000000101000100001110101101001000101001010001001101000111101001010100110001000010100111,True,True,True,True,True,True,True,True,True,True,244,278,156,25,40,48,34,256,256
742,01110010010111110001010101101111101110011110011110110000010001001010011001110110110011101111111110101000010110001000010001001100111010011101110100111001010011010010010000111111011001010010111000100010001111100110100100010011111000111001001010100101111001001010111111001110101000001110111000010011101110001101011001101110011110010111011100000000101000011111000011100110011000101101100100010000000010001101111101100101101101010101011010010010111100010111001000111100101111000000001001101101011001100000101000011111,True,True,True,True,True,True,True,True,True,True,260,254,122,28,30,39,28,256,256
743,01010010011100001001010101100001100100111110101111100110101111100011000011010111000011100010100100101000101110110100001110111100101111111011110011011100011101001111010000011100000111111101010110100111110101001111101010000111001100101001110010110011001000010101100001011110101110100110011100101001011111000111000110001110010010100101111001111111001000100100100111010001010011001000001100110101000001111100001010010010101111110000110110001001010100000010100101011110111010001001001100010010010110111011010011001011,True,True,True,True,True,True,True,True,True,True,260,266,137,21,37,38,27,256,256
744,10001101011000000001110101010011100011111111101011110101100110110100110110011001100011110001101110011011110101100000010110011001111101100110110011101010010110010001011011000010100001111000110100101110011111000111010010100100000100011110011001011100000111101101010110011111001001101111001110100011111011100111111110111110011100110110001010001110010111011011101000110000000010100010011110110001111001101110001011110000100011111110101100011111000110110110001001111011111101100011000111110101101010101001110111101110,True,True,True,True,True,True,True,True,True,True,282,244,108,20,25,18,29,257,256
745,00011001101010100111101000011100000110111000000000001000011010110101010011011101000000110101001110110000011001111011000101010111111110101110100101011111011011101110010100010010001110010101100000100110100110100100000000011010001010011101011101011010101111010010111010000000111001010110110011010001010011001111110011010000100101110110010111111010000111010111001101111001000100011100111000001111100011111010111101011111110101011111111111001110000001011100110001000111100100011001110000010101111000100001100000001010,True,True,True,True,True,True,True,True,True,True,257,251,133,43,35,24,29,257,258
746,11100101100001010110000101001011011011110100110101011110001010011011101000000001101001010010001101111100000000011001000101000100001111101000001111011100111101011101111111101110111001101001100000010111010111011001111010111101111010101101111110111110000010111011001100001011001101101000010011110001111000001000001011001111001000110001101001010001010111001100110010111101111000111000101001000000011101111000010101011010001100101110011101011000111111001111111111000010000100011011001010101000011011100010010101110001,True,True,True,True,True,True,True,True,True,True,263,249,126,35,34,29,32,256,258
747,00000010101010110101011110110011110101001110000100010011100001001011110110001110001110110101100111001001001111011101111101011001011000010000011111010111000000000011000011111000011011110100111000110011111010110101100001010100110110001110000100001010000110111101010011101010000010001111110101001110000011111100001110100010101001001101110010101000100010110001111000010010101011011100101110011110001001000010001001010111110100010101010111001001001011110010011100111100001101011100111001010110001001101101111111000001,True,True,True,True,True,True,True,True,True,True,255,258,135,31,39,33,33,257,259
748,11010011011101001110011010011100000100110010111110011100000000101011101010111000011110010010010010110101101001010100101100100111101011100111100110110011010010000101010011001001011000110010110001000000010100111110001101100000110011111010010100110011100000100111100011100101110101100010010001101001011000101001101111000110010001100001010011011010000000010110010111110010101100101011001100001110010111101111000111101010110110011001001011111011110110101110100010100011000011011101000111100000110000111110011101000101,True,True,True,True,True,True,True,True,True,True,253,267,129,28,35,35,27,255,256
749,00011100100000110111110010001100010111101110100001100111010111000111011000000100110100110100001110011010101010010100001100010100111111010000011010001011010010001010111010011100011010110101000000101000110111000010011110001111110001000011000011011110101010011111001000110001101111101000011010110111001001001100001011000000000110001111111001000101111000000101001001110001000010011110011000000001101010101011011010011100100010011011000110101011101101101000011100001110101101000001000000101110000000111011011101100100,True,True,True,True,True,True,True,True,True,True,238,251,123,44,27,27,39,257,256
750,00100111100111110111101101101010110110101001101100001010000101000110011100001111110110010100111101110000001111111000001101101101011000111010001101001011000011011111011010001001010111010011010000111011010001000001100110011010101011111111101101001101110001001101011001000100110100111100110110000110000100101100001010100001010111101010110010010011010110101011101001101101101001100001001011111100010110010111100001101111110101110110101111101010010000111001010000111011110100101101011101110110010000100111011001010111,True,True,True,True,True,True,True,True,True,True,271,276,147,21,35,27,25,256,256
751,01111100011001000011011100011011011011011010111001111111101010011000011011011000001010111100000000101000000100111111110010000011101111101001011011001111000000100100011011101010000011101010111111010100110001111100101011011001011001011110000101010100010100110110000011010000111111011101101101111100111000100110100011110000100010101000100001110011101000101001010100101100111000010011010111110111111100011010111100001011001111010111100000001100111110110100110100101000011010100001111100011110001110111011110011001001,True,True,True,True,True,True,True,True,True,True,266,248,124,33,30,24,31,256,257
752,10100001011011101001001011000001000100111011000011101001100111110001111000001101010000011111100011010000100111011100111001010000101111100000100101110011110110011001010011110010100010001011100101001100010111000001100000011100001111111110111010110110001011100101011100000111010000100000001100101000001011000010011010100001101100010001111001111010111101010101000011110010111011110101011001000110001010000111100110101100110101100100000111000010010110111001111110110001001000001011001111000000100111110100001010100001,True,True,True,True,True,True,True,True,True,True,244,247,121,41,32,34,37,256,258
753,11111000010000111101111010001110110100101110010100001011100001001110001111111100000001001111110111000010111101011110001001111111001111011010100010101000100111101010110101010000111100100000101100010110001111001000001110100000010011100011111100001001110011010101101000101011011100101000100000111011101011000111101100101010010101110110110000010000111010001010011100101010011000110010101100000000010010011101001101110010011110110110011000011111010010100010101100000101001011101101110101010011110010001011111011101000,True,True,True,True,True,True,True,True,True,True,256,258,138,32,37,34,32,256,255
754,00000100100101001001101110001010011010011111010110010000000010101110110010110011100101011010010000000111100000001001010101000111100001101111000100110111101001101011101101000011011100111110110010001011100101101001111111010110011011100011101110100010001010000110001101111101001100010100110000001110010100011111101000100111000011001110111100000100110000100001000001011001111000000100111111011001101010100011011001101110101110001000101101110100100011110001111111100000011100001010001011100001100110011000101001000001,True,True,True,True,True,True,True,True,True,True,245,248,117,38,26,33,36,256,258
755,10001110010111111110001100110001101010000100110000101111111001100100000000000111001001110100000111001010010110001001100100001011001101100011001010000101110111111100000000010000111010001010100000010010011000001000000001001010000100000101111010010111011111000101000101110001110011000110001111011010110110100111110110110010001001101101010001011111110000001010011100001111110111110011100000011000110100011111010000011001110111001010000111100111000110011011101000001011101001011000101000110010110100011000001010110100,True,True,True,True,True,True,True,True,True,True,237,238,110,48,26,34,39,256,256
756,10111010101111000101110100100101001011010010100000100000010010100010101101101110001111100010000011111011010010000100101010001001100000110000001011010100110000010110010100100010110110011110010000101111000010000101011100111000111000100011000110100010100101001010100000001111010100100000100111111101010100110110110010110101110101101011101111011011111000010111110010000101111111110111101010100010011010101101110010001001011110010011000010100110001111011100001000101011101101010100111010110000000111101101101110001111,True,True,True,True,True,True,True,True,True,True,250,273,156,32,43,41,33,257,256
757,00100110001111011111110111101100000001100011010111111110011110111000000001000011110000010110111010100100111011100101001001101001000110010100010011000110001001011010110000111100101101001001101011110111111001011011010110101010000011011100100001111001011101100100001110000100011011000011011100000011101000011110100001001011010000110000000001101111010110101100011101011000010111100001010101100100000100111000111101100000000000111010111101001001110010001001100110000011101111111100111001110100100110110100110100001010,True,True,True,True,True,True,True,True,True,True,249,245,116,46,24,29,31,255,256
758,10011101101011101001100011001000001100000010010001101111100001001101111100010011110100000011110111000101101110100001100010111000010001101001011111111110110000101110100010101101000100011111000110010010001010011011101100011010011010111101010111000111010000000001100100101011101000110001110000101111011101000010110111001110100000101110001111100111100100001111110101010001000111101101111110100101010101111100110111111101010101000110101010111100001110100111011101001000001011001100000000000101011110000010000001011111,True,True,True,True,True,True,True,True,True,True,257,247,130,39,32,28,36,255,256
759,10010010111101110110111001101000010111110111001101111000001010010101001110101111110100010010100110101011000011011001101100101111010010101011011001111101010101101100100110101111000001101110000101010001010001010101110001011001001010001011111110110100100100111011001010010001101111011011110111011011001110110111110110100000000000111000110101111010001011011011011100101010100110100110000010000011110001001011111101101111011010101110101000111010101011011101000001111000000111110111010000101010000011011110011100001101,True,True,True,True,True,True,True,True,True,True,272,279,160,28,41,27,23,256,257
760,11001010111110111101010011001101110001001101110101100010010010011101010001011010100000110000010110110110100101000011000101000011010010111010001010110011101100110101111010110011110100010011101110010011001101001001101001101110011110111011001000101110100111101001111111001101110000000111100011101001111010000001110010010101010001001101100100011001001011111101011011000111001101101011000010001001001100110010100111010111111101011001000000100101011110101000100100101101001110111101001111101101000101010001100011011100,True,True,True,True,True,True,True,True,True,True,263,280,144,17,31,33,24,256,255
761,00000111111000111100110101110001100111011100100100010110011001010100111011001110000000101111010011011100100110001000100100010100011100101101011101000000000100110001101100110001111101000100001111100110100100110000101010001000011111000010100011001001010001011001110101001100101110010110101101111111110111101001110011011010111111111000000000100110101011111100010111001111100100000010110011011110010101110100110010101000010011111000100010000001100010111111010011100110110101010011100101000001101010101001100000110101,True,True,True,True,True,True,True,True,True,True,252,256,127,33,34,33,30,256,256
762,11001100010100010100101011010011101000010000001000110000101001001101010001100000100101011101101111011101100110001111011100100110010010110101001110111110001110110001010000100100111011000001101000100100110101011001001101111110000100100000111100011011110001001100110100001000111110000100001111100110101011100000101001110010110111101110101010010001100101101001111010010011010100011000010111101111110000101001101001001000011001101100010100110001101100001001110001100110001110000010011011101101001100101110001111000100,True,True,True,True,True,True,True,True,True,True,244,264,123,24,25,37,36,256,257
763,11101110010000000001101100011100010001100010111011101010100011101011110010001100010100100011101011110110000001101000100010101000010101110000001010011101110111110111011111111110100101111010001111111010111101101001111111011010010111111111001101111110101001111001110010011001111110111010001011011111111111110110101011001011111111101111111110110101111111101011111111111111111110010101011101111001101101111111111101000111111111111100111011100101100101111111100111111111111111110110101101011111110111111110101011111101,False,False,False,True,True,True,True,True,True,True,337,217,120,13,30,18,17,256,257
764,00111101000001001010010101111101100001000011111010101000010011001100010111010101000001110101101100010011111100100001111000000101011101111001101001111110110111001110100111100110100010101010100000111001000010000101100011011111101000110100111000111100000001111110110111101110010111111001001111111000100101101111100001111000110100000111101011000111010001000101101101001111001110100000001100101101110101100110001100010100011011001010000100100100110000111111101011001000101100011110000101100000100111111101001011000110,True,True,True,True,True,True,True,True,True,True,259,245,119,31,28,30,35,255,257
765,00110001111011110111110110000111100001110010011110110011010000111011001111001100110110100010111010011101011110010001011101010101101101110011101011111011101100101000101101011010000111001101010110010100100111000011000001111100001001100100011001110100000011100100101011000010100100111100001110100000011110101110000100110110110001111010100111001011011110110101001000000010101101110011000100000101010100111011000111101111010000000100010110001111001111010001010110001010101100100001111000100111110010011101001010001011,True,True,True,True,True,True,True,True,True,True,259,262,130,28,33,29,30,256,256
766,10111011001010000011111110000001110000000011111110010001000110010011100110100111010001100101111011101101100100001011100101010010101101101011100001100001011101110111100000111111110000100010110011001101000101010001101001111100110110010111001010000101101000100100101000010010000111110010100110011010100000011110111101110101001110111101100111110000100001010010110110010000010010101001001011111110100011011100101100010011110100101111010001000001010110110110100010000010111000110101010011001001110010100010011100000101,True,True,True,True,True,True,True,True,True,True,250,263,137,32,33,41,31,256,258
767,00101001110101110110010101011000010011111011110011101010111111011111000000110101000011100101000001100010011100101111110100111001111000111100011011100101000010011110010110110101101010111100111011100111010111100111101101110111111001000000110100110101010011100100110110111100101010011101001011101011011010010101011000011001101000101000100111000110111001001000111011011010011010001001010010101000010010110101001110110010110101001101001010101000101110100100010101111001100011001100101101010001111101101101110100011001,True,True,True,True,True,True,True,True,True,True,271,288,157,13,41,29,21,257,257
768,00110101101001110110101111111010001011101000000000010101011101100000000000001111100001110110011110101110110100111010111100110111111101000100111000000110111000101100101000101100111000000011011000010110000010100111010101000100101000101010011111111110101101010110101101110011110100110001111011010110100100011110101010110010001010100010111101110110111001101101000100001011101010000011100101010110111101011110101000101010100001011010110010001100010101101010110100011010011100100011101100100000101100010100000111110101,True,True,True,True,True,True,True,True,True,True,258,278,166,36,48,26,29,254,256
769,01110100110100101000010010000101011100001101100111111010111011000101101111001010110110001000101110110111110010011100001101100110101010011001111000010001000011101001000110111001110011110111100110100101001011001110110100111110011100100101110010010010001101001000010100111001000001011010001110111100101011101100111100010101001000111000111101111101011011111011000000001010011100010101100001000001110110000110111101001111001010110111110000001111010000010010110111011100011010101011001111001011110010000110111011010001,True,True,True,True,True,True,True,True,True,True,263,264,131,24,30,34,28,256,257
770,00011110101111110011111110111000001010000100110010111101101010100001100011010101000000110110001001010100001001100000101000100011001110100011011001110101100101010100100001001100001110110000000110011111101010100011100101110100001110100110111111101000100111111100100010001011011001111100111010101110111111100100110000000001100100100111010000101111100011110010110101010011111100111001001011110110010100101111011111001101110011111110100010100101101100011111100000101000011110011001010101001011100100000111000001001110,True,True,True,True,True,True,True,True,True,True,260,251,127,31,34,32,29,256,256
771,11010111110000101010001100000101000101010101110011101101001111001111001110000100011011100100100110011101011101100111010110110110110101110110001010111101001100010011010001010010100001100100011111101001000110010010010101011000111100000011000100110001001000001101111011111011001000110010001101000111100011111011000101101000000111010111001000001000000000001101011101101000110101011100001011010101100110011100001010110111011100111100001111111111000010001000101101100000111100000100011011100101111101101111110110100000,True,True,True,True,True,True,True,True,True,True,254,254,125,33,30,30,35,257,254
772,00100011000100011110111111100111010110100110101011111000011100001100111011001001100001000010010111010001110101110011111111110000101101011011101000110110000000111001110011101010110001011111011111001110111000001111011111111111110000001011000100100100110111101110101101010011101100111000000000010110001110100001110011110111001111010000110010011101010111100011100000110100100011001101010000101111001001101001011011111010111100101111010101110111000011110010011111111100000110011101010010101101111100110111000101111110,True,True,True,True,True,True,True,True,True,True,281,237,111,29,27,22,26,256,256
773,01010110100010101100010001001010010001100011000111101001000110101110111111010101101101000000010111001111001101000001010111010011000110000010100001001100110000001110001001000111011010100100110101111101010111100001010111100010111000001001101010101010111001100000001110001110100101000111111000110000001100001001000011000110100101101011111101101010001111101110010001011011001110101110000110100111111100100000001000011101000001100000011001110110100010100111110100011010100010100011111110100010101100010101001101111000,True,True,True,True,True,True,True,True,True,True,243,261,140,35,37,28,39,257,255
774,11100010000011101001110000101110011100110011000010011011100101001111101001011011000011110101111001001001010111010100111000100111111000111110101011101110111011010001001011000011000011001100110011110000010111001110000101100100101000011010001110111101111011000111111101101000001111100110001011100011100001100010110001010110100111010001000001011000110010000100110111101110010011000011111011111010000010000001100101110100111100010100011110110101010010100001010010010011010000110101000001000000000000111110010001101100,True,True,True,True,True,True,True,True,True,True,249,246,113,36,25,32,35,257,255
775,10001110001011111011011011110011111100001101001000011001011010001100110100010000000111111000011010000101011100001011111100011110000111101110011101100001000010001011001110001000001001001000111001001101111001010100010101101000010000001000011100110011011110011010110011001100000110110100000100100001101011110001011101010000011110111110001001100110000000011101100010000101111110000001101101111011010010111010001101111110000001011010111101100001000101001110001000011011010100110011110011110001001101110010101111010100,True,True,True,True,True,True,True,True,True,True,247,240,109,40,23,31,39,257,255
776,10001010110101010111001000001001101111110111100000110010010110011001010111100111101100010011101101100101111001011110110000010010110100101000000101001000010100001010110110010010010101001011000000110110100001111100010001110011110001111100001010100001101110000000101101011011100101001011100100000110011011011111101001001110001110110101101110001000001110101110110010100110010011101101100101111111100000111101100100011000001101011111000101100111111100011000101111010111010100100101101011010010011111000010101100010110,True,True,True,True,True,True,True,True,True,True,258,266,138,30,39,39,28,255,256
777,10011100001101000000100001111010111001000110111111010010111000010000101000101000101100011011010111100001011100001001010001111111000110111101110011110010010000000001001010100001111111000110110101010001110010111101001111101111010110000111000010011010101101100000111101001010001010001001111100001000110001000000011001111101010100110111001010101101010010001011110111011000001100101010011101001011111101010010111010100010101000111011111010110110011010110111101111001000101110111101001010110011110110111111101100101010,True,True,True,True,True,True,True,True,True,True,264,266,150,27,40,32,31,256,256
778,10001010001000011101111111000111011101001101100010111100010001010101100001110100101001010000010110111011011100111101111100100001001110110010111100100001011111001110010000000000100010101111100011001000100101100000100000101101010100110111101101010101111101010100010101010101101000001000111101101000011000011110011001111011100110110111010101101111000010111101000010010001011011010110000001100111010000110111100001100111111100011000111101011110010000001110110000110110101000100010011000010111101101100000101011000000,True,True,True,True,True,True,True,True,True,True,251,256,135,38,36,32,36,256,253
779,01001011001001011111010111001111000110011011000111111100110101000100000010101101111011100101111110000000000100010010111111111100110111110011101001010000100010001001000101110101000100001001111011100100100111110101101000011110101101100000101000101111101110101101101111011100100000100001001100110011001010110110110110000110011101000110101000000001101000111111101010100010001101101000001011000100010011101111000101010001100111001111001001111000000110011011000000100010101111000101101001110011111011101111000011001101,True,True,True,True,True,True,True,True,True,True,257,250,123,33,27,34,33,256,257
780,00001110100000101011001110101001011011111010101010111101001111110101111010000000110111010011110110010110011001001000101000100101110001111101011001001101000101010111010000110000011110001101011000111111100111001000101000100001001101000000011100011111101010110010110010100101001111010000110110010111101000000101100100111100100010111101010111000010000100010010000111100111010011000100010001001101011011100101000100011011010011111110000010111111100001011100010100000111010101001011101001010110001010001101101010110111,True,True,True,True,True,True,True,True,True,True,252,270,150,27,41,37,34,256,256
781,01110000000010010001000011100001100101001111110101110101111101000111001010101110100000110011111001100100101010010111011011111010010010111111010010011110000111110001000010110110101101011011000011000011001000010011001111010111000100011101000000011001100010100011001110110010110001011001001001100111101000100111011000110010101011001110011110101100000111001110101000011111010100100011010101111101110000010110011000110100110000001111010111011111010010100001111110101001100100011001010011010100011100100010110110011100,True,True,True,True,True,True,True,True,True,True,255,261,127,27,32,30,30,258,255
782,01010101101101110111001000011001001010111111111011001000110110101101111110110101001100001110001011111010010011000111011001001001100010010010100000100100111000101000010010001010000001111001100011001101111011110011001011101110011000101100101101101101001101001011101111010101101011111001111011111111111111010011100110000110111001000011100011110101100101111010011010111111101011000000001011001110110001101011001010001101100100011001010000101011110101111000011011001000000100001101111101100100111010100000100111010100,True,True,True,True,True,True,True,True,True,True,269,263,131,23,31,32,25,256,255
783,00100001111100111000111111100010110111100101100000011000010110011011011110010001110001110110110001011011000001001101101001110000110100100101011000110000001011100010111101001101010101111000000000000100001001111101010101100011001011110011110011101100000111111100111011010110001100001000010010101011111001010000111001101110011100100011001110110010000011010101000101000110011001111010011110011001010110100011110101010010000101010101111110010000110010001001101000010100000010000100111010011100001001000010001000010100,True,True,True,True,True,True,True,True,True,True,240,253,122,38,33,35,36,256,256
784,11110001101010000000011000010011101111001110000101000000011100010110110010010010111010110011101010000101111011100110000111100000100111000100010101011111010001001010101100000100001000101101100001100010111000111110110110001100010111010000000010110011110110001010010011110010001000001001011100111110100100011010111100110110010000001101100100111101001011001110011010001100100001110010111000101101010001101111110011011111111011101111111000111010100000111101000110111001000100001111100000001001101000110001011001001000,True,True,True,True,True,True,True,True,True,True,245,244,113,37,26,37,38,257,255
785,00100110000010000000001000011101100000110110100101110111101110000000011010101101111101010011000100000011101011010010001001001111011110100100111111101010000100100001010110000001100001000111101111010111011010011101101011110001110111001001011011010110110100111100100000101001001101111000101011110001101111100110101100010100011011000110001101110000001100111000101101110000010000110111001001101001011100101111010110001100101100011010010011110011010010001001100010011011100001010111100001011101111100010101001110011001,True,True,True,True,True,True,True,True,True,True,251,258,125,35,27,33,32,256,257
786,11001101110110001001010101011011110100001100100111100010011100100000110001011100101111000010100111100000110000011011110000101111111111001111101011101100110001011000100111001100011111000010001001101100101100011010010000101101000011111000000001100001011111100111000000111010110001100000101010101001000000101011111010110101100110110011011100111111010111011010010111110101101011000001110101011111000011010101010110001101010110010000110110111001101011001011100001001111101001101011101000101010111010101010011101001001,True,True,True,True,True,True,True,True,True,True,262,265,140,31,43,26,29,256,257
787,10011010011011100101010110111111110110001000010010011000010110000100110110011100000010010000101100011010000010010110001011011111101011100101110011001011101100010000101111000100100010001000100100001000100001010000010000110101010001100000111011011100001010100010001001100001001011101001110011111001111101010001010010101000111010010001010001001001110100000010111110001111011010110010101001010110001101011000010000010010100001100000010111001010001011000111111001010001011011010001101111010110001101011110101010100000,True,True,True,True,True,True,True,True,True,True,231,272,149,31,40,48,42,257,254
788,10100011100011000101110111110001101000000011010111010010110010001111011011101100100110011011110111111010110110100110101010000000000011101111000001010010111000111001000001110111100010100010001100110100011100001001101100011111101011011111101000001110001101000000111101000110011010011010011010111110101011111100001011111110100011111010001111111110000101010000010001000110010001011111001001001010010001000011111011111100001010011001110110110011111100100001011001001110010100000101010110100101001101011011010001001011,True,True,True,True,True,True,True,True,True,True,260,251,128,31,27,30,34,256,256
789,00101000010100101101011110001011000001101010000100101110000010011011110000000110000111101011101100100111101100010100101011010111010100001110111100101001100001101000000001111110010001110110111000100111100100001101001010001111011010010100000000001010000111111010110101110011100110010110011010101110101110100010011111110010010101010111000011001110001011000100100110110101001010100100000100110101101010011100000010101001011111001100000011100100111010001001000101011000100010110100101111001110011100011010111111010011,True,True,True,True,True,True,True,True,True,True,246,270,146,36,41,36,29,257,256
790,01010011000011000001110110110111111101111000011011010011101111001011111000010101011101010111111011100100000110100101101011010001101111111110011001010111000111000010011001000000110110000001100111100110010110111000100010100010101101001001111101000110011001111010101001110011000011001010000000111100100001010100100011001000010001011110100100001101011100101000100000010000110110110001110010011100001110001111000100111000101010100100001000010110110111011101010010011101001000001111010010100000111100110111001100101100,True,True,True,True,True,True,True,True,True,True,248,257,125,33,30,33,33,255,255
791,00100111110001100001101001111010011001001010110010010100011101011101011111111001011111010110111111101000101111011101011001001000001110100011101111101111110111011110000001101111011001100110110111000010000100110110010110110010000000101000111110000101011011100101010111100101010011111110111110011110011000000110100100101111110001001001000101110110010110110101101001101011101011111001000011001010010101100100001111011110010010100010001101100100011101010010111011010111011100001010010110000011000110001001011110111000,True,True,True,True,True,True,True,True,True,True,272,263,135,21,34,37,24,256,255
792,10111110000010011100010110001110111001111011001000110110101101111010011011110111001100101001110110110000000100110100011000100001001101111101110101000111110010100101111000111000100010101011110111111001000011001111111100101011100010110111001111110000101110101110101010101111110101101111111110000000001000001100101000011010000010101000011111111010100100111010101010110100110010010011101010111100001100001101011110100100110100101001101000100000110110001000100001011000001011111101111100110100001100100010111010001100,True,True,True,True,True,True,True,True,True,True,264,256,135,29,34,30,31,256,256
793,00100100110101010110011001110111001100011011000011110100100101111011000101011000100100001100100001100100101010011101000110001011001101011111010100001101011000010010100000110000100111010000011011100001101101000111000100010101111110011000100110010010010111100000000010010000000011101000000011100001001111011010100101111010011000110010001110010010100110000101011001010000100000011101111010011101110101011011100110100000000010010111011001010011011111001010101000000011010001010110100001011110101101010101100010111010,True,True,True,True,True,True,True,True,True,True,233,271,144,43,37,37,32,256,256
794,10101011101101110011100000101110111000110110011111000000101100010001110011010011100101100000110110000001010010101101011011010000111001011111111110111010000001000011110000101010010100011110001000110000111100001001111111111011000111111011010000111111000100010011000111000011000100001010111111001110100000100111110011100100011000101011010110001000100011101011110000000100001011000011101110111000101100111100001010100100000110100101011100100101100010010000010110000001111000000011010100101000000101100111110111001001,True,True,True,True,True,True,True,True,True,True,244,237,114,44,30,35,41,258,256
795,11010010111100010010100011110111010001101001000010111010111110001110101100111110011100000110100101110101001100001000111000000000010100000011110010111100011110110110000011101011110001101001001110001011111101101111111001011111101100000001101100110001111011100100011111111100110111101100101000100010010001111010000011111101010111101101001110110110101110110101111010000101010000010011100110010110011001011110111001100101011110100100111001100010100111011011101011000100101000010000001001110010100000001111011101000100,True,True,True,True,True,True,True,True,True,True,265,248,122,33,27,30,29,256,256
796,11000101001010000011111011011010100000001100000001100111011011000011000100010001110100010100110111011111111011110100010100000001001100010110011110110000010100001010011110010110010100101110010001011110111111111011111011000011110111100111110111111011100100010000000010011001000111110010110110000111110011010010101100111001100110111010000101010110011010000000000111100001110010100111001111011101001100100000101011011010001100000011000010011110011011100100010100000011110110011010000101110101110100101001110001111000,True,True,True,True,True,True,True,True,True,True,252,240,112,44,25,30,31,256,255
797,10100110000001101001010010101110001100011111110001110011000101011110100100101010100000001110111010101101100010100010010111000100001100110001101001101110101010110001100011000111011010010101011001110110100010100110011110110100010001000111000010110101110011001100111010000100100010011110101100101100111010100001100010101011001001100011000111010110010110010010000001100110100111110011001111010010110010011110101001101110110111101011000110110110111111111111000000110110101010010001011111101001101011010000001111000100,True,True,True,True,True,True,True,True,True,True,256,276,141,20,36,28,31,260,256
798,00101100010111110010100001111000100011000101010010101101011000100111111101111101000010000000101101000000111001110111010011000100011001000110010011011111101010111001101110010100100110111001111001111100011111111000010010000010001110001100100011011100111001011000011111110011111010100010000101011000110011101100011100011001110100010001110011011111011110001101010011011001001110110110100010101001110100101111001110101100100010001010011010110110011001110010010110001010111011011100000110101101011100010010000101001100,True,True,True,True,True,True,True,True,True,True,259,259,120,17,29,34,34,256,255
799,01101111101110110001110101101101101110110101111100111111111011001010110011011100101100010010001111000111111101110011010100001001000010011101111000010100111111010010001010001011011011101110001001001110000011001001000001001100111100001011010111010001010101011101101110011111100011010010110101110111000110100100110010000010111000101010101101001001000000000111000110110010011110110100001111010100001101110111110000000001111011001010000100001011110110100111111011000100011011001011111111101011101111110111011110101111,True,True,True,True,True,True,True,True,True,True,277,254,130,26,28,31,27,256,256
800,01110011110100010100101011000100011101100001101101010110111111100000111111100001110101101011011100001101100000001101010010111011011010101000011000000111101000110110110110110111100110010011011111100110000010101011001100011001010001010101111111010011010000000011001101100101101110111100100001111000101011111110001000101110111010000000011010101101010001001111010001011001010000111010000000001101101000100101000000001100100010111101110111010110100110001011001111000001000100111111101100011001010101111000100001100000,True,True,True,True,True,True,True,True,True,True,252,255,133,43,34,25,33,256,254
801,00110100001111111101100101110001110101111000110101010000010100101110110001011100110110001000100001100101000000100111001000000011101010110110110001010100000011101000110000001011000000101101111111011010010110101001100011110101110011000111110110001000000101110001000001011010101110011110011100011001101110001100001010101100011011011010001100100010111000111010100011010100011011100111010100000001010011100011110011101011010000101110110100001110110010001011101101001000001010011111101010011101001101010111000110100101,True,True,True,True,True,True,True,True,True,True,248,266,140,34,37,27,37,254,256
802,00111100101011100000100001001011011101100100000000001010000111000010100000000010011110110110101111111111010011010110011111010111010100001001110010011101011101001011111010111111110101000110110000011001010001101110000101011011101001010100010110110001010010110101111011101100110110000010001011001011001010111101110010111111001011100110110001101111010110100000011001011011101010001101001010110111011110000110110100101001110001111100101011001111110100010101110000111110010001100101101010100011111111010100100000111010,True,True,True,True,True,True,True,True,True,True,267,269,151,31,42,31,25,258,256
803,10111001000000100101000101000110001100110101101110010011100010111110111000010101101111000110111110001110110001011110110110011010000100110001000010100101100111101111000010110100100001011001100010011110101101001110111000110101000010110111101101011000101101010111100110010000110101001101100101101111111100101000011000001100101101101111001100111011001000111000111001001010111000100111001111000011101110011010000010110101001010101000011100100110001000010110011000010000010001101000100010010100001100010000101010011110,True,True,True,True,True,True,True,True,True,True,248,268,131,23,33,38,37,256,256
804,01000010000111111011001000100100111000010001110111101011010110001010101111110001111110100100101000011100000101000111010101111100011101010111000010001110000001101010110101011001000001110000011001110001001001000010010111011011001110101000000110100101011000011000100100101111000110011101101001100101010001000010001010000100110100000010011000000010110111111001101000110000111000010010101001001000101111011100110011001010001001001100101110010010010101110001111001011100000111100110110111101100100110101000000110011101,True,True,True,True,True,True,True,True,True,True,237,262,132,35,33,41,36,256,257
805,01001100001100111010111101010001000011100100111100100100001011010101010001000011000100010001011101101101110110001110110111000100010000001111110010001000100010101100000001101100000110011100100001010000011111010001100101101001010001100000011011000000110011111110101000010011110001000101101001110011001111000000000101011101011000101011001110100000111001110000010100000111110000011001001001000000101001111111011010001101110101100001011101111111101101110001111110110111001100111111100010100000100011011010110101110111,True,True,True,True,True,True,True,True,True,True,244,242,116,43,26,32,40,257,256
806,11100001101011000110100100100111110110000001011000100011100100010110110010010010110101101110011000110100000100110101001000111110010111111111010011110011000000011100001100010001011000101011111010001100001011111101011000110011001101010001000100110101001011000101100100001101111101011001110100000001100110101111000010100100110101011101000100011010101111010100011111000000010111100011001011010110100100001101100110101101100010000001000111000101111011010101001110000110000100011011101111001111101001110100001000001100,True,True,True,True,True,True,True,True,True,True,246,260,128,31,31,32,38,256,256
807,10000101011100110010111000110110110101010000111001101000001110101011001110100111001000100101001000101110000001001001110100110001001110000100001010000100101010111110001101001000010100000001000111111101010110110101001101110111011100101100100010100011100010111101000110010110110110111100101101011111010100010000000101011011101011011100110010100110110010110010010000010001101100101001111111100100111011000001011111011001100011001011010100000011001101100010110001110010001010001010010011010000000001101101111110101010,True,True,True,True,True,True,True,True,True,True,245,276,148,32,38,39,31,256,256
808,01001100000011011011001000000011100010110111100100101001101110000011011000111001000000000110010110010101111000111110110110100011011010001010011000100000101011011110100000110101001101010010000110110001011100011001101010111011010011111010001100100010100100100100100001110111101111000110001101000000111100011100111010001101110000111010011101110000101011011111101110010010011000101000001110011010010000100001000101000010000000010110001000100001000111011110011101110001110101110000110000100101100010111111100101101100,True,True,True,True,True,True,True,True,True,True,238,251,117,39,23,35,40,257,255
809,10100000110110100110111001010100000101110001111011101010010010001101110110010101101100001011001011110100001001010010111111010001000110011010000110000101010000110010011111101101001000100100001011100001101100001001011000011011111111111100111001000000100011011001111100001001101001000110000100011101100101001011101010011100110010100010111100010101001100010010110111110100101001101100001010111000100101111010100001010010101100100000011010110111101110100100100100111110101001100000011010011111101100100010101101010001,True,True,True,True,True,True,True,True,True,True,247,275,148,26,35,43,32,256,258
810,00100001101110010100011001011100111101001110111000111001111101010111101000111111110011110101101001010001100111111000010101110010011011100100000110011001110111001000001101110110100010010110100101110000100100011110011011111101010001011011100111011110011101000001000100011001111000100101001000111001000011101111011100101111101010011010111000011110010010111101000000110101111001010101001110110110101010100110100011010110101011110101111101100100101100010011000001110111101101000101000011100111010101101100000110011111,True,True,True,True,True,True,True,True,True,True,272,264,133,19,32,28,26,257,256
811,11100110101100101010110100010000111001001011000101111010110101111001010100101110110101110000100111010000111011100011010111010110111100101111100010010110111001100011000101010111001010000001000100110111001001100000001110110111001001000101110110000111110101011001000010101010011001001100010010000111100111111001110101100110011101100110100001010110000110010110000110110011011100011000000000100000110000001110011001010001100100001111101101100010111110001000111000010000111010110010011101110110110011110001111100110000,True,True,True,True,True,True,True,True,True,True,251,258,119,31,33,33,32,257,255
812,01111001100111100101101111010111110111010111110110110011110101111011001110101010111100100100110101101101001110100000000001101100111100110000101110111010001010110010001101001011111110010101001011011110011001110001000001101010101110001101000111111100101000001100011000010110010100111000001001010000111111011101011011000000101010000100111010001100111110110110111111101111000000111110110010000001010011000111001000010010110001001000011011111011000110100000011101100000001000101000001000101111001100110100011100000011,True,True,True,True,True,True,True,True,True,True,258,248,121,40,29,28,30,255,259
813,10001011001001101101101011110101001010001111011010010011000100100110001101101110101110001100000101110101111000111100101011001000010000010110011101111101111010100100100100111001101100101101101001010001011101001100101010001110010101111001011010001110100001001110100011100011100010110101100111110111110001110111111100000110011001010011010011010010001010111011001100010010000000101110001000001100000010110001011011010111000011100001101010000000111000000010110100111001101011100011000100110000011101110011100101010010,True,True,True,True,True,True,True,True,True,True,249,268,133,29,33,35,32,256,256
814,00011001110110100111101101101010100010110101000110000011011100000100001010110100010010110011001101111001001101100001100111001111010111100100010110111111101111100100000100001000001110101000011001110111100110100110110100110101111100010100001110011010010100000010110101101000010101000101010001111011011011011010100011000001000010001100001110111010101110011000100000110111010001110001010100111010100100010110001011011110001110110111011100111000111000011111001011000101010010011010101001010110111110101101010010101011,True,True,True,True,True,True,True,True,True,True,255,278,150,24,39,28,34,256,256
815,00000010010000100100101110011110101101001010010011100101010110011010001001110001101001001101100000010001110011111010001110110100101111011001101110110110010111011101010111001010000110010101001011000110101010101101000110110111001001110101010010100101110100100111011011111010001001011000110011010110011010100101110101111010011010111010101001010000100100011010011001110011111011010101100111010010000010010011010001100011010101110010100001100111010010110010100110101001011100100101111010111111001110000111010101011101,False,True,False,True,True,True,True,True,True,True,261,304,172,13,45,35,19,259,257
816,01000111101000101100111010101101100111111011000011001011110100110001001101010100001110100010010110000010011010111000001111110000000001111110000000111010101101000111110111110110101011011100011111101000001100010010100111111000001010101011000001000010010000100100001100101100100100010000011111100101011010110110011000001001010010100010010011010111000011111101111010001011101000100110100110000110100011011001010000011010011011111111111110011110001011100100000110110011011010011100100101000001000101100001001101001010,True,True,True,True,True,True,True,True,True,True,246,255,132,38,30,35,34,255,256
817,10001111000001110100011111101011000100001010111011100010101001011101101010010111010001100111000101011011011011000110110100001010011010001101000010110101010001010101100111101100010001101000111100101100111110001011011010000111101001110111001111010110110100000010110110001001100001001000001000111110111010010101010110100101101101010000010101011000101100010101011000000110010000111100110110101100000011010000000111110111011101000111010010111010111100001010111000100100100100001010011111010110001110100010110010000011,True,True,True,True,True,True,True,True,True,True,249,279,157,29,42,32,37,256,257
818,11110101100100110011110101110100000111011000101110110001000110000010100110000000111110100110001101110101100001001010111111000110111000010111100100101100110110010010011000100000101111110111110001110010001000110010001001011011110001010110110010001110101001111000100100000001000101011100011000100111001101101011010110111011000011110001011010100001011011011001010011100111111100000001000010000010100000110100000010010000110110100010101100000000011011111000011101101100111000111100010000101101011001100111101011010000,True,True,True,True,True,True,True,True,True,True,242,250,118,40,28,36,38,257,255
819,00011010111100100000000101100001100101100100101110011111111111101111101010100011101100111001110011110100011100110111000000110001110001110111100100100010011011001111000000001110001010100011100010101110111010101001101001010110010001011011111110000111001111100100000101110000101110100000001110010101010001000110000000000100011000011001111111110100101100110000110100100100100010001111101011011001001001001110000110011011100110010111011100011110000001011001101110010010001011011000001001001101101000111101111010110011,True,True,True,True,True,True,True,True,True,True,252,242,107,37,26,34,32,256,257
820,00100100011000100111110000101001001111010110110110001100001111101110100000111011001101110100000011010111101010100011001101001001101000101001010111101000000010001100110110100101001011111100101011010111111110011110000100011111010101000001010110001000011101001001001001011000101111110001110010110011010000100000001110011100101010100001010010101100100111000101100100101110000111011001110001001000111111010011100110001100001000111000100101111110110100101101110011111001111101111101101011001110010110010100111001110011,True,True,True,True,True,True,True,True,True,True,258,262,129,23,33,37,29,255,257
821,11000001000110000101101101101010110111001100101110011100010111100101011110010010001111100100001101011000010010110000100011011100111001101010001001100000111100011100001110110011101000000111111011010001110010000111100100010000111100111100011000110010000011010000010010111000101001101000001000011110001110000000000110011011110001011111011000101010110101001001111110110101100011110100101111100111111100110110101010100110011000101000110000110011101000110001111001111000110100010111100010010111010010111110010100101100,True,True,True,True,True,True,True,True,True,True,251,246,109,29,28,31,38,257,255
822,11011101111100001011000100001110100110001110000000000111101110110011011001101101001111101010111010111111010011010010011111011010110110011011100000010101011001000101110001010101010011011001010010100000101111101000100010000110010100000101100001100000010001111110001001100110101111010101001011001101111001011011111110101111100000010001000010111011000011011000110011000011100101101010101010111111110001100100010101001111110111110001111011000100010000001010100011000001010000100000101111111001101001101001001110011000,True,True,True,True,True,True,True,True,True,True,254,256,133,35,37,31,33,256,255
823,10011111110001000001001011000101101010001010100100101111001101101110111011001111111001111000001001100001111100100000101100011111111010000111010100100001010110101010101100100110011000000000000110001101100100111000010000111011111001000110100100111001100010000010011111101001001110101111001001011001101000011101110010111000111111110001100100011101100001000100110111100001010111000000101010110001111001111010000110111010010011110100111101001111010111011011000100001000100110111000001110000111100010100110100000010100,True,True,True,True,True,True,True,True,True,True,250,244,114,36,25,34,34,256,257
824,01100000010111011000010101111010001010110110001000111101111011010001100111111010110110000011000000100001001100010010101100111011010111100111011011000010000110110010000011100111011110010001110111110101000010011110001110111001010010111010100111010000111011100011010110101111100000100001011010001001011010011111011101000110100001001010001011000000010010010000000000001001110010111001011010100100000011100100000111011111111111011010110101001111111101101010100100010000000011111010101010000100100011100000001111111110,True,True,True,True,True,True,True,True,True,True,249,247,131,48,29,33,33,258,256
825,00100110000111011011101111011010000100110000001010100001110101100100100100001111101110101011001000011111100010000110010000101011011010100001111100100000110111101100110110010101001101101111110011011001010001101011000100110101100111100100110001010000001000000111010011111100010110011110011000100111100011100101101010111000011101000110111111001010111010110101010000110011010111110011000100101110011000101101000111000010000010010001110001010010001100010011011101111101101110001010010010011010101001001011001111010110,True,True,True,True,True,True,True,True,True,True,253,267,132,24,32,35,32,255,256
826,10001000101100010000011111011010100100110100010001111101011001110100100101001101111011010010101011101000010001010111011101001100110111000011101101000001001101110001110001001101011110011010101010001011011101001001010000100001010001000011100000011010010100100111010001111000000011101110101110100110111110110111110001001011001011010000000010001100010010111111001100100001011111101010011010011000011100010010001110110101101001101110101011001100000100110010111101111100010111101100010011000010110111111000011110011010,True,True,True,True,True,True,True,True,True,True,253,268,140,27,29,35,33,259,256
827,11000000011000100101111000010101101011101000010010000011101110110010010110001011101000000111011110000101101110000111111001001010111100001011111000111110000001010011111110010001110010011110101111110011011001111011110010000000100000101011100101010110010110100100101111001001010001101011011011101111001111110001100110000110010000011000111101101110011001010100100001110101011111110010010110101101101000010111000001100011111000011001100000010010000111010001100111110101100101010000011001011000111000000111000100110011,True,True,True,True,True,True,True,True,True,True,253,243,113,40,32,35,32,256,256
828,10100111000110110101011101100001100011000011100101011001000111000011010111010001100000110000100011100000111011001011000011101111011110110011011010011011111110100001111011001111000000011111011010110011000001101111101001100100100101001001111000111000011010111110111101011010000100110100010001011001110111101110001111000100011111010110001101000100011001111000000111011100010001100011100100101100100001100001010001001001010111101010011000111111001110001111111000100011011010111000011111100001011110111111111000100001,True,True,True,True,True,True,True,True,True,True,263,235,100,26,19,24,41,257,257
829,00010011010010011001001101111111011110010000010100111100101011000001000111001111011011101111011011101011011010101111011110010110111100111000110000110111011101001011010110101011011011101011011101010110111110110111011110000100001011010011010101010010110111001110011010101011010100111110101001101001010101001001100110000010100111000111011001000110011011100101101000101010100011001000100100011101010101110011001011010100100100101010101110010011000111010101100011001100100111010001110111110110110100010100100101010010,False,True,False,True,True,True,True,True,True,True,272,303,172,9,46,31,19,258,257
830,01101111110101111111100001100000001010001110001110110011011100100010000101101000101100000000100101111000010011000001010111000010100100101100110111101010001111011110111000110101100110111110000000011001110100110100011110011110001010101001110110010010010010111000111111100101011010100000011001000011111000100011110111111110100110010011010110011100111111000011110011111111110000000111010100111110110001010001111010110101010101010010001101001000100010110010001110011000010100010101010000001110111001111001010001110010,True,True,True,True,True,True,True,True,True,True,257,247,124,33,33,31,33,256,256
831,10111101001111010101010110000101010100001011101011101010111000111110100101110100111011011001010010110111000010001100101110011111111010001101101100000011000010110010001000000100001101110101101110000011000011111000110100110011110100011111101000100101101011111011100001011100011010110001110001111010010111110010111100011100000111101101001001001110100110101011100111111111011000000110010011100100101101010101001110010001010111011000000100000000010111111001001001011001010110101010110011111101101010000010000011001000,True,True,True,True,True,True,True,True,True,True,260,262,141,33,39,31,28,257,256
832,11000000001010011010001111110111111011111101101011111100000001010110110111100110001111010011101110010011011101000011101110111010100010110001000000101111100011010011111001010011011011110101101110110001100010100011001000110110111110101010110100001010100000110001110010010011001010101101101110001001100001110100011011100111110011101010000001000111100011110001101010100010111110000011110011101111101100111101000011101010100111010110000111010111100010110010111011011110000101000010101110001111111001010100001000011110,True,True,True,True,True,True,True,True,True,True,271,252,130,28,33,22,33,256,256
833,01101110110100100100001011011010101111000000101110011111010000100101001100001101110000101100010111001000110010011111011111101100111101011100101110100101110100000010111010100010000001001000100001111101000011111000101011010011001111110011000111110110001100010101011001000001001010111100110100001101010101101111001010001010101111010000001110001101110011110100111000110010010100000111100110110000000001011111001010110010100111110101001100110111001011110010001110111111001000101110011111101010011101101101011111010110,True,True,True,True,True,True,True,True,True,True,264,261,137,29,37,33,27,257,256
834,11100000010000011001001000101110100100011101110111110111001001010000101100110000111101100100100001011100110101101101110011001111110010110101000100011000001000011110010101001000100010110001100100100111101010111001100110101100000101001001110011000001011000111110101110011011110011010010010001010010111111010000110010101001010001011010110100010111010001110011000100010110111100100000101100100100111001001100001110110101010110101010110001101011011100100101111001100111000001010101000010000010000010000011100010011001,True,True,True,True,True,True,True,True,True,True,240,273,138,28,37,45,33,256,257
835,11100011001010010000101011100100111110011011101100110111010001110101010110011110100100111110010011100001110110111000110100111111100100111111001010100110110100001101011010100101100001010010110001101000110110010101100011110101100100011011010101110000100101001011011010001101000001100000010101111010110101000101011101101110011100101100111110011011011100101100001100100100111100010010111110001010010000100010011110100100010111000001101000000001011101100110011101010111101001000000111110001100101101010010001000101111,True,True,True,True,True,True,True,True,True,True,258,275,142,22,37,36,28,257,256
836,00001011111111111111011101101110101110111010000000100010110000100011010000100001001101101111011110110101110001111000110101100001001101010111110111111101101001111101110011101010111111010101010110100011010111110111111100110010000011001001101100101100001100111001111111010100010111001011111011110001110000001001001100100101001000111001010111101001000010001001101010000101000000000011110101100110111111011001011000100001001100001010110001111110101100011011001011010111111000010001001100010001011110100010000110001100,True,True,True,True,True,True,True,True,True,True,267,249,127,28,31,32,33,256,256
837,00001000101001011000010000110101001010010011100011111101000101001000101010111001100010001110001011100101111010010101100011010010001111010101100100011110111110100111011101011101100100000010001011101101000100101111010010110111010001000000101000101010111100110100011000000111011010001101000111111101000111001001010000101111010100001101010001001001010101101101100010101000010111011101010111111010011100100101111110101000001110111010111110010011101100000001111110100100000101001011011100011001011100011110011011001001,True,True,True,True,True,True,True,True,True,True,253,276,157,23,40,40,34,256,256
838,10111011001111100011110101001111011001111000001010000100000100011011011011101011001011000110100001001000101000100101101000100101010000100111011101001100101011111001001011100101101100101101001001000100111110111011100001001011001111110010101001100101110111010111011111101110000001010111100100110110111110101000111010011000000110000100101110001010001010010110111001111101000111110001001110011001111000111000000001010110111010110001010110010000011010100011001111001111110110010011110100100101101001100101001110100101,True,True,True,True,True,True,True,True,True,True,261,271,140,22,34,40,26,257,256
839,00010001010111001000001110100110001101101000010100111000100110111011111000010101110110001000111100001000000110001010010010001011001100010000010100100010111110101000010001011111011111110010011011000000001100110011111100011111000101101001111001111110001100101011101100011011010010100110011000110001011111100011101001110001010110101110010001110010101111111111001010010100111001100000101110011011010111011011111001010011001000010100001101110100010110100111111011101010101011010111000001000110010010000111000110000010,True,True,True,True,True,True,True,True,True,True,253,255,125,25,33,37,37,256,258
840,01001101110110001100000010011100101001110010000001110000110001101111000001110111100010101000101010000101111100000010010001100001001000011001010111101111100011101000010100100110100111001110101001101010101101001000010110000010000110111101010100010111110110101001111100010111111110001000001111011001001101101011100101101110001001010011001101000111110100110001001101011110001110110001001000110110111011111111101100000010101100101000101010101100101101000111110001001101001110011000110011011010110110100001001100010010,True,True,True,True,True,True,True,True,True,True,251,265,135,26,32,34,35,256,256
841,10000111010101010011100010101001010001000110010111001010110010101001110111001010011110010111100110110101110100100111101010110100111011101001111101010101000100110101000000101111110010111011011010110110100111101000110011101010110100000011001101101101011001001011011110100101010110011011001110100110110100101000111111100101011001000111100111010001101001100011001101011000111011000100111001111111000100011100011000001110000000101110111100000010101001010001110010101100000001000010111101100100001000110000011010001111,True,True,True,True,True,True,True,True,True,True,259,279,150,24,41,28,27,257,256
842,00001011001110111111010111101010110011000011111110011000000110000101000001011111000111101011010110100001010110010001011000010100100111101101101000110010011010110001011110011001110000010111000101110111011101101111111000000001101011100101000011011100001110001000001111101001111000010101001000111001010010010001001111110010011100101101000000001110111101011011001010110001111111101011011101110011111110000010000000110100101000001100111111101001010100000001101101001101100100101011110101110110111100111110001111001010,True,True,True,True,True,True,True,True,True,True,263,247,125,39,33,29,28,255,256
843,11101010101010101010101111101101000000111001111111010000000110100101100011000000101110011111110011101110110011001111001110001101010101001110001100101000111001001001100011100100111001110101100000110100100010111000001000010000000010000000011111101010101000010101011011010010111100100011111010000110000110111101101001011101011010000001001011101000111001001110100010111111110010100110000111000100011100101110100010011111011101101100100010111001110010001111011000011111110111111110011011110111000000000000101001100100,True,True,True,True,True,True,True,True,True,True,256,246,124,42,32,28,29,256,257
844,01010111011100010100101000011010100110000110110111111111011101101011101110010101000100010001000100001001101011001110001010100100001000100111101000100000111011011111100011000101011100101001101100101111000011111001101111100011101110101000101011101101110111011111001001011111111010100000110010000101110100111010011110111001100101001011000001000011001011010110010010100110011100110101011100110001110101101010101110000101000001111000111101100011100000000001001001000111110100111011100011111100010111000001001101111100,True,True,True,True,True,True,True,True,True,True,262,259,133,25,34,33,32,256,255
845,10110000101101110101100111010111111111000010111010011111000011100010100001101000010010011100001010111000110110110001101000110111010100001001100111111011110101010100000110011101111111110001000110101000111010101100101000101101101010000000100110110011111101000110110011100001110011011001010011001111001001111111000111110110000011111111111101001101101111100010101000000110011000010001110110000000110001000011000000010111011001110011001001100001111111100111010110111000000011010111100010010110000011110001100110001011,True,True,True,True,True,True,True,True,True,True,263,235,105,36,25,21,35,257,256
846,00010110101100101010001101110110010000000000101110001011100111011011100101001100110000100010110101001001111110011001001111000101111101011001001101110100111100000101001010111010000011001110011000101111100110010001101010101010100010010001001111011110001111101000111101111010001010101001001001100100010010110000000011000100111010001010001001010100010110000111010111110100111011010100001111010110110100100010011011101101110100011010101111010110111110001001001010100110110110010110000100000001001001011110100001011111,True,True,True,True,True,True,True,True,True,True,251,278,152,25,39,41,30,256,256
847,10101111110001010010110110110100111000100011101111111001101111101010000110111100010111001011000000101001110110110101100000010010000100010100110100101110101111011001001101110110101100000011100100111111111110000111101001111000011111001000001010101010011100001011010100011111110011000101100000000111101100000001101111011100101011001011000100011110000110011110100000010111000100011001000001110000000101010110000100010001100111110111001011010000000101010110101011100111111001011110001000011110111111000001001010010010,True,True,True,True,True,True,True,True,True,True,254,244,125,43,34,34,33,256,256
848,00111111010101111000111001000010010100101101010101100111111101111011011000100101101001000111110111111110011111110001000010101110000010001111100101000111010111001110100011011010101101001001110101100111111011000110011010010000011001001000010111110011010001010010011111100111100001100101011101101100100010101101101010010000000101101110000110001111010110100111110001000101001010100000100011000110011001000101000011111111000111001000000001110111001001110010110111111101011100001110110000100101110011011111101000011011,True,True,True,True,True,True,True,True,True,True,266,252,125,24,31,34,31,256,256
849,11111010010100001110011000001111110111111111000001100001101010111101111110010000100111000001001100111000111000011000111101000001111010111111000110001110010100001010011011111100101101001011110001000100110111011011111001110011111001010001000110011001110101101101001111101111110100101100000000011001000110011010101100110111001100111010010001111111011000011110100111001111000101111101110111110011110010111010100001011100101011110101000001000010011101110010101101101100000001010110010100000111011001110011010110100101,True,True,True,True,True,True,True,True,True,True,273,241,111,30,27,25,27,256,256
850,00110110101110111011010011011011111001111101100111111000101110111011101010111100010011000001101110011111100101010111110000101000101010100101010110000101111010101011111011000110000011100101111001110101010001110000011111111011000100101110011001001100010110110101001100011110001100100111101001010000000011110100011000001101000000100000100111111011011010101011000110001010011100101001101010000111110101111111000110101000111101101000010110110000010111000010010101100110110010001110011111001001111001110101101010100101,True,True,True,True,True,True,True,True,True,True,269,264,140,25,41,25,28,255,256
851,01010001001110100101001010011010010000101110000101001100000010111000001100111100001111101111001110000110101001000011000110111000000101000011101101100111100001010010111101110001010101010110000101111001110001101101111000011001011110011000101001011010111101111111011101110111001001100110011111111100101000011110111010010010010101110010000000100101110000001101011111011001101010111100001111001000110011001011100110010000000111000000011001111000010100010100111111101101101011111001000111110100100000010010101001101011,True,True,True,True,True,True,True,True,True,True,256,250,123,38,34,33,28,256,256
852,00010001001001011001000101000110101011110000100000010111000011110100000100000000001111111100010100110010101010000111101000010011011100101101000101101100011010000110000001100011010101101001011100100001101101100100010011010000010001001000000110101100000010011111001011010010001010010110010100011011111100011101101110001011111110111110000000001110100110001010001111010001111100001101011100010001101110100101001011010100001110010011110001011000110001101111001100010110001111101001110100110100110100010011100001001000,True,True,True,True,True,True,True,True,True,True,233,253,125,38,27,38,42,256,255
853,01101011011001110110101101000100111000111000010000111110000110010001001011011111100010100100011011100001000110101011100011010101001101001110100100100010111110010100101011111101100010000001110111110010111100011101110001001001000110010110011001100010101010101011011000100111110011111000011001011110010001101101100101101011011001110000100101010110011110011001011001011101111001101100100101010010100101010100110111111111100101000110100100010100110100011011111010001110010001101101110110100100101111010100000000101001,True,True,True,True,True,True,True,True,True,True,261,280,147,14,39,39,28,257,258
854,00100100101111101101000000111101101111001110100110011110111000100100001010001100111101010010101110010111110000011001010111111001110011001101000001100010101101011011001110011111001110010011111010110000000101010010110000111010000000110011000001000011111010100010100111101001101110110100101110100110001011100111010000000110011100010011100011100011010100011001000011101011100000000100111011110000110110001111011001100100100111101111101000110110011111000010100001000011011011010010111010111110101111001100001101100001,True,True,True,True,True,True,True,True,True,True,257,248,113,36,25,25,29,256,258
855,10011100000010000100101000010010101011000011001010111011001000100110111010111110000010010000011111111110111111101001000000110010010101000111100110111100100101111110001010110100000100110011001101111001000100101111110100110011110011011010100011011111111011100011000100010100110110101000111010011101100010100010101101011001011110101100010000001010001110001001010000101110100010111000101000111010010000000001101111100100001100000101010111000000010110110110100000010010001010000000101001101010100000001000101110011111,True,True,True,True,True,True,True,True,True,True,239,257,139,43,36,42,36,257,256
856,01100001010000111101011000001001000110000110111010110111111110111011010110100101010110101110010000001101111111111000101110110100111011111010100100101111110000100000001010011000101100010000110100011011111110101101010001100110010100100101111110100010001011010100010101011100011000100010100110000010001010111011111110110100011010110101000111110001110110000110011010111011010100110111010110001111110010100100111111100001111101000111011011000000010101010101000011101010110110101010011101011010111111000100111001000010,True,True,True,True,True,True,True,True,True,True,266,271,157,24,42,28,33,256,257
857,11111001010111000001000011101001110001100011000011001101110011011001001110001011100111100001100011110110010011000010110100011111001010111100101001010011000110111010000011010011100011010010100111000011111101101000101010110100000111100101000010110001000000011001010101100000011011100010110111101010110000110011011010101000101001000010011010110100000000010111100101000110111101101001101110011100110010100011110001111011010011110101100100101111111110101100001001111010101110001000000101111001100110001111100111000100,True,True,True,True,True,True,True,True,True,True,253,256,122,31,33,28,33,256,257
858,10001011001010011011011000110010001100000001011010100010001000101111001001101001110000101101101101011100011111011001010101001010110101010010010011000010001000001001111111101110101111001011100011011100111101010000000100010011010000100011110110000101110000100110000001111000000101110101111101000010001110011111111000110111111100000100000011110101001111000010101000100001000010011110101011110001110101111011111101011001000011111010010111100001110010000010101001011000001100010011011111110110001000001101010101011101,True,True,True,True,True,True,True,True,True,True,249,251,134,38,35,36,38,256,257
859,10001001110111001100100001110100110100101110100101101111110010100011010001010110111111110111010001100100000111000100111000001101101111101111101010110110010010110111100111110101101110111001010110000000110100110000111000111110010011010111101001010110010011111111101000011111001100000010111001011101010010111011101110101100010111110110010111100111000100001110001111110001010100110110010001100100001010100101001000111011000101011111001110000000011000000100101011000010011001010000000011101110010101111000100101000100,True,True,True,True,True,True,True,True,True,True,262,256,129,30,34,35,28,257,256
860,01100110000011100101010101010111000111001001100001000101010100110001001111010001010101101100111000001011111100010010100001101010011101001101000010101111001010000011100011011010100101100001001110010100011000010100000001100010100001111001010011011101101110010010100011110010101100001000100101100101110000010000011100010011000000101011010001010011010100000001000110001010110000010000001110011011110110011000001010001111010010011000011001010101000001101110101010110101110011100101111100011111110101101001111101101001,True,True,True,True,True,True,True,True,True,True,234,272,148,38,45,35,36,256,257
861,11110110010000101100010000101011001010010110010001101011000001100001111100101101111010011100010111100000111110010010100110001000010111111001011010001100100001110010011001100000001001011000010100011001101000101111100110010010100011000110000010111110111001100100101001100100000010000101101001111010110110100011110101111100000100001101101100101010010001100010111001101110100111110111100101100100100111110010011111101011111100101110111111000000000101001010001100111001000001000010011111111000010100110001101110100001,True,True,True,True,True,True,True,True,True,True,247,249,116,34,29,43,33,256,258
862,00010001111111111010011000000001001001100100110000101011000000110000101010101100110011000011110001101011110000011111111100111011010101000101001010011000011000111010000100111000001101001100010001000111110100011011011011100010001011101110100011001100010000100111000101011010101110101001011110100101010010101011111011111100111111010011111110001000000101011011100111010010011110110110001000100101100110111100110111011000000001100001011110010100011000010100110001011011001111100010001001100100111111011010100010101011,True,True,True,True,True,True,True,True,True,True,253,256,128,28,34,33,36,258,256
863,01111001001100011010110000101000100111100110010100010010110110010110111101000110000000001010000000010100011001110111010111101011111011010100000001011110101000101000011111001100011100011110011001110111000011110111010001101010110110111100000010010000111011110000001001100111010100010111100000010101111000010010110101010010010110000010011110110100101010010010011100110101101101000101111000101100000010111010101001010000001100101110100001111010010111010000001011101100110100111001110101011101001001111011010010000111,True,True,True,True,True,True,True,True,True,True,247,266,144,42,37,33,29,257,257
864,11011010110101110111111011000010001100111010000100100001110011111010000110100111011100001111100101011111000101110000110101010111000101011011101001011101011011010011011001010100111101110101000010111011010001101001100010011000011111100110110010100010011010011001011101101000010100111110001101001101010101001101111011001000111100101111010100011100101110111011001100000011001010001101100100011100001000000111111011111001101000100001001000101010010001110101111101101001111011101101101010010110010100001011010010010111,True,True,True,True,True,True,True,True,True,True,267,277,147,18,34,30,28,257,256
865,01000011111101011110000111011110110110110001001111110101110010101000101101100100011100000001011010100110111011100101011110100011100110000011010001001011100000100111100100111101010000000000110111100101000011101101010111111000100110010110000100100011111110011001100010001001001101000101111000010101101101010001101100010110101100110111110000101101010001000010110001011111100110111011111110011101111101110110000000001000101110010110110001111000001010011001110100100010100010000001110011011001100000010101101100101110,True,True,True,True,True,True,True,True,True,True,255,253,126,36,32,34,33,256,256
866,00011011010100000000111110001010100010011100110110011010000100000110010100110011111101101011001011111110101110011000101001111000101010010001010011001111010110110000001000110011101101000110010001000000000010011011001011100000101111110100100111000010011111000101100000100000111101101110101011100010000111000101001101011101101001000010011111001111010000010001010000111111000001101101110111101011100100101000100010011110110001100100011111001111110111100100100011110100110100000010100111001011010000100001100011111011,True,True,True,True,True,True,True,True,True,True,247,246,117,37,24,35,36,255,256
867,10010011111000101110110000011011000111010001001010000001110011011110011001010111100000010101101010110001110111011101111010010001101111001000000111011100100010111100011110011110101110100001111111110110010110111010011100111101011110010001100011101001001110110001110111101001111011110100011011011011000100010010110111100000100101011100100111101110111000001010010111010101100100010011000001000000100001101100100111000010001110111000011010010100100011101100110000010011111101000100110101010001001011011111110011001100,True,True,True,True,True,True,True,True,True,True,263,252,118,26,23,33,31,257,255
868,10010101011000001011010011001010111001100100111010010100001010101001000101111110000111010110100011100101100100001100010000110010010100001100001000000011010111000100100010010100100110001100101101100011001100101000010110111101000011011001001010110010011110111100000010000011110100101101100100101000110011000111100101011110000001110101001001001111111011001010100101101000111010001001101101000110101110110110110111111010101101010110011111101100000101000101101100101011101101001101010110000000000000111000101101001110,True,True,True,True,True,True,True,True,True,True,242,280,151,34,41,39,29,256,256
869,10100110101111111101010100011010110011100111001100000000001011101101000000000000001010000010011100010101101100111010110010010110011100001000101010100001111111000010001111000111101110100110000001100111101010010010010100101011111101011010011101011100011001111011110111110111110111110011101111110111111111000011100100001010010100100101100111101101110011101011010110001001010101100010111001011000101010100111011000000111101111100110110011000111101000010100001000110101111111001011010010001101110011001111100111000110,True,True,True,True,True,True,True,True,True,True,269,252,129,33,35,27,25,256,257
870,01010111100011110101010010101011110101010110101010111110011100001101010101111000110101001000100111100111101010101001110101011101011011101100100011001110011011100101001110011001101101001100000000010010101110010111000110001101110000001100001011101101100010101010010010010001100111111001010111010110010000001111101011110010000111101000111110111101001001000110101110101100110010100111111010000010001110101111101111100111110110101000111011001100100000010010011111001000011110100101110000010100010111011100101110100101,True,True,True,True,True,True,True,True,True,True,268,276,154,23,45,29,23,256,256
871,10110010101011000110100111011011010101011111100001101000101010010000111110101100100000010000010101010111110001011010000001100111100100101110110011101100001010101100001101100001000101010111000101000001111000110111100110010000011110010111101000001110110000000000100001011010111110001011010100111101001011110011111100110011101111001111111000010100110010111000100110101011111011011000001010100001001001100111010111100011100001000011000001010110100101100110011110110111010000100111110010110001100001010010110010100010,True,True,True,True,True,True,True,True,True,True,250,262,139,37,42,34,32,256,257
872,01001111010111101100101111001000011110111010011001111010011111001000000110011011110010101101000110010011111001011011011100001101100001100010101100000011010110011010110101001000110111110000010100010011011100100011101001100111101110111001010000010111010000100101010001010010101101001010000100100001101110000101011000000001111011011111100001010110111001100111001010001000101000010010101000010001101111101011001010001010000110100011000100000001000010011010111110100100101011101100100100100100000110011011001011011111,True,True,True,True,True,True,True,True,True,True,245,270,141,33,34,40,31,257,256
873,00110000001010001010100111000001111011010111111111001101110010110110101001000110111000101100100001110110100001010100110011001111111011101010100110001100101111100001001011101011001111010110100110111100111010010011100001101001100101000101011101000000001101100000101110000011101110011111110100100100001010101010001011010110101001110100100000110011010100000101001101010110101101101011110110101000001001100101010010011111110101001001100011011010001101111111110100110010111011010000101110010111011100111001111101000111,True,True,True,True,True,True,True,True,True,True,265,276,151,26,39,27,23,257,256
874,00100011000110110110000001011110001011001101010100110010110110100101010001000000001100101010001000001011111110000001111110010000001011111100101101000111110000111111111000011010101110110100100010110010011011000101011101111111111000100101111011000011011010011100101100111011101111010111111010111110100011011101101101111001101111100000000101010000010110010010111010010100011011011011001000101110010111000100010100111011011000100100010011000101110001100010011111100101000110100101101100110010000000011010011101101100,True,True,True,True,True,True,True,True,True,True,259,257,129,31,32,37,31,255,255
875,00101010100111001010110100110000010010011001111011111000111001110000001111100001100001000100101001101111111001111101001100011111010010000110101110111100001000110111100001100000101000010110001000100001011000000110011111110101010101011101000001111101111110011100111110111000101011011101100000101110011010110001001110011110101100001110110010110110101111010011011000101111000100010010101101000010011100111001101011010111010011000001011000010010011010000110110100000010011111001110110010011000000000110000111000010110,True,True,True,True,True,True,True,True,True,True,252,247,116,38,29,29,33,256,256
876,10111100111010110010101110100011010101101100000110010100001111000101100010111010011110000010011101111001011000100111010100111001100010101001010010111000100111001010001111101011001001011101110001101010110111100001011100011111110100111010111110111110111110000000111011010100011111011110111111010000110011011000000011001110001011001111111010111011111011000000010101100100111001111000111110010000101000100111111010101100101100100010011011011101111010011111111000000110101101011011011010101111001111101010000011010011,True,True,True,True,True,True,True,True,True,True,280,255,131,25,35,24,25,256,256
877,10101111110101010010101110001111000110000101011111000011100010100100100101001101100101000001001100000110010011001000101101100011001010111111100011000000011110111000001001010101100000011010111000110010001100011110011100101110010100111101010000001010111110101101000110111100010110100010100101010101100110110010110111110001111110110100111010111010111000100101011001001110001000001110010110111110101101100010010100111011011101101101110011111011001001010111010000001001011100110110100100101010000111011110010101010100,True,True,True,True,True,True,True,True,True,True,259,278,152,24,46,36,27,256,256
878,00001100110101100110001010010010000111110100110010111100100100110011011110100100001010111000000011001111110100010011101100101110010000010101010110100000000110010111101010010111000101101011110101011101100000000000110101111001111010001001000111101100101010001010010101111000001011000011011001000111101010011100110000011110010110101111110001001010000011001100000000110111100111100101001111001010101011111011001110111111001010010001001101101001000100010000010010110101010101101010001000111001101010000011101110100010,True,True,True,True,True,True,True,True,True,True,245,269,146,38,41,37,28,256,257
879,10010010101110110111011111001010011101011000011110011100000001100100100100010101111011011011001000000010001000101110001011000010110101010100111000000001110001001101011011110111101001101000100010011010100010101100101101001010001100110001111010110011110001010111000001011100101010011111100111101110100000010010011101100101011100000001010100100111010000000111111111001000110010011000011110110001111100010000100110000010101100000011011111011110001010011000011001110001101000111100101011010111110111000111101101101000,True,True,True,True,True,True,True,True,True,True,250,256,129,36,34,34,32,253,255
880,10010011011111010010010110011100001110101100111011101011000000110011001010111011111000001111111101111100011000110011011010101010101101011000000100000001010100010000101110100101110000010101001111000100001111010000011110110011101101000111100001111110011101110101111001111110010100001100100101110100111100001000000101101110111000100110111000011000111100100100110100111101111101111001101000011010101110110101110001111000010100101010000111011100010101000100111001110111001011000101111000111110101010000110110111001110,True,True,True,True,True,True,True,True,True,True,267,252,126,30,33,25,30,255,256
881,01101010001010010011100001110010101100010001110110100101010110011101010010111111111110110110000011110100000000000001000100000011001111011001111110010011000101100010000011101001000000011110011100000110001000001111000000111111101001101000100110101110000101111100101111000111111000110000001010101100001100110010000110000110110101110110001110101011111010101111101000011101101011011110010010101100010100010010110110010100011100000000001111101010101101010011111010011010100000101011101010101010001101100011111110111010,True,True,True,True,True,True,True,True,True,True,251,251,136,46,38,25,33,255,256
882,10100011111000000000110010100000010010110100101111011000111011010010111011000001011001101100001000100010000010010110010001000110110010011010111100110111101110010000110100011001111011101011111101011000110000100110101001011100000101011011101100010110000011111110111000011101101001011100010111110000000001101101110100001011000110001110000000011000110000111111010100110011000010110100011110000000001101110110111001010010010110100101111011001100110011101011000010110010010101001011000010001111001011100011001010010110,True,True,True,True,True,True,True,True,True,True,244,254,121,43,30,35,34,258,256
883,00111101001100010101101000011010111111010010100010001010101001101001100000110100011011010011011001000011011001000111011100111001110000011000000011101010100001100011110100110111000000110001011010100100010010101101001011110111011011111110000111101000101001000111000001100110000110001000110001110011000010001011111011001011010010111001111100010110101000010001010110110010111110101111011111101100010000100001001101110011110000010101100011110010100101111100101101001100010000101011010010110100010011100111001010000001,True,True,True,True,True,True,True,True,True,True,247,264,133,28,33,34,37,256,259
884,11100101010101011110100110011111110010100010100011101000110000100101010110000101010110011111110101111010001001101001001101001111001101101010111111101100100010001000111001000110111011010111011110011001111010010010001110010101100010100011010111110011001011001011111000111110001110011100111011111111011011100010110110110000100011000010001001100110100000010100000111111100101111100101110010101000001101010000111011001001111000111111010001011000111110101110100100000011011011100001011010011111100010011111100111000010,True,True,True,True,True,True,True,True,True,True,271,256,128,17,33,32,31,257,258
885,00011101000000101111111101100110111101110101010011001110010000110101111010001011110001011101010010110010111100010001110111000100011100010100100010011011100111111000100110001011110101001110111111011111001001111100100000101001111111010000101110000110100101101000110010110100110101100101111110000100101111011101111000011001111100111101110111111110000110111110001001111101011111101101111001111110000001010010111100111110010011001100110110010111001001100110101100100000110000010000011010111010000101010010001111100001,True,True,True,True,True,True,True,True,True,True,277,242,114,22,27,32,28,256,258
886,11100011001101010111010001101001011100101100111100001111101011111101001010000001101100010000001001010011000101010111100000010011000010010010011110101010111000100101010001110110000000110011101110100100100111100101111001000101110010111101101010111000111001101101110110001001100110110100110000110101110101001000001110100101110101011000000011001110011001001101110101100101010010100101000000111000011000000010001101100100101010100001100111000100100001000000110100011000001110100000010001000000001000111101111110010101,True,True,True,True,True,True,True,True,True,True,235,263,135,45,35,36,32,257,257
887,00011111100011010100000011011111000111101000111111000100001010101101000011111011101111100010100011100100010001001001111000100000101111101010011011010000010100011110010000110100001000001010101010000011110000110110010101101101000111011011010101001000100001100011101000110111011000010011000101001001011100101001010110110111000100001011001101111100100101110101100001011100111000001000001111010100101011100000101001010011111111010001001110110101010000110110111100101111001011110111010011101101110111100000000000110110,True,True,True,True,True,True,True,True,True,True,250,259,140,35,34,34,37,256,259
888,01000101110100001110110000000001100000011111110110100111101100000011010101111101001010010100100100110101010111010100000110111001010110000101001001001011110010100100000000101000011010101111000010110000111010111110000100101001010010101110100110001001101111001001010100011000011101110001010011001110010110111010101011110111010011010011010000111001101011101101111101011101110111101111111011010010001110101111101110011010110011111001111101010110000000100101000101001101010001101011110111011001101111110001111100111011,True,True,True,True,True,True,True,True,True,True,268,272,153,31,40,27,22,256,256
889,11100000101110001110001111011010100101100101101000110010101010101010010001100001101100000010101001000101011100110011110000111010010111010110110010110111010011011111011110000011010001100000110101011101101110110101100010111000110010100001100011100100011110011001111100110101111000011000111001111010001110111010100011000100001000011011110011000110100010011010101011010110110001111110011100000110111101010011100101110100111110010010111100111111110000111001110001101011101110110101011101101100011100110100100010001101,True,True,True,True,True,True,True,True,True,True,268,265,129,18,34,21,33,257,257
890,00010110010001110010010110110101010001010011000111011010001000101100000011100011101011100101101011111110101111010000111110111111100101000011001001000100101100000011110111100111001000100110111111000111000011101011110000001101110100010110101001100111100101110001000111000010010011100100110011111001100110000111100111010000100111010011001010001110000010010000110011011001110110110101110111111001100111011110011111111111000010110110001111010011100100001111010100110000100101001010111100101011010111001101001010010001,True,True,True,True,True,True,True,True,True,True,264,252,116,21,27,33,30,258,257
891,01110000011001010111000100011000000101011100010110010111000010101001101111000101110010010000010111000000010100001101111000001100110010000111010111100100001110100111101110001010111100011010011101111000010000000101110110000110011000111101100110111000001001000110101100000110100110101111110011000111000110001100100100100001011000000100111100111000001110111110110100011100111111011000101111001001001001101011000011011110000001010000110101101000101001000010000111011110100110101001000000000111110001011010111111000001,True,True,True,True,True,True,True,True,True,True,239,238,108,48,26,33,39,256,259
892,01001011100001001110011101100100100110000001000110010110000111100001010110001110001111100011011110100110011010101101001001111110010101100110011010000111100100001011100110001111010011101000100100001101101101011111011010100001101011001100011010011111101100110011101100111111101111011110010010101100011011111100001010010110111001101101001100110010110001010101001010000111000001001000111101000100101111100100111100010111010101011111100111111110101000000001110101010111011100001000100100011110110111001110110111010000,True,True,True,True,True,True,True,True,True,True,267,259,125,21,30,29,27,257,255
893,10001000001000010111011101100000101010010011110010111101111010111111010001110110010111001000111110101000010010101011110010110000010001000100100101110111100010010100100010100000110100011111110101011100111000000111011101011011011011001111011110000011011001110011000001101010000010110000110001110101000100101111011001001100110001100101010011101000000111110111100110000110111100100111110000111010000010001110110011010111001001010001101100000000111101000110111110101100100000101011000010011011010101001001000001011110,True,True,True,True,True,True,True,True,True,True,250,256,130,37,31,35,33,257,256
894,11011011001000010110001111111100110011101011011111001011011011000111100001110101011101010111001011010101111001011000010000010011011101100011011101011011011101111001001110111101101000111110001101010000000001011010100000011101000001101110111010101101001010010000100001001111101111010100110011000111000111000110001010110011100010101001111101000001111001000010101010110100111100101001100101101010011011001011111100010100100011011110101000111010111111111010110101100010001010100101010101011111011000001010011110110010,True,True,True,True,True,True,True,True,True,True,270,276,155,23,44,27,27,258,257
895,01010101111100101100101001110000110100011101111111110101101000111010101111001001101100000010011101111010111010010001001101011000010011011001101011000000100101110011111111100010011010101011010000111110101110000011010101011110101101000101011010110001001000110011100011000110000110000001101101011110111110100101001000100011110010101111011000010010011111100110101010100101011111000100111110111000001101011000001101010011110000110000100010010001000111011010001100001001100100111111010011111101111100110001101100111111,True,True,True,True,True,True,True,True,True,True,266,260,134,23,34,27,31,256,256
896,11010011111100010100100000101001000001000101101100110100000011000011000001000010110010110100011000110101100001001010000011001011101001101000001011011010011110011010100100101111000001111111001111100101111100100010001001100011000100000101111000001101101110010110111011100011011110001110010011010111111110111100011000011011100101111011101011111001101010101110101010100010100101100101001101010100101111011011111010010101101101001001011100110100000101011100000101101001010001110000001011111101100111011100100111100101,True,True,True,True,True,True,True,True,True,True,257,267,141,30,38,37,29,256,256
897,10000111110111101101110011110010110101110100100011011111011111100110101111010111100010101111011111111010000111110000101111011010110010011010010011111011100011110000001100110001000011110010110110111101010001111000000111111111010111110001000010010110010011101001010101000011001110000100000111111010101100011100001101101000001111001101010001001010000011000111010101010110010010011001100110011110110101000011000010001000111000101101001100010000000011100000001110100001100000010011111101011011010101000101010010111011,True,True,True,True,True,True,True,True,True,True,262,247,125,35,31,25,33,256,256
898,11111111111111111001110101001000011111101110101000001101000001010001111101010111000001011010100010111100100111001010111110110100011001010000101110010000101000001001000011101111011110111011101000101101011010000001000011110111000100100101111000010101101111001011011111011010010100100100111100110011001000001000000110101001011001010100111111011110100010001110000010110001000101111101001110111000101010101101001000110001100011101100100010010110011001101100101100011010010111010111000110110110101011101110111100001011,True,True,True,True,True,True,True,True,True,True,264,265,144,25,37,38,31,256,257
899,11000100000100010001101111001110010111110100100101110001010000001100001111101001000111110100111110101101100011101010110000000100111100000011110100000000011101100000110111011000101100011010010111101110111010000011010001011101100001011011101011110001000001001110000101001000000111110100011011010101000010101000010010011010111101001100111000101110001000001010111010110011011101100110011111001111000011001101101100111001011100000010110011000101110010101111001001101100011111110010111001111111110110110001111110111001,True,True,True,True,True,True,True,True,True,True,259,243,114,38,27,29,33,258,257
900,11111010001111101011001001111110010001101011101101000100101110010000000010000010110110010100111001101000010011101110011000010110101001110101110011001101110010001010100111111111000111001001001011000101110011100000011111110100110110101000101110111100010010100101011110111000010101010110111100010001100001010001110110100010110001001110011000010100000110100010000100100110010000000110011101101110001011000111101010100001011001101010110001001111011110100111011010111001001101001001011000010000011101000010001110000101,True,True,True,True,True,True,True,True,True,True,249,265,135,28,33,39,34,256,257
901,11001100101111100111101000110110100100011001100100010011011000100110001011010000010010010100010001100011010010110010001010101100001011010101000101111110010011101010000001111111001000111011010110000011100000111001001011000001100010001011100101101000000110010000011101000100010001110011000001101111111111011110110101110011010101101111111101111110000111000000101110101110111000110010101100010111000101010100000100001101001011111111000101101111110000001110011100111110011100111110011000100000001101011110100001110111,True,True,True,True,True,True,True,True,True,True,255,243,115,34,30,33,37,256,256
902,01110111101110100101010100000010111100000011100101100010110101001000001000101100011101110111010011100010010000101010001111110010001100101100101010000111111001110100101010000010011000011011100000001110010010101010100111101111001101000001011100010111100011011000000100101000011100011101000011100111000000111110011100110010010110110111101010011111101001110011011011011101111011111110111110111110100100000101111110111110000011000110010010010001010011101110111010000101000000000101011011010001011110101110011100111011,True,True,True,True,True,True,True,True,True,True,260,250,128,38,31,32,29,257,256
903,10111011101100010100011100011101110001001000111001001001010011000100010011101111000011111011100010011100001000111000100110100100011010101101000001000100110011100110101000101000100011001001100011101000010101101011010011010100110100101010101010110010100111010111101111001101100010111001100111110100010100010010100101010111100111001010110001000111101011010010110101010010001101011000101000110111100010010011000100101011001011001011001011010110101010100010100101011000110010100101001101001010101100000100100000110101,False,True,False,True,True,True,True,True,True,True,243,305,174,9,50,44,34,256,257
904,10010010001100100000101011001110100000110101110010110100101101010100001010111011111011011011010011011101011101001100000010111100100101001010010010100110100111000111100001001011111101010000101000000111011100100100111000111100000110100110111000101111000110011100110101001101100111101101101101110000111011111111010011100000010011011100000110110010010110000110110011000001001100101100011011001011111100101110001111110101001100001111000111100010011111100000101000011001110100110100000001100111101011010101001110010111,True,True,True,True,True,True,True,True,True,True,259,259,124,32,29,29,26,256,256
905,01000110111100100010101001001110010011101110011101111001111100110110010110000011010100000000011000110100101100101000011001100111011001111100001101001111110001001101110111011011000101110001110101001010010000001000010011100111101001111110000110111101000101110000101111010001010100011101101000011011000010111010001001000011110000111000110011100010001100001111010000001010111100110001010001100110101000000010010000001010100001000000001011111110110101010100111101100011111011110000111101001101010111000000000110001011,True,True,True,True,True,True,True,True,True,True,244,244,117,44,27,28,37,256,257
906,00001011111010001011011110011100011111101110001110000100000011011101011100010100100011010011100001000100101000101011000000111001100000110000100011001000000100111111100010110011011001101010111100011101100011110010011000000110001100101101110000101001110001001110010010010001111100010110111100001011100011000100000110001000000110101111111100001010001110001001101010110011001100000101011111110110100111000011101100100101000101110010000100010110000010001101001010111001101111101011010100101011001000100110101011000000,True,True,True,True,True,True,True,True,True,True,238,247,114,35,31,38,42,256,253
907,00011100100011111111010000101110001010101111110110100001101001000111011001110111011101001010000100100000111010001001010100110001110001000011010110000110111000110111001001101101101101100110011010100011101000101101101010101000111001101000000011010000010010000011011110101000010111101111001110100001111010011111110101010100000001110110100111101001000100111111000101110000011000011100010001111011010100100110001000111110000101101100011110000011000100011001100000101000101110000010010001110001101010000101111101111110,True,True,True,True,True,True,True,True,True,True,248,251,125,32,25,28,42,258,256
908,11111011100101000101100001100100101110000101111001110100101110000101110110101011011111110011011001000100111010011110111000101111111001110101011111111011011011011101110101000111000010010011011010011011001110001111000010001010010110001110011101010011110110010011000100110000010001001100001001111111111110011010110010001011001010010001101010010010111010111011000011011100111000010100000001110100101000010011101110111011010001111010000001000011110011101000110000110101010000011110011111000101011011100000100010011001,True,True,True,True,True,True,True,True,True,True,264,255,123,24,27,33,31,256,257
909,00010010110000000101011100010110000110011110001101100110110110011010110010101110101001100000000101110111110101011100111000110010001110010101011010110110000101101010010100111110011001100111101111001011011000000010011101001101011001111010011100111000110011000010000110011101100010110110110000001000001000111000100001000101000101100110111011101100101011001100111000110001010100110001100110000000100110010010100111110101010010100001011100000011111110000100101011100110100110110111101010011100000000001110010110010101,True,True,True,True,True,True,True,True,True,True,244,264,126,39,38,31,29,255,256
910,10011011011000000110111000001001110011101000111000100010111010110111000110011000111111101011100001001010001000000011001010100011011001100000011001011001001110100110001101110101010111011011100011101101010000010010101110110011100001011010111110011010111010101010001010111010011111011010110110110111011010101011011010111111100100111111111110011111101000000001010111001110000101010111000001111000111111000010110010001001111100100001010001001010000000000001001001111000111101100011011110100110000101100101100011010111,True,True,True,True,True,True,True,True,True,True,261,257,133,36,37,27,30,254,256
911,00001000000011000110011001010100110000000101101011010011010110000010101111110000011001010101000001110110001100001000111101100111101000011000101010011110010111111011110010000101101000100011101010101011011100110011001101101010011011010100011110100000001000000100010100001011101101111011100111001000101110110100011101011101000100111111001101100001101010000111011000010100101001011101100000011101001000000011101011110100010101001100111100100110011000100101011111110100010011000010010001110101101111001001011010110000,True,True,True,True,True,True,True,True,True,True,243,265,139,38,36,31,33,257,254
912,00101110100010101111101010011101010111101100111100011110110001000110110010101111010111101101101010111001001001000011100011010010001100111100100001100110100101010111011111110001111110111110101001000011001001001011110010111111011110010010100010000010111000110100001110111011011011101111001000011101000100011111001011110010111100110000001110011101111000010000010010011110011010010111101010001010111110011010010100001101010100011111101011110111010100100101001111101010100111101100011001011100001101100001111100001110,True,True,True,True,True,True,True,True,True,True,275,261,136,17,34,32,27,256,257
913,01110101110101011110101010101110100010010100001101101110010010010001010010011000111101001010011011100101000100001000010101110111101001100010010000001101101100101010011000001111010101001111110111111010111110111100100000000000110101001100100110101100010010000110110100010101101101010111000110000010111111000011100101011100011101111010011100011101011010010000011010111010000100101101011110101100111101011011011011111110001000101111001110110110001111010000000100000000100111000000111000000010000001110111011011110000,True,True,True,True,True,True,True,True,True,True,252,261,143,43,34,30,29,255,254
914,11111110101100001111111011011100010001101001001100001000110110100010001111010100001111100010000100111011000000000101010010000110001100100000101111111001011011001000000001001010000010111001011001101011000100101010011110101010101010100110000101111011000110101001111101101001010110110000011111000010010101100110010001010111011111011001010001111001101010000100001000111000001010011000000100111010100111011110010010110000101001110000101111110100010001100001011101101100110000100011110010001110101110110111100001101101,True,True,True,True,True,True,True,True,True,True,245,259,135,36,35,37,37,256,257
915,01011000010001110010101110111101111101000101000010011101111001100011000100100010001100111001101010001011001100000101111001111110111101010011101001001001001100110110101000101000010111110001100101000010110101111000111111011111110100100000111101111011100010010110010000100001111000100100101110110100000000101101101110111110010011100001101000111010001001010100100111010011011111101011101101100011000100011010100111100101000101110000001100111000010101111101000000010000010010001010011011100101111110001011110000011011,True,True,True,True,True,True,True,True,True,True,255,254,127,28,28,39,35,256,257
916,00010001001010100001100001100011010101001000100100101010011011010111110000100110001111101110011110100011100000101011100101011010100010111100001010111011010111111100100001100010110111110111010011011000001001100000001101011101000100000011011000111011011100101101100010011010100010111000011000011010000001011001000001000000101111111100100110101010100101100110101110110110101000010101111100110100001001100100001100100111001110011110110101110101000100000111000011110001101111010011010100010111010110011000001001101011,True,True,True,True,True,True,True,True,True,True,246,268,141,34,37,32,35,256,256
917,01010111101000000011011111110001111001100101010010000101010110011110000011010110011000111100010101110011001001000111001011111011110000010110000010001110010011111000000001001000010011101000101001001111010100001011000110011110010010111001111101010100000110110000100111101100000100010000101010000100111000111010110010000100111000101011001110110010001100110010001110010100111011110101100000101111110110011010000100010101101101100110110011000100011001001111111110101011101101101000110110111111011101100001101001100000,True,True,True,True,True,True,True,True,True,True,250,253,120,32,30,34,33,257,254
918,00101001001111000001001110000001101100010010001000101011101001010001111110101110110100111110010110010101000010100000000101011000111100110110110111001100101100111101110100000010111001100001011010000000101011111101011101101010111011110001110010000011000111010110100011111010001011110100101110000110000111001010001010011000001001101010000001110111101010010111101100010001011001101110001011010110000000101000101111011010100101110011100110110010011010101111101110100111111110111011010101000011001011001010110011101100,True,True,True,True,True,True,True,True,True,True,257,269,145,33,41,32,28,256,255
919,00110010011111111111101110100101111001001101010110110100100001110001011110000000001010000001100010110000101000010111100110010000010101000000001110000111010101000000110101111000101010110101011011101110010100111011110011011001100110111101111111011110111100111111011111111111101010110110101101110100001000010101101101101110100110110100011100100110010001101010111001011111001001111000010110111000010011001110101111000000001000111011001010111000010101000100101100101000111011101111101000110110110000001100100110011101,True,True,True,True,True,True,True,True,True,True,268,256,134,36,35,28,25,256,257
920,00110100111001001010110101110101101000001100000010000101100001111110101010001101111011111111000110010001011001010011000111000100101101001011001001101011101111000011011101100011111011101110001011000101111010110101000100100000110011110011100011010110111010111000110101100100100101100110001111111001000001110100001000100001000110011100001011111110010101001001010100010110011001110101001011011001111111000011010110110111110101110000000101100000010111000110110001001100001101110100000110000001010000110100100100001000,True,True,True,True,True,True,True,True,True,True,249,259,128,31,33,35,35,257,257
921,00010010110110010000111000111011000001001011001100000111101011111011010010010111011001100110111110000010101101111010101011000001010101110101011101101010010111111101010111010011100001100100101101001001000001101110011101001001110010110011010101110011001000111100011011101110000010100110110110001010111101011001101101000001101101010101101000111000110000001001110011010000001000101000001100111110010010100101001100010101110000100101111111001001110010001101011110101010010100011101000000001111101000011100101100011100,True,True,True,True,True,True,True,True,True,True,253,273,144,31,40,32,27,252,256
922,01000110001110111100110000101010110100100010100010110010010000101111001001011010011101001000100110001100000111110101101100100101101010100011010101111001110011001011101001111000010001000001001000001100000000001111110101111001010100010111011001010000110010011100000010111111111100001100010110010011110010000010101101100000111110000100011010100000110101101111010011000001010110010000001001011010000001001010000000010010111110010100111011100110010111000110001000110101001100010101000010100100101000110101010110110101,True,True,True,True,True,True,True,True,True,True,231,268,145,42,41,43,35,256,256
923,10011010100001111011011100100001100110000010001110110111010100100001001110110111101101100010111001110111011100001100111001010001010001010000101110010110110111111010001101110100010011001101000110100000100010011111100101000001101010110100001101110100111101111010001001011100010011101101010011111010010010101001001010010100011111000110011010001011110110110111111110110110010011001011000110111100001111111101010010010000001001011010001101100011100100000111100100000111110111001001010011101110011000010111111000000100,True,True,True,True,True,True,True,True,True,True,260,260,128,24,23,35,31,256,258
924,00011100110101111110100001110111101100001000111000001001011011001100110110100001011110001110011100101010101000001111001011101001011101011110101010000110011111111010000000100101110010100011110011000010101110011110100011101100010010100101100010110010101101001011010010110010101011100100111010000101111001111100010110000101111000100101010000101001110011011010110110110110101101111111010000010101001111101000001100011110010001101001111100111100100101000100011101100010111111110110110011100111110010001011101110100000,True,True,True,True,True,True,True,True,True,True,265,265,139,22,39,34,28,256,254
925,00111101010000000000001000011101011100010000000111000100000010001010010001001100110011011010010010100110011110100011010000001101110011100110110101101100101100011100110001010101010100111101111000110100010000100001100011101111010010101101001011111000010101111010011100101000011001110100000011100001111111110111001001000000100010011010001011000111100001000000011101111111001010011001000100001100111000010111010010011110011111000100011100011011100000010010100001101101010110110001101000010011100011110111010100011110,True,True,True,True,True,True,True,True,True,True,237,245,116,43,24,32,39,256,256
926,11111000011000000111000111110100011111110100011100011111001010111010011001000111011010011110000000011010000010000010110111100011010101011001100111100001110101100010101101110010010011111000101101001011101101000010001100010010101101010010000110001111100001001000010110001011111101110011010111100011001010000111110010000100100111100010110010000111011000011111100010110100010101010000101010010011001100000011011101100110110011100110000011000000111100110101100100001110101100110100101010111110010111010110101011111100,True,True,True,True,True,True,True,True,True,True,253,252,122,32,34,30,35,256,255
927,10010110111000011110101111011110000001101011010001101010000110111001011111010111101100001111010111010110001110000001001010110110100100000100100001110011101110101010101001000011010111011000101010011101010000100110011011001011111001001100001001010010101110001001110001001000101000001011111111001001010110011100110011111100000110101100111010100011110011000001000001010101000000010001011001010010001010110110110000110111010101101100100011010101100111100100101110101011101100011110010000100100111000000000111110100001,True,True,True,True,True,True,True,True,True,True,248,271,148,36,42,35,30,257,257
928,01000100001111001011101011010110011101011101000100010001001000110001101111101011110101000100111111000110010111110110001101001010101011001011110111101111010111111100111010101111000010010100100000111001101110111100011001010100000010000001101001111011011011001101000011000011111010101010110000000001100111001100110000011001111110100011101000111010011010010111011110111001101101100011110110011011011111111111110010001011100110110101001100100100110101011100101000001011100011100010000101011010010100100111111011010100,True,True,True,True,True,True,True,True,True,True,270,263,136,23,33,26,27,257,255
929,00101011000111010010101110111110011100000110011000110000101111111100101110111011110011100110001101000100010100000001100010010110110110101010101011011010000110011111011011010010011010111100110100001011110100100000111000110110001010010111110111011001100010000001001110001010111111000000111001000111111010010010110100011101000000001011110101001110001101011100100111110100000001001001110001000010111001011000000101001010101111010011011000100011000011100110100011111101001110111000001111111111011011000000100010011000,True,True,True,True,True,True,True,True,True,True,253,249,122,36,29,31,33,258,255
930,11011101011101000001100110101110011011010000000000001010010010111011011000100111110101001011000011111111111111111110110000000010110001101101110111111000111100111010000101011011001010010000000110001110100110100111101011010111010111011011110011110001101101011001010110000010011001001100000001110010000000111000111110111010010000101101010100010000100001101011111100011001000100100000100011011001111000101011001110011010101101001001100110001010110011110000100011001000101011000011011010011010110001111010010111001111,True,True,True,True,True,True,True,True,True,True,256,253,124,39,30,28,30,257,256
931,01011011110111101001001101010111101011010001010011110101101111001110111011101000001111011011110111011001101011100000110000000001000100011001101010001001011011101010110001100100111101011101110111100111001010100111101111101100001000001110111010001110101100101000101110101111011110101110111101111110101111111100001001100110100010000100111010110101001110010111001110011101000100000100010011011011100111001111011010101111000100000011110011100111110000011000011110101100010010001011011100011000110100111101001101100111,True,True,True,True,True,True,True,True,True,True,279,258,129,23,27,22,26,256,256
932,01001000101101001010101101100001110011010110001011010100110001011100100111001111111100111001110000100110101010100111001101000011110001001010111111000011110110110101100101001111111000010000010101001011101011110000110100000001011000010011001011000111100000100111000100101011100111100000000111101100101000100000111010011101010010100111110101100000110111010100110110001101110111110001011111111010001001110010110010000110001010111101010100010011100000110011011000011111000000011100100111111101001111111110010101110111,True,True,True,True,True,True,True,True,True,True,261,252,127,32,36,30,29,256,256
933,00001111100010101000010001101000001000110010001000000011111100010101110111101011100010111111111011010000011100111011011100000111010100000111111111100010011111010100101101011101011111001011000001011011010010001111001101100010111101010000011101101110110100001101011010010010100100011000100100011110010000100111010011100101011100010001101000110100100011110011111010000101000101100110100100101000100001010011101100110101111010010111011110111000001001000101011001001111010000101001101011010001010100100010001111010110,True,True,True,True,True,True,True,True,True,True,252,265,144,25,32,38,37,256,256
934,10000001001100011101000001101011110001101010101100001000110000001010011010001110001111111001101000000000011000010101101000011111111000101101000100110110100001110010010010111001111111000000111001101110110001000110010011000111001110101011100010011001100011110110001011001100100100001000000100110000101100110000000100010011110101010110110101110001010100100010010010110100011100111110101110011100011001010001000000101100010001110111110000101010001011000111110010101111100101001100001011100111110101110111000101010000,True,True,True,True,True,True,True,True,True,True,238,250,120,37,33,35,40,256,254
935,10010101010001110001011110000111010011110111011001110111110111000010101001000001101000000011000011010111110100100011100101001000100010101010000000000010010111111111101001110011100010101010111010011010101000011111001110001111000111000000000110110010111111001010001110010100011010000111100111101001110110001000111110001101111110000011000011011001011010101000111110000010000010111100111000100100101101101010001100011101000101000001001101011111110110110011001110010100100110101110111011111001110101101011111111010010,True,True,True,True,True,True,True,True,True,True,260,250,130,34,33,27,32,255,256
936,00010111000000100011011001011011111101111100111100010110000000001010111110101100000000100011101011000011001000011100101111101110111111010001101000110000110111110011010101000110000100100100110101100110000011000011011110111000011101100111100100000000110110011001100101001111100011001010111011010110100000110101110010011011011101111011110110001100011111111110011110011000000010010011101001110111010100110110100011000110000111000101100010011000011110011101101100110000110100101101111011011101011010111010010000000010,True,True,True,True,True,True,True,True,True,True,259,241,105,41,21,22,31,256,259
937,00110101000001000001100111011010010010001111000110100001110110110011110011101010000010111010010110010111000010101000101011011111111100110101000001101010011001100100110011010110100110100110100000110010000010100011111111110111000100110011011000110100111000101001010010010110100101011011010011011001001110010010010100101001010010100001010111000010001000000010000100101110101010000010010100001110110110001111111110100101100110000110010011000100010100111111011011111000110111110001010000101000000111001111100000111010,True,True,True,True,True,True,True,True,True,True,243,269,140,31,32,38,31,255,256
938,00001011001000011110001101111100000100000000011101000100011000001100011010010010011111110011100001100110010101100101000001100100110001010110001010010111110101001011011110110010011001110011001111110011110111100110111000000110011001010010111011111100111001010101110010011000100111011001010110011110100010001101001100101111100011011110110111010001111111000101000011001011000111100111011100110111111101101101101111100111111100101111011110010000101010001110100111000111110001101101010011011010110100101101111110111000,True,True,True,True,True,True,True,True,True,True,274,247,108,20,26,28,26,257,255
939,10000000111011010101011000000100000011100000010111110000011100000001011000100100010010010010000011001101111101001000000000100111001101001100100110100101001100101000111011110111110100101011111000111111111100000011001010110011101001111010101010100010001101101001101010001101011111011110110100111110110010010001110010010100001111100110110001010100010110101101010000010101100001111010010101010010000001000001011001010000001111011101100101010101100111000101001110000011001010100010001000010100100011011111111100001001,True,True,True,True,True,True,True,True,True,True,238,261,144,46,38,37,32,257,257
940,10011111101101110100010000100101001100000100110001000001001010001100111001101110111101101110110111010000000010011010010110111011011011000100001111101110110111111001000011110111101111101110011000000011001011110001001011001111101101001101001000000000101000111000101110111101010010101110011010000011101101100100111101110011011000000001100100110110110110001010101010010111010101110111110001111001010001010111100100111110000001111001111000000101010001001101110101001000101010001000100011110001111101001100010001101000,True,True,True,True,True,True,True,True,True,True,257,254,126,35,25,32,30,257,255
941,01110100010000011110011101010010011001001101110111001110101001001010001000000010111100001001001111011011111110001001101111111101010111010101011110000111100101110111100011010101000001101100110100010100010101000011001110001001000000000000100110010000100000100000011100110010100000111111110001101100011010010001001000110001000010010110110110111001111111011000110010010111010000100011010010010110101000100011100001111110111011100100000100010011011010111101110000110001010001100001100001101111110010001111100000101000,True,True,True,True,True,True,True,True,True,True,241,245,118,38,23,38,39,255,256
942,11001111010001001010011001000101000111111010000111001000110001100101111010001100000001011101000101010111100100001000011100001111000110110000110110011110001111100010100111000011110101100101001000000001011011110110111111011010010101101000100110001010000100011101101011000111001110000100110101001011100100010111010011000100101000100100101001100001011000000010100111000011010001001111011010011110111100011110011111101010000111110001000001010001110110001111110010100111101100010010100000011111000111000101101000000011,True,True,True,True,True,True,True,True,True,True,243,247,118,33,27,36,42,256,259
943,01011110001001110000100010001011101010100001111011010000100011011101001000000100111101110001001110110011111101100101010101111101110010110101101110010011000111001110111101101101110011001101010111100000110101011111101001110111111010000001000100110110101100111111100001110100111000001011101010011000100100100111110110000000011110100011011101110010011100101010110010110001111010110110110101110010001010100100000000110110000001101111100100101111011100010101111001011110010000000110010010011101011000011101100100000100,True,True,True,True,True,True,True,True,True,True,262,257,129,34,30,32,26,256,257
944,11000001011101100111100101010000011001010100111000011011101010101110011101010000100001100000010000100000100010101101110111110001111000001100111001001000001000000011010110111101000010011001110111111001010011111000101001100100001011110001001110111010000101101101001010010101001111010010110101110111111010010110001111100101000010101010011101010111100001001100100100110011011011110110011010011111011100011101001100001110001010000100011010100011001111010001000101001000010101111000011111100011101101011011111001010010,True,True,True,True,True,True,True,True,True,True,252,264,139,30,35,35,32,258,257
945,11110001110111010010010110100010001011110101100000110011110100011000101101110110011111001101000111010010100011000010110110000110101101111111111110011100010011011111010111001100000011011110101000100110100011101010101101101100100000010100011011110100111111010001001101100101101111101001101001001100110000100000111111011011101001001100100011001111001111010100000000111011011001010110110000011110010011100111110100001011110100100100111101100000100001001000100011000010001011101000000010000001100111000011111011001011,True,True,True,True,True,True,True,True,True,True,258,249,116,33,20,30,32,257,256
946,01111110001001111110100000001110110011001011110000111000010010001110101010111110001011110100011001110011000010110111001110111101100001010100010110100101000000011011110010011111011101011000101010011100000001101111110010001110110111010011001000100010100000100010000111011110010100001111100001101011101001101100100000100011110010100110100000101010101001110000001011111001010101011010111001110001101100011010000000111101101101110111011011100011000111111000100101000000011110101001010101011110011010100100100110100101,True,True,True,True,True,True,True,True,True,True,254,258,136,36,35,30,32,255,256
947,00001100000110000111000111000111100110111011110110010001100011010101101000101111010010001000001010010010111101111000001101101010100000010000001010000101000100010101001101000001111000110011111100001100010000010001111100110110001101011110001001110111010000000111011011101100001100010001000100000100011110101011101110011110001010111011000001101011010010000101101000010000011110001101100011111010101010010011000110001010011101000100000000011110010101000011110100011100100010000010100110100000010010100000001010000001,False,True,True,True,True,True,True,False,True,True,222,244,123,52,27,33,49,256,257
948,01101100111010000110111010000110110101100010110011100100010101011100111000110011011011010010100000001000000101010010011011010101110011010111011001101011100110111111010000111011001111101101001000011001011101010111110010110000111100100100011100000001110011100100110111110111001001011011100101110110010000011111110111011111001101110000000101010100001101100100001110000001011000000011101110111001010100000000011010010000011101111110110111100011000011100101100100110110110001100110010110011010001101111110000111111011,True,True,True,True,True,True,True,True,True,True,262,250,115,41,26,25,25,257,256
949,00011011111000100001101110010110100101000000011001100111100111010010110100111110000110111110001100111100001000010111011000011110100111001100100011111011110000011001110011010010010011101101000000111000100011110100011100111110100110101011110101010101110001000011001111101001101000001001110011100100001001001110111100011110001101001100100010110100110111010001110011011111001100110000110001101000110100001011100011001010001011011111010011011111100000000111100011001110010010000101101000000111001100101000011010100010,True,True,True,True,True,True,True,True,True,True,252,243,102,30,17,25,35,257,257
950,10001111100101001110101000010110111000000000001101110111101001100100100011111010100001110110000100100101101001111001010101011011001000100011110001010101001110111110111110010111111001111101010010010001001011101001111000010101011100111111110001100001001100111110011001101011100100111100010010010110001010000110011111100011110010101110000011011000100000110011000001100100101100001101111100101100001110000000000001110000110011111110111110101101110000010011101101011011101001000000111001100101111101000111010100111011,True,True,True,True,True,True,True,True,True,True,260,243,114,37,29,31,28,257,256
951,10101110100001011010100010110010000011011000010111000001101100111111100000010110001100101000010111111100001101110001011000100000011011110001111111111101101110010100000001100010111111110100010010001011010010110110010111101111110011101100000100110101011100110110111011010110010111101011010100010100101110000100111100000101111110110000101001100111001010011100000110001111010101100101110010010001100010100011001111010101010001101011000111011010101001110001101010011101101011101110111111001110000100010010101110100110,True,True,True,True,True,True,True,True,True,True,264,262,138,27,39,31,32,256,256
952,11000100111000001001010001010001110011110110111101000000011010001100100110000000000100110100011111010000101110011110111000000100011100110100100101110101101111010110010010001110000011000000011100111110001011111011001001000111001110111101011011111101000101110011111111000101000001011011011010000101001110011001011001010001101001010011000001001000000010100001111011001000100000100110001111111010010110011110000001001001100110011111011111010011001011011000011111001000100111101000010000000011011100011100010101101000,True,True,True,True,True,True,True,True,True,True,242,238,107,45,20,36,34,256,255
953,10000101111001110101101001100001101010101001101100101010010001001010111110110010010101000010110011110010010110011001010100110111111010100110110100111000001010010010000101010011100001110011001011000000101111000001000101010101010000101110111100111100101100010110100100100101010000101000101010101101000101100101111101110101110101000111110100100000001110101011101001011110100101000000011001000100101101100000010101100100101000110011111010111001111101000011000101100110011111111100001010111011101011110001111111111100,False,True,True,True,True,False,True,True,True,True,255,282,165,27,53,40,25,257,255
954,01001110100100111001111110110011011100011101110001100001110001011111011111101011010110101000000101010110011001001110110100011010110101111001010001001100111000010011010010000100010111100100100101110111111011000101101101010100011010100101001000100011100111111110011110001110010110101111000000011111010001111001111100010110110001110111110000000011000101110011001000010001011010111001000001000111000000100001110000000010000110010111101101100110101110011000001001110010001110100011110000000111101001011010111101100110,True,True,True,True,True,True,True,True,True,True,256,247,116,34,27,31,33,256,256
955,01101011000001111010111100111100110101101110110110101101000100000110100100001100100101101101010100000100111111011100101111110011110000001110110011100101101111011100101101111101110000001001010100110111111000111000110101110011010010001000011010111001110011010101100101100000100001110010100010011001111101110011100011010001111010100011001101100110010000110010111100011011110001111100010000011111000001000101000110001011111111010110001010111110100101101100010010100010110100001001101110010101000101101111000000111000,True,True,True,True,True,True,True,True,True,True,262,255,123,26,31,30,32,256,257
956,01000100001110101100101000111101101011110011001010011000110000001100000110110010011011001000111101110000011101000110011011001010100011010111100000100101110010100010111111000110010000100100101110101001101111100010011100001100011111110111101100110100001111010101011111111000000100010100101110111101000001101110001001010010100011111000001000110001000110100000011011100000000100000000111001111011100010101110011001110001001010010001001111111011001000110111000011000010010000010000000011100011010000000100000111100111,True,True,True,True,True,True,True,True,True,True,236,234,105,48,22,34,41,256,256
957,11001001001100011111001001101101101001010000101100111101111101000101110000111011110011100101011111011101110001111001011111000001011001100011001100111101001111111001010000010101000100110000001110011111111010001100110000110100010010010000101110011110101010101101011111000111111010000010001001110001110001101000101010110100110011001101011001001010111110001110100011110101111100101010011010111001010001001011010001110000010001110001010100010101010011110101100011101001011100000100111110011010110110010100010110011111,True,True,True,True,True,True,True,True,True,True,265,263,133,17,38,32,31,254,256
958,11011000000101010101110001100010001010010011001011100110011101100001100000000000110101100101000001011100011001011011000101011000110101000000011011001101101010000111011010001110000110011011000001111001111111000010000110100100100100000101001011111110100111111000101111111001101001000000001001110011010111110100011111000011011111100000000001001001010001110110001010001000010001110011100100110110011001011010001001110111111111000101000101101001100001011011111100000011001010100111101110001111111101001111011100001111,True,True,True,True,True,True,True,True,True,True,248,237,109,45,26,31,35,256,257
959,00000101100011010011111011100010100001010000110101110000000111111011110010110110011100011001001100100000100010100111111110101101010101100011011001101101100010011100111010001001111101110101110100111100100011100010111100110001101011111111100000000101100110011110001110111100101110010111000001010110010111100000110111010111111111111010101111111101000000110100101110010011111000000001010110110100100000101010110000111101010111000101100010111111011010011001100100011101110001010000101110010101000110111010110010110011,True,True,True,True,True,True,True,True,True,True,269,250,126,31,38,29,29,256,257
960,01001101110100111010011000011111000101000001101110110010110011110011101101011101011001011001111001010000011100011010100011011011011101100101000100010101110100011010111001000010001101001100000101000100011000010001010000000000000000001100011011000011001001011110111010001001101110001110010010011110011010110001111001000011000001000100001011111010110011100001101111000010000011110111110101010100011010101011100101110010000100000011000001010010011110101101100111110100110001010100010111101100111010000000100101101101,True,True,True,True,True,True,True,True,True,True,239,258,129,43,30,32,36,256,257
961,10000101110001010100110011011001010001111000110011101001001000011010100001111010000101000011111111111011111101010000101000011100101000100000000101110110010101111111001001010101000100110101100010110101110111010000110111111110010001111011001011111100001110000001011111000101001011111100011100100000001100011000100010100111101001100100101001000110111010000110100000100000010010000000110110101010101110111001000000111011100100001010111111110011110010101001010110101000101010111111010101010100110101111000110000101000,True,True,True,True,True,True,True,True,True,True,249,260,149,36,44,36,34,255,255
962,11111011100011001110110111111010110111010111011101101110011001000100011101110011110000101001011101110000111100000001101001110101001001010101011011110110100100000101001010101111110111010110111101100010000010000010010111010011000110111100000011100110010111011010010101010111000111110001101001010011011110111111101111110000000010100101101010111100000010100011111010001000101001001101010001110111100101110010100011111000010110111010011111011011000111111100001011001101101000010011011011010011100100010101101100010011,True,True,True,True,True,True,True,True,True,True,273,263,140,26,34,30,27,258,256
963,10100010010110110011010110001011000000111000001111110101001011000111011000101001101100010001110101001101110011001111111101001000000001101101110011111000100010100000011110011010110010111010000111100010000000100010100100000111001100001100000010001111110101010010100001101110001110000101011001011101000111111111110010101100011100110000010100000110010111010010010100000110110000011011111011101010111001100000110101100110110010110010100100011000100100011000000111010010110011000011110011010010111000101101101100010010,True,True,True,True,True,True,True,True,True,True,241,252,120,40,30,33,37,255,256
964,11010101000001101111000110011101011001110000001111101100001000001010011001010001101100000111010100001110101111110000000010111000011100001100100001001001010001000011100101000101011001101111110100010101100011100010011010100100010000100101001011010111111101100001000101001011010010111110100010101100010101111100111000110111001100010010011101100111100100111010111010110100110101111000000101001000101010000001100100001000111111010101101110011011000010110110110000001011000101010001110100011010111001000110100011111001,True,True,True,True,True,True,True,True,True,True,243,265,140,33,38,36,38,255,257
965,11100100100011010010001110010101111010111101100010111000110011111101000101111010000001000010101110100100111101010011101010101010110000100101111011011011011011111010011110110110111110000001100100100100110011110010110101011010111000110001010100011001001000001000100101111110111111001010010001111011010100110110011000100101100001010111101110001001010110101000110000110000101001101000010010111110001001100100111101111010110100101000001100101100011000111110000100011111110010011110000011000100011011110001001101100100,True,True,True,True,True,True,True,True,True,True,258,268,137,19,34,40,32,256,256
966,00010100000101000101100011011111000101000010111011110001000111111101111010111000000010001111000011101110001001110010110100101001000010111000010100101100110010001001010111010011010101011100110100011111001000100111111100100001100111101111001110011110100010000000100110011001111010111111000101100110000110100010011010000001101000111101010111101101110001010111011110010001100100101110011000000101011000110110011000101001001001000101110000110000010110101111100011010010010110011110111001011110000010110010100110001010,True,True,True,True,True,True,True,True,True,True,249,257,126,27,34,41,36,260,256
967,01100000000011000110111000001111101111000011000011011000111100110110011001011011111010111000000001110011010000110111110111010001001000000111101110001100000001000100000111000111100011000011000010110110110110100111001011110000110111000010000100010100001100011100000011111100101000001010110001001111111010100101010010001011111101010011000010110101101100110001110000100010001101110011111101000110000111000011000111101100001000110010111000000001101101111011000111000110011001100100101101010010000010010101101000100111,True,True,True,True,True,True,True,True,True,True,239,230,95,48,20,27,44,257,256
968,00101000010111000101000000000000000110101011000000000100101100011101101010001101110101100001100111001110011011110110010101110110001111010101010101010010001011110100011101101100010101101111011111100111010101101011100110011010101101111101010111101011101101000000001011001101101100110010010101011000001101001010011011100011000010110110110101110101100100000110101010011100011111010100101010001001010100110010110010000011001101011100001011000001100100101011111100101101101100001111100001111001010100001010110001010011,False,True,True,True,True,False,True,True,True,True,253,284,162,38,53,27,25,256,256
969,01101110111001110110001111101110100101010000001010011000010110111010000011111101110011011101011110000100100111111111001001000011110101111010100011011011011011001110100110011010111101010101001011110110001010011101111100111100001111000001110001111000001100111000100101011011110001011100101111100111011010110000000001001101000101110111001101010001011010111010001110000010101011110100100110011111001101100001100010101101110011011101100101110100011100101000101111011011110000110001111101010001010100001011110111010001,True,True,True,True,True,True,True,True,True,True,275,260,134,24,34,24,28,256,257
970,11100100001001000111011110100100101111100001000101010010101111000110101101110010011001100000001001011110010000001010100110010111101101110100011100100010101010010010101110011011100011010001110001001111001101000111111100100110101001111001001010111101111111011011111000000000101001011011010000000110000011100101111000010010100100110000100000111010001110101101010100001110011000101100100000110111101111000110111110100001011101011111000001010000111011011001000010111110011100010101001101010100100100101001100010101000,True,True,True,True,True,True,True,True,True,True,248,264,140,33,37,40,30,256,255
971,01110100111111101010000011110110101001000110010101000110100111001100110100111110100001100101000011101000110000110100100011001001000101011100100011100001101001010001101101010111011101111010000110111000111110100101101010000000110000101001001000101000011001010111011101101100010000010110110010111000000110001111011011001011010000001101100001111111101101010011111100000001000000110101110010110011000100111101101001111011101100001001100100001110100110010111100011111010001110100111100010011011101011000001001011011001,True,True,True,True,True,True,True,True,True,True,251,260,128,33,25,28,33,258,257
972,10101010111100010111010010011011000111100010100001101011011110111110100100110011111001111001110001100000111110101001111100011011000110111011110001011100011001001100101001010100011100011011000010100110110101011101001110010110011001100001110110011000111010000001010101000100000000110111101001000100100010001001100111000111111100010110111111100001010100100110101001010110000000001101001000110110011111011011011001001000001100000001010000101000000001100110110101101010111100110110000100000010001110011110001101111111,True,True,True,True,True,True,True,True,True,True,250,253,121,36,29,28,34,256,256
973,00010100111101100101001011001001010000101001011101101011011001101111110011000101101010110010101110100110001000001010100010010000011000101111101010111111001101011001000111000001110101000111010111101000000100000110111110000101100100001011111100011011110111111011110101100110011001010110011110100000110001011001011110011011010011101000110110010000111111111000101011001001000110001001011101010000110111100010101000011100110100010111100111101100001110001101110001001001100101011001100001001000100101000000011010000010,True,True,True,True,True,True,True,True,True,True,251,265,136,27,37,38,34,257,257
974,00101001100110110110110011110000100000111110001101000000001111110010000100010001110000111111110001101101110011111001100001101110100110100001000000001100000110001111110100101110011001010001011001010011011011110010000110100001100000011110010001011110100110111100101001110100110011011110101011001001101100110101000010101001001100101000101101101011110101001110110111011010100001001001101111100111101110100101101101100111000111100101111110110111111100000000101010011101111010000111110110111010000110110111110101111001,True,True,True,True,True,True,True,True,True,True,267,250,118,33,22,24,26,256,257
975,11010100111001000101100010000111001010100100000111100101101011110101101010000000100011010011101111111111000111001111000001100000000010011101111011001101100111001111000100011010001111100111101010110000100111000110011010111000111000111001010011011110100000011010001110100110001100000001001101010000101011010010001111000110101001010000010101100100000000001010010000011110101010101011011000011000000001000101000011001000101111101010001110100000000001000011100001111110110010001100001100010110001000110111101110100110,True,True,True,True,True,True,True,True,True,True,233,244,120,52,29,27,40,256,256
976,00001011010101101110100100101111111110100011101110000011101001110101010111100101011100111111011111001001010110100110001000101011001000010110101101111111101010100111010101000110000101110110111001110101011101101100001100010110001001000001001100101101111001111011111000101111011100011011111000000000000001100010101110101100001010101100001110110101100101111110000101111111111001010011110000100111010111011001001011101101001001101010000110101101111010110111000001101110110001010001010010100011000101111111101001000010,True,True,True,True,True,True,True,True,True,True,272,267,151,27,44,32,27,256,257
977,01101101011111110100000101011010101001101000110010111001110010100111101101011001000110001011011110111111000101100100111100000001010010010111100101101101100110010010110101011000011000100110101100110111010100110111000111100101011100001001010110011110010000001011001101010100011101110100100001101100110000010010101011110100100011101000110000110011101111011001110111100101000100011100111111101111001110101111101011001111101111100100000000110110011001100111010100110011001101001110101000110000101010001101100100010110,True,True,True,True,True,True,True,True,True,True,265,273,136,21,36,29,24,256,256
978,01011001100011001001011001000111110000000100001001010111100011100111011010110101101010100000001110110011011100011101000111010010001001000001010011010110101010110100110101001011000000101100101010000001001111010100110110010001100010101001111000101100110100001110100000101110001111110010100010111110010001000000110111111101101010101101110111000101010111001100101110110011100110111100100100001110010100110100110011111101101100010010101010000011010000010110010001111110011001000111000001110000011010101101110011101010,True,True,True,True,True,True,True,True,True,True,248,273,145,32,40,32,30,256,256
979,01011011110001000100000101110100001100001011000100000100010011000000111011010100001001110100100010111011010110001100000100001010101100101100000111101110100111001010001101101000110011101010000010110010011001010001010001001010001001000101000011000111110010111100010001001110110011000101100110000010111101101011110000010111101010100000110101001001110011010010101000010001110111001110000011111001111101001100010101011010111101000011101010000000011011110000000011100110010111000011001100010100010001101000000011111010,True,True,True,True,True,True,True,True,True,True,229,259,134,43,34,36,42,256,256
980,00001011110110111111000001111000100010101010110010110001001010010100000010100010101011010110010111011101001110010110111111100101110001011100111000010110111110111010011010011000110110100101101110010111010001111101111011111110010111111010000011101101101111011111111000010010000100101000010001001110111101101010100001101000110010001110001011100101111110001000010110101011100000110110111011000001111111010010000000110100110101100110110000111101001110011100111010011111111111000010111100111011001000011000011100111010,True,True,True,True,True,True,True,True,True,True,274,251,128,26,31,31,29,256,256
981,11010100100000001010100111001001010111111110111011110010111010101110011110111001011011110011001011110010111100110110110000100011000000110110011010011101100000011000001011110010001001101001011010011101010011010011101111110000111110001000000011100010010011001111011100100100101100011011010010011001011011100001011110101110011011000110001111101000110001000111110111101000110110010010101111010110011000101010101011011001101000101101111000011110000000111100001111111111100001100000111000110110001000010001010011000010,True,True,True,True,True,True,True,True,True,True,261,250,116,30,28,31,31,256,257
982,11011101110000101010000111000110100110011001010101011110110010010011111111000111001101011000110110000000010110001110001011111010111001011011011010100010010001001100101110101001101001111100110111100101101000010000101001001010000100111101011000111111010000011010111011101110001100010110100000000100001000111101010111010101010000001110111011100100111100011111100001110100011000101011001101100011111001110111100101000010011110010010101010010111011010000000001101001100110000101010001111111100101110001100011110011001,True,True,True,True,True,True,True,True,True,True,257,259,131,30,35,29,32,256,257
983,00100110001000101010111000010100100100100110110101110001011000110011001101011010111110011111101001001010011000011101001110101010100000110011101000000010010001111000100101010110101100011011011100011101101001011110011111000001111010000101100011000101111111010000101010001110101101110111011000011111110010101100110101110100100011000001001110111000010110101101111101101110101001100010010001011101010101000010011001011100000101111101110100011000110000101101001101111011111001101110100111001101110110110001011100101000,True,True,True,True,True,True,True,True,True,True,262,273,143,20,37,31,30,256,255
984,00111000111101110100000010110001010000111011011000001111000111011100011100110100011011100001010001000001000111111010111111111010101111110111100110000110010100100111000111001100010110110011011001111110110111100111000101111100010101000101011101111011001101111001011101010100010111010101101100001010110011011100111100001100011001110111010001001010111101101110110110100000111110101001110111111000111011101001110110011111111111001111000001010000100001000001101010000011111111101010111100010101111101001111110000011100,True,True,True,True,True,True,True,True,True,True,282,239,116,24,30,20,32,255,257
985,00101011001010110010111100010100101011011111010010111010011100010101010100001011110011000011111010001011001111111110101010011101100010001000010000100111101000111010101001101101101100011011111111110011001011100101011100111000000101011110101100010011011011001101011110100101000000110001110101001011011101011100011000101100110000010110000010001110111001011010001111011100110000111001111000100011101011001100000010111000011111010011110010101000000110000001100111110111011010001111011011110011100111010010000110001001,True,True,True,True,True,True,True,True,True,True,263,260,131,26,37,28,31,255,257
986,10100000101110001011111011100001000101101010010001110111101110100011001101101010001000110000011011000110010101010001100110110111101111000010100111101010011001110000010100100111101111000110010010011101111011011110000111111010001000011011100001000000111110110000100001110100111110110101101001010001100011100011111000010101010101000010100000010110011100011011100111100110101100110111001010100111001011010001011100111011111101001000000011101010011011100111111011011101101101001000000000110101000100110111011100011110,True,True,True,True,True,True,True,True,True,True,260,256,128,31,27,25,33,256,256
987,10111101101011100111010010110001101011011001000001011111111001100111001100101111001110000000100111001110001011011001011010110100000110001110100111000100001001001111001011100011111001010011001111000110100110110000101101101001110000000001000101100101001100100101001010101100100000101010110010000000011101101010111110110010011100010001100010011001011111011110011010011100011001010100000011100100101000000010101101000001100001110001111111111010110001010001101110011011010000000011011000001010000000111011000000111110,True,True,True,True,True,True,True,True,True,True,243,250,118,47,31,32,30,256,256
988,11101000101110100100011110101011110100101111100101011011110010111110011000110000000111000110111111101111010100001000110101011010111101001010110000101010011010100101010000100101011011011110111001100011100011101101011010111100011011010010011011000010010010101000010101101001011010110111110110011100001110100111000011100110111111011101101100111000011111110100110001100111101111101111010001000000111011010011110101100110101001110111000110111010111111011011010101101011001111011010010111100000001011010110001010100111,True,True,True,True,True,True,True,True,True,True,283,275,151,19,39,21,23,258,256
989,01000010100011100100100110010010111100101000110110000111110001110101111000001000010001101001110001010011001100101000001011010110101001011100101011100000101001011110000011010000111100000110000000000011111011110010000011011100101010101000110110010000111000101111011101011100001111010101010100100001000010101110001110001010000110000111111011110111110110000110101110011011101111111011000000100011100001001110110010011100111111010111001100100011000010001101010101010010000111101100111010110010000001111101100001110101,True,True,True,True,True,True,True,True,True,True,247,250,127,41,35,30,36,260,257
990,10000100000001110000100011111110000101001000000101001110000100111111111000101100010100111100001101001010100101111011110001001010011101011110010101110001100010111100110010101101010110100010101100101100110011111100110101110101000011000100101101001011111001111110111000110010100100010010111100111001001010010111011101101000010101011101101110000011000100010100001000110011101000101111000011100000000011010101000000000110100000110000111110111001011000101111110100100011010000110110011011101111010101101110001010011101,True,True,True,True,True,True,True,True,True,True,251,259,137,34,39,36,34,256,257
991,11010010111011001000011000110011110011011111000110010010010010011110011000001001000110000000111011000110110010110101100111110001010110110000101100010011100100000100010000100000000011111010101100100010100101111110110011101000010100001110001000110001111111010001101011100001001000011000011110010110011001001101010100010110101000001100101110110101100000011011011010010001110011000001110101001001111010011101100011011111011101111011111111100000101010011011101011010000001001100010111101011110001110111001110000000101,False,True,True,True,True,True,True,True,False,True,248,249,116,38,26,33,35,124,259
992,11100101100111110000100011010101001000110000011111010001011101000111101110110111111110101101001111101001011111001000101100101110010010000111001111000010010000100100110011110110000101100000000010011100000000111111001001011111011010101010011011011011101111100001000001111010101001111000010111001111110001010100001001110010101001100000100101110000011000011100111000111101111111110011000101010000111100010011000010100000110101001110100110111010110010000101011111011100110101011011100010010111111011000001011101110101,True,True,True,True,True,True,True,True,True,True,262,247,125,35,33,33,30,256,256
993,01101111010000101110100010101110101000110100101110011010000111000000000010101011011111011001011001101100101010011111100100111001100010110000001001011111111111001101111100010011011010111110000000100011001001100010110111110011000010011111001001110000011110100111000110100010110000001100111101101110011110000000111100010010111101110010110001000000001100110011000101010111000010000100000111100001001111001100011111110011001110011110010011101111111001001011001100001101001110111101001111100011100110100101011111100111,True,True,True,True,True,True,True,True,True,True,263,232,97,37,24,29,28,256,256
994,00110100111101001101100110000010111001111101100100111111011000111100000111100100111111101001001101110011000111011010000110000101010000110001000010111001000101000000011111000011000101010101110111011001101000111110011101111100011110111000110001010001111111010100111001100100010110111110111110011110111110010110000110101000010101101110010010111110001000001000010001100100000000110111100001010111110010100111011010001011110001011100011101110001000001110011101010110110111100001110110010110101110010101010110110001001,True,True,True,True,True,True,True,True,True,True,265,246,116,27,30,29,34,256,256
995,01110000111011011000011000010100010111111010110010111101011001100101111000110001100111000100011111011010010101100011100101000111010111101110011001001011011011010110011000111000111110110000101111000101110001001000100001110101101110000100010010111010000110000110000100111110001010000011001010000000000111111010001110011110001101001000111000110011000110101110111101110111100001110010110001001000011001010000000111110000001010001101001111100011010010000000011110111000110111000000011001000100001000000110100111001111,True,True,True,True,True,True,True,True,True,True,244,234,99,40,22,30,43,255,256
996,00110010011101001100011110100111010011101001011110101001110110111000110100000001011000011100011100001000001010101111010110011010101011101111110101011011111011110100001111010111010011110100011000111001000000001001100011110110001100100101101011010010001011101110111111001001001010110000011011110000100100101011110111110100010010111100000110101110101111110010011100011101100010011011001110001011000100010111011110001001101100101101111001010110001110110011010011110011000101011001000000000101111100101011010100010001,True,True,True,True,True,True,True,True,True,True,264,264,135,25,34,32,29,256,256
997,10010100100110011101100100001000100010011000011000000111100101011111111000011011000110101100101101110110100000001001001101000110011100010000110001110011010100010110000010100100110000001101000101111110010110010001101000001110010011010100001011001000001010000010110111010110000100111001010100110111111010111010001111100010000111011011010001001011010000011001001101011101010001101101001100010100110011100011110110101101011001101110110010100010011011110110111101110001100111100100111101111100010100001110100111001101,True,True,True,True,True,True,True,True,True,True,248,265,127,28,26,33,34,256,256
998,11001001101111111111000011000010011001011110110110110100110010000010010001100010101101011100100100010001100010111000011111000100001111001001011010000100001100101011001001011111000010001100101011010100110001001001011111101001110001010110110000111111011000100001110000110100010110100111101011000110000011100110100110001001001011011110011001000000111100001010111111100011001111010001100011110011000101000001000010111011001110100101010111100101000111111010101100101100011111001111011100100000101010001110100111001100,True,True,True,True,True,True,True,True,True,True,251,254,118,23,31,39,37,256,256
999,00110101010100111000111011010101010000011100111111110100011000110011010110111110000100000010110000110111100101000110110100111010010001110110100001100101111011000110001100101011100001101101001100010011011111110110000110100101011111010101111000100100100101011001000101100110101001010000111001011101111101010100101110011000010111101111011100010001010011110101101010000001101111000101001111010000110000100000011010011010000010011101010010000001110011011101100000101010011000110001001100100100100001100010111110101110,True,True,True,True,True,True,True,True,True,True,251,269,140,28,35,30,33,257,256
1000,11100011001010001000111111011111110101011000011101011111101101010011110110011101101101000011111000010100101000000100001111110000100111111101101010100101110001100100101111101000101001001110011010101101111111001000101000011110111001101111100111110110110100001000101011001100101100000001000110110111010011001000011110100100111101100010011011110101000001110000011001010010101101110100000000010010001100001010101011111000110110111000111110011110000010111100110001111001111100000110011011100001100001101010011000110000,True,True,True,True,True,True,True,True,True,True,262,244,117,33,28,26,32,254,255
