key_id,key_bits,overall_passed,frequency_passed,run_count_passed,run_L1_passed,template_4_1_passed,template_4_2_passed,template_4_3_passed,template_4_4_passed,linear_complexity_passed,blind_spot_complexity_passed,frequency,run_count,run_L1,template_4_1,template_4_2,template_4_3,template_4_4,linear_complexity,blind_spot_complexity
1,00001111011010000101010100111000010000101101110110010000111111101011011010011000111110101011010000110101100001111101111100101110,True,True,True,True,True,True,True,True,True,True,68,65,36,7,9,5,8,66,64
2,11011110101100110111101011111111110100011011000001000001111111000011100001110010101110000011011111101111001010100111100110011010,True,True,True,True,True,True,True,True,True,True,74,56,26,8,6,3,6,63,64
3,10011000101011010101101101111000011111011110110100101001111010101100000100101101001101111011011111001000100111100000001111011000,True,True,True,True,True,True,True,True,True,True,69,66,35,7,8,6,5,65,63
4,11010110001110010000010110000000011001010011001010100110111111000000000001001001000010101110001111011000000001010011010001100110,True,True,True,True,True,True,True,True,True,True,52,60,29,21,8,9,8,63,64
5,01000100011001101110100000010100100010000110011000111000110111100000110011011100101010000101111011000000010001011111110110001111,True,True,True,True,True,True,True,True,True,True,59,58,25,11,5,8,12,64,64
6,01000010010010100001001010011000101110010000101000000101101011100110011111001001111111001101010111101101000111001110111111111100,True,True,True,True,True,True,True,True,True,True,66,63,32,6,8,10,6,64,63
7,00000101111110100111010110101000111100101100000010000000111110011110110010010100001101010010100011111000000000111111011111111100,True,True,True,True,True,True,True,True,True,True,64,53,27,16,7,6,7,64,63
8,11011100010110011011011011110111001001110011000110100010111100111111011011011001010010110001010000110011010011001001011001101101,True,True,True,True,True,True,True,True,True,True,70,71,31,1,6,8,5,64,65
9,01000110101000010101001110101110010001011011110111101001001000111001000010101010011111100011010110111001101110101110010101001101,True,True,True,True,True,True,True,True,True,True,67,76,46,2,12,8,6,65,65
10,01001111010110100111011100010100100100110100101001000110001101011001000101101001110011111011111100001100110111110011010010010111,True,True,True,True,True,True,True,True,True,True,68,70,34,1,6,9,5,66,64
11,11101110100011001010010101000010000100111010101001110101101110100110000000000001011001100100110001111011001100101101000110011101,True,True,True,True,True,True,True,True,True,True,60,69,35,11,8,7,6,64,65
12,01010000111100101100101110000110111011111110111011111101010100100000011111011110010011110101011111001101000110000110111110110000,True,True,True,True,True,True,True,True,True,True,73,59,30,7,7,4,5,64,62
13,01000101101001101110111111011110111011001010011100011100010100001101110001111100111110101000111010000011001111101111110001100010,True,True,True,True,True,True,True,True,True,True,72,59,27,3,4,4,9,64,64
14,10001110111011110110110111000101111010111011110011000010111101101100011111100010010011011000101010011010110111010000101001101100,True,True,True,True,True,True,True,True,True,True,72,68,34,2,7,6,7,64,63
15,11101010000100101111111101001100111011001100000100100111101101111010001000100011101010010101010111000001000101010101100111011110,True,True,True,True,True,True,True,True,True,True,66,70,41,5,11,9,7,65,64
16,00001110100100011110011100100101010011010101111000111011001101110110111111101100001011101010010100011110111001101000100111111001,True,True,True,True,True,True,True,True,True,True,71,66,33,2,7,6,6,63,65
17,10011100111110110101000100101110101100000001000010000111001101101011101100100110011001001011001110001100001110111000000011010001,True,True,True,True,True,True,True,True,True,True,60,63,27,11,5,7,8,63,64
18,00111100101010011100100100100011111100001110011110011110010010011101101011110111101001100001101011001011110010100001001001111001,True,True,True,True,True,True,True,True,True,True,68,64,28,3,6,10,4,64,65
19,10001100000110010010010100010111110100101111100101010011110001101101100011100001110100101100110001000011011010010000011011100110,True,True,True,True,True,True,True,True,True,True,61,66,30,6,6,9,9,64,64
20,01011010001000011110001000101000010011110011110110111001101111110100111101001001100000010110101010101011001100110001010011101110,True,True,True,True,True,True,True,True,True,True,65,69,37,5,9,7,7,64,64
21,01100101100110011001001110110110100101000110010001011000110111101010010101111011000110001000011010010001100100010001101011110011,True,True,True,True,True,True,True,True,True,True,62,72,33,1,7,10,9,64,65
22,11101100001001000001111000001000010101010111000001011101000011010110001101011010001000111011011111011010011100011101101010101010,True,True,True,True,True,True,True,True,True,True,62,70,42,9,11,6,10,65,64
23,01011111111110110010010100010110011101100101100100010010111001010111111010110001010111101011001001000110000001111011110000010000,True,True,True,True,True,True,True,True,True,True,66,65,35,6,11,12,6,64,65
24,01000000111110000010011111011010111101100010110010001000001011110010110111011101110000000111111011010101001111010100100111110000,True,True,True,True,True,True,True,True,True,True,66,59,31,12,7,7,6,63,62
25,11111110100100111001001001010011001100000111001001101101110000011000110110000001110110110010010011000101001011111110100011011100,False,True,True,True,True,True,True,True,False,True,64,62,24,7,3,9,6,67,63
26,10101011000101101011000110001000101101110010111011010100010000010001110111111001010100000101100110110010101101110110011001001001,True,True,True,True,True,True,True,True,True,True,63,75,42,4,12,11,8,64,65
27,01010101001100011001000100101100010100000100001100100010101011001110010100101111101000000101111110101001010011011101110010110110,True,True,True,True,True,True,True,True,True,True,60,75,45,6,14,12,7,64,64
28,01110000000111000110001110100110001000000001100011011011000111000110011110000011000000011001110010111111100001100101101010010000,True,True,True,True,True,True,True,True,True,True,55,51,15,17,3,4,11,66,63
29,10110110000001101000100001001000001010010110101010010000111001111100010110110111111010111001010111101101010010010101111101100010,True,True,True,True,True,True,True,True,True,True,64,72,44,7,11,11,7,65,65
30,01111001000010000011110101110011000111110110010111011000000000101010011110010001011110010011011101110110001110001100001000011111,True,True,True,True,True,True,True,True,True,True,64,56,23,11,5,8,9,64,64
31,00000110111010111010110100101100100110011101010101110000100010010001101110101111111000000111010010110011101001110101111011000111,False,True,True,True,True,True,True,True,False,True,68,68,36,6,9,6,6,67,65
32,10001000110001001011100000111110000011110110101110010110111010110111010011010111000111010101111000001101110001010000010001001111,True,True,True,True,True,True,True,True,True,True,65,63,32,8,8,7,10,64,64
33,10100011010000000111111000010010010001010001110010010100011100011111110001010111010001100000010110110110101000000011110110100100,True,True,True,True,True,True,True,True,True,True,57,62,33,12,6,9,11,66,64
34,10001110110011111101011111000111110001010010000001101000100101011111101110110011000010110011101100010111011111001111000011111100,True,True,True,True,True,True,True,True,True,True,72,56,24,5,6,6,8,64,63
35,11111101100110010001110011000101101000101111010010110000100101111110010111101010011000000100111101001001101000100011100110001111,True,True,True,True,True,True,True,True,True,True,66,63,28,4,6,10,8,65,64
36,11010010001000001100101001100001110111101110000001001011101101001110001010100000010111110011000101110101111110011101011010001110,True,True,True,True,True,True,True,True,True,True,64,64,33,9,8,8,8,65,64
37,10100011100101010001100101101000010111000101100110111001111110000011101100101101010001000110110110110111110111010001100000010100,True,True,True,True,True,True,True,True,True,True,64,68,35,6,8,7,9,64,65
38,11001110100010110010101100011000011111110111011101001110001100010110100011100110110100110001100101101111010001011101100110110001,True,True,True,True,True,True,True,True,True,True,69,67,29,1,6,5,9,64,66
39,01100001101001111010111100001101101110010000000111110100001101000010100111110000000110001010010101101101001010100100111110001111,True,True,True,True,True,True,True,True,True,True,62,62,32,12,7,6,8,65,64
40,11110010000110010001100010101010000111001010100001000111110000111011101001010101101101011000011001101111010110011101111010110101,True,True,True,True,True,True,True,True,True,True,66,71,40,5,12,6,8,64,64
41,11000000110101011010000010100100101111100001010011000011010111101100010001101011111000011101000000110010101011100011011001100000,True,True,True,True,True,True,True,True,True,True,58,64,33,13,10,6,9,64,62
42,11110111001110110101011001101000101110111110101100101010100000110011011010110000100011100000010011101110010100001100001010011011,True,True,True,True,True,True,True,True,True,True,65,69,36,8,10,6,7,65,64
43,11101000110111100111100101100100001011100101000011011000000010101001000110011000010100110000011110101000111100111101000000001110,True,True,True,True,True,True,True,True,True,True,58,60,28,14,7,7,9,64,66
44,11010110100011110010100011001110111010010110000101101110110010001001100010000010111000100010000011001001111110111010011110111111,True,True,True,True,True,True,True,True,True,True,66,63,29,5,5,10,9,65,64
45,00001100001100101001101001111000000100000010001111111100010110011011101000110000100110111100110001111110101011001111101011101010,True,True,True,True,True,True,True,True,True,True,64,59,27,9,6,5,9,64,64
46,01101011110001011101001001011000010111111011101111010100001001110010110011111000000111000101000100110001111000110010111110111000,True,True,True,True,True,True,True,True,True,True,67,61,29,5,8,9,8,64,63
47,01000010000011000011111010110010000111000101000111101101100000100101010000000110110001101111000000011101011000100000100110010011,True,True,True,True,True,True,True,True,True,True,53,58,26,17,5,8,12,64,64
48,01001000110101101010011110111100001000111010101110101110011110101100110101000110111011011011101101000101000111100010010010100101,True,True,True,True,True,True,True,True,True,True,68,76,45,1,10,7,7,64,64
49,11111011111111100000101011010011100101010110111100101101110001100101101000110100010101101000100011111110011011111101110000010111,True,True,True,True,True,True,True,True,True,True,74,63,34,4,10,7,7,65,65
50,11110110101000101000101100100000110011111000110111000100101101011000111101000100000101100011101100111100110111110010111011011110,True,True,True,True,True,True,True,True,True,True,68,64,30,4,7,8,9,64,64
51,10011011011100000001111100000111010001001010011000010111100101000011000000111111101100010001110000000101100001110000101000111111,True,True,True,True,True,True,True,True,True,True,58,51,21,17,5,7,12,63,64
52,11001101011110111100111100111111101111000010100110110010000111110100000000110001100101111110100011101100000111100001011010000001,True,True,True,True,True,True,True,True,True,True,67,53,22,13,4,4,8,66,67
53,10000010101011111110100010100110101101010011101101111000011110000001110110111011011011100011001100001111010111010100110111010001,True,True,True,True,True,True,True,True,True,True,70,67,37,7,8,2,7,63,65
54,00100011111010001000111011010010100000110000000110101100110100111010011111001101101000001011110010001000100101011111100000011001,True,True,True,True,True,True,True,True,True,True,59,62,30,11,5,8,9,65,65
55,10000110101100011110111110111101110101111010110100010111001010111011111101111011000011100011100011011111101101100100000101010011,True,True,True,True,True,True,True,True,True,True,76,63,33,4,8,4,7,65,65
56,00001010011111000110000011110101101010101001001110101101100100000000000011000100111101000110101000100100101110100011011011111000,True,True,True,True,True,True,True,True,True,True,58,65,35,12,8,7,8,65,63
57,00010110101110101110001101011011100000100001111001110011000010000011101001011100000010011110001111111001000011001000101010100000,True,True,True,True,True,True,True,True,True,True,58,59,28,12,8,8,10,64,62
58,00110000000010001000111000000100110010010110111011001010100011011010001011101100000010011111010110010011010110111100000110000001,True,True,True,True,True,True,True,True,True,True,55,62,29,16,6,9,9,64,65
59,00101111100011001111001110111011110000110111100110110110101110110000011100101100101001101110010110111011001001101011111000011110,False,True,True,True,True,True,True,True,False,True,74,63,26,4,6,5,4,67,64
60,01110011001110000111010001111000111100001010011011011111010010000010011010101111001101010010101101111000110110011010000000100111,True,True,True,True,True,True,True,True,True,True,65,64,30,8,6,5,7,65,65
61,00010000011011011011100001001001000110001010001011110110111100011100111010100011110111011110011011000101001110001111110101010011,True,True,True,True,True,True,True,True,True,True,67,64,30,3,6,7,10,64,64
62,10111111010011001101000001011100000011101001001000101011110010101101001001011101110010100000011010111001000000011101111010000101,True,True,True,True,True,True,True,True,True,True,61,67,39,13,9,10,6,64,65
63,00011101101100101011010100110111110011100111000011111100001011100000010001011100000101101100111101010011011000010101111000011001,True,True,True,True,True,True,True,True,True,True,65,62,29,9,9,6,8,64,64
64,10001101110001100010011101011000100111001100100110000110111101000101110101010011001101001101100101111111001000111110110100110011,True,True,True,True,True,True,True,True,True,True,68,67,28,1,5,6,7,63,65
65,10111000110100001111110001101100110000100011011011000110110011001011101001010101001010101011010010111000101111010100111110010110,True,True,True,True,True,True,True,True,True,True,67,74,41,2,12,7,7,65,64
66,00011110110110100001010110111101000010101101000010111001000000101000100101101001110011010010001000110111110111101000011110010010,True,True,True,True,True,True,True,True,True,True,61,69,39,7,7,11,9,61,64
67,00000111100000010110010111000001111100011011110011100000111010111101100000110110101011110111111101100100011111010001110011111111,True,True,True,True,True,True,True,True,True,True,72,50,20,11,5,3,8,66,64
68,01010010001110101000000101110011100111000100011100111101001001011100010111011000010100100000101110111101010000010101000001101011,True,True,True,True,True,True,True,True,True,True,59,68,39,10,11,10,9,65,64
69,10010111110011011101100011001100001111101000010011001001000000100010100000011011101100001011101010010101010101100010010010011001,False,True,True,True,True,True,True,True,False,True,58,69,36,9,9,11,8,67,65
70,00111000011101000011011010101000001101001101001101010011010011001100001110011011000011010000100011110010011011110010111010011001,True,True,True,True,True,True,True,True,True,True,61,68,30,7,4,3,7,64,65
71,10000000101100001001000101001110011101001010100101001001110101011110100000111111111000111101100111100000110011011101101100011100,True,True,True,True,True,True,True,True,True,True,64,62,30,9,7,7,7,64,64
72,00000010011111111110110010110101010011101101011110011111001111110111011111000000101010111111111000011001011101110110111110010111,True,True,True,True,True,True,True,True,True,True,80,56,29,7,9,5,3,64,64
73,11111111001100010010001101100001111010001010000000101101011000011111110100010111110011011000101111101001111011001100001100110110,True,True,True,True,True,True,True,True,True,True,68,58,25,7,5,6,9,65,64
74,10010011010010000110101111001110000011011000111101101101000100011000011010101000110100101111101111110001101010001011010100111001,True,True,True,True,True,True,True,True,True,True,65,69,36,4,7,5,9,64,65
75,01000001111011011000010001001101000001101110100111111001001101110100011110100001000110011110010011111111100001110011000011001010,True,True,True,True,True,True,True,True,True,True,64,57,23,8,1,6,9,65,64
76,01100000001001001101111001010011101101011001100111000001011101010011000101011011101000101011011011001011110000110111100001000100,True,True,True,True,True,True,True,True,True,True,62,69,35,8,9,9,7,64,63
77,11000011111000011000110010010011010000001001010000001110010010100111000000111111011111000011111001100101000000010001011011001000,True,True,True,True,True,True,True,True,True,True,55,54,21,16,4,10,9,64,64
78,10010010011100010010000011110111011100111011101100001000011111110010000001111110010010000111101010000010011101001001100011100001,True,True,True,True,True,True,True,True,True,True,61,55,22,11,1,10,9,64,66
79,01000110100001010001000100000000010100110101011011100001000010001110100011101010011000110010010100111111110100110011100000111000,True,True,True,True,True,True,True,True,True,True,54,63,32,11,6,8,11,63,64
80,10100111001111010001001011101001100001111101111100011100010110110100111111011001110011101010100110001101101011010101010110111010,True,True,True,True,True,True,True,True,True,True,73,72,40,1,9,3,5,63,64
81,00001100101111110101001111100000110001111110011001101000101101000011010011011101101110000111011010000011100000010100110000111001,True,True,True,True,True,True,True,True,True,True,63,58,24,11,4,3,9,66,64
82,00111111101110001010110000101101011001010011111001000010100001111100100001011011100000000000010100101011111000111000111011101100,True,True,True,True,True,True,True,True,True,True,62,59,30,13,10,9,8,64,63
83,00101010110010001101001011100011010110111001100000100011110000011000000100100110110101010001101010111010111010110111001010101001,True,True,True,True,True,True,True,True,True,True,61,76,45,7,14,7,7,63,65
84,11100100110011111001011001001001110001000100001100101111001100000000011001000001011000000110110101000010110110001111001111000010,True,True,True,True,True,True,True,True,True,True,56,58,22,14,5,11,9,64,66
85,01001101100000010011001001110111001001001010010001001000110111100000101011110001100011000111001101110001011011001001110011101010,True,True,True,True,True,True,True,True,True,True,60,67,29,5,5,11,8,65,64
86,00010011110001111011100110101101001011100001011011101000001001000001110111001101101101101001101000011001011101110000011011100101,True,True,True,True,True,True,True,True,True,True,65,66,31,8,5,7,7,64,64
87,00101110000011011100010111111101110110100000110011000100001111111011111111101000100100110010000001100100000101010100010010000111,True,True,True,True,True,True,True,True,True,True,62,56,26,11,5,10,10,65,65
88,11110111100100010010111000110000001000010111111011010000110101100000101001010111011100000100110110011011100111000001001000110000,True,True,True,True,True,True,True,True,True,True,59,60,27,12,6,10,9,65,62
89,01010010000100101010110100000110110101010000100111001100110110101100011001000111010011000000100000010101111000100111101110100100,True,True,True,True,True,True,True,True,True,True,56,71,39,10,9,9,8,65,64
90,10100011001001100111000000011010010101001010011101001100100000100100101111000010001001011101110100101011100100011110101110111000,True,True,True,True,True,True,True,True,True,True,59,70,37,7,8,12,6,62,63
91,10110100011111100001001010100000000010011101101110110110011110100100010101011101110000010101000000101100011101111111110110000010,True,True,True,True,True,True,True,True,True,True,63,62,36,14,8,8,8,65,66
92,11101100000100110000111010001110011001110110010100010011001100000001111101101011000101001111010011000000010101110010010110011110,True,True,True,True,True,True,True,True,True,True,61,62,26,11,6,7,7,64,64
93,01010001000100001110100101010001001101001010101101001010010000000100110111001001100001011101100001001001101000001100011011000001,True,True,True,True,True,True,True,True,True,True,51,72,40,11,8,12,10,64,67
94,00010101001011010111111111101101001110001111011100110111110110110001000110111000101101100011010101000111010001011001111110000111,True,True,True,True,True,True,True,True,True,True,73,64,32,1,8,5,9,64,65
95,10010111001011101010101001110100111010001001101101100001111101000001101011010101111110111011000011011000100000110011011101001110,True,True,True,True,True,True,True,True,True,True,68,70,38,6,8,4,6,65,64
96,00110001111010101101011010011011110000101000111101100110110111001011001111101111100110011110100111000100110111110111100011000110,True,True,True,True,True,True,True,True,True,True,74,63,26,1,5,3,6,64,64
97,11100101101000000100010111100011101111100000011001011000011001111001100101011011100100010110111101111010001100101111010011100110,True,True,True,True,True,True,True,True,True,True,67,62,27,7,7,8,7,64,64
98,10001110001101001000010101010001110110101001111001111101100110111010100000100000011001101011111000100110010111110111010000000001,True,True,True,True,True,True,True,True,True,True,62,63,33,12,7,5,8,64,68
99,10101110011100001001000101101111100011110011101101111100010011101010100111000000101101010011101110000100010101011110001101110110,True,True,True,True,True,True,True,True,True,True,68,66,35,5,9,7,8,64,64
100,10000111011000011100011101100001001001110011100111000000101101000000000010100111010100001111111000110101001011100000110100000001,True,True,True,True,True,True,True,True,True,True,55,55,25,20,5,5,10,65,67
101,11000111000100100010011010111111000101110110110010000100001110100100110110001111000011110011111111001100101010001001110000100010,True,True,True,True,True,True,True,True,True,True,63,60,25,4,4,11,11,65,64
102,00100010110011111011000001001101011111001111110101011001000101010110000100100111011000010010111101011110111011001110000000001111,True,True,True,True,True,True,True,True,True,True,66,62,31,10,9,9,6,63,67
103,10100100001110000010011111011000000111000000100011010011101101101111000011100000011000011000000001110110011111001101100011010101,True,True,True,True,True,True,True,True,True,True,58,53,20,19,2,3,10,64,64
104,10101101111110000110000011110010101110110110110100111011111100100000000110011010100001111110100010111111001010010101000001000001,True,True,True,True,True,True,True,True,True,True,65,61,34,13,8,6,7,63,65
105,11110100111000110110010111101101001000011001101011001001110000110011000101111100011010110010101000110011100010010001101111011011,True,True,True,True,True,True,True,True,True,True,67,67,28,2,6,7,8,64,64
106,10111000011101110011111100011001010111001101011111101110000010011101000010110011001100001100010000111000000111110001000011011010,True,True,True,True,True,True,True,True,True,True,64,56,22,10,4,5,10,64,64
107,11001111100111011011000001110001101001110011011011011100001010010011110100010000111111011000110111111111001000111100010011111101,True,True,True,True,True,True,True,True,True,True,73,55,20,4,1,5,8,64,65
108,10001010100011001011010000011011110000001000010010011111100111111101000100010011101111111000111110010010010000101110000011000111,True,True,True,True,True,True,True,True,True,True,62,55,24,9,4,11,11,66,64
109,01011000101110011101001011011111010011101111010010110100000011110100011011011111101111001100110100000101101011010101100111000000,True,True,True,True,True,True,True,True,True,True,69,67,36,8,8,4,4,66,61
110,00100111000110110101101110101110101100010111000001110010011011101110100111010001111000101001010001110110000011001010000110011010,True,True,True,True,True,True,True,True,True,True,64,69,34,5,7,6,8,65,64
111,00001000001100110101000110011001100000001001001001011010100101101010110110001110000100100000110110011011001011100001110101100001,True,True,True,True,True,True,True,True,True,True,54,68,32,12,8,9,9,63,66
112,01010111010000100101100001010001101011010000010101100000011001101100001010110110111100010100011100010001111110111101111110111111,True,True,True,True,True,True,True,True,True,True,66,64,36,8,10,7,10,64,64
113,00111110001100001010101101111001100001011010000001100101101101010110010011101000000110101101100110101000111111101101001100000000,True,True,True,True,True,True,True,True,True,True,61,65,33,13,9,4,6,64,60
114,11001010001001101110110101010001000000100101011110100000011111011011000100000111000011101111010111010001011111000010011001111101,True,True,True,True,True,True,True,True,True,True,64,63,34,10,7,8,9,65,65
115,11110110011101111101010010001010101111100011100101010001111111000101100111100000101010110001001101011000001001000111011111111100,True,True,True,True,True,True,True,True,True,True,70,62,33,4,11,8,8,65,63
116,11110111111101111011110100110110101101011011100011111110111010101011110110011011001011111000000100010110101000100001110100011101,True,True,True,True,True,True,True,True,True,True,77,65,37,4,8,4,6,64,65
117,01010110011111011111111100010110100000010001010110000010000011110010010110011100011000101101011100010010111011001001110001111111,True,True,True,True,True,True,True,True,True,True,66,60,29,7,9,10,9,64,64
118,01100101110000000001011101010111101110110010001101001001011111001011000010111110101010000000111110001010000011100010101000101000,True,True,True,True,True,True,True,True,True,True,59,65,39,13,13,10,8,65,63
119,11000000001101000000011010000110010000011100100001111010001010100010000111001111101110010110100111100110010010110101000100000110,True,True,True,True,True,True,True,True,True,True,54,60,28,16,5,8,10,65,64
120,01010010010001100101100100110011100010001011000100111011001010100100110101010000111101111001000101101001101001010101111110011101,True,True,True,True,True,True,True,True,True,True,63,76,42,1,11,12,6,63,65
121,11111100010111010011101110010000100101010100110100000100010001110010011110111100110001101110101011110100010001011001000111101101,True,True,True,True,True,True,True,True,True,True,66,67,35,3,7,10,9,64,65
122,11011010100111101011111111101110110100100111101100100111110001110000011101101111110011001011001111001111010110001110000001111101,True,True,True,True,True,True,True,True,True,True,78,57,24,5,4,3,4,64,64
123,00000101110101001010110000011100011010011101011110010111100111001100111100011110100000011110111001010010011010001111001011011001,True,True,True,True,True,True,True,True,True,True,66,64,30,7,8,6,6,64,65
124,11010110010111001000011011011010010111101100001100111001011000011001011000110110110111100110001100110100001100011101101100010111,True,True,True,True,True,True,True,True,True,True,67,67,26,4,6,6,8,62,64
125,11001000011110001011010110000101101111011010010100010111110110011110111100000110101001101101100101110101100111000100011101011101,True,True,True,True,True,True,True,True,True,True,70,69,36,4,9,7,7,65,65
126,00101000101111110100100111110100110000100110000011011100111111001000101100100111000101000001010000000101100110001010000110001101,True,True,True,True,True,True,True,True,True,True,57,62,29,10,7,11,10,64,65
127,01111001101011011001011101101000111111000010110110000000110011010111110111000011101100010100000100010001001101001001110000100101,True,True,True,True,True,True,True,True,True,True,62,64,31,9,6,9,9,62,64
128,11101000011101000100100000011010001011110000101110100111000000100010101110100111111000101000011000110111010101101010101100110100,True,True,True,True,True,True,True,True,True,True,60,68,39,9,10,7,10,62,63
129,01101001100111000101010101000011000010111101100110100000101010011000101110001111110100100110101010101000110010001110101111111110,True,True,True,True,True,True,True,True,True,True,65,71,42,4,13,6,8,65,64
130,10000100010011010100110100111110011111110000110100000011000100001000001111110111101011101110000100010000100001011001011000001101,True,True,True,True,True,True,True,True,True,True,58,57,27,13,4,9,12,64,65
131,01100101101000000001011101100011101101101100000011001000001000010011001001001010100010101011100011110101110110001011111011110010,True,True,True,True,True,True,True,True,True,True,60,67,36,11,9,11,8,64,65
132,11011001101000111011111010111000001101100000101101001010110111000010110001100011001010111110111101100011101001110110010010110011,True,True,True,True,True,True,True,True,True,True,69,67,31,5,8,6,7,64,65
133,10101111000000110000010001010111101001011101110111100001011110011101001010011101000000100101100010110110011000100010000100011010,True,True,True,True,True,True,True,True,True,True,59,66,36,10,8,11,10,64,64
134,01001011100000110101111111001100111110101101100111110100111100000101011110010100101111101000000001100101010101010001000000101001,True,True,True,True,True,True,True,True,True,True,64,66,40,12,13,7,5,65,64
135,11101011011110010101010101001100110001010101000110001110011100010001011010101000110011101111110010010001110000000101101001110010,True,True,True,True,True,True,True,True,True,True,63,72,40,4,13,8,8,64,65
136,01100011101101000111001110111110000000000001110110010111000111000100110011011000011011111100010111100001100010001101010110111000,True,True,True,True,True,True,True,True,True,True,63,55,20,11,4,4,10,64,63
137,11111110011010100011011011000000111010001100110101010100100011111001111100001110111101010101110011110011000001001000011100011010,True,True,True,True,True,True,True,True,True,True,67,62,30,7,7,3,8,65,64
138,01111011111010001110011101101101101110100011011010101110010001010010110110001101001110001000010000100110000010100101101110110010,True,True,True,True,True,True,True,True,True,True,65,71,37,4,6,9,8,65,65
139,00010000010110010010000110100010001010011000101011000101010110101000110111011010110100010111011101000111101011010010001000101001,True,True,True,True,True,True,True,True,True,True,57,78,48,3,12,12,12,65,65
140,01010101111111110100111001011110001010000000001010101101011001110101000011010110101110001100111100011111000111101100010100011100,True,True,True,True,True,True,True,True,True,True,67,65,37,7,13,4,8,64,63
141,01000010000100010011110010000110101010100000000001001111000110101001110101001101001110111111011010000010000101000100000110101101,True,True,True,True,True,True,True,True,True,True,54,66,39,15,7,8,10,64,65
142,11011000010001101100000000001010110000111011011001110010100100100011010011101100001011011100000111010010010011000011100111010110,True,True,True,True,True,True,True,True,True,True,58,64,28,13,5,8,8,65,64
143,11110110001100110110111110111111101100111100011000000010010001010010000011010000100110010000110001011011111000101111000011010011,True,True,True,True,True,True,True,True,True,True,64,57,22,9,3,8,10,63,64
144,11001011010100100110111101001011110001011111010010100001111111000101010110001111101010001000111100101001110011110111001100110111,True,True,True,True,True,True,True,True,True,True,72,67,35,1,10,8,6,64,64
145,10110111011011100111100011000010101100000101011100110010011000001001110000001101000010001101000000000100100110000010010010011010,True,True,True,True,True,True,True,True,True,True,52,62,28,17,4,10,9,64,64
146,11111110010000100100100001110111110110101110011101110010011110100001110111000101111001010010011110000001011111001000111110011010,True,True,True,True,True,True,True,True,True,True,70,58,26,6,4,10,6,63,64
147,10011101101111001101111000101001100001001011101111100110001010101111111111100000101000000110000011010111101000110111011001100100,True,True,True,True,True,True,True,True,True,True,68,60,28,8,7,6,7,65,64
148,10000000010011100111010110111101000101010100001110111100111111111110011000000000110000010110000010101111001010111110000101000110,True,True,True,True,True,True,True,True,True,True,62,56,30,17,10,6,8,64,64
149,00000101011010100000010100001101100000010010101000000110101100000000000000111011110011011110101011000000101110001011100110011010,False,True,True,True,False,True,True,True,True,True,51,61,35,26,11,6,8,63,64
150,11010011110001011001010110000110110011111000111010101110100001101110000010101110001110011010000001011011010110011000011110111111,True,True,True,True,True,True,True,True,True,True,68,63,30,8,9,4,8,64,64
151,11101000010011100110111111011111111010000011100110101100010110001100100011001100100010111111101010011001000111001100001100110000,True,True,True,True,True,True,True,True,True,True,66,58,21,5,4,6,8,65,62
152,01100110110011110100111100100101101101100101110111111011101000110101101110011110100100100001110100111110000101010100110011010110,True,True,True,True,True,True,True,True,True,True,72,71,36,2,7,6,3,63,64
153,01000000000011011110110110100001110010101100110000111110111001000100100010001010000100101111010011001110100010011100111101000111,True,True,True,True,True,True,True,True,True,True,60,62,29,10,4,9,9,64,64
154,11110111100111100010100110000110010100000111000101000011100100010110001110101010010111111111000110010000111000101101000010110110,True,True,True,True,True,True,True,True,True,True,63,62,30,6,9,9,11,65,64
155,11011101100101101001010110000111110001100101001001101001011100011010000100101111001010001001010101011001111110101101110110110001,True,True,True,True,True,True,True,True,True,True,67,75,42,2,12,10,6,64,66
156,11101110001101011101110000000101110101000101110101010101011000111001110010101101101111011011111111110010000100010010110110101101,True,True,True,True,True,True,True,True,True,True,72,71,43,5,13,7,6,61,65
157,01001111101000101111010101010110000010110000110110101110111100111111111000000100101101001101111011100100111110011100101111010001,True,True,True,True,True,True,True,True,True,True,72,64,35,6,9,6,5,63,65
158,11001101111111000101100010110011110110010101000000100011110001000010100011001101100000000101011110110011011110011011010000111001,True,True,True,True,True,True,True,True,True,True,63,61,27,10,7,7,9,65,65
159,00110011000100111010101100100010101110110001010100001011011110011100111111000110110110010001111000010111000010100000111111111010,True,True,True,True,True,True,True,True,True,True,66,63,31,5,9,8,9,65,64
160,00000010101111110111110100000010100011101001100100101100110011111100000010110101110110110010101000000010000000000111011110010100,True,True,True,True,True,True,True,True,True,True,58,59,32,20,9,8,6,65,63
161,00110110001010001101001010101010010011000110111111000101110011100001000001011101000100111010111110110011011001100110001101000001,True,True,True,True,True,True,True,True,True,True,62,68,33,5,8,7,9,63,67
162,11110101100111001100001011100111011001000111001001101001100100101101111100011100000010110111111111000110000110101110111101011101,True,True,True,True,True,True,True,True,True,True,72,61,26,5,6,6,6,65,65
163,00101111000010010100010110011001100101001101101111111001000110001000101111100111001001001010100010000101101000000100111101110001,True,True,True,True,True,True,True,True,True,True,60,66,32,5,8,14,9,64,66
164,10100001100011110100000000010110111010100011011101000000100100111000101110001001101000010100011111111110001010110110100001110010,True,True,True,True,True,True,True,True,True,True,59,62,34,12,6,8,11,63,64
165,01001100001110111101001010010111100100100001110100011010000111011110010001101010000100010001010101010101001110010110111100111011,True,True,True,True,True,True,True,True,True,True,63,72,41,4,10,9,8,65,64
166,00110010100111110101110111011110001111111101110010001100010000011000011010010110110010110110001101100111010000011100110011000110,True,True,True,True,True,True,True,True,True,True,67,61,23,5,4,5,8,64,64
167,11101101001110111101011001011000001110011010111110011110101110010010100000001101001101101100111011101010000111101010101110101001,True,True,True,True,True,True,True,True,True,True,71,71,40,7,10,3,3,64,65
168,01001001001010111011110010000110011010000011011100001000101010011000000100101011000100010000101010101001101110010111010011010101,True,True,True,True,True,True,True,True,True,True,56,76,46,8,13,12,8,62,65
169,11111111100000000000011101111011010110110111010011100011111110011111011111010000010001000000110111001110100101000011100001101001,True,True,True,True,True,True,True,True,True,True,68,51,23,16,2,3,7,64,65
170,01010000101011100010100010110111101101010110011111011000100001100000110001101101001111001011111110100000010101000111101000111100,True,True,True,True,True,True,True,True,True,True,64,65,36,7,10,6,10,64,63
171,01010100110100000001110100111111110100111011110011010010111101001010011000011111011010100001001010011101011000110100101110101011,True,True,True,True,True,True,True,True,True,True,68,72,43,6,10,5,4,65,64
172,01010000110100110111100111010001101110000011100110010100111011111011100000011111000111010011100011101110000001101110110111000011,True,True,True,True,True,True,True,True,True,True,68,56,21,10,2,1,8,63,66
173,11001010100111010110110101010110010100101110001111100110001010000011100001100001001010011100011001100101110000100101111001010010,True,True,True,True,True,True,True,True,True,True,61,72,38,5,13,11,7,63,65
174,10111010001101000011101110000001011110101111111010110111001011101010111100111000010101001101111100100101001100011011101101011011,True,True,True,True,True,True,True,True,True,True,73,69,39,5,10,5,5,64,64
175,00110111110010110010110000010001111011110011110101101110110001010111010000110001111111101000101001110000000100111111000100101111,True,True,True,True,True,True,True,True,True,True,69,58,27,7,7,8,8,64,64
176,10110011100100110010011000100110111100011000111000010100101100010000000111111100101101000101100000110011111000110110110011110100,True,True,True,True,True,True,True,True,True,True,62,60,22,7,4,8,9,61,64
177,11010100001101011110110110110010110100010001110111011000110101011001101011000111111010110010011001111010111101001100001000000101,True,True,True,True,True,True,True,True,True,True,68,71,38,5,9,5,7,64,64
178,01111010000110011101110001011110011010110001100110101000110001100101000010010011101011101110101011001011000101000011110100010111,True,True,True,True,True,True,True,True,True,True,65,70,36,3,10,7,9,64,64
179,01101010001001011100001100010100010001100110001011101010011111011000101100010001101100111110111010000011010000011111111001110000,True,True,True,True,True,True,True,True,True,True,62,61,28,6,6,7,11,62,62
180,11101110101110111011010101011010011001111001010101100011001110011100101101101011100111011001010001011100010111111011100010100000,True,True,True,True,True,True,True,True,True,True,72,72,39,2,13,6,4,64,62
181,01010011011100011000010100000110011111011111111010001110110101111011001011001110010001001100111010101100110010011010011000101011,True,True,True,True,True,True,True,True,True,True,68,68,32,3,8,6,6,65,64
182,11100111010011001010011100010101110111100101110111110101111001000010110011010110101100000111000101011000110001111100110010110101,True,True,True,True,True,True,True,True,True,True,70,69,35,3,12,7,6,64,64
183,11000000100011101011011001000111010001110110100110111100000111100011011100010110010110011111101111101110011001001110111111001000,True,True,True,True,True,True,True,True,True,True,70,58,22,5,3,6,7,64,64
184,00010110101110100001111011100011111100101000001001111001001011100111010001111100010101111100000011010100100001100011111011110110,False,True,True,True,True,True,True,True,False,True,67,59,29,7,7,7,9,67,64
185,00100010101100011010101101110011001001011111011111011111110101110010001110111110110100011000111010100110011110011100111011100111,True,True,True,True,True,True,True,True,True,True,76,64,29,0,7,5,5,64,64
186,10111111111101011101010000100011000100001111100101110001010010010001111010001011011101000101100010101100100101111010010010100010,True,True,True,True,True,True,True,True,True,True,64,70,42,2,10,14,10,62,65
187,00110101000100110101000110000000000100001110010011010110100111011010110011000110011111110000010000110010100110001010111111011010,True,True,True,True,True,True,True,True,True,True,59,65,32,11,7,6,8,64,64
188,00101000100011100001001000000000000011001101001110100101110001011101000011111011011101110110000000110110111100111111010011111100,True,True,True,True,True,True,True,True,True,True,62,55,24,16,3,6,7,65,63
189,10011011110110010011111110001011011010010010110110110010000000111001101010011011101011111100010000011101100110111010001011100111,True,True,True,True,True,True,True,True,True,True,70,65,30,6,5,7,5,64,64
190,00011100110111110111000001100011011101110111110010010001110010101111000100001001000101000111001011000011000101101101110100001000,True,True,True,True,True,True,True,True,True,True,62,61,26,5,5,10,11,66,64
191,11001010111110111000101001101101001110100100000010111001001111001100110000001110110100010100010000010011011001011001001000111011,True,True,True,True,True,True,True,True,True,True,61,67,31,8,6,11,7,64,64
192,00110110011001100110100001101110010110101001001010000100001100100011100111000001110011100001110111111000010101000001101110101111,True,True,True,True,True,True,True,True,True,True,62,62,26,9,6,6,8,64,64
193,01010100000100100000101011010011011001100001111110110010101000010101110000010100000110001010111001011101101000101001101101100101,True,True,True,True,True,True,True,True,True,True,58,74,45,10,14,10,8,64,64
194,10010110011011001111101001011101101100100111110000111011110011100110110111011111011001111011100101011000000011011011110110010110,False,True,True,True,True,True,True,True,False,True,76,64,27,5,5,5,2,68,64
195,00111010001111101011101010001100111011110100101001110101011011010000101001111111100101110011000111100011111000111000000100111001,True,True,True,True,True,True,True,True,True,True,70,62,30,4,7,4,7,64,65
196,01111100011111110001000010001001010011111011001000000001110111000110111110110000001010001001001011111100100111111111100010000110,True,True,True,True,True,True,True,True,True,True,65,51,22,10,3,11,10,65,64
197,01000100011010001010101011001110111111101010100000100010111011100101011101001100100000110001111001001110101011011100001011001111,True,True,True,True,True,True,True,True,True,True,65,70,40,5,12,8,8,64,64
198,01011101000111011100111101100000100100011001101111100011000010000011001100001010011100110010001010001000010011000100110011000000,True,True,True,True,True,True,True,True,True,True,54,59,21,10,3,9,11,65,62
199,00101100001101001001101111100100110011110000101111100111101001101100000000000111010110110101111010111100110000001011101011001100,True,True,True,True,True,True,True,True,True,True,65,61,27,13,7,5,4,64,64
200,11110010111011101111101010011111110011000011011011110100011011100010111100000010100101010011111111110101100010110110101000000000,True,True,True,True,True,True,True,True,True,True,71,60,33,10,9,5,5,65,60
201,00011010000111011000011101000011010000100111111100010011101000110100101110001101111001100100100101000111011101101111010000011101,True,True,True,True,True,True,True,True,True,True,64,62,28,6,2,6,10,64,64
202,01100010010000110001110000001001010101111110101001011110101001000011110101011010011010010000111010100111100001111101000000100000,True,True,True,True,True,True,True,True,True,True,58,65,38,12,9,8,8,65,64
203,00011111110101001010100100001010110101100111111111111100110011100001010011000011001101001001010010110110010100001010001011010100,True,True,True,True,True,True,True,True,True,True,64,71,41,4,13,10,6,64,63
204,00101000101111111110100100101100011011111001101110000011001010001110011010000111101101100110011100111001000110111010010100110111,True,True,True,True,True,True,True,True,True,True,69,64,27,3,5,7,6,63,64
205,11101101001010101100001011110101110001101010011100110010011110101110111001111110010011010000000010001101110000011010010101101000,True,True,True,True,True,True,True,True,True,True,65,68,36,8,9,6,5,64,63
206,00010110101001111011001111000100011101101101101101110100011011101011101010101001001101100101001110110101101101111110111111100101,True,True,True,True,True,True,True,True,True,True,76,74,42,0,9,5,4,64,64
207,10000110100100011010110011011101010000001011000000011011001101101101100001000000111100110011110000110001011010101000000010101101,True,True,True,True,True,True,True,True,True,True,56,65,33,17,8,5,9,64,64
208,00001100011000111101000010111010111101001100100101111011010010010000111110111011000100101010000011110111010010111111010001100011,True,True,True,True,True,True,True,True,True,True,66,64,32,5,6,8,9,64,65
209,00101001110011101010101111001001001110011100011100000101011110010101101001010001010111011101011011011100001100001000011100001111,True,True,True,True,True,True,True,True,True,True,65,68,36,6,12,8,7,64,64
210,11000000010111001011101000010000000101111111011010110110011101001111100011010111001000101110110000001010110001101001010011110111,True,True,True,True,True,True,True,True,True,True,65,63,33,12,9,8,7,63,64
211,10110110010100111001000011101100110000100111001111010010100011011011000011000001010010010110001000001010101100101010111001101110,True,True,True,True,True,True,True,True,True,True,60,72,37,7,10,10,7,65,64
212,00010011100100101111101010100111101011101100110100101100110111010001000110010110000010101000011001000000101010110101111000001110,True,True,True,True,True,True,True,True,True,True,61,71,40,8,12,9,7,64,65
213,10100000000001100010000001110101000011000010010101011010101010001000001010000000001001000110101110110011001101100010110110001110,True,True,True,True,True,True,True,True,True,True,49,66,38,20,10,8,11,64,64
214,10011110100110100110100010111111001111110110100101001000001001111010111110110001111000010110111110111110110001101100001011100010,True,True,True,True,True,True,True,True,True,True,72,62,31,4,5,7,7,64,65
215,10011000110110001011110110010011010000011101011110101011011000001100010111100110111111011111001101110100110110011001110001110001,True,True,True,True,True,True,True,True,True,True,71,63,26,4,5,3,7,64,65
216,00000011011111111001111001010101101110011011011011001101111011001010110111100011001000010011111000001101110101011111101101111110,True,True,True,True,True,True,True,True,True,True,76,61,29,6,7,4,4,64,64
217,00010001111011110110000000110001110010101111100101010011011100010101100011011000100110001001111000001101010100010101001100001000,True,True,True,True,True,True,True,True,True,True,58,65,32,7,10,8,11,66,65
218,11110100000100101110100011111001100110001111100101111101110010010010110000100101001110110001111100110000010101010101101100101110,True,True,True,True,True,True,True,True,True,True,67,66,33,5,10,10,6,64,64
219,01111011001000110110100100111000110111010001111001110001011001111101001011001101101010011001000111100010001001111010011101011010,True,True,True,True,True,True,True,True,True,True,68,69,32,0,4,7,7,64,64
220,01111011000110101110001011111110011010110111101101010011101001110010100001111010011100111000001111100101000011001000111011110000,True,True,True,True,True,True,True,True,True,True,70,61,28,5,6,4,6,65,62
221,11001101111101110100000110000010001100110100101001000000110111100111100101001000000010001001110101110011010010111101001100101101,True,True,True,True,True,True,True,True,True,True,61,65,31,11,5,9,6,64,65
222,01000000111101000100011111000101110001001001011111011001101011101100011111111011101011111110101100100000100101010111000010111011,True,True,True,True,True,True,True,True,True,True,70,62,34,6,9,9,8,64,64
223,00111011000110000011101110110011110110110011100011011000001001100001111101000100011011000011110110110110000010001101001101101001,True,True,True,True,True,True,True,True,True,True,64,60,21,8,0,3,10,64,65
224,10011010100100100100110011110111010010010110111110000000011101011001101010010110010110100001111011111111100010010111001101100011,True,True,True,True,True,True,True,True,True,True,68,67,33,6,7,9,4,64,65
225,11100001000001011100000111000011011001011110011100010111000100011011101000110101101000011111000010011001100010000000101010101111,True,True,True,True,True,True,True,True,True,True,59,59,27,12,8,8,12,65,64
226,00101000001011100001111110011100100011110111001000111111000000001111000000100010000011110101010110100111111110100001101010001001,True,True,True,True,True,True,True,True,True,True,61,54,27,14,6,7,10,64,64
227,11000000011001110111110001101001111101011101010101110110110011110110011000111100100110011101111111001011111110001111000000111111,True,True,True,True,True,True,True,True,True,True,77,53,20,7,5,2,5,64,65
228,01101001010000010011111111100110110001010100001000001000111000000100110101101101101011101111110110101001101101100101011000110101,True,True,True,True,True,True,True,True,True,True,65,70,40,8,9,7,7,65,65
229,10101010111111010110100110011000111010000111010110101000110110100001101101011011101011010010011111111000010110000110100010000110,True,True,True,True,True,True,True,True,True,True,67,72,42,5,9,3,8,63,64
230,01011011111111001111001100101110111100111001000010011110100011010100011110110111101000100110011100000101110000101111001100101011,True,True,True,True,True,True,True,True,True,True,71,62,28,4,7,7,6,65,64
231,11000101010011111010010010111101100101111010111010011100110100011011101100011000101111100110011101010100001000001101100101000100,True,True,True,True,True,True,True,True,True,True,66,70,36,3,9,8,7,63,65
232,01010010110001110011011101011101000000011100000001010100111001011011000101000011101110011011000000101000100001110111010011100111,True,True,True,True,True,True,True,True,True,True,60,64,32,13,8,6,8,63,64
233,00000001101110011010000011111010011001000110011001001001101110011010101010001101111100010011100010001010011100011110111000001001,True,True,True,True,True,True,True,True,True,True,60,62,26,8,4,7,9,64,65
234,01110111101101011100010111001011111010010011001101101111011100000101101001000010100100111101001111101110001100011011111111010110,True,True,True,True,True,True,True,True,True,True,74,65,33,3,6,7,5,65,64
235,10100101000000010010001101001100010100001010010001111010001110110111001100001101011000101000010011100101110100100000111011010111,True,True,True,True,True,True,True,True,True,True,57,69,37,9,7,10,10,64,64
236,11100010110101001000111111111100111101100111101111000011110001100011110111100010011111100101111011010001001100101101000010011010,True,True,True,True,True,True,True,True,True,True,73,58,25,2,4,7,8,65,64
237,00111100001111001010001000110001000001101000000011100011000101010100110011100110110000001011111001000101110111100010111101110000,True,True,True,True,True,True,True,True,True,True,58,57,24,11,7,8,11,63,62
238,01111010101101101111001010000001101000010111110111111111010100110011001001001011100110010000000000100001101110000101000001100111,True,True,True,True,True,True,True,True,True,True,62,60,30,15,7,8,6,64,64
239,00000101101111001111110111110100111001101000100110100101010001001000010111011000101011001010100010001011010111101000010010000001,True,True,True,True,True,True,True,True,True,True,60,70,41,7,10,12,9,64,67
240,11010011111001101100000000000010111100011101011010011100111010100110011010001010000000100100100011100001010101000101001110100011,True,True,True,True,True,True,True,True,True,True,57,65,34,14,8,7,8,63,65
241,11111010101011010111010000101000111101111101101000100110011111011110111001001001010010010101100100101000111110001000100100100010,True,True,True,True,True,True,True,True,True,True,66,72,42,1,9,14,7,62,65
242,10011100111000001110011100101011101101101110011111110111010000000100000011110100110110011001000100100100111011011010000011001010,False,True,True,True,True,True,True,True,False,True,64,62,27,11,3,7,5,68,64
243,01100010100100011000111000100100010110001011001001101101001010110111110100000100000010101100011001100101010001110111000101011101,True,True,True,True,True,True,True,True,True,True,58,72,39,5,11,12,11,62,65
244,10111100101101111000100000110100001011100110100000010101110101001011111000111101110001111100111100100101000010110111001110100001,True,True,True,True,True,True,True,True,True,True,66,63,33,8,8,8,8,64,66
245,11011100000110000111010110010100001011110010010111110001110111101011011111011100110001011100100100110110101101111111001001100000,True,True,True,True,True,True,True,True,True,True,70,62,28,6,7,8,5,64,62
246,10011101110111110101111000110110100111000101010011000110110111110001101100101110100010010011111010100100001110011100100101101011,True,True,True,True,True,True,True,True,True,True,71,69,34,1,7,7,6,64,64
247,00110010101100000001011010111101001100110101000111000011001001010100100110111111010000000100011010110100100010111101100100010100,True,True,True,True,True,True,True,True,True,True,58,71,39,9,10,10,7,64,63
248,01011011111000110010110111000000101010111111010010110011001110100100111011111110101010110100110010000011111100010011110010100101,True,True,True,True,True,True,True,True,True,True,70,68,38,5,11,8,4,66,64
249,10110110110000110010110001100011010110110011010110101110110010111100100001101100010011010010110000000000111011001111001010001001,True,True,True,True,True,True,True,True,True,True,62,69,32,9,7,7,7,63,64
250,00000000011011100110101010011100111011000111111100111011001011100100111100100001000011000101110111011100000011100001111101000111,True,True,True,True,True,True,True,True,True,True,65,54,20,12,4,5,8,64,64
251,10000100000100000001000010010011100101010010110011001101010001110000100000011010011010100011111001010011011100110100101111110001,True,True,True,True,True,True,True,True,True,True,55,65,33,12,7,10,9,63,66
252,00100101111010000110001010000110100000001001011100111101010001101101010100010001100101010011011001100101111110101101101111101001,True,True,True,True,True,True,True,True,True,True,63,72,41,6,10,8,7,65,65
253,10101111110101010100101011101000010000000001111100111101110101010101001011101001000100100000110111100110111101110110010001011101,True,True,True,True,True,True,True,True,True,True,67,71,46,9,12,8,5,64,65
254,01111011111111000110101001100011111110110101001101010111111101010100110100110011011110000100011101110000101000110010100000001001,True,True,True,True,True,True,True,True,True,True,69,64,35,6,8,4,7,64,66
255,10001101111101110011000100101110000001101000001011110011101101001111100011010010011010011000010101000100101010101111010101100001,True,True,True,True,True,True,True,True,True,True,63,69,38,7,10,7,8,66,66
256,10110000110100011010010101001111010100110110101011010000101111100100001110010001000111010110110110100110010001000100001001011110,True,True,True,True,True,True,True,True,True,True,61,74,42,4,8,10,9,66,64
257,01110111000101101010110011110111100110000100110110000100010010111111000100011100101010001010100111000001010111000001110111110000,True,True,True,True,True,True,True,True,True,True,63,63,32,7,10,9,9,64,62
258,00011110010111100110111010101110110110111100101001111100000101101001101000111110110100010010111000000010101011011010001111000110,True,True,True,True,True,True,True,True,True,True,68,67,36,6,9,6,7,65,65
259,10101111000001111001101100100010100101000001001000100010000101101101111101111111010100000011101001110101011100101001111111010010,True,True,True,True,True,True,True,True,True,True,65,66,39,8,8,10,7,64,64
260,10111010010000100010011100111101100101110000110001001011001100011000000010010010111111000110000010110011011001110110101111000011,True,True,True,True,True,True,True,True,True,True,61,61,24,9,5,10,9,64,66
261,01010001100001001111101000011101000111010010011111001011110100010000110010110110100110100010100110100100110010101010010111010010,True,True,True,True,True,True,True,True,True,True,61,75,43,3,8,10,7,65,64
262,11110000001011010111011110101000111110110100000101110100111110101000100110010011110001001000111111010001110011000100100010100000,True,True,True,True,True,True,True,True,True,True,63,62,32,7,6,9,9,64,62
263,01100111010100100000000011010011000001010101001001001010101000100000111001001101010001011011010100111010001101101010000110000111,True,True,True,True,True,True,True,True,True,True,54,74,44,12,11,8,8,65,64
264,00010110011101010101111110101000000000001110000101100101010110111100110000000100001111101100111010010100110000101001101101000001,True,True,True,True,True,True,True,True,True,True,58,64,36,17,11,6,7,64,66
265,00010110010011110101011000100000001000001001100000010111111111001001100011001000000001010101010000001010000010010010100101101101,True,True,True,True,True,True,True,True,True,True,50,64,37,19,11,14,9,66,65
266,11000100111000101111001111111110010011010110100111100100010111100100100010111011111010010110111110101001101111100111001110101100,True,True,True,True,True,True,True,True,True,True,75,64,30,0,7,9,4,64,63
267,11011110101000001110100101010111010010100110010000011110000100010110001100001011001100000010111000001000011011001001000010011111,True,True,True,True,True,True,True,True,True,True,56,63,31,13,8,11,10,64,64
268,01010011011101100010011110011110100001001111011011010010011110101011010000000110110001000111100010010101111010010101011111001011,True,True,True,True,True,True,True,True,True,True,67,70,39,5,9,8,6,64,64
269,01010100000111100110101101110101001000100100011110110110110111101110111000110111111011110001100101100101000000001111000110101100,True,True,True,True,True,True,True,True,True,True,68,65,33,7,7,5,7,64,63
270,10010001100001100010100110000101110110000110100111001010011101111010101001000000011110110111101011101110110001010000000000101111,True,True,True,True,True,True,True,True,True,True,61,63,33,14,8,7,8,65,66
271,10101010110011110011000110110000000100111101111100001110110000101111110111010100011011111011110011011110111111100110001010101010,True,True,True,True,True,True,True,True,True,True,74,62,33,6,9,3,6,64,64
272,00110101011111111001011001110001101110001001010011101000110101101001101000100110101100111110010100100110011000000011010110110000,True,True,True,True,True,True,True,True,True,True,64,69,33,5,8,6,5,63,62
273,10011100010101111001100001100010110010111100101001100001110111001111111000000000111111100010101111110100111111010110111110111101,True,True,True,True,True,True,True,True,True,True,74,55,26,8,8,5,6,65,65
274,00101000101110100100101101101100110111101101100111100010101111101110011100111110010100010110111110001010001111011001111101010100,False,True,True,True,True,True,True,True,False,True,73,69,36,0,10,8,5,67,64
275,00001101000011111010011001111010000100110010010011111010010001110011011000100011001110110110011011100011101111110010111100000111,False,True,True,True,True,True,True,True,False,True,67,58,20,5,1,6,8,67,66
276,11101000111101101101000010001100010101101000100001001111010000100110110010011011011101111001111001010100110010000010011110001000,False,True,True,True,True,True,True,True,False,True,61,66,31,5,4,10,9,67,64
277,10000101010111101001110010111010101001110011110001111111010001101110010001011110111010000110110111101001000100001100110010100011,True,True,True,True,True,True,True,True,True,True,68,67,35,3,8,7,8,64,65
278,00101001000100010100111010001011111101010101001111000100010110011110111001100110101110100000111111011101010000000000001101011111,True,True,True,True,True,True,True,True,True,True,64,64,37,11,10,7,7,64,66
279,00111101011001101010111111010100011010000011001110100010010000100110100101110011101001101101010111101011010100110101000010000111,True,True,True,True,True,True,True,True,True,True,65,74,43,5,10,5,6,64,64
280,01010010110110010011011001110000011011000101000010010011100010100100001100010000111100110001010001011010010110100110011010110100,True,True,True,True,True,True,True,True,True,True,56,73,36,5,8,11,9,65,64
281,01110000111011011000000011010110011000000010110101101000001011110101111101101000100001101100111111001001001110100010100001110100,True,True,True,True,True,True,True,True,True,True,61,63,32,13,6,6,8,65,63
282,11101101100100001000011001000110111101000111000101101010111010110100101111100011100000011001010101100011011101000010111000110011,True,True,True,True,True,True,True,True,True,True,64,67,33,6,9,7,10,61,64
283,01100001110001100101111111111000000011011110101111110000111000100100000001110001100001101010110000111111101011100000110010000111,True,True,True,True,True,True,True,True,True,True,64,48,18,15,5,4,11,65,65
284,00010011100100110110100110010110011011000011101010101000101011110100100111111100010110000010100100010010011001110011110101001010,True,True,True,True,True,True,True,True,True,True,62,73,39,3,10,11,6,64,64
285,01110010110000100001000111100001111000101000010011110000010110101010110011011110101101110011000101101011101110010011110010100011,True,True,True,True,True,True,True,True,True,True,64,66,33,6,10,9,9,65,65
286,01111011101100100111010101110010011110100111110100110110100011101101100011101101001101100110100100101001011000000100100101101111,True,True,True,True,True,True,True,True,True,True,70,72,36,3,5,8,3,64,64
287,10011100101001101010011100001110010111101110111000100110111000111110110101101011011111111110011100000100000010101010010010110000,True,True,True,True,True,True,True,True,True,True,68,64,33,7,9,7,5,64,62
288,10101110010111010110101001111011101011010001111011100010001000110101100101101011001100000000100110100001010011011001001001010001,True,True,True,True,True,True,True,True,True,True,62,75,43,6,10,9,7,64,66
289,00100001011000000111101010101000111101001110110101001110100010010011100100000000000100101000110111111010001111101000000111101110,True,True,True,True,True,True,True,True,True,True,59,61,34,15,6,7,8,65,64
290,11101101011110000011100010000001000101001010011000111000100110011000001010000011010000011011010011110111010101001100101001101011,True,True,True,True,True,True,True,True,True,True,58,67,34,11,8,7,9,65,64
291,11111110100001100011000001000100100110001101101111111100001010100111101011000111111011100111010001101000110011000011101101010100,True,True,True,True,True,True,True,True,True,True,67,60,27,5,5,4,10,64,64
292,01111111011111110001000010010011110100101010100000100011001111011100101000011110111100111110011010001010110000110111110100011001,True,True,True,True,True,True,True,True,True,True,69,60,30,5,6,7,8,64,65
293,00100100000101111101111000010100010100100001001100011011011100110101010110010001001010011001000100010110110001011011111011110110,True,True,True,True,True,True,True,True,True,True,61,71,38,4,9,14,9,64,64
294,11000010110100010010101110011010010101100000100111001111000000011010000001010000100011011111011100111111101011111011001010110000,True,True,True,True,True,True,True,True,True,True,62,62,32,12,9,8,7,65,62
295,01001010101110010000000110011000010111110001011000001000101000000110100001011010111010100110001010100000101010111001010000110011,True,True,True,True,True,True,True,True,True,True,53,70,42,14,15,10,10,65,64
296,10001111010000011001111000001110011111011101000101011001001110111111100101000010110000100111001011100110111000101000001110110101,True,True,True,True,True,True,True,True,True,True,66,61,29,8,7,7,8,63,64
297,11100011100010100011111111011100001110111111000001100100111010110010000101111100101000000000000100011000111101110011111000010101,True,True,True,True,True,True,True,True,True,True,64,51,22,14,6,7,10,64,64
298,10011010110111000001010101101011011110000110010101101000010110001010010001100001001101011110101111001111111011101100001100101100,True,True,True,True,True,True,True,True,True,True,66,70,38,6,12,7,7,64,63
299,01110000111101111101010101001100011011010001110000111011100101001001110111111110110001110011110110010110110110010101111010110010,True,True,True,True,True,True,True,True,True,True,74,67,34,2,8,5,5,64,65
300,10011100100101011000111111101011101001010010011000111001011010111111010111111110110001010010100100100010001001011101100101010010,True,True,True,True,True,True,True,True,True,True,68,74,44,0,12,14,5,64,64
301,01010001000010000001000011001100111111011011001011101100000100011001110100101100000101011111011010011110011111100111001110101100,True,True,True,True,True,True,True,True,True,True,64,61,27,9,6,7,7,64,63
302,00010100111101000110000001011111111111110001011101110110001011111011100100011101000111100001110100100000110111011000110110000010,True,True,True,True,True,True,True,True,True,True,67,55,25,8,4,7,11,64,66
303,00100010000101011000100110110011010100110111010000110110010010100011111100110010010001000111000011011000011001001111111100110011,True,True,True,True,True,True,True,True,True,True,61,64,25,4,4,10,9,64,64
304,10111111111110100011011100100010111000101010101001010010111010010111110001000101001001011010111100100100011011111001000011101111,True,True,True,True,True,True,True,True,True,True,70,69,41,1,11,13,7,65,64
305,00010110100011001010100000010101000011110111101011001011100001010101111110011001001011001011001011101001000111101110001110101001,True,True,True,True,True,True,True,True,True,True,64,72,42,5,14,10,7,65,65
306,10110010111111010111101101100000110011010100110000110101101001010010011101011010001010000111011001111100110001111101011100110001,True,True,True,True,True,True,True,True,True,True,69,69,35,4,8,4,6,64,65
307,11000010000110101010011000001010100011011011101001011110110010010001111011111001111111000100000111000101001111000001010100101001,True,True,True,True,True,True,True,True,True,True,62,65,35,8,9,9,9,64,65
308,10001111100101001011011100001000111110000110001101001100000101101011100100111111101001100010100000001101111111001111101100001010,True,True,True,True,True,True,True,True,True,True,65,58,27,9,6,7,9,65,65
309,00100111111011001010000010010010111111010100110110010000101010111100010010110001101011100111100111100010111101011010010011000110,True,True,True,True,True,True,True,True,True,True,66,69,36,3,10,11,6,63,65
310,10100101110110100111100101011111111001101100111110000100111001110011010100011000000001010001101010010111001100010000001101101110,True,True,True,True,True,True,True,True,True,True,65,64,31,9,7,6,6,64,64
311,01110000100010111100101111011111111111101101100110110000000100111111001111000111010100001011001001010000011111001010111010001110,True,True,True,True,True,True,True,True,True,True,70,57,28,8,7,8,7,66,64
312,00111111011111011101001100110110000100111100000101010000000110001001010000101001101000010110101100001101011001000111010011000110,True,True,True,True,True,True,True,True,True,True,59,65,32,10,7,7,9,64,65
313,00001101001110100011001110101001011110111010101111010110011100001110111100011011010100011010000100011011000110000000111011111011,True,True,True,True,True,True,True,True,True,True,67,64,31,7,6,2,9,64,64
314,10001100101101000011010011011001110010100010000100111011000100001011110011110110001001111010100010000100001000010001011110110111,True,True,True,True,True,True,True,True,True,True,59,65,31,6,5,12,12,65,64
315,00100001110010000111001101000100101111111101011111111010100110110011000000110110110100011000000110010100010000000101011110011101,True,True,True,True,True,True,True,True,True,True,62,60,29,12,6,7,8,64,65
316,00001000111101100011111101111100000010000001010011101001011100010110101110101101101001011110101011001011001101111001000000010110,True,True,True,True,True,True,True,True,True,True,64,65,36,11,10,9,7,64,65
317,00110010110111001101001111000111011111000000000011111110011010111101100111001010010101111000100101011001100011101101010011110000,True,True,True,True,True,True,True,True,True,True,68,61,27,8,8,5,4,63,62
318,11100001111001010000100001011001010000011000100100100010000001110101110001110110101000101000000111010110010011001101111101111011,True,True,True,True,True,True,True,True,True,True,59,63,31,11,7,10,10,65,64
319,01011010000001010010100110011011001100000110001011100111101100100011111110111101010000101010100001010110001111100001110110100101,True,True,True,True,True,True,True,True,True,True,63,68,38,8,11,7,8,65,64
320,00111001000000110101011110010110111001110000010011001100011010111100011111010001000111000111100101110001101000001101001000101110,True,True,True,True,True,True,True,True,True,True,62,61,26,7,6,7,10,63,64
321,11000100000011111111111100010100011001010111110010011000100101000110100001000000010001101110000000110110111010000100001111100010,True,True,True,True,True,True,True,True,True,True,57,54,25,14,4,10,13,65,65
322,00001101101110010101011100010110000001111000011000010011000101111111000110111011000000111111101101110000001100111110010010000100,True,True,True,True,True,True,True,True,True,True,62,53,20,13,5,7,10,64,65
323,10001100010000101001010000111011110011100110101111101011100100000100010101001100000010111101111101111111111101100001001000001011,True,True,True,True,True,True,True,True,True,True,65,59,31,10,8,10,9,64,65
324,01000101101010101100000100111000101010001010010101010000011100001001111111100011011111101101001001001110001011010100010000010010,True,True,True,True,True,True,True,True,True,True,58,71,44,7,12,12,10,66,64
325,11100111011010110101001101001101110110000001011001011010000101101110000100101100101001111110111000001010100100100100100011010101,True,True,True,True,True,True,True,True,True,True,63,75,43,7,11,11,5,66,64
326,00000100110100011010101101100010000100111001100101101111111001111001001011101111001111111110000110101110111111010100100010001100,True,True,True,True,True,True,True,True,True,True,69,61,28,4,6,8,7,65,64
327,00011110010010000100011001011011011010111100111001111010111000000011101001011000011000100100110111010010111101101001101000111100,True,True,True,True,True,True,True,True,True,True,64,65,29,6,5,8,7,65,63
328,01110101001111100101110001010000101111001111111011110000000111100010011110111110011011100110010000101100101111100011111011110000,True,True,True,True,True,True,True,True,True,True,72,53,22,7,6,7,6,64,62
329,11000101110001100010100011101110110010010011010101110010110001110100000100000011100001010101111101000100111011111110110111011010,True,True,True,True,True,True,True,True,True,True,66,66,35,6,8,8,9,65,64
330,11000001111011111011010111111000100000110111010100110010010011110000101100110000011000110010110000011010110111100100111001001001,True,True,True,True,True,True,True,True,True,True,64,61,25,9,5,8,7,64,65
331,00011100001000001011100001011000101010001011110111010100001010100001011000110100001110011101101110010000010110111101100111011110,True,True,True,True,True,True,True,True,True,True,61,65,35,9,10,9,11,65,64
332,01101001111111011011000001001011111010011100110111101110000101101011101110111101010010101111011000100111001111100010000101110011,True,True,True,True,True,True,True,True,True,True,74,64,32,4,7,7,5,62,65
333,01110011110011000100101000101101101001101001011100000101001011001110011110011010101001101100111100010000101011000010100101011110,True,True,True,True,True,True,True,True,True,True,63,73,39,4,12,10,6,64,64
334,11010101110111010100000110111101101011000000110011111000111111010100010111010100101000001100110110000101101011000001100101010001,True,True,True,True,True,True,True,True,True,True,64,69,40,10,12,4,8,63,65
335,11110011100011001000010110111101110000111101001011010100010010110011000010100111101000001001101101001101100100010011111110000010,True,True,True,True,True,True,True,True,True,True,63,64,30,7,5,10,8,64,66
336,10000101010101110111011100011100001010101101110011001100010011110010101111111010101101111000111110010000010111000000101101100101,True,True,True,True,True,True,True,True,True,True,68,67,38,7,14,8,7,65,64
337,00001010101100111011001011100101101100101011010000011110001000001011110011000011011011111000000101101011110001010011100100010010,True,True,True,True,True,True,True,True,True,True,61,67,35,9,11,11,8,64,64
338,00110010111011000010101111001100000101011000000111010010010001111100101101100101100101011000001111110100100011010111001010000011,True,True,True,True,True,True,True,True,True,True,61,66,33,10,11,10,7,64,66
339,10110100111100111001110101010100101110001100000111011111101000100110001011101000001010000101011011111001000010100010101110000001,True,True,True,True,True,True,True,True,True,True,62,67,39,9,11,8,9,64,67
340,11111111001111101011011001111010101110000101011000110101111010000010011010111110101000100110011000110110011001011001101010001110,True,True,True,True,True,True,True,True,True,True,71,68,35,3,10,4,6,63,64
341,01001001100101000001101011100011000100110100100101111010111111111000110110001110101110011101001100101100111101110010110001000111,True,True,True,True,True,True,True,True,True,True,68,66,30,2,7,8,7,65,64
342,01010101000000011100000000010010001010100111001010001000010010110011111000001001000011110000101010110001001010011100011101110000,True,True,True,True,True,True,True,True,True,True,50,63,35,16,11,12,10,62,62
343,01100000101010011100100111000100100111010110011000000100010101001101101101001111100000110010111101100100000010100011000100011011,True,True,True,True,True,True,True,True,True,True,57,66,31,10,7,10,9,64,64
344,11011000100101000110111011001010001101000011011110111111001101011010100101000001110001000000110001101001100101110110000010001111,True,True,True,True,True,True,True,True,True,True,62,65,31,8,6,7,10,66,64
345,11101101110101000000110110001011010110000101110010011100100100110000011100111100110000001111011000010110000011100011011000101101,True,True,True,True,True,True,True,True,True,True,61,61,25,12,6,7,9,63,65
346,11111111110011101100110000001101001100010100111111100101111001001100111110100000000100100100011111100010011011001110111010110110,True,True,True,True,True,True,True,True,True,True,70,56,22,8,3,7,5,64,64
347,10001000111000101000010010111001011110000011010100000111101111000101110110111010001101000000100000111001011011000110110011110111,True,True,True,True,True,True,True,True,True,True,62,61,29,10,6,8,11,64,64
348,01101011001010011111001011111100101001110111010011011001000100010110110111011110000100001111011001111010011011110001101111100010,True,True,True,True,True,True,True,True,True,True,72,65,31,2,5,8,6,66,65
349,01001111111100101101001001000001101100101011100111010001101110000011100100111110001001001111100101110100011010001110101100011011,True,True,True,True,True,True,True,True,True,True,67,64,29,4,5,8,7,62,64
350,00101100100111000000111011100010010001100010001100010001111100001110101111110111101001111011011100101100010110101000100010101101,True,True,True,True,True,True,True,True,True,True,64,64,31,4,7,10,11,62,65
351,11011100011010001111000101010111001011110000010010110101111010100010110101111100111100101010001011100110100000001101000011000111,True,True,True,True,True,True,True,True,True,True,65,67,37,7,12,7,9,64,65
352,00000101000000101011011001000100000101110011111001100111000011000100001011010101111001101111100001001111110011111011111011001010,True,True,True,True,True,True,True,True,True,True,64,59,28,10,8,9,8,65,64
353,10000100001001001101010100000000111110010110001011000100111110000010010110010000010001001101110001111100100011100110101010111100,True,True,True,True,True,True,True,True,True,True,56,62,30,11,8,12,10,64,63
354,11010011000111001001000110101101110110110011001011010001001100011011000011100110110001011001011001000101110101100011000101010001,True,True,True,True,True,True,True,True,True,True,62,73,33,1,8,9,10,65,65
355,11101000101001000111000011011111011110011001010010110101101010010101011010010100101000100100001011001110110000101100111111011000,True,True,True,True,True,True,True,True,True,True,64,74,42,3,12,11,6,64,63
356,01011110001001001101101111010000100010000101101100111011100000010110101110110001111011011110111011100110010011110111010001011111,True,True,True,True,True,True,True,True,True,True,71,64,31,5,5,8,7,63,64
357,11111100011011001011011111001000101010001010011111101001000100010110000110101101010101001011110011010001001000010001111111111001,True,True,True,True,True,True,True,True,True,True,67,67,38,2,10,11,9,63,65
358,01000111011010011100100100010000111001011110011111010011010011101101100100000000111001000111100010111000011100000000111101110001,True,True,True,True,True,True,True,True,True,True,61,56,22,12,2,7,9,65,66
359,01110110110101110100001001011100110100100000110111110111010110000100001000011111111011111011110011111111101001101001110010010011,True,True,True,True,True,True,True,True,True,True,73,60,29,6,3,7,5,64,65
360,01100000100000110100011110011000110011101011000011010111111101010110000101010100000000011111000110010111101111100100110111011010,True,True,True,True,True,True,True,True,True,True,64,61,31,12,8,4,8,64,64
361,10110000100011001101101011011111001101001100010000010011010110010011001100111100000000101111010100001001110011011110001000111011,True,True,True,True,True,True,True,True,True,True,62,63,26,9,4,7,8,63,64
362,01011010011111000000010001101001000111101110111110000011100110011101101000010011001100101000100010110011010111101110111000100101,True,True,True,True,True,True,True,True,True,True,64,64,30,7,5,8,8,65,65
363,11001101010101110000110011000101101011110010100100101010100111101011001100011100001110011000110011110000110101010001000001101111,True,True,True,True,True,True,True,True,True,True,64,69,34,5,12,5,8,63,64
364,00111100100011100011100011100011001010010110111111011011011101100110010101000111110100001001101111000101001010000001010011110011,True,True,True,True,True,True,True,True,True,True,66,64,29,4,7,8,8,64,65
365,00101101000101010001110110100110100110111010001111111011001010001001101000010000100001111001011100101101001110011111110101000011,False,True,True,True,True,True,True,True,False,True,65,68,36,4,7,8,8,67,66
366,11001001001011000101000011001011111001100010010010101001010110101100001010111001111001001000011001000011011001111111100010111100,True,True,True,True,True,True,True,True,True,True,62,68,33,4,11,14,7,64,63
367,01000010101000001111100111111110100010011111001111101010001111110111011100010010001000000101101101000111001111101011111000100010,True,True,True,True,True,True,True,True,True,True,68,57,30,6,5,8,10,66,64
368,01100011111000110010100011111111111101111111100011110000101111000110111100110111010101111101011101001001000101101001110011010001,True,True,True,True,True,True,True,True,True,True,76,58,28,1,6,5,8,63,66
369,01011000000010011000001011111001101000111011101101011111110001110110011100001010010000100000010001011000011011011111101001110000,True,True,True,True,True,True,True,True,True,True,61,57,26,13,5,7,9,64,62
370,00101010000001010000100101100010110110110001011010000001010000100110110011000010010000011010110100010100100000001110100001010010,False,True,True,True,True,True,True,True,False,True,47,71,42,16,10,14,11,67,64
371,11001000101110110010110110100100010010011110110010100010111100111111100100011111000100001001010101000111100001011010011001111000,True,True,True,True,True,True,True,True,True,True,64,66,32,2,8,13,8,64,63
372,00001011011010110110001100110101101001111110100111000111011011110100001101111000111010010101101001000100111010100111110111000000,True,True,True,True,True,True,True,True,True,True,68,67,34,5,6,4,6,64,61
373,00110011101001011101110100101110110010001000010000010001101011111111101000110011100011110100011010010011111010000010111011011011,True,True,True,True,True,True,True,True,True,True,67,64,31,5,4,8,8,65,64
374,11000011001001110011010101100010001110101011011110100001000101010011000110011000100111000000011011000010001110011000011100000010,True,True,True,True,True,True,True,True,True,True,55,62,26,11,6,7,12,64,66
375,00111110001111101001010110000100110010001110010100110110100101001111000010110111110110011010011100011011000100111100101010101110,True,True,True,True,True,True,True,True,True,True,67,69,34,2,9,8,6,64,64
376,11101000101100011111100001100100100101000101101101010011111001010001001010111000100100010101101000010100101111010110011011111001,True,True,True,True,True,True,True,True,True,True,64,73,42,2,12,13,8,64,65
377,11101100000001001010110001010100000100001000011101000110110000110011110000011001100100111101000011000100011101001010010000011111,True,True,True,True,True,True,True,True,True,True,54,59,26,14,5,9,12,64,64
378,00101001100110101101010101001000011100000111001111110001000111101100111110111100100000100000000000100000100111000011110100000000,True,True,True,True,True,True,True,True,True,True,54,53,24,21,5,7,8,65,60
379,11100110110000010011111001110100110000010111000011101010110111010001000111010010101001011001101000111111101111100101110110111110,False,True,True,True,True,True,True,True,False,True,71,64,32,5,7,6,6,68,64
380,01111110011001100011101000111101111011110000101101111000110100001011110101110001001111010111010000001100111101011011100111010011,True,True,True,True,True,True,True,True,True,True,73,60,27,5,5,3,7,64,64
381,01000100010011001000110110100110011011000100101110001101011111010001000011011011100100100001101100111010110011111011011111111000,True,True,True,True,True,True,True,True,True,True,66,65,28,2,3,8,8,64,63
382,11101011001111010100100001101101101101010110110111101001000110010101001101001000011010111111011100000101000110100110100010011101,True,True,True,True,True,True,True,True,True,True,67,75,43,4,8,6,6,65,65
383,00001010100010001110101010010100011101101011100110010010000110001101100101110111101111000101010110101100011101101100110100011000,True,True,True,True,True,True,True,True,True,True,63,73,39,2,11,7,9,65,64
384,10101111101010111110001001010110111111110001010101001100100001000010111101000011111010001111111100011101111111100000100000110111,True,True,True,True,True,True,True,True,True,True,72,57,33,7,9,7,9,64,64
385,10110011110110010101100100011010011011100000001110010111010010000100110010010110110110001111100110110010111001000001001000100001,True,True,True,True,True,True,True,True,True,True,60,67,30,8,5,12,7,65,65
386,01111100000000111001010100101011011110011110001011001111001110100011001111101010110010001101000100110101011000111001111010100100,True,True,True,True,True,True,True,True,True,True,66,67,34,5,10,6,6,66,64
387,10100101011110111101011011010010000111011101110001001010000100010101001011010001101101100000111001110001100001100001010010111001,True,True,True,True,True,True,True,True,True,True,62,71,39,6,9,9,9,63,65
388,01001101100000010110110000001100100001000010010100100010010000110101110010101001011011010010011011010101110010110000111101001111,True,True,True,True,True,True,True,True,True,True,57,72,39,10,9,12,7,65,64
389,11110011001010111110111011101100001000011001100001000101010101010111111010010001010000100100001000110010101011101010000111010011,True,True,True,True,True,True,True,True,True,True,62,71,42,6,13,10,9,64,65
390,01010110010010011111010101110101100010001011010000110110111100011101011010110100110100011100011111111010110010110110101001001001,True,True,True,True,True,True,True,True,True,True,69,76,45,1,11,7,6,66,65
391,10110011000010111100101000111111011111110000101010000100001000001011111011011111010111000101111111001110010110011101110011111010,True,True,True,True,True,True,True,True,True,True,73,58,30,6,8,8,7,64,64
392,11000110011101100100111000111110101001011111100000010111111101011010100100010100100110000100001011101000101111010000011100010001,True,True,True,True,True,True,True,True,True,True,63,63,33,7,8,10,10,63,65
393,10110010010000110110011001010110100010111011101001010100000001100111011000101010001011000000010011001011010000011101001000111010,True,True,True,True,True,True,True,True,True,True,56,72,40,11,9,10,8,64,64
394,11101000011100000111011000000110111010001000000101011001101100101001011000111100101110010111011011101001000111011001000001000010,True,True,True,True,True,True,True,True,True,True,59,64,31,12,6,10,9,64,64
395,01100001111111111101001110111100001011101110110000100010100101010010101000111011000111111010010001110010011010001111101111111010,True,True,True,True,True,True,True,True,True,True,72,61,33,3,6,7,8,62,64
396,01110101010110111111011111010110010010000100100110001101011111001010111101101011101001111101010001000111101111110000001001001110,True,True,True,True,True,True,True,True,True,True,72,67,39,4,9,8,5,65,64
397,01010000001001011111011100010011011010001011101100011011000010010001110000111111001100011111110001110001001011000011000100110100,True,True,True,True,True,True,True,True,True,True,61,59,24,6,4,9,12,63,63
398,00010010011101001000110111000101100011100110011011100011011001100110010101010011001101001001101010101011111000111110011011001110,True,True,True,True,True,True,True,True,True,True,66,71,31,0,8,6,6,64,64
399,01110000111111000100111011010111000111111011110101010101110110111101100000101111010100101101001110110001001010010110100110001111,True,True,True,True,True,True,True,True,True,True,73,68,38,3,10,6,6,65,64
400,00010001001111101100000100111010111001001010010000011101010011100110110111010111110001100001111010000010110001001000000010000010,True,True,True,True,True,True,True,True,True,True,56,61,30,13,5,11,10,65,64
401,01011101001010000110101111100000000100011111111000000000000111100000110010011111100011011011100011111110010101010101110011000001,True,True,True,True,True,True,True,True,True,True,62,52,26,19,8,4,8,64,66
402,00010101101001100010101111111110000101000011110010011100010011011110011100000011000110000111100100101010101011001100111101101001,True,True,True,True,True,True,True,True,True,True,64,64,31,6,10,7,8,64,65
403,01101001000101111010110001010000100001011001110011111111001000101111101110111101010001001001010001101100000011100111111111101110,True,True,True,True,True,True,True,True,True,True,69,61,32,5,7,10,8,64,64
404,11101111100010010001110000001001100111111110111010010010110001000011100101101000100001111111101101100110000001110111111001100110,True,True,True,True,True,True,True,True,True,True,68,54,20,8,2,8,8,64,64
405,00110101111010111100101001001000101110010000101011000001111110011100010010111100001100011010001010111100101011111101101010110101,True,True,True,True,True,True,True,True,True,True,67,70,41,4,14,10,7,64,64
406,01101110100101010010101111111011110101100000000100011010010100010010111100000101001011011110111101101100000011010001100000010011,True,True,True,True,True,True,True,True,True,True,62,66,38,13,9,9,7,64,65
407,10001101001011011010110000111011011100111000100111001001111101100111111111110100001101010101101000000100010100011010010000000011,True,True,True,True,True,True,True,True,True,True,64,63,32,10,6,6,8,64,67
408,01010110111010111001001100100010000001001100111100101100000100110101111011111011010001001110100111010100111011101010110001100010,True,True,True,True,True,True,True,True,True,True,65,71,38,5,8,8,6,65,64
409,11101100010100000001000110000000000110010011100110110101111001000110000000010111011010111000110010111110010001001101011100000011,True,True,True,True,True,True,True,True,True,True,56,57,24,19,6,8,9,66,67
410,10000001110110111011001100100101101011010010001111011001011011111110101000001100011011001111100000110111010010001101100100100000,True,True,True,True,True,True,True,True,True,True,64,64,29,9,4,7,6,64,62
411,11101110010101110100111110000100010000010100000101110111110000101010100001110111010010001100110011110011010001000010010101110111,True,True,True,True,True,True,True,True,True,True,63,65,35,8,9,10,9,66,64
412,11001111100000000011010000101011001000010100010010110000100011001110110001010010101110001111100010101100100101100010111111011001,True,True,True,True,True,True,True,True,True,True,59,65,33,9,11,12,10,64,65
413,10101101011100010110011001111100001111011100001011100111011010110100001001000101100011011001110000100000011100000110111001100010,True,True,True,True,True,True,True,True,True,True,62,62,27,9,6,7,10,65,65
414,10101011000101001010100010100100100101101100101111100010001001011100111110010000101000110101101011011011100101100101111001011000,True,True,True,True,True,True,True,True,True,True,63,78,46,1,15,15,6,66,63
415,00000001010011111000000100011001111001001111110101011100001000001100011011101000011101101010011110111011001111110111011100011111,True,True,True,True,True,True,True,True,True,True,68,54,23,11,4,4,8,64,64
416,10101111010010100010011000101011010101011010001001111110111000000010110101111100010101001111110000110010000001000101100101011000,True,True,True,True,True,True,True,True,True,True,61,70,43,8,14,10,8,65,63
417,11110110111100010011110001110100000010110000110101111000111101001000111000101110111000000111010111001011111101111110011100011011,True,True,True,True,True,True,True,True,True,True,72,55,23,7,5,5,9,64,64
418,00000011001011000010000101000101010000101001101111011001101110010110001000001001110101111110001111011100100101011101000011110110,True,True,True,True,True,True,True,True,True,True,61,65,34,9,9,10,9,65,64
419,00111010111001010011011011111001100100010101011010011101001000011001000001111110110110001010110101110101110100010000000111001000,True,True,True,True,True,True,True,True,True,True,63,69,37,7,9,8,6,64,63
420,00110101000011111011000010111000101111011001010111100101001001001100111111001000001010001001010000000000011010110111010010000101,True,True,True,True,True,True,True,True,True,True,58,66,37,13,10,12,7,66,65
421,11010110111111110100111010010010110101001001001001101010100100011001000100011011011100000010110001100010110111111011011011111000,True,True,True,True,True,True,True,True,True,True,67,70,37,3,7,10,6,65,63
422,01100000110101101110110100011110001101001001100001010111100100010101100100000101101100101101001010001111111111010101110110011010,True,True,True,True,True,True,True,True,True,True,66,71,40,5,10,8,7,65,64
423,10110000111001110011101101000011001010110111111010000001011111010001011111100101100011001101010100001100100110010011111101110010,True,True,True,True,True,True,True,True,True,True,68,64,31,6,7,7,6,64,65
424,01001011110000001100000011010001011101111101010110001101111001001101101011110010001000110001101110000100101010101110101010001111,True,True,True,True,True,True,True,True,True,True,64,68,38,7,11,7,9,64,64
425,01001100100100111110010000111000011010100111000101011010000011110011000111100001101010000110101101100101101110101001000100011111,True,True,True,True,True,True,True,True,True,True,62,66,32,6,7,7,9,63,64
426,00010001101011010111111100000010010010000010000100111101110111101010101011010001110001100001111100001001001111010111001000111111,True,True,True,True,True,True,True,True,True,True,64,60,31,8,7,9,10,64,64
427,01010000110111011101000111111111111100010111001011110001110000100010001010011000101101011010010001101100110011010010110110110010,True,True,True,True,True,True,True,True,True,True,67,67,34,2,7,9,9,65,65
428,10101111101000111011000101101001010011011100111010111100001110111001100001111100100100001011100000110110001101001010010001001010,True,True,True,True,True,True,True,True,True,True,64,68,35,5,7,9,8,64,64
429,01100001011011011000110010001100100001110000101000001111100001111110000001111110110011011100110101110111111011110000111111100111,True,True,True,True,True,True,True,True,True,True,70,50,17,10,3,4,9,64,64
430,11100101110101000011000010100111011111011111100011100110101001110110100001100101011100011111100001010001110101110001110000110011,True,True,True,True,True,True,True,True,True,True,69,61,28,5,8,4,9,63,64
431,01011000001001000011101011000010100011000110111111011111010110110011111110110101100010100011001010011011010000100111110111011011,True,True,True,True,True,True,True,True,True,True,69,66,34,5,7,6,8,64,64
432,11010100001010110100111001111101111000001010001001100100010011011100100000111011001100100101010101000010010000100001011100011101,True,True,True,True,True,True,True,True,True,True,58,69,37,8,9,12,9,65,64
433,10000000110000010011101111111110011100111100010111000000000110001010111001010001111101101100000000001111110101101110011000000100,True,True,True,True,True,True,True,True,True,True,60,48,19,22,5,5,8,66,66
434,00000101011001110110110111011111110100101110001100111101011100111000010100111011110010011100000100001111100001101100101100000011,True,True,True,True,True,True,True,True,True,True,67,58,24,10,6,6,7,64,67
435,01011101000010011010000110110100101111000010100100100001000001101100000100011111111011110111010011110111010110010000001000010111,True,True,True,True,True,True,True,True,True,True,61,62,33,12,5,10,9,65,64
436,10101100010001111011110001101010010100101100001010011010110001110110100001111100101010001110011101100101011001110110011110000001,True,True,True,True,True,True,True,True,True,True,65,69,36,5,10,6,8,64,67
437,11000111111110010010011110111010010000111011001111000100100101100001001010100111011010000100111111110110110101001111110111001011,True,True,True,True,True,True,True,True,True,True,72,63,30,3,5,10,5,63,64
438,00011010011111110111110010010110011111011110001111101101111111001010010110000111111011111001111001111100010101111001110110011001,True,True,True,True,True,True,True,True,True,True,81,54,21,1,5,5,4,65,65
439,01100010110111101111000101011001001100101010000000001010111101010100100010110000110111100100001111000110011010110100001000110111,True,True,True,True,True,True,True,True,True,True,61,68,37,9,11,9,9,63,64
440,10110100111001000011011000110111101101111011011011101001111001110000000011000010011010010111000000001110111001000111001101010001,True,True,True,True,True,True,True,True,True,True,64,61,26,12,2,4,7,65,66
441,01111000010010100011001000100011011100000100111000101101000101101000011110100111010011111010111101100001001011001000111000001000,True,True,True,True,True,True,True,True,True,True,58,63,30,7,5,11,11,64,65
442,00111111100010000111001110011011100111100101100111010110010001110000111011010011111001000011101001110101001001110110001110110101,True,True,True,True,True,True,True,True,True,True,70,62,25,3,4,5,6,64,64
443,00010001101010111000111001000000010011010010011111010111101010110000011000001101110001001110110001101111001100111001000111111111,True,True,True,True,True,True,True,True,True,True,65,58,24,8,5,6,9,63,64
444,00110101001000011000101010111100100011110111100100000001010100111111110110100011011101110110111110001110100001100100001101110001,True,True,True,True,True,True,True,True,True,True,66,62,31,7,6,6,9,65,66
445,00110010001101011000001001001001000110000010011010111111111111010011100100011011100010100111101111100001111110101010100100001010,True,True,True,True,True,True,True,True,True,True,64,63,33,6,7,10,8,65,64
446,10101101010111111101001111111110100100001000100111111010100100111001010011100101100100011110000101001001101100010010100111110101,True,True,True,True,True,True,True,True,True,True,69,69,40,2,9,11,5,65,64
447,10001110100111010010001000000001110010110100100001000001001011110011110101101100110100001001111100100010100000010010001001101001,True,True,True,True,True,True,True,True,True,True,54,65,33,12,4,13,9,63,65
448,01000011010100100000010010101000000010101101111011011101010100010111100001110111000111010011011110011110001111111110100001111101,False,True,True,True,True,True,True,True,False,True,67,62,36,10,8,5,8,67,65
449,01101011110001001011010010111011100011101111011111101000100000011111001010001011011010001100110000100101011100000110100001100110,True,True,True,True,True,True,True,True,True,True,64,65,33,7,7,8,9,65,64
450,10101011110111010000101010100110010111101110010100101101010100111101100100101011001100111110111110100110100110110111111101100101,True,True,True,True,True,True,True,True,True,True,75,77,47,1,13,7,1,64,64
451,01111010111110101101111101011101101111100101100111101001100011001101101011101010001010101011110100011110100111110100111101011001,True,True,True,True,True,True,True,True,True,True,79,72,43,0,11,2,3,64,65
452,10001100000010110110111001011010110100001011000010010010001101000010101000100100101011001111110110011100100010000100010000110000,True,True,True,True,True,True,True,True,True,True,53,68,35,9,8,14,11,63,64
453,01000001001110110110110111100110111111011001010101011111110100011111011111101110101010110000010100010101101110100110010010001001,True,True,True,True,True,True,True,True,True,True,72,70,42,4,10,7,5,65,64
454,01101111000010100010101010111000001111001111011110101101111101000010101100101110101100101010010110111010010100010100100001110001,True,True,True,True,True,True,True,True,True,True,66,74,47,5,15,9,7,64,65
455,10100110010111100111011001001100111000110001111010011001001001011010000000101111000011101001110011101001000111001111011001001111,True,True,True,True,True,True,True,True,True,True,66,63,24,5,3,8,5,64,64
456,00000001111101110100111001001100111000100100011111011010110011000000111111111101101010101110000010111010100001100100101111000110,True,True,True,True,True,True,True,True,True,True,66,59,28,10,7,6,7,64,65
457,01111101111001101010111110101111100101010100110110010000011101001011011111100110010110110000100010000001011001011010000001010000,True,True,True,True,True,True,True,True,True,True,64,67,38,10,11,9,5,63,64
458,01011010110111000001001110101001100100001101011111111110010010101100111111111011100100100101111010001011001101110110000011101011,True,True,True,True,True,True,True,True,True,True,72,66,35,5,9,8,4,64,64
459,01110000101001111101111101011110010000111011101101010001111101101100111101000011110010101101001000000010010010001100000111000111,True,True,True,True,True,True,True,True,True,True,66,60,29,9,5,7,8,64,64
460,01011100001101110001111111011110100010000011110111110101010011111101110001010110000100100111000110100111111011110001011110100100,True,True,True,True,True,True,True,True,True,True,72,59,30,4,6,6,8,64,64
461,00100010101010101101011110010001100011100010101100110001000000100001001100001110110000101010010101100001000000011011001011101111,True,True,True,True,True,True,True,True,True,True,55,68,37,11,13,11,11,63,64
462,11000110001111000111011111110001100110001110110101100001000001001111011011001010001000100101111011001101111110100101001101000110,True,True,True,True,True,True,True,True,True,True,67,62,26,3,4,7,10,66,65
463,11010001010011100011010111000010010101110110100000101011010110001101111011001000101010111101000010100000110001101110100111000111,True,True,True,True,True,True,True,True,True,True,63,71,40,6,11,7,10,65,65
464,11111100110000111011010100001101000001010110110110011100001000011011010100100001101110111110100101011000101010000000100111000011,True,True,True,True,True,True,True,True,True,True,61,65,34,12,8,6,9,64,65
465,11001001001011101000001010000000011110010110011010000000101111010110100110001110011100101111100000010010010101011100010000000101,True,True,True,True,True,True,True,True,True,True,55,63,34,18,10,12,7,64,65
466,11100000001100011001011011100011010111101110001111010101000001000010100010100011010110000011010110000000010110010110011000100001,True,True,True,True,True,True,True,True,True,True,55,63,32,15,10,7,12,63,65
467,01111010010110000010100101101100100100010011111011001100010110000101100001011100010010011110111111010110100010101111001001101100,True,True,True,True,True,True,True,True,True,True,64,69,35,4,9,13,7,64,63
468,01110010100000110000010110000010000000010100110111010101001101100110001011011110111111110000000100010000110000101011011100001101,True,True,True,True,True,True,True,True,True,True,56,60,31,18,8,8,10,65,65
469,11000000111101010101101110101010011011100101010011010101101111111100001100111101111110001100101001110000001011100010011001000101,True,True,True,True,True,True,True,True,True,True,68,67,37,7,12,6,6,65,64
470,11011000110010000110001110001011001111010100010100110100011101110000110001101101101101101111000001101001010100001101111110111000,True,True,True,True,True,True,True,True,True,True,65,64,28,5,5,4,10,63,63
471,00100010100111100110000111000111010001001000010111010001010101110111101111100100011001010111000000100011110111100000100110000010,False,True,True,True,True,True,True,True,False,True,59,61,30,9,7,11,11,67,66
472,11000010010101101100001011000101100011010101001010110100001010000010000001110001100100011111011111001111000111011100010000001101,True,True,True,True,True,True,True,True,True,True,58,63,32,11,9,9,12,63,64
473,00100011100100111000011001100000011110110000010001000110100011010000111111100010000101110110100000010111010111111111011100000010,True,True,True,True,True,True,True,True,True,True,59,53,23,14,3,8,12,65,67
474,11010111010011010010100000111010000101001100101100000101001011100100011111100110000101011111111110100111010001000010010110111000,True,True,True,True,True,True,True,True,True,True,63,66,36,7,9,10,7,64,63
475,10100111100110110011011101011101010110001010000100100100101011100000000001000001010001100111111110001010111011101011111001101101,True,True,True,True,True,True,True,True,True,True,65,67,38,10,10,8,6,64,65
476,11010111010101100111110101010000010000111101000100010001001001100100000001101100110001000111111010000000111000101011001010001101,True,True,True,True,True,True,True,True,True,True,57,65,35,11,8,9,11,64,64
477,11001111001100000000001010011000111011010100101100100000010101110011101110001011010011010100110110111000001000111001110000001101,True,True,True,True,True,True,True,True,True,True,59,63,29,15,7,6,7,64,66
478,00100011011010001011101011010010011110001010101111001011011000010100010101001101110110000011100100011110010101011110011111000000,True,True,True,True,True,True,True,True,True,True,63,69,38,6,12,9,7,65,61
479,00100111000011000110100010100011100001001110111000011001100110100011100111110011101101111000001111100100100011000111000111010001,True,True,True,True,True,True,True,True,True,True,62,56,17,5,1,5,12,64,66
480,11011010111011010011101001101100100010110111001001011111011011001101010011100100011111000001000111001110011001111000010011101000,True,True,True,True,True,True,True,True,True,True,68,66,28,3,4,7,5,61,63
481,01000010010100000101110111000010011000010111010001110011010010010001000111010000000110000011110111011111110001110111011011010010,True,True,True,True,True,True,True,True,True,True,60,61,30,11,3,9,10,64,64
482,11001111010010111000101011011111100110111011111001001001010100100110010001111001001111011110110011011010101001110011001110101011,True,True,True,True,True,True,True,True,True,True,74,71,35,0,9,8,2,64,64
483,10101101010111101111000000101011011010001010110111101110100011110001001101110011100001100100100011100011011101000011110110110100,True,True,True,True,True,True,True,True,True,True,68,68,36,5,7,5,8,66,64
484,10100000110010110110111100100100001111101011100110111000001011000101010110010100010001011101010111111100111111010000001111010110,True,True,True,True,True,True,True,True,True,True,67,66,38,8,11,8,7,64,64
485,01100001110010110011001111010100100110001001100110001110010111010000010010111111010111011100011011011110001010100000101010000101,True,True,True,True,True,True,True,True,True,True,63,68,35,6,10,9,8,64,65
486,11000010101100101010010000101111110011010001101100110011000111000110000001111100000101101110111101100001001111100000100001011001,True,True,True,True,True,True,True,True,True,True,61,59,25,11,7,8,10,66,65
487,11100101100001110011000111001010001110100100011001011000100110111101110110110110001101001110101011110111111110001101111111101111,True,True,True,True,True,True,True,True,True,True,76,61,26,1,5,5,7,64,64
488,01001010001111110001010011101000110001011110000000000111100110011110110000000010010001010101000111000110101000001111111110010100,True,True,True,True,True,True,True,True,True,True,58,57,29,14,8,7,10,64,63
489,10011111111010011101010101011010110000011111000011111000100101111110100010001011101011110111110011010000010000010111010010001001,True,True,True,True,True,True,True,True,True,True,68,63,37,7,9,8,8,65,64
490,01101011101110111000011110000101101001000011011111111100111010101110010100101100011101011011111000101110101010110001101011011111,True,True,True,True,True,True,True,True,True,True,75,68,39,3,12,5,6,64,64
491,10100110000111001101000110101111001100001111100001100010100101001100010000000001110010001111000110111111101110101101101110111111,True,True,True,True,True,True,True,True,True,True,67,57,24,9,4,4,9,65,64
492,01100101100000011000000111101111000010101100011001011100000100000100011011101010011010010010111000100001101100100001110000110111,True,True,True,True,True,True,True,True,True,True,56,60,26,14,6,9,11,64,64
493,01100000001010100001011110100101111010111001010110000101011000011110101100010111110001110011101111011111001001010000010111110001,True,True,True,True,True,True,True,True,True,True,66,64,37,9,13,9,8,65,66
494,11100111000000011000100010101111110111110011010100000001101101011000110000111100111011110111011100110010001100000110010000011111,True,True,True,True,True,True,True,True,True,True,65,53,19,13,4,4,9,65,65
495,00101101101010110101001100000011111000111000110010011000101011100101011011100110001100011011000100110000010001000011100011110110,True,True,True,True,True,True,True,True,True,True,60,65,28,6,8,7,11,66,64
496,00111000101000101110011100001111000111110111011101100100101111101101101111110111111110001101011110101101010100100100010110001010,True,True,True,True,True,True,True,True,True,True,74,65,35,1,9,8,7,64,64
497,00111000110000111000000010001001101111100101111111101101101110110111111101000111110010000101100011110111011011111011011001010100,True,True,True,True,True,True,True,True,True,True,73,57,25,6,4,6,7,65,64
498,10111001110100010010100001110101111101010111011011011010111101001110101110101000101001100110111000000111000100111111110110001010,True,True,True,True,True,True,True,True,True,True,71,70,41,4,9,5,6,63,64
499,01010000111000001010001000001010010101000100101100010011010101111101000010011111100011100011011000001000010001011011010100110101,True,True,True,True,True,True,True,True,True,True,55,70,42,9,11,11,12,63,65
500,01110101101100111011110010100110001100100010011110101000111001000000101001011000001000010101010001111000101001000010011111110111,True,True,True,True,True,True,True,True,True,True,61,66,35,7,9,11,9,64,64
501,11010011000001000001110011100010001101000111111101110011010010100111111011011101011110111011011011101110100010011111100011000001,True,True,True,True,True,True,True,True,True,True,71,59,26,6,2,4,8,64,66
502,00010111001100010110101010000111110010110010101111001010011001011110101010010111011101110010001110101111110010000010110001001110,True,True,True,True,True,True,True,True,True,True,67,71,40,3,14,11,6,65,64
503,11001011011110101011111011110101000111100101100100100100111110111110100000111001010110110111010110111111101110110101101110101111,True,True,True,True,True,True,True,True,True,True,81,69,40,2,10,6,2,63,64
504,11011100111001011111001000111011110110110000001001001000110111000000100000001011100011000011101100011110100010110100110010101110,True,True,True,True,True,True,True,True,True,True,62,60,26,11,5,9,9,63,64
505,10001000000000110100110110100101010011000010011101100110111000000010100100101100011111010010000111101111111101111110110100101001,True,True,True,True,True,True,True,True,True,True,63,63,33,12,5,8,6,64,65
506,01101101110110010001110010100110101100111111001110001111111000001000010001000101000111101111111000001110111111010011111100010000,True,True,True,True,True,True,True,True,True,True,69,53,22,6,3,7,9,64,64
507,10000111001111100111001111001100000000110110111001011011110101011010101010001100110000110011011001001010011100011001100000110110,True,True,True,True,True,True,True,True,True,True,64,64,26,9,7,3,6,66,64
508,01101011100100001100001110101110111100100110000101010101110000011010001011010011101101111100101101101000100100111000001001101001,True,True,True,True,True,True,True,True,True,True,63,70,37,7,8,8,7,66,65
509,01011001011111011111000010100000101000001110110101010010011000110001110011010000011101100101000110101111100011011110110110011011,True,True,True,True,True,True,True,True,True,True,66,66,33,7,8,5,8,64,64
510,11101111100111010101111001000101111110110101111111100101000111101101001001101000011000111001110101000111110110101000010110001101,True,True,True,True,True,True,True,True,True,True,74,65,35,2,8,5,7,64,64
511,11010100110010011010010110000110001000110101010011010111101100101000111110111010001010110010110101000011000010110101101010010100,True,True,True,True,True,True,True,True,True,True,62,80,48,3,14,8,7,64,63
512,11100010111001111011110010000010011100001110011110000111100111100000010000001101110010011110000101000010110111101111111101111010,True,True,True,True,True,True,True,True,True,True,68,50,19,12,3,7,8,64,64
513,01110110001001010111110000011110010011011101100100001001100011111001010011111011100101001100101110010000001011111000000111101111,True,True,True,True,True,True,True,True,True,True,67,58,25,9,6,10,6,64,64
514,00001010010101000001010011011110010000001010111010001101000011011001110010100100100101000011011101011011010111101111100100010000,True,True,True,True,True,True,True,True,True,True,58,71,41,9,10,11,7,64,63
515,00001010000101111100101111011110010000010111111011101111000111001101001011010011000010010001101011001000100011001010101100100011,True,True,True,True,True,True,True,True,True,True,63,66,33,5,9,12,9,64,64
516,11000001100010110010011100100001110001111000101111110100010011010100000101110101101101011100000000100100001100010010011010000100,True,True,True,True,True,True,True,True,True,True,55,62,29,12,6,11,11,63,65
517,01001110110100011011010100000110010001111001000100100111111100011011000101101011110010101000011000001110100000001001000001000110,True,True,True,True,True,True,True,True,True,True,56,63,31,11,5,9,11,65,64
518,01000110110101101010101100101101010111110110011011101100110000111011100000100110111000110100100110101101111101000110010011111000,True,True,True,True,True,True,True,True,True,True,69,71,36,3,8,4,5,64,63
519,00010100110100111011011001001011001000001001010011001100101001101100010100100100010111100101000110101100111111001101101010101101,True,True,True,True,True,True,True,True,True,True,62,78,42,2,11,12,5,64,65
520,11110000100010111000000110011010011110010000110000100100100011110011101011000110110100111010110110000000011000110111110010001000,True,True,True,True,True,True,True,True,True,True,58,58,22,11,3,8,10,64,63
521,10010110100110001001101011001001010011011010101010101000101000101011010000010010101011101001101010010010100011101010111001001111,False,True,False,True,True,True,True,True,False,True,61,87,58,2,18,11,5,68,64
522,11100001000000000101011001101010010010111110110000100010000011100100110011000100010001101101100110100100010111001010011000101001,True,True,True,True,True,True,True,True,True,True,54,67,32,10,7,13,10,66,65
523,00000010100110101100111001011000001111000010000111110001110000110010010001001000110101010000001010110100111011001111111100010111,True,True,True,True,True,True,True,True,True,True,59,60,28,11,8,9,10,64,64
524,10011111011001100001010100111001000000111111001111110001111011100111101000100010011101110001001000111111111011000000101001100111,True,True,True,True,True,True,True,True,True,True,69,53,20,7,3,7,8,66,64
525,11011000010000101011010100111110001010000100010000010101011001100100111000111110011001011011010100100011101001010010010010100011,True,True,True,True,True,True,True,True,True,True,58,73,40,5,11,13,9,64,65
526,01110011101101101001000101010011011110101100011000100101001110100111100000010111011100111111011100001010111010100011111110100111,True,True,True,True,True,True,True,True,True,True,71,66,35,4,8,6,6,65,64
527,11100010110000000100110101000111101100101110001011001100001111011001011011001100011010101111010111110110011010001010010100111100,True,True,True,True,True,True,True,True,True,True,66,68,33,5,10,7,7,64,63
528,00000110000001011101111011111111100000111111111100001100010100001010010101111000111010100010000110110001000010111111101110110110,True,True,True,True,True,True,True,True,True,True,67,53,27,11,7,7,11,64,64
529,01001000101111001100001100110101000101111110100100101010010000110000101001101101010100111100110010101010111001100011101111001111,True,True,True,True,True,True,True,True,True,True,65,72,39,3,12,8,6,65,64
530,01001001011111111001101001101001101100001000110100000001000001101001000010111001001010111101111110111011000111000011100001001101,True,True,True,True,True,True,True,True,True,True,62,62,30,10,4,9,8,64,65
531,10000001101011001000000001001001110101110101001011110001110110001100101101010001100001110010110101011000001010110100101000100100,True,True,True,True,True,True,True,True,True,True,56,72,41,11,12,10,8,64,63
532,10111000001001100010100101101010110101110110101111001100001010111000101011101001010011010100111111010101110101011110100110111100,True,True,True,True,True,True,True,True,True,True,70,78,50,3,16,6,4,63,63
533,00011010101000000010111000000110001011100010001011111001101001101101000101001110110000100000001110111001111010011111101111000000,True,True,True,True,True,True,True,True,True,True,59,57,27,15,6,6,9,64,61
534,01111100101001111011000000100101111001110110100011111011100110010111110101100100101100110001010111010100011101101101000000000110,True,True,True,True,True,True,True,True,True,True,67,65,33,9,8,7,5,65,67
535,11011110110001001000101111111111010010110101000100001011011101001011001100101101110110011100110001010000000011101101011010111111,True,True,True,True,True,True,True,True,True,True,70,67,36,6,9,9,6,65,64
536,01000001110100011110000000110001000001010100111000111011100101111100000010001100101011000100111000110110001100101000011010100000,True,True,True,True,True,True,True,True,True,True,53,59,27,14,7,7,12,65,62
537,11000111101010011001001011101011000101110111000000000100011110011010011011111101101111000010000001100000100000111111110011010010,True,True,True,True,True,True,True,True,True,True,63,56,25,14,4,7,8,65,65
538,01000010000011000100010001010110011100111001000011010111011100000100110001101111101110100001111110101010111110111010001111100010,True,True,True,True,True,True,True,True,True,True,64,61,31,7,6,7,11,64,65
539,11100011001100000111110011001111010000001011001101000010000001110110001101111111000111111100111111010100011010011000001110111000,True,True,True,True,True,True,True,True,True,True,66,50,16,11,2,2,9,64,63
540,01111111001100011000011110010111110000000111101101100000111010110010001101110011011011101110001000111011110000001100000010111110,True,True,True,True,True,True,True,True,True,True,67,51,18,13,3,4,9,64,64
541,00100100011100000011111101100101011010010100100011101111100000001100111111000001101001011101001101000101100111010100101110101001,True,True,True,True,True,True,True,True,True,True,63,66,35,9,8,8,6,64,65
542,01001101011010101111010111011011011011110111010010011011000011001001101010101000010110011001101111111100011101110110101011010111,True,True,True,True,True,True,True,True,True,True,75,76,44,2,11,3,3,64,64
543,01101000011100101011010111010000111001000001101000011100011110001101010110001101110011001010010001001000110110100111010110110111,True,True,True,True,True,True,True,True,True,True,63,70,35,5,7,6,9,64,64
544,10011100000000001000110010010110110011011100011111000011110101000000001111000111101000010100001001110010101001000100100011101011,True,True,True,True,True,True,True,True,True,True,56,59,28,15,6,9,10,64,64
545,00010010111010000101001101101011011101111010010111101011111001010000111000100010101010100001001010101000100001000001100100101100,True,True,True,True,True,True,True,True,True,True,58,75,47,6,14,13,9,64,63
546,11010100010001101111010011010011000111011101011000011100111100110110101110010110111010100000101110011001101001101011011001110100,True,True,True,True,True,True,True,True,True,True,69,72,35,3,7,3,5,64,64
547,10101001110000010110010001101100000110101100011100010110010101001000000110110101111111111111100110001101010100101011011010001111,True,True,True,True,True,True,True,True,True,True,66,67,37,7,11,6,8,64,64
548,00100011101111110011000001000010001010110011111011010100100001001111100100010101111100110011101011000100101101110110110011010100,True,True,True,True,True,True,True,True,True,True,65,67,33,4,8,10,7,64,64
549,00000000010111011100100101101000001101000000101111010011011000110000000010111010100100110010000001011001101111001001101110100011,True,True,True,True,True,True,True,True,True,True,55,62,30,19,6,9,7,64,65
550,11010111110110101001010010110001000110001111000100000110110101010101001111000011000001001111001111111010111100000101101010100101,True,True,True,True,True,True,True,True,True,True,65,69,41,7,13,7,8,64,64
551,10001011011001101001110110001011010001100011101101100101100011001000011100000100011000010000011011111001010111001111111010011010,True,True,True,True,True,True,True,True,True,True,63,64,28,6,5,7,10,64,64
552,00100100000111001011110100001101000000010010111100001001100111010000011000010010011101110011000110011110011110000101011000100001,True,True,True,True,True,True,True,True,True,True,55,58,23,13,4,10,10,64,65
553,01101000100100101110101010000011111001001000011011100111001110011111110110001101001001100111001001001100001011110000111010011000,True,True,True,True,True,True,True,True,True,True,63,63,26,5,4,9,6,65,63
554,10111110000110100011111010011001100101110101000001111001101001010101101001001110101001010001110011010110011110110100101100011010,True,True,True,True,True,True,True,True,True,True,67,74,41,3,9,5,5,65,64
555,01000000001010100111100101010011111111000111001011101111001100010110010000111010010011101100001010000100001000010000001011101001,True,True,True,True,True,True,True,True,True,True,57,62,33,13,8,11,9,62,65
556,11001000100010111111111000101010000011010010100110111111111111101111110110101101000011101011111010111011011100001010001001010101,True,True,True,True,True,True,True,True,True,True,74,65,41,4,11,8,7,65,64
557,00001001100100100101011010100011101010101111000011010110000100001100101111111000111000100010001100110001010001001111111001101001,True,True,True,True,True,True,True,True,True,True,60,66,33,4,9,10,11,64,65
558,01010010010001110111010100111111001000001101100010000100010001001110000110000100101111010111000110001000011000110010000000101111,True,True,True,True,True,True,True,True,True,True,55,60,27,10,5,12,13,65,64
559,01100010001110101101111110100010011101100010011011110011110001110000001000101011010010000110111011000001101111101001001110100101,True,True,True,True,True,True,True,True,True,True,65,64,31,6,4,8,9,64,64
560,00101100001111101101001101010001101100001101101011000101010001100000101101001011110001101101011100111010111101100011010001100110,True,True,True,True,True,True,True,True,True,True,65,71,36,4,9,4,9,65,64
561,01100110110110100010000001000101001010001111100111100100000111011111100010011010111110011000110111001010110111011011000100010110,True,True,True,True,True,True,True,True,True,True,65,65,31,5,6,9,9,64,64
562,00000000100111101110001100010111111110100011110100101101111011111001000001011000100101011001101100110111000100111010101011000010,True,True,True,True,True,True,True,True,True,True,65,63,32,8,8,9,8,65,66
563,10100101000001001101010110110100110011011101100000100110011101000101010101100000110001100010010101001110100011011110100101110100,True,True,True,True,True,True,True,True,True,True,60,76,43,6,10,7,7,65,64
564,01001101110001101000001010110000000010101110001100111111010110110100000001000101000111110101110001110110001000101111010100000110,True,True,True,True,True,True,True,True,True,True,59,63,35,13,9,6,11,64,66
565,01011101101011010110010100000101111000001111111111100011100100011100101011111011101010110010010110000111111111110001110101001001,True,True,True,True,True,True,True,True,True,True,73,62,35,5,11,7,6,64,65
566,11101100011110000111110011000000100110001111000010100100100100111101101101111100011011001100011001111010001111011011011001000110,True,True,True,True,True,True,True,True,True,True,67,58,19,5,1,6,9,64,64
567,10101011001010001111011101101111000001100111110010001010001101100100100010001100000011111101001000101110110011011100001010101010,True,True,True,True,True,True,True,True,True,True,63,68,37,6,9,9,9,66,64
568,10001001100011101011000011011100010110100100101001011100101101000111000111101101111001110000001110100100100011001000101001010100,True,True,True,True,True,True,True,True,True,True,60,70,35,4,8,11,9,65,64
569,11101011001011100010001100000000101111101110011010011111100001111010001010011111101111101000100011110000111010010010100111101001,True,True,True,True,True,True,True,True,True,True,68,59,29,7,5,7,8,65,65
570,10000001100010101100111100000011000010100010101001011001011000000111000010011010010111001001101100111101011111110010010011001010,True,True,True,True,True,True,True,True,True,True,58,66,33,11,10,11,7,64,64
571,11001011100010011000111001010000100010000111111111111001000011110010111111000011001110100111010100111011000110101000110110101111,True,True,True,True,True,True,True,True,True,True,69,59,26,4,6,7,9,64,64
572,10111111000010000001011101101011100100101001100100001011111111010001101100111010111010100111110100000100110001001100001010100101,True,True,True,True,True,True,True,True,True,True,64,67,38,8,9,10,7,64,64
573,10000100101011101001011011100011011000101000011001110011100111001010001001000011100001000010111011110000100010010011011011001101,True,True,True,True,True,True,True,True,True,True,59,67,31,6,6,12,10,64,64
574,00110100111111001010110111010001001111001110100100001010110000011011000110111011000011011000011101100110000111001110010000001000,True,True,True,True,True,True,True,True,True,True,61,61,24,9,4,6,8,64,65
575,10100001000011111010011110110011000111101010101101010110110101101110011011010000000001100010101110010001000110001010001110010110,True,True,True,True,True,True,True,True,True,True,62,70,39,8,10,6,9,64,64
576,01001001101111111110000110111101011000000111010111110011111101101000000111101000100010101101000100110111110110011100000011110100,True,True,True,True,True,True,True,True,True,True,69,57,28,10,4,4,7,64,64
577,11101100100100101001010010000101101010010011111000011011110011001111000000101100110001100110000111010110101110110100100101100011,True,True,True,True,True,True,True,True,True,True,63,69,32,6,8,10,6,64,65
578,10001101001101111110101010000111111101110111001101001110011100011101101110010001010100011100001110010101111001001011000011101111,True,True,True,True,True,True,True,True,True,True,72,63,30,3,7,5,7,66,64
579,01100100111001010010110111101111111111001101001000011011101000010111000011011010111000110111010110110001100100101001111000111110,True,True,True,True,True,True,True,True,True,True,71,65,31,3,6,7,6,64,64
580,11101110000011101100000110001110101110001010100100101111100000010101011001111101101110100001100110001000110000101100100000110010,True,True,True,True,True,True,True,True,True,True,60,62,29,11,8,8,10,61,64
581,10100010100110000110101000001001110000100010111010100010100011110101001101110111111101010011100001100110100011101000101110110101,True,True,True,True,True,True,True,True,True,True,63,71,42,5,9,6,10,63,64
582,10110100001110010010100011110001101000010001100110100010001111011100110011010101110011111011110010010010010000111110001100010010,True,True,True,True,True,True,True,True,True,True,62,64,28,3,3,10,10,64,64
583,00110000110110001101100100110110001101001001111010011111110011000011110100110100011010011011100011010000010001111011110000011110,True,True,True,True,True,True,True,True,True,True,65,59,21,6,0,3,9,63,65
584,10110010001000001100111011011100110011001100011001000110111110110110110110010110110111000010000010100010111110111010101111100001,True,True,True,True,True,True,True,True,True,True,67,65,29,6,5,7,8,65,66
585,11111100100101111000010111111001001011110011100001111100010010101111000111111101100101110111011111001010100011011000000110100010,True,True,True,True,True,True,True,True,True,True,72,58,28,5,8,10,7,64,64
586,01010010010010000001110001100101001000010101001011101000010001010111111001000001100010111111110011110011110101100010010111010111,True,True,True,True,True,True,True,True,True,True,62,66,37,7,11,13,8,64,64
587,10100010001010000000011100110001000110101000101001110010101000111010010101010100001011010111101000110011100000001010011010100010,True,True,True,True,True,True,True,True,True,True,53,74,47,10,13,9,11,66,65
588,11011101010100000110101000010100001111010100101110111001111000111010111011011110010010011111101010011001000101010101001111011011,True,True,True,True,True,True,True,True,True,True,70,73,44,4,12,6,5,64,64
589,00000100100011001010000101111100111001110011001010011100101011011000101101001111001111001110001111011001000111110111001011011110,True,True,True,True,True,True,True,True,True,True,68,63,26,3,7,9,6,66,64
590,10010110001110101111010000101100111011001100110011110000110110100110000100011000011111110100001011101011110001110001000001100100,True,True,True,True,True,True,True,True,True,True,63,60,24,7,5,6,10,64,63
591,11010101011101111011000000101111011111011010010001000011111000101100011011001111010001110110111010010011010000010010111111011100,True,True,True,True,True,True,True,True,True,True,70,64,33,6,6,7,7,65,63
592,10100100001100101010000011101001111101011110011110111010010001110101100000100111111111110001100011100100110100011100101000111110,True,True,True,True,True,True,True,True,True,True,68,60,29,5,5,6,8,65,64
593,01010011011000010111011100111010101101001010101000000001010111110110101111000000010101100110010000010010010111011101011000000111,True,True,True,True,True,True,True,True,True,True,61,70,43,15,14,8,5,65,66
594,11011111100010111100011101011011011111110011100101000011011101000111101101100111101111000100100101000110001000000100010011010010,True,True,True,True,True,True,True,True,True,True,68,62,29,4,4,9,9,64,64
595,11001000011010000110100001011110111100100010111110001111100111011100110000011001010110101011001110111100100000000000110011011101,True,True,True,True,True,True,True,True,True,True,64,59,26,13,6,6,7,64,65
596,01000100100000001110010001000000010000101001110011100111001100000000100110111011111100101010101111011010111111010111101110001010,True,True,True,True,True,True,True,True,True,True,61,61,33,14,8,9,7,65,64
597,00110000101010010100010011111010001011001101010001001001110110010110011111100000000100111000100101101110001001101110110101001100,True,True,True,True,True,True,True,True,True,True,60,69,34,6,8,11,7,64,64
598,00000011001100010010110011001001001100100100010100111101000110110111011111001100011001110001111110011000000000000000000001110000,False,True,True,True,True,True,True,True,True,False,53,51,15,21,2,7,7,65,71
599,11100000000011100111000001011010101111011000010000000011001000101110100111101111010011111000011011101110010111110010011000100011,True,True,True,True,True,True,True,True,True,True,63,55,23,15,5,7,8,64,64
600,11110111000101110001110010011110111110100101011111011111100111011000001110110000010111100101001110100001111000101110011111001000,True,True,True,True,True,True,True,True,True,True,73,56,24,5,6,7,6,64,64
601,00011001001100101000010010000100101001000001100000101011110100001111100111101001011000001001100101110000001111011011010100010110,True,True,True,True,True,True,True,True,True,True,55,65,33,12,8,12,9,66,64
602,11100001110111111000000010001110001010111001010111110110001110111011101000000011011110101110001000101100000110000111101000010101,True,True,True,True,True,True,True,True,True,True,64,57,29,13,8,6,11,66,64
603,11011110101011001011111110000110100001101001110111111000010001111101000010100001100001001101101011101110001001111000111010101110,True,True,True,True,True,True,True,True,True,True,69,62,32,6,7,5,9,64,64
604,01011100101001110000100001000100110111001011101011100111010000111010111111111101000101001111001100011111010100111111100111010101,True,True,True,True,True,True,True,True,True,True,72,64,35,3,9,6,6,65,65
605,11101111010011100110110111100100110110101001000000111111011010001100011010000001000011010001110101111111011011100101010100100100,True,True,True,True,True,True,True,True,True,True,67,66,34,7,5,6,6,64,63
606,11110000011110011000100100110001111101000111000111001111001101001111111000000111010001001010000111011111011010000111001110111101,True,True,True,True,True,True,True,True,True,True,69,53,19,7,1,4,9,64,65
607,11001100101110110011000111100000010100010001110000011110100001010011000010110111011101001110010010011011000000110001001110111100,True,True,True,True,True,True,True,True,True,True,60,60,23,10,4,8,9,65,63
608,10110101000100101011111000010100001101000011001101110101110000100010111011111101100111011101001101111011101011111100001001100000,True,True,True,True,True,True,True,True,True,True,68,64,34,7,7,6,7,63,62
609,01001000001000110000110101000010000011100000100011100001100011100011011100010110011011100000111100001011011011100011111110101110,True,True,True,True,True,True,True,True,True,True,58,55,22,12,4,6,14,64,64
610,00011101000010101100111011010110111111110110011101101101101101111010110111100001001000001111000010001001111100101111100111110001,True,True,True,True,True,True,True,True,True,True,73,60,28,5,5,6,7,65,66
611,01111111101100010010011001101010001010011011100011011111000101001110101110111011001000100110101000100101000001000011011010000000,True,True,True,True,True,True,True,True,True,True,61,67,35,7,6,9,8,64,61
612,11011100011111100111001001010111001111100000001000011010000101011001110100101100111010110101101100100001010111101011100000100111,True,True,True,True,True,True,True,True,True,True,66,65,33,9,10,8,6,62,64
613,00010111110111111011110001111001101000101111110011001110001111011011011011100001110000101100000101110111100100101110000100101010,True,True,True,True,True,True,True,True,True,True,71,59,27,5,7,8,8,65,64
614,01011010111110110101010011001100011010101111011100000001000110011000000001000000110010111001001001101011011000010010010000010100,True,True,True,True,True,True,True,True,True,True,55,67,35,15,9,9,7,65,64
615,01110101001010111111000101001111010100001110000000011010111010001111010101110100000010100011111001111000000000101110110010000100,True,True,True,True,True,True,True,True,True,True,60,61,36,16,10,6,8,64,65
616,11101001100011101001110011000100101011010010101101000001100011001100101001000110100011010001000110011000011100011001001000000001,True,True,True,True,True,True,True,True,True,True,54,67,29,8,5,8,11,64,68
617,01100010101011110010100110111000000011000010101001100000011000000100011000110101000110001010010101100100000001001011010010100111,True,True,True,True,True,True,True,True,True,True,51,68,37,15,12,10,10,64,64
618,11000010010111110110110011100000011110110100111100011001100001011101100011110001001111001000101001010110011110110111001110011101,True,True,True,True,True,True,True,True,True,True,69,61,24,5,5,7,7,65,65
619,01001110100100110011101100111011100010110100110100001111001111110101010001110110010100111010010110111110110001010110100010010101,True,True,True,True,True,True,True,True,True,True,69,74,41,1,9,7,5,64,64
620,01001100101111110001100001000011111100100010101110101111101011010010101011100011100001110011001101111001010011001011001000011010,True,True,True,True,True,True,True,True,True,True,66,67,34,4,10,8,7,65,64
621,01001011011100100111011111001011010011111110110110100110111110011001011111010100010110110011111010101011100001100111110110000100,True,True,True,True,True,True,True,True,True,True,75,67,34,2,8,6,3,64,65
622,10000001000111000101111011010110010010100011011101110000011110101110111101001101101000001100111111100110011100111100000001010111,True,True,True,True,True,True,True,True,True,True,67,59,27,11,6,5,7,64,65
623,10110010111011001110010101101110110011111001000111000010000111101000011101001010011111011011100101111000111101111101010001110110,True,True,True,True,True,True,True,True,True,True,73,64,31,3,6,6,6,64,64
624,10110110101110100110010100100111111010110011001001000000001110010001110001110110110111101011111100010111000100000101000001000000,True,True,True,True,True,True,True,True,True,True,61,62,31,12,6,9,7,64,64
625,11010000111001101101010000101000000001110001111110000101110001101010100111111110000101010011110100011101100010010110000100001100,True,True,True,True,True,True,True,True,True,True,60,60,30,11,8,6,11,64,63
626,10001010101100001101011000011011001111101010010001101100000110001111010110111001110110110101101011110010011100100000111111000011,True,True,True,True,True,True,True,True,True,True,67,65,31,7,8,4,8,64,66
627,00001100100001010011001110000110001000011001101000100001100000100111010010100110111111000101101001000011101000001000100010001010,True,True,True,True,True,True,True,True,True,True,50,63,29,10,4,12,14,65,64
628,00100101101100000001010101110110011000001011100100010110001111111010110100011110100011100101111000010010011000100000111010111100,True,True,True,True,True,True,True,True,True,True,61,63,31,9,9,10,9,65,63
629,11101010011100010100000010001010101100101101000010111000001010001011101010010101101001010001011100011111100110111111110101101010,True,True,True,True,True,True,True,True,True,True,64,74,49,6,16,10,8,64,64
630,00111101000010100100101001111110111110000011110000001011001111011110100000101011000111101000011000000111000001111011001100100110,True,True,True,True,True,True,True,True,True,True,62,55,24,14,5,6,8,64,64
631,00100100001100011100000011010011110100101100111011011111010011001111101111000101111010011111101100010110110100001100111000000100,True,True,True,True,True,True,True,True,True,True,66,59,24,8,3,6,7,64,66
632,10011101111100110111000101101101100001001011010000011101010100101110100111010011011100111010001011010110001101111100101100110100,True,True,True,True,True,True,True,True,True,True,69,72,37,3,8,6,5,64,63
633,11100000011100100010011000111011100001100111011110110101111101100101110011011011110111000001111001110100101100000000011100000010,True,True,True,True,True,True,True,True,True,True,65,54,20,15,3,5,7,64,64
634,11010100101010011001111110100011000010001101101011100010011110110000010000010001110110010001000100011100001001111111111101110101,False,True,True,True,True,True,True,True,False,True,64,61,30,6,5,9,11,67,64
635,11001100001101100011111011000110000111000000110000101100001000111111011111010000000100110000011110001000001110100011111100010011,False,True,True,False,True,True,True,True,True,True,59,47,13,15,1,5,14,64,64
636,10001100001110011000110101000100010001101101000001011100011011000000001101111001101110011000011010100000100010000111111000011101,True,True,True,True,True,True,True,True,True,True,56,57,23,13,3,5,14,64,64
637,10001111001000001010001001110111100001001000011011100110010101010101001000110010100100110110001001100101010011001001100101011011,True,True,True,True,True,True,True,True,True,True,58,75,39,4,11,13,7,64,64
638,01011100011001010000010010001100001111001000110000010001011111010010111010010110000010010011000010000101100111010110011100010001,True,True,True,True,True,True,True,True,True,True,54,64,30,9,7,13,12,65,64
639,00101011010101011111010001110101001110010101100001001011110100010001011111001111110001110011100101001011111010001010011010101101,True,True,True,True,True,True,True,True,True,True,69,74,46,1,15,9,6,65,65
640,01001100101011011111111110111100000011000011100011001011101110011100000000000001001111111110101100111010111100110011010111111011,True,True,True,True,True,True,True,True,True,True,72,52,22,14,6,3,4,64,64
641,11000101010110110100000110101110001000010101101000000010001110100010101100100101100110111110010011101100001011011000111011001110,True,True,True,True,True,True,True,True,True,True,61,70,37,8,10,9,9,65,64
642,11110001110010100101000011010110101100011011000011011111110011110011111000010111100010110000110100100010010101001001100100010001,True,True,True,True,True,True,True,True,True,True,63,65,31,4,8,10,10,64,65
643,00100000010100001000000101010001001110011001110111110001111001001100000000111100000001111111111011000001101000011000000101111000,True,True,True,True,True,True,True,True,True,True,54,47,18,22,4,7,10,63,63
644,01100101111101111101111101010111101101011011111100101001011111001010111010001110000001100010000010100101101011011101110011111010,True,True,True,True,True,True,True,True,True,True,75,67,40,5,11,7,4,63,64
645,00100111001001000101000100000001100110010001010000000000011110110110010101011100011010111001100101110101110011100101011111111011,True,True,True,True,True,True,True,True,True,True,61,64,32,12,10,10,6,61,64
646,01001110011010110100100000101000100110000110011000011010111000010101100001011010011010111110011100001000101011000011000110010111,True,True,True,True,True,True,True,True,True,True,58,68,33,8,10,8,10,65,64
647,11010011011111101000000011011010111000010101001100000110000111111100100100100011100010000100011000110110101000100101010000010010,True,True,True,True,True,True,True,True,True,True,56,64,33,11,6,10,11,65,65
648,11111110010010110110101001010010111101000110111010010110111011110010100010001000100010110100001001100100101000000001101001100011,True,True,True,True,True,True,True,True,True,True,61,71,39,6,8,13,8,64,65
649,00000110100100011010100111111110101101010010001101101110101001110101000001000100100111001011011101001111001011001001101000001100,True,True,True,True,True,True,True,True,True,True,62,71,38,6,7,8,6,64,65
650,00101010101111011011111110100111110011011110001000011011110001110111111000000100011010011100000010001111101101101000010100011111,True,True,True,True,True,True,True,True,True,True,70,56,27,8,5,5,9,63,64
651,10010011111100001110000101001011001110001011111110001001011000011111100010110110111000111001110101111000011011011111101000000000,True,True,True,True,True,True,True,True,True,True,67,54,23,10,6,7,8,65,60
652,10011011010111101011100101001011100011010100011001101011110100101010001101100100111010010101111110100010111010111001000000111000,True,True,True,True,True,True,True,True,True,True,67,74,43,3,12,7,5,64,64
653,01110011011011101011000110111100011101100111010011111001100001010111001011111101101111101100110010011010001010110010101101100110,True,True,True,True,True,True,True,True,True,True,74,69,32,1,8,5,4,64,64
654,10011011010001010111110000101100100010101101001001111001110011100001010011001000111000001000010000010011111100001010000101111110,True,True,True,True,True,True,True,True,True,True,59,62,31,9,8,12,10,64,64
655,10010011111100000010111100001101011010011001000011000011100000100110000110000111000010010011111100011001110101111000001111000111,True,True,True,True,True,True,True,True,True,True,60,51,16,13,3,6,11,64,64
656,00010000111010100100000011011000110110110010101111011111001111011111001000000100011111010100111010000110111111111011000110101111,True,True,True,True,True,True,True,True,True,True,70,58,28,8,5,5,8,66,64
657,00111011110110000000110101010001111000111010100011110101000011000110000100110011011100000110111100001101110100101000011001010001,True,True,True,True,True,True,True,True,True,True,60,62,29,10,6,3,11,64,65
658,01000110001101010011000011000011101011101111101101010011001000000011001100001101100001110111100111000001010010100111001011101000,True,True,True,True,True,True,True,True,True,True,60,63,28,10,6,4,8,63,63
659,10010010011100011101111001110000011111111000110000011100000100101000100010101011010000100110100101011110001110010101111011111100,True,True,True,True,True,True,True,True,True,True,64,60,29,7,8,9,9,64,63
660,11001001001111011100101010001011000010100101011010011001011110001010110000111110000001001101011010110010100111001000000010010000,True,True,True,True,True,True,True,True,True,True,57,70,38,10,12,13,6,62,63
661,00000100110100101100100011100110011111100110111000011011011011001111111011001100000011011101110011111100110011011010111110101100,True,True,True,True,True,True,True,True,True,True,72,59,20,6,3,3,4,64,63
662,00111011101100010010101000001001010110110011011101001010001111100100010100001010000011001100011101110011000100001101110000000101,True,True,True,True,True,True,True,True,True,True,57,66,33,10,8,10,10,64,67
663,01001010010011010100100101001100011000100010110110000001100110000100100011001001110101011011100000000101100110000100000000100001,True,True,True,True,True,True,True,True,True,True,48,66,32,16,7,12,10,64,64
664,01100010000111110101101010011000111011011001110101010011000011011010110011011010001110000111100111101001100001001101011010010110,True,True,True,True,True,True,True,True,True,True,66,71,35,4,7,3,7,65,64
665,10001111101011110010011111110101110010111010011011110101100001011100111110111101101110000010110111100110011010111001001011111100,True,True,True,True,True,True,True,True,True,True,78,62,30,3,8,6,3,65,63
666,01110111111101000111101010101110000000100100111001111110001011011001101111000010001011110001100110000011101100000010100110110101,True,True,True,True,True,True,True,True,True,True,66,60,29,10,7,6,8,65,64
667,10110010010000100101010111110011000100001001010000100001011101110100100011011101101111010010101001010110100011110101100011000111,True,True,True,True,True,True,True,True,True,True,62,73,42,4,10,12,9,63,64
668,11110010101001101111011000100000010101111011010111011001011101101100000010011100110000110010101011100000001000011001010111011100,True,True,True,True,True,True,True,True,True,True,63,66,34,12,11,8,6,64,63
669,10000001010110010010100001101100101100100001100101011110110011011001111100000000100111001111000111011011101110111010101100101110,True,True,True,True,True,True,True,True,True,True,65,66,32,10,9,8,5,65,64
670,00001011011010101110001110011100100101001111100100001100001111011001111100101101100101110000011111111000101001011101010011000110,True,True,True,True,True,True,True,True,True,True,67,63,29,5,9,8,7,63,64
671,11111001001000111101010110101100001011000111101101101110010111000101101001010101001101000100100100110100101111110010001111101010,True,True,True,True,True,True,True,True,True,True,68,74,43,1,11,11,6,62,64
672,00101101110110011010011110011000100110100001110101111010110010101000010000001111101101101011010111100100011000001101010111001011,True,True,True,True,True,True,True,True,True,True,66,70,37,7,10,6,6,65,64
673,11001110011010100110101001001100000100001110100110011001000100011100110001110000100001111011011001001100000101010001010001000100,True,True,True,True,True,True,True,True,True,True,54,66,28,7,5,10,11,66,63
674,00101011111001000100000010111010010001110101001011000101111011110011110000101111011010010011010010101000000000001000100000111011,True,True,True,True,True,True,True,True,True,True,58,64,36,14,9,12,8,65,64
675,10010010011011111110111100000000111001101010011010110001111110001110110010100111011000001010100101111100100111011101110011101100,True,True,True,True,True,True,True,True,True,True,70,62,28,7,6,6,4,63,63
676,01010001011101001110100100010011100100011001011110100010111000000000111110010010000101100100011110100000110011011111001101010110,True,True,True,True,True,True,True,True,True,True,60,65,33,9,7,10,8,65,64
677,00001100101011011100010000110001101000111011101010101010110111000100000011011001101100101000110101010010110110000001101001011010,True,True,True,True,True,True,True,True,True,True,59,75,43,8,12,6,9,64,64
678,11111010001110000101110100100010000001100000111101101011110111111111100010111110110100001111111100110001011010111011111110110010,True,True,True,True,True,True,True,True,True,True,75,54,27,7,5,6,8,64,65
679,11011010010011001100101011101011011110111000011001110101010111110101011101101101110110111111110111011000110010010001011011110100,True,True,True,True,True,True,True,True,True,True,77,72,39,1,9,5,3,64,64
680,11110111000111000000010100001000000100011010111000110010100001111010010111000010111010110110010011010110111110010000011110101001,True,True,True,True,True,True,True,True,True,True,61,63,33,12,8,8,9,64,65
681,01010100011101110001111111000100001000110111100000000101111100010010000010111101001010101010001110110010101001101011001110110100,True,True,True,True,True,True,True,True,True,True,62,67,39,8,11,8,9,64,64
682,11110000011011011001000001110100110011101100111110010001011011110101000010101111110110101011100111111010101101001110101011101100,True,True,True,True,True,True,True,True,True,True,73,68,37,5,10,4,4,64,63
683,10001011100110101011110101100001101001111100000011010100001101101000001011111100110101001111010111001100011110111010111001101011,True,True,True,True,True,True,True,True,True,True,70,67,36,7,10,2,6,65,64
684,10011111111011011101110010011111110011100001010110011111110110001010001010111001110010100000001110000110101101111101011101111000,True,True,True,True,True,True,True,True,True,True,74,58,28,6,8,5,5,64,63
685,00110000011000110000000100011010100010111000100001111011011110101101100011010010000011000101001111101011010110001111000001100000,True,True,True,True,True,True,True,True,True,True,56,59,26,13,6,5,12,64,64
686,01111100101011000101010010100010000011001101111110001110000000110110101100011010110101100001001111110110110100100001110111101000,True,True,True,True,True,True,True,True,True,True,64,65,34,8,8,6,8,64,63
687,01111100011111010001000011100100011100101101010000110100101111000001001111000011011110001111110111110111001010010001100001101001,True,True,True,True,True,True,True,True,True,True,66,58,26,6,4,7,10,64,65
688,00000100100111101100011011101110101001010101111011110110101111101111111111110001001011000101101111010110111011010001110010100110,True,True,True,True,True,True,True,True,True,True,76,67,38,2,9,7,5,65,64
689,10111110010000001000010001010110000000010110100111010011101100111010110110110111111000111001101001010000000011000000100011000111,True,True,True,True,True,True,True,True,True,True,58,59,28,17,5,7,9,64,64
690,10101001011100011110110101100110101010100001101111111010011100001110100001010001110010111011001001000011110100010111000001111100,True,True,True,True,True,True,True,True,True,True,66,66,36,6,9,6,8,66,64
691,00110000100111000101110010001000010000100010010000110000011110111001101101000001111110110100100000000011101100001000011010101110,True,True,True,True,True,True,True,True,True,True,53,57,25,16,3,10,12,65,64
692,10010111110001100011000111010100100001111110110001111100001001000000101110101110111011000011001010000101100110101110111110000100,True,True,True,True,True,True,True,True,True,True,64,60,28,8,7,8,10,64,65
693,11011100101101010101111010110111001101011101001000111111111101010011000100001110010100010001010101001001110000011000100111001010,True,True,True,True,True,True,True,True,True,True,66,72,42,3,12,9,7,63,64
694,10111100001011011111001101000001110000110100011000110111010111000010001100111011110001100000010000100010011111001110010010111100,True,True,True,True,True,True,True,True,True,True,62,56,21,9,3,7,11,65,63
695,11000001101100011001000010111100001010101100110000010100111010111001000000100110101111000010011110100101001010001100111011011000,True,True,True,True,True,True,True,True,True,True,58,66,32,10,9,9,8,64,63
696,00000101111010000100011100001011010111110010110010010000111100110110011100111110111000010111101100111111011101010100101100000001,True,True,True,True,True,True,True,True,True,True,66,60,29,10,8,8,7,65,68
697,00011000110000110000110001100111100100011000011010000010001000010100101101011010011001110000010111001011011111110100011111101000,True,True,True,True,True,True,True,True,True,True,58,59,24,8,5,7,12,63,63
698,01111110101101101000000110110000000010010000111001000011101010011101001101100111110110011001111001010100001110100010010100001011,True,True,True,True,True,True,True,True,True,True,61,64,32,12,6,7,7,64,64
699,01011100010011101001011100110110011010110010000010010010100001010110111101001011100101011111101001001001101110000111100011010100,True,True,True,True,True,True,True,True,True,True,64,73,40,4,10,11,5,64,64
700,01111100010000000110000001001100100111101110011001100010111101010110000000000011010101010001111000011110011010011111011101100110,True,True,True,True,True,True,True,True,True,True,61,57,25,16,6,4,7,66,64
701,01000001000101101101001110001001000100011001110101001001100010111111000000100101111110111110000010000100110011101010001001001011,True,True,True,True,True,True,True,True,True,True,58,64,32,8,6,14,10,64,64
702,00000000100000101011110111000000111010011111000110111111011111011000011101001011100011111001101001010001101010111100100000110110,True,True,True,True,True,True,True,True,True,True,65,57,28,13,6,5,8,64,64
703,01101001100101011011111100110011001111000110001010010100010111100101001000111111111110100001111110000010010101100110111000010010,True,True,True,True,True,True,True,True,True,True,67,63,31,4,8,10,7,63,64
704,01110101011001111111111010010001110110110101110001100111011100110110001011010111011101011110011010111011110010011100010100101111,True,True,True,True,True,True,True,True,True,True,78,68,35,0,9,5,4,63,64
705,01001101000010111001000101111110100110101000110101011101000110110111011100000000100001100100111101011000000000101101111101000110,True,True,True,True,True,True,True,True,True,True,61,65,36,13,7,6,8,62,64
706,00111011100000001100011010101100101110011110000011000111111001001110110001000000111000011001000101110100110000100100110111101100,True,True,True,True,True,True,True,True,True,True,60,57,20,11,4,7,9,64,63
707,01000100100100010100010101010111001011000000100001111111110010000000000100111010111100101010110011010110111111111010000100001011,True,True,True,True,True,True,True,True,True,True,60,64,39,13,12,12,8,61,64
708,11101110000001110100011010000101000110010011011111100001000011010010110011000001101101100111011100000101101111000001101010100111,True,True,True,True,True,True,True,True,True,True,62,61,27,12,5,5,9,64,64
709,10010100000101110010010000110111001001100000110011111110101001000011110111101001100010011100000000100010010011111010011110111010,True,True,True,True,True,True,True,True,True,True,61,60,28,11,3,10,7,64,64
710,10110010000100010100000101010111001010011010101100001011011001111111111101011010000110000100101011111000000111011001010100010100,True,True,True,True,True,True,True,True,True,True,61,70,43,9,14,10,8,64,63
711,11011101001101001111000110000010101001100010111010100100101001110100010101001100000110011001110110001111001000110001101101010010,True,True,True,True,True,True,True,True,True,True,61,72,36,4,8,7,8,64,65
712,00000001111101110110101010111000101111100100001101001001011110000010000000110100011010011000000010101110100101000011110100101011,True,True,True,True,True,True,True,True,True,True,58,64,37,16,10,8,8,63,64
713,11101110111000010010001110011011111011111001110101111101100100010001011100000001111101011010010110011111101001000111010101111010,True,True,True,True,True,True,True,True,True,True,73,62,32,5,6,7,6,64,64
714,10010101000100010001101010010001110100100000101100000110011010110010010100010110001101011000011111000100110101010000001101101101,True,True,True,True,True,True,True,True,True,True,55,73,41,8,10,10,11,64,65
715,10111110000001000110110001000011100101100001010110100001011100101001011011100111101011011001010110101011111011001110101111111011,True,True,True,True,True,True,True,True,True,True,70,69,39,6,12,8,6,64,64
716,01011101011001000110110000110000111111101111000001100110111111000110110000010100000010111111010000101001110000000010110111111010,True,True,True,True,True,True,True,True,True,True,64,55,27,15,6,5,9,65,64
717,11011110011011101100000000111111111010111110100001101110101100110110110100000100010010101111001000011101100101011010000000111110,True,True,True,True,True,True,True,True,True,True,68,60,31,13,6,5,6,63,65
718,00101101111101011111000001010000111011101000110101000100110100111000111100101001010101001100010001110100010111111110001100001011,True,True,True,True,True,True,True,True,True,True,65,66,36,4,10,8,10,65,64
719,10110011101101010110110110011110111100100000001000011010001001000010001010001101010100111100010000111011110111100000101010111011,True,True,True,True,True,True,True,True,True,True,63,67,37,9,8,8,9,64,64
720,00011101011111000111111111000001010101000011011000001001011110100111001011111111010010000110000110101100100111110010001011110110,True,True,True,True,True,True,True,True,True,True,68,59,30,7,8,8,8,63,64
721,11010111101111001001101010011101001001010000011111000100011101110010100011101100001001010101000101110010100100111110100110111000,True,True,True,True,True,True,True,True,True,True,65,70,38,3,9,10,6,63,63
722,10010101100000111101101110000101100011110000110111001011111110010100010000101001011110011110010000110111011111000110101100101111,False,True,True,True,True,True,True,True,False,True,69,61,29,6,9,9,8,67,64
723,11100010100000000100100000011001001101011010111101100001100011000111101100011001101001111110110011011000001111000010011011101101,True,True,True,True,True,True,True,True,True,True,62,59,23,12,3,5,9,65,65
724,10001000000001100111101110011001111110010101111011111100101100111100010111011011011100111110000100011000101000011101111000010010,True,True,True,True,True,True,True,True,True,True,68,56,23,8,5,8,8,63,64
725,11000001001100010111000100110010000011010101001000000100000100000000010010110011000111111001010101110001001111111000100011111101,True,True,True,True,True,True,True,True,True,True,55,57,27,15,7,12,11,63,65
726,11101011100000001000010111010010011001100011100001100111111001001101101001000111100111101111111000001110001010111011100111111100,True,True,True,True,True,True,True,True,True,True,69,54,20,8,4,6,7,65,63
727,00001101110001000110101011101101011101110011010010001001110110000111101000110001110001101100100110101110101100000001111001000111,True,True,True,True,True,True,True,True,True,True,64,64,28,6,5,5,10,64,64
728,01111101001010001101100001000110010000100111000010100001010011110111000110010000001011110011001101111101111001111111001100110000,True,True,True,True,True,True,True,True,True,True,63,57,22,8,4,8,8,64,62
729,01110110110011101010001111010001111110101101100101001010011000110111000100111011010000111111111001110011011010010100000011111000,True,True,True,True,True,True,True,True,True,True,70,63,30,4,5,4,6,64,64
730,01000011111001000100000101011000001001001110001111010010011001000111010001110101110100001001010010111100011000110110011000111111,True,True,True,True,True,True,True,True,True,True,60,62,28,6,5,10,11,64,64
731,10100011011111111110001011101001011011111100000011000011010100000001100101101101000100000000101011100010010111110110011011110010,True,True,True,True,True,True,True,True,True,True,64,60,32,13,7,8,8,64,65
732,01011101101110011100000011010010001111000000010010111101010110111001000011000011010111111010010001001011110010011011011011000011,True,True,True,True,True,True,True,True,True,True,64,64,31,10,6,8,7,64,66
733,10110110101111101111010011010000011111011011000011000010110110000110000000001010000101011011010000000101001010001110111010010100,True,True,True,True,True,True,True,True,True,True,59,66,38,16,8,6,8,63,63
734,11010110111001101111011001000111111001001110101110001000111010010000100011010111111101000001110101101101110111100100010011011111,True,True,True,True,True,True,True,True,True,True,73,63,30,3,4,7,7,64,64
735,11101101100111101101101011001001101101011010111011011011111010001010101001011101110100001110111010100100110110110001010100100010,True,True,True,True,True,True,True,True,True,True,72,80,48,1,10,7,4,64,64
736,01010110100110101100101000000000100001111011000101111001111011101001010010001000111011110010001111000000011001101011100011001010,True,True,True,True,True,True,True,True,True,True,60,65,34,11,8,8,8,64,64
737,11100000100010110011011000100011101110100101101110110011001101001111111001001000100110010110101000111001000110101110100010010000,True,True,True,True,True,True,True,True,True,True,62,68,31,3,5,11,8,64,62
738,11111010101010110011110101110111010001011101101000111000011111110001111010010110001011000111000101110000100110000011000110111001,True,True,True,True,True,True,True,True,True,True,69,63,31,4,9,5,10,64,65
739,00000000011101001001011000010011100000011011111110111001001100101110001011110111111110010110001100110010100001100011010001100001,True,True,True,True,True,True,True,True,True,True,61,56,22,12,5,8,9,65,66
740,01001100000110001101000110001111001001011000100100101110010101111100101011110101000001100100010100011001101111111011101101011111,True,True,True,True,True,True,True,True,True,True,66,66,33,4,9,9,8,64,64
741,01101001000101000100110011101101111000000110110001101101101110101100001010110011011011100010110000010000110100101001000000010010,True,True,True,True,True,True,True,True,True,True,57,69,35,11,6,10,9,64,65
742,00011011111100111110110110100100000010011100100011010110010000010000001010110111001111010111101011110110101100111101101010000110,True,True,True,True,True,True,True,True,True,True,67,65,34,9,7,6,6,64,65
743,10010010011110000100000010011000011011011000011000111001100010000110000100110100000011011110100100001001011111100111100101001001,True,True,True,True,True,True,True,True,True,True,55,59,23,12,2,11,10,65,64
744,10111110111011111101110101011000111100000010110011011101100010110001001111000011100101000110101101001011011011100110001011100110,True,True,True,True,True,True,True,True,True,True,71,66,32,4,8,6,7,66,64
745,01000100010110001110111110001101110111100100111010110001100111011010000000011000101110011111011100000100101101100110010010011101,True,True,True,True,True,True,True,True,True,True,65,62,26,7,4,8,8,64,65
746,00101101010000110100110000010010111000101101101100111110100100001001111100011111111011001000110000111010111011100010110001010011,True,True,True,True,True,True,True,True,True,True,65,64,30,5,7,9,9,64,64
747,10001101110010110101110101110010001010110001010010000001110011010010111100100011001001010010000111111001110110000000111100111100,True,True,True,True,True,True,True,True,True,True,62,64,30,8,8,10,7,64,63
748,01001111111101000011101010000010001001001110100011110000111110000101111101011011000100000111001000000000010110001001101010110010,True,True,True,True,True,True,True,True,True,True,58,59,31,14,6,9,10,65,65
749,00000110000100101001100100100011010100111000100101011010000110110110011101100000100110101101001100001000111010001111010100110011,True,True,True,True,True,True,True,True,True,True,57,70,33,7,6,8,9,64,64
750,11001000110011110100100011111111001110001101000110000100110001010011100001001100111100111010010000011011000100000010001111011111,True,True,True,True,True,True,True,True,True,True,62,55,18,7,1,8,11,64,64
751,00100010101110101010000101010100010111001000100111111011111101100000000001100010011111010100011001011010000100001111111110000110,True,True,True,True,True,True,True,True,True,True,61,61,35,11,10,9,10,65,65
752,01000010001011101110111110111001010010011110000110000111101010000101001010110110011101000110110010100011111100001100000010111010,True,True,True,True,True,True,True,True,True,True,63,65,35,8,8,8,9,63,64
753,10001111001011010001101111011111110010001100011101111111001011011001110110001101000010101101001110001101000100011010100111000011,True,True,True,True,True,True,True,True,True,True,69,63,28,2,5,5,10,65,66
754,11100101111000110110011000111000011010011101011110011000010000101101001000011000110110011011100001101110001110110110000101100001,True,True,True,True,True,True,True,True,True,True,63,61,22,7,4,5,11,64,66
755,11010100001001011111100111011111101100010111111110110001010010111101110111111011001001010110111001000001000001000110100011010011,True,True,True,True,True,True,True,True,True,True,71,63,33,5,7,10,7,64,65
756,10111111010101010110000001001000100101011011010101011100000110101000101101010010001011001110000101011010110001101010011011111000,True,True,True,True,True,True,True,True,True,True,62,78,51,6,17,8,7,65,63
757,10110110011111101100110111111010111001111001000100101111000101001110110011000110010001010101001101100011011000000111000011000101,True,True,True,True,True,True,True,True,True,True,67,65,29,4,7,7,8,64,65
758,10101000010011101001100110000011001111101110010010010001111000001110110101110101110001001110101101100011000000111001000001100000,False,True,True,True,True,True,True,True,False,True,59,60,25,12,4,6,8,67,64
759,00110111101001010001000110011011000111110010010110101100011001011001011110101011001101000110101000000001111111100011100101011111,True,True,True,True,True,True,True,True,True,True,67,66,33,5,10,7,7,64,64
760,10101010110001001101100001011101010011001010100010111100011101111100000000001101010100010000000001011100101100100100110101001111,True,True,True,True,True,True,True,True,True,True,58,69,41,14,13,9,7,64,64
761,10110000000100010101011101010011001100101011110010110100101100000111101011000000000001010010110001110100001010110101011110010000,True,True,True,True,True,True,True,True,True,True,56,70,43,16,15,9,6,64,63
762,01010001100001111001111010100011000011101110001110100110110111000100001010101010011110111011111001011010101011110110011111111001,True,True,True,True,True,True,True,True,True,True,72,66,36,3,10,3,7,65,65
763,00010000100001011100001101101100001010110011101100110010100001100111100111010110000101001000110000000111011001111000111101010111,True,True,True,True,True,True,True,True,True,True,60,62,27,10,8,7,10,66,64
764,10101000000100100000100111110111111111111001111101110111100100000000000110000000010000011111000010111011110111101101111001000001,False,True,False,True,True,True,True,True,True,True,64,45,21,23,2,7,7,64,66
765,00100010010010010110100111000010011000001010010011101001110100010010000100111001110010101111110100110011110100101110011111001101,True,True,True,True,True,True,True,True,True,True,62,68,32,4,5,13,5,63,64
766,01000000111001011001101110011011000011100111101111111001100010010011100000000111111101010110000101010001000000100101010100100001,True,True,True,True,True,True,True,True,True,True,59,60,30,14,8,8,8,64,66
767,10000010100100010011100001110010010110110111111000001001100100100011000110100011011001111011001000011101111000111111110001000000,True,True,True,True,True,True,True,True,True,True,60,56,21,9,2,10,10,65,63
768,01010100010011001010001001100110000010001000001110110000101110010111110000010000000000111001101000101110111001101001101111110111,True,True,True,True,True,True,True,True,True,True,58,60,28,14,6,9,9,64,64
769,00101111111101101110001001101111011000110110100011101101000110101100001100010110001100100001010110010010000101000010010111010100,True,True,True,True,True,True,True,True,True,True,62,69,35,4,8,10,10,64,63
770,01010001110011100111010011111101011101101011100101010010111100111100100101101111100111100101010100100100000100001110110111100010,True,True,True,True,True,True,True,True,True,True,70,69,38,3,10,9,4,64,65
771,00011011011011000111101101101101100001010000111100111000110011111000111000011110101100101011101111011111000101011010001110011010,True,True,True,True,True,True,True,True,True,True,71,63,28,3,6,3,9,65,64
772,01001000100100110000001101110000100011010100100110011110101100100111010101100011010111101000000101000011101110010111111010011000,True,True,True,True,True,True,True,True,True,True,60,67,34,8,7,8,7,64,63
773,01101101101101111010001000110001111001111101111111000111000010111110110000000001100100011001101010001000011011011101100111100111,True,True,True,True,True,True,True,True,True,True,69,56,21,8,2,4,9,64,64
774,11111001100100001101100100010101101100100000111100000111100001001010100010000011000000000110110001011011111001011010111100100101,True,True,True,True,True,True,True,True,True,True,58,61,29,14,8,11,9,64,65
775,00110111011011110101111000110101011100110011010101100011111100110011110111001110010110101010110111100111000101011100100010110101,True,True,True,True,True,True,True,True,True,True,75,72,38,0,13,4,4,64,64
776,11101011100100111011110001000001101101010101110000111000011111100100110011111001001101110000110110101000110011010011010101000000,True,True,True,True,True,True,True,True,True,True,65,64,30,8,7,4,6,64,62
777,01101000001100101011111001100100011011010011010010000101011010000110011001100111000101000001101100010100001100000110000010111100,True,True,True,True,True,True,True,True,True,True,55,65,29,11,7,7,10,63,63
778,10010100010110001010010111101101011110001111101110101111001000011111000110110011010111001110101000101011110101111000111100101110,True,True,True,True,True,True,True,True,True,True,73,68,38,1,12,7,7,66,64
779,00101001101001001111010000000000011111110011000101111000110110001111010000010001011000111100110111111101000111010100000101001000,True,True,True,True,True,True,True,True,True,True,60,57,27,12,5,7,9,64,63
780,01111011110100101011010100010100111100110000011010011110000101000110100111110110011101101001111010100101000011101010011110000111,True,True,True,True,True,True,True,True,True,True,68,68,37,5,8,4,6,64,65
781,10101011010010010110110001101011011110001010011101010010111001110011111001010001001100011101101111011100001100101101111001100000,True,True,True,True,True,True,True,True,True,True,68,70,35,3,9,7,5,64,62
782,01100111011001111011110110000101100101011101001001001101110101011000000010011110100100001101100010010000100110110010001010001010,True,True,True,True,True,True,True,True,True,True,60,71,37,7,7,12,7,64,64
783,00101011010100000111001011011000101000100010010110011011001111000011000101110001111111100010000000000001111101111100001101111011,True,True,True,True,True,True,True,True,True,True,62,56,25,13,7,8,10,65,64
784,11010011100001001111110111011100111000110011001001100010010011001011001100010000001000111110110100111000010111010110000010011110,True,True,True,True,True,True,True,True,True,True,63,60,22,7,3,9,8,64,64
785,01001111101010001100001110110101100011101110100100010010101000011010011000110001001110110011001001011011001001000110000111110010,True,True,True,True,True,True,True,True,True,True,61,69,32,3,5,9,9,63,65
786,11101001111101100111110100111000000010001101000001101100001100001101011010110110110100001101000101101101011100111110010010101011,True,True,True,True,True,True,True,True,True,True,66,67,34,9,7,4,7,64,64
787,00100101011111001100000101110111101101100001101101010110101000111011101101001000010101000101000110001110001101101111101110001010,True,True,True,True,True,True,True,True,True,True,66,71,40,4,10,7,9,62,64
788,01101001110111110011001001111001001011111011000111100001100000100100110001111111111100101001011010001011111011110100010001101101,True,True,True,True,True,True,True,True,True,True,71,60,27,3,4,9,7,64,65
789,01101101101010110101000101001000111011111100000011101010011101100101011001111111101000110011111001101111111111001000111101110101,True,True,True,True,True,True,True,True,True,True,76,64,35,3,8,4,5,64,64
790,01110101111010110000101110000001101110001010100110000001111001101100110011111001101010011111001100010000110101011001011101001010,True,True,True,True,True,True,True,True,True,True,65,67,34,8,10,5,6,64,64
791,10011100101010100101010100000010111000111110110010111101110111110010110111011100110111010011010011010000011110001110001110101000,True,True,True,True,True,True,True,True,True,True,69,68,37,5,10,5,5,63,63
792,01001010001101110011010010110000010000001010101001100010111000111010100100101001000110001111111110110110100101101010001101000101,True,True,True,True,True,True,True,True,True,True,60,74,44,5,11,10,9,64,65
793,10110001001001001100010111010111101001111101010111111011110011101011101010001001111011010101010110011101011001000010101001100010,True,True,True,True,True,True,True,True,True,True,70,76,47,1,13,8,5,63,65
794,01011011000110110011011100100101100110011110111101110000111001000101011100000100001001110000111110000011101001101110111011111100,True,True,True,True,True,True,True,True,True,True,68,59,23,7,4,6,7,64,63
795,11001101010011001101011101001101000010000010000111101111111010111111110001100101001011001110110101010000100001000011110010110110,True,True,True,True,True,True,True,True,True,True,66,66,35,7,8,7,7,64,64
796,11110001111010111001100000011101101100100010001111111000100011101110010000000101110111111011111001000011111101100010000100001001,False,True,True,True,True,True,True,True,False,True,66,51,20,10,2,9,11,68,64
797,10010101000100101100011101111001100110101000001100000100101101010000110011100001111011100110110001111100110000111101001000001011,True,True,True,True,True,True,True,True,True,True,61,63,28,9,7,7,9,63,65
798,11001111110011000001011011111001001000100000010111111111100101011001010100001000001010011100111111001001000011101101110100100110,True,True,True,True,True,True,True,True,True,True,65,60,29,9,7,12,6,63,64
799,01010110010110001010010011000111110001001010000001011000010000000111110000101000111101101110110000001100011001110000000101001101,True,True,True,True,True,True,True,True,True,True,54,60,29,16,8,9,11,64,64
800,00001000110010001101001001001001100011111101100001011100000110001011001111011011110000100011001101110000000010010101111010010011,True,True,True,True,True,True,True,True,True,True,58,60,24,10,4,11,10,64,64
801,01111110000101110011000110110100010110010110001010110111001001011111001000111000011111101111110110001001111101010111111101100001,True,True,True,True,True,True,True,True,True,True,73,60,29,3,8,8,8,64,66
802,01000100101110011100100100001110010011110110000011111010010111000010011100011000100000001011100100010000100101111111101100011001,True,True,True,True,True,True,True,True,True,True,59,58,24,9,4,13,10,64,64
803,11111011101000111001101011000110101000100011010110110110110111110100110000111101101101011111000011001010111001100000010110010101,True,True,True,True,True,True,True,True,True,True,70,69,36,5,9,4,7,64,64
804,00001010011001011110011001111110100001101100000100000111000000011100100111011110001001010011000000111101011011010111110100010100,True,True,True,True,True,True,True,True,True,True,60,59,27,13,6,7,8,65,63
805,01110011110101100100100111110000101100111001100100111010100100101010011110101000101101010110110110010000111100100111101011111100,True,True,True,True,True,True,True,True,True,True,69,71,37,2,10,9,3,65,63
806,00100011100110101000101111110110101001001111010101000100101011000010011001010101110101000011001111111001010101110101100010000010,True,True,True,True,True,True,True,True,True,True,63,75,47,4,15,10,7,64,65
807,00100101001001101010010110101011010001011111011000010111011101011000101111010100000111110000000010001101100110001110101010111000,True,True,True,True,True,True,True,True,True,True,62,71,42,8,13,8,7,63,63
808,00010011011101111010010001011011111101010101011111111101010000101110100100100110110100010011110000110110001110100111011111010111,True,True,True,True,True,True,True,True,True,True,73,68,39,2,8,7,6,64,64
809,01110000011110101011000010110100111001001001010001001010110001010100111000110111000001001011110111100011010010110111011111111101,True,True,True,True,True,True,True,True,True,True,67,68,38,5,10,10,7,63,65
810,00010001000101001100010111011000110010001100011100100111110010111111001001010100100000101011011111111110101100000011111110100101,True,True,True,True,True,True,True,True,True,True,65,62,32,5,9,12,9,64,64
811,00010011011011011001110100101011100100110101000011100011000111111011111011101110011001000101010100001011000001111010000111011110,True,True,True,True,True,True,True,True,True,True,67,65,32,5,7,6,8,64,64
812,10001001100010101000101100010101110000010101010101011010111101101100111010101110110100101100111111011110111111001101101010111010,True,True,True,True,True,True,True,True,True,True,72,78,51,2,17,6,5,64,64
813,11101001011100111100101010001110010111010010010011111101011010001111011111110011111110001110011001100000100101011011011101010011,True,True,True,True,True,True,True,True,True,True,74,65,32,2,8,7,4,66,65
814,10110100010001111000011011011010001001110001110000110001000100001101101101001011010010011100100100111100111010011011101010110010,True,True,True,True,True,True,True,True,True,True,62,70,33,3,3,9,9,64,65
815,10010000111110010101011110111011101001110000011111011001101010101001100101010000010111100011100010110000111000111110011111011000,True,True,True,True,True,True,True,True,True,True,68,62,31,6,10,5,7,65,63
816,11101011011111100111010111010100111011001001001110101111100000001110000111110010111011101000100010011100111110111001100000001110,True,True,True,True,True,True,True,True,True,True,71,58,26,9,5,5,5,64,66
817,01101001100101000000110100100111010100010001101101110000100011111010011000100000011011000000000111111000011000000010000111111111,True,True,True,True,True,True,True,True,True,True,56,52,22,19,2,6,11,64,64
818,10010010110111001111010100111111111000111011111110100100100001010010011011111100001111001010010100011110001000011011111001011010,True,True,True,True,True,True,True,True,True,True,71,62,32,3,6,10,6,65,64
819,01011011100110000011000101111101001100110000000001010100010101111110101010000001000010010000000101111011111100001001010101101010,True,True,True,True,True,True,True,True,True,True,57,65,41,17,13,9,8,65,64
820,00010110000101010011111011111001111000010111011101111100111000101100011011001001001011000001011100110101011000010011100100001000,True,True,True,True,True,True,True,True,True,True,63,63,29,6,9,11,8,64,64
821,11000000111010000010001011101111010010110110111011110111001111001010110100011010011000010011011001000000101010101010000011110100,True,True,True,True,True,True,True,True,True,True,62,68,38,11,9,7,7,65,63
822,01000101110110110010011111100010110001011011010110110010111100000010110000101111000011011010100001000100110000101111110011011001,True,True,True,True,True,True,True,True,True,True,64,66,33,7,9,10,9,64,65
823,00101001110000001101100110010010010011111011101110100010101101000011010010010101101111000101010111010000000110000100110011011101,True,True,True,True,True,True,True,True,True,True,61,70,37,9,8,9,6,64,65
824,01011111001011111000100101000111011100100111010001100110101111100010000000011101000110010100100101110011000101101110011010100001,True,True,True,True,True,True,True,True,True,True,63,66,33,6,8,9,8,63,66
825,01000111001110000011001011101110001101011010000010001100011001001100110100100101001101100111110011101001100111011000011111110011,True,True,True,True,True,True,True,True,True,True,65,62,22,5,3,5,7,66,65
826,00110001011010000110110001100001111001010110001100110111010010000111011001110111000101111110010101110011100110010010110010000101,True,True,True,True,True,True,True,True,True,True,64,66,28,4,8,9,8,64,64
827,01001010000100010101111010101101101001110001101010100011100000101101110110110111010011001000111010010010011100111101101100111110,True,True,True,True,True,True,True,True,True,True,67,73,40,3,8,7,6,65,64
828,10010101100110011010101011011111111101001100110011110000011110111111001011110011110011111001110101000110101011000111100000010111,True,True,True,True,True,True,True,True,True,True,75,61,29,5,10,3,4,64,65
829,00101101001100110111010000001010000110010100110010110100011010100100110000110101101010001011001011010110100101001110111001101101,True,True,True,True,True,True,True,True,True,True,61,80,45,5,11,8,5,65,65
830,11100100010011000110100001010100001000010100101110010001010010110010100110010110011111101010101111110111110101111110000010110011,True,True,True,True,True,True,True,True,True,True,65,69,39,5,13,12,7,65,64
831,11100101101000111111100111000001010011000011101100010110011010001001010010111010111101010001100101101000110011100010000000010110,True,True,True,True,True,True,True,True,True,True,61,66,33,8,9,9,9,64,65
832,10001011010001010111110100101000001110011111010011110111101010110001000011111101100100101010011010011110111110011010110101000101,True,True,True,True,True,True,True,True,True,True,70,71,43,3,11,7,6,62,65
833,11101000011001001001111110110111000111100010000011100011111110001011011000011011010100000110111000100001110111001001110100100001,True,True,True,True,True,True,True,True,True,True,64,57,23,8,2,7,11,64,66
834,11010001011001110101110110100000110011000111011110100010100100111010010001101001101111101010100111101010110000110110110100000110,True,True,True,True,True,True,True,True,True,True,66,72,39,5,7,4,7,64,65
835,10100110011111111010011001111000110101100010000000101100001110101011111000001011111000001000010000010111011100110111011111110101,True,True,True,True,True,True,True,True,True,True,67,57,29,12,7,6,8,65,64
836,11001111010010100100010010111010110001000100000100001100010100010010101011110010110111010000100100111010101000011011000011011001,True,True,True,True,True,True,True,True,True,True,57,73,41,6,10,13,10,65,65
837,00111110000111000110111101000001110100100101000000100001101001001101011101110001001001101100011111001100010111101110011101110100,True,True,True,True,True,True,True,True,True,True,64,61,26,7,3,7,8,63,64
838,10011000111111010110110000110110011110010111111110100000000101010011011011000111100010000001101100011001111010000110101000000010,True,True,True,True,True,True,True,True,True,True,62,58,27,14,5,4,9,64,67
839,01010101001010100101011110010011101101001110100111000001001001011011101000110000111111011101010001001000000000110110110111000010,True,True,True,True,True,True,True,True,True,True,61,71,42,10,9,9,6,62,66
840,00001101111001111010011001111100010111111100001101101101010001000011000011000110000110011011011101101011111010000001001010110011,True,True,True,True,True,True,True,True,True,True,66,60,25,8,5,4,9,66,65
841,01110100111100101111111101101000000100011100010110100111111010011110000000011001101010100110001110000100100011100011100101000100,True,True,True,True,True,True,True,True,True,True,62,59,27,9,5,7,9,61,65
842,01011000111101001001010111111011110010001001111101001101110110110111001101111011011100101100001101011101100010010001100101111011,True,True,True,True,True,True,True,True,True,True,74,68,33,1,6,8,5,63,64
843,11010000111010011001000010000100101010110000100000111011010010000010001000000011111010110000001000101001001111000010000100000101,True,True,True,True,True,True,True,True,True,True,47,61,33,19,6,14,13,64,66
844,01000110001011011001110101001010011001111010010100111000100001100110100101101100111010001011011000001011001110011101001001101101,True,True,True,True,True,True,True,True,True,True,63,74,36,3,7,8,6,64,65
845,00011101101000000111000101110101110011111111000101001101001011010110010010000111100011101101010110010010111000011010000100000111,True,True,True,True,True,True,True,True,True,True,63,64,32,8,8,8,9,64,64
846,00110101010001110011110001110010010001100000111011000101111001111110100110000110111100110111001111101011011001001000010111100100,True,True,True,True,True,True,True,True,True,True,67,61,24,4,5,7,7,64,64
847,00101010011110110111011100100010000101111101110001000001010100001100010110111000111011001100101001000100010001101101010010011111,True,True,True,True,True,True,True,True,True,True,62,68,35,4,8,12,10,65,64
848,11111000001000011000010011000001100111110001111110100100000101100010010011010100010111010111111011110110010110100111111100101000,True,True,True,True,True,True,True,True,True,True,65,58,27,8,6,9,8,66,63
849,11101001111100001101001011011100101001011001110100111110010100011110011101000011101000101110000001011100101110111101000001010000,True,True,True,True,True,True,True,True,True,True,65,64,33,8,8,8,6,64,63
850,10000111010011110100101010010101011010111100001000010010001100110010101010111011011110010011001101100001101100111000111001001011,True,True,True,True,True,True,True,True,True,True,64,73,38,4,11,9,6,65,64
851,01101110001001100001101110011010100100110110011110011001111101010010101010111111011110011010010010011001010111000010001011000011,True,True,True,True,True,True,True,True,True,True,67,70,34,3,9,8,5,64,66
852,00100110000000101000011101110000011001010001001100010110100111100110110111100011111101011111000000010101110110010100110110001001,True,True,True,True,True,True,True,True,True,True,61,62,29,11,7,8,8,65,64
853,11111110001101101100001101111001000011000010110111101101000100010001010110010011011101111110111111110011001110100010000111100011,True,True,True,True,True,True,True,True,True,True,71,57,23,4,3,7,10,63,65
854,01111101010111110101011100010110001100110001101110101110100001101111010011011101101110010010000001010111110110001101001100110000,True,True,True,True,True,True,True,True,True,True,69,67,34,5,8,4,6,64,62
855,01110011110111011111011001010000000001100101101010011010101000000001010011101011101011101101111111110111110000100010110000011100,True,True,True,True,True,True,True,True,True,True,67,61,34,14,9,5,5,61,65
856,10111010111001110101011010101000010010111000111110010000011101001110010100010001100101100000011000011100110011001011011101101101,False,True,True,True,True,True,True,True,False,True,64,69,35,7,9,7,7,68,65
857,01101101001111100111001001111100100111011011110001001100010001111100001010010000010110110100001001011011111000100000001010101100,True,True,True,True,True,True,True,True,True,True,62,63,30,8,6,11,8,63,63
858,00011000010110000000110000000011010010010111001100010110010100010100101100011111011000101011010000101010011001110101111100100000,True,True,True,True,True,True,True,True,True,True,54,65,33,13,11,10,9,64,63
859,01110001101000000101001001101001001111001100000101001111000011100000000010011000010100010011011010010001100101010100001010001011,True,True,True,True,True,True,True,True,True,True,51,66,34,14,8,11,10,62,64
860,11100000010100011100001010101110010011111010000000011000100010010100010000001100110100101011011000001001101101000001110111101000,True,True,True,True,True,True,True,True,True,True,53,62,32,16,7,9,10,64,63
861,10010101100100100111101000000111001010100101100001100111101111111111101110111010110000101110011011001001111000001000001001101101,True,True,True,True,True,True,True,True,True,True,67,63,31,9,7,9,5,64,65
862,11111100110000011111001010100101001001010000110111010011110110111100010001001100100001010101101100100101100110111111111011011101,True,True,True,True,True,True,True,True,True,True,70,67,35,4,8,10,5,64,65
863,10111011010100100010010001111101000000001110000000101011110010010101100001110100011010010101110100101100001011111001001000101110,True,True,True,True,True,True,True,True,True,True,59,68,40,11,10,12,8,65,64
864,10110110000010011000111011010001111100110010110111011010001011011000010001010111100111101100110001111100000111111010110100111110,True,True,True,True,True,True,True,True,True,True,70,62,28,5,5,5,8,64,64
865,01110011111100100100011011111011011111110110011101111101111000101011011001111001001000111000011111111101000001010001101000001111,True,True,True,True,True,True,True,True,True,True,75,54,23,5,3,6,7,64,65
866,00000101011000000001100010011101111101000100110010000101110101111101111000101000011111001000101100011101001111011010100001110000,True,True,True,True,True,True,True,True,True,True,60,59,29,11,7,8,10,64,63
867,01100101010100110110000000000010100100110101100001110011110110110110000000110101110000111000111100011111000110110001010000000010,True,True,True,True,True,True,True,True,True,True,56,59,28,19,7,5,9,63,67
868,11011110101110100000100010111111001000111000010011111111011011110101101011010001110101010001100010000111111100000101110001000111,True,True,True,True,True,True,True,True,True,True,69,59,31,6,7,7,11,64,64
869,00010111011011101000010110100010000010010110111111111010011111110010101001000111000000011100101101010011111100100010101010101111,True,True,True,True,True,True,True,True,True,True,67,66,40,7,12,10,7,64,64
870,11011111100100100111010111000001110000011000110100110110100000011100011110100010010110110011000001010010011100101111101110101111,True,True,True,True,True,True,True,True,True,True,66,61,27,9,5,7,7,65,64
871,00111001010000101000101010000001000101011101011001110111111000110001000111111110111010111000101110010001100101110001111010010011,True,True,True,True,True,True,True,True,True,True,65,64,33,4,10,10,10,65,64
872,00000100001100011111001000110110110000001111011100101000000100111001000011110000001001010011001100000010111110100110010100111110,True,True,True,True,True,True,True,True,True,True,56,55,22,16,4,9,9,65,64
873,01001000001100000001010011110000011111101111111110011010010101000001110000101111110010000101100110011001011111010011001001101100,True,True,True,True,True,True,True,True,True,True,63,57,25,12,6,8,6,66,63
874,00101011111000000100011100010010000100100100101110100100110001011110111101110110100001010001001000110100100000011110011110000001,True,True,True,True,True,True,True,True,True,True,56,62,31,11,5,14,10,65,67
875,10101011001111000010010110011010101100010000001010111010011110010010011111101101010000100111101110101010010011001010000100110101,True,True,True,True,True,True,True,True,True,True,63,75,45,6,12,10,5,64,64
876,10001101000110000000100100000101010101001100110010010000101000111101000101100101111001001101110001011000110111111101010010111111,True,True,True,True,True,True,True,True,True,True,61,67,36,7,10,11,9,63,64
877,11011101100110111011100010011101001110000000110000000001000101101100110000010011110011110000011000111110011001000110011001110000,False,True,True,False,True,True,True,True,True,True,59,52,13,15,1,5,8,65,62
878,00100101001101001000110110110000110101010000110010000101110000011111101000011011111110111000010000010000101011110110011011101111,True,True,True,True,True,True,True,True,True,True,63,62,31,10,6,8,9,63,64
879,01100101000100101100101101010000111100011111010011001100000001001110101110110111110000101101001101101111000110111010001010011000,True,True,True,True,True,True,True,True,True,True,64,67,33,6,7,7,7,64,63
880,10010101010101100010111001011100111101101011100011000010011011110011001010010110000101111110001001110001000101011110111110000001,True,True,True,True,True,True,True,True,True,True,66,67,36,5,13,10,8,64,67
881,01001000010100110111101000011111001001000011110100111000010110101001011000000111111100111110100001001101101010110000110110100011,True,True,True,True,True,True,True,True,True,True,63,64,33,9,6,7,8,64,65
882,11111011000111100101100010110100110011101110011001001010010000000001000111110110010110000101001100001011010100110100111011111110,True,True,True,True,True,True,True,True,True,True,65,64,30,8,7,9,6,64,64
883,00000011010011111011100101100111100110001000100111000010110001110001110111100011101011100011000101011110001100000111011100000100,True,True,True,True,True,True,True,True,True,True,62,55,19,8,5,6,12,65,66
884,00110111010111010010100111011111011111000010010111111000001100011110000110101011111111110101101100110110100101101110100001001010,True,True,True,True,True,True,True,True,True,True,73,65,36,5,8,6,5,65,64
885,10000011101010101000010001101111101011010100111110101101000111000100010111111001010001010110001000100011100001001100011111111010,True,True,True,True,True,True,True,True,True,True,64,66,39,4,10,8,12,63,64
886,01110000101011010111110101000001000001001001101100101001111101000011001011011001110100000110100101100111001101101000000000101110,True,True,True,True,True,True,True,True,True,True,59,67,36,14,8,8,6,64,66
887,00100001010110110001101000111101001111011111110001001011011001110110110011011011001010101011000001101000010010100111100111010010,False,True,True,True,True,True,True,True,False,True,66,71,37,4,8,8,6,67,64
888,01011111000010010010000011011001010010100001110011101001100010010010010000111111011101011100001011001011110100000110101101111011,True,True,True,True,True,True,True,True,True,True,63,66,34,8,7,11,7,64,64
889,11010111110101001101001100000000101111110111110110010101010000000011010000110111011001011000110010110001100010001001110010100101,True,True,True,True,True,True,True,True,True,True,62,67,36,11,10,8,7,65,64
890,00011110101100101100111100011100001111101011010111000101101000111010111100111101101100010010101000000101101101111101000101110100,True,True,True,True,True,True,True,True,True,True,69,67,36,4,10,6,8,65,64
891,01110011011111000001111000111100000111100011101011001100011100001110110110101001111100100100000011110100011101011010111111100111,True,True,True,True,True,True,True,True,True,True,71,54,21,8,4,2,8,65,64
892,01001101001000001101011111110011100001101110010010000100101010111000000010100001100100111100110000110111000111111111011001100110,True,True,True,True,True,True,True,True,True,True,63,59,25,10,5,7,7,63,64
893,01000010101000101001100001010011110101100010110011111111101101111101010111100001110101000011111110010001011100001011011011010000,True,True,True,True,True,True,True,True,True,True,67,65,38,6,11,7,8,64,63
894,10101111010001010101110100100001100110101111110001001000000101100100100101010110000010010001100011111000101010011001000110011110,True,True,True,True,True,True,True,True,True,True,59,70,39,6,11,12,9,65,64
895,01011110110011001000000101011101010101101111101010001101100010011110110100011101000011000111111001111001100100010101010010111010,True,True,True,True,True,True,True,True,True,True,67,71,41,4,11,6,7,65,64
896,01001010001001101110110110010101001010101101010000001100011101100011010001011011010000101001110100111111101110111101110000010000,True,True,True,True,True,True,True,True,True,True,63,71,41,7,9,7,7,65,65
897,00001010000011011000011100110100001010011001100111010111010110100101100011011111001001110000010000001001010100001000010011010000,True,True,True,True,True,True,True,True,True,True,53,65,32,13,7,9,9,64,63
898,01000010001011010100010111101101101100010000010101001110011011110001110110110100000010111111010000000010110011101001000011100001,True,True,True,True,True,True,True,True,True,True,59,64,35,13,7,8,10,66,66
899,11000111111010100011001101110101110000010001100011100101111110000011011010100100010011000011011101111011010001100111010101010110,True,True,True,True,True,True,True,True,True,True,67,66,33,5,8,4,9,64,64
900,00111011001010011011000111100001100110110001001001010001111011100010001011110001001011010010110111111101101001101001010001110101,True,True,True,True,True,True,True,True,True,True,66,70,35,1,7,10,8,65,65
901,11011010000000111110100001101000001001101011100100000000111011110010101000001100100001100100101111011010100011010111000101010111,False,True,True,True,True,True,True,True,False,True,59,65,36,15,9,7,8,67,64
902,10100100100010110000101111001110110011100001001110101111010000111111011110110100000000011110111110010101101111010101001101110100,True,True,True,True,True,True,True,True,True,True,69,64,35,9,7,6,5,60,64
903,10100111111000011000000001110101100100011111111011010110110100000000011000100010111000101010110100101101010010110110110110001101,True,True,True,True,True,True,True,True,True,True,63,67,38,12,9,6,8,65,64
904,10001000010111001001110100110010001111100101101111110000101010101011101101011011000110010001010110010010110010010100110001101011,True,True,True,True,True,True,True,True,True,True,64,75,41,2,13,12,7,64,64
905,11101011011110001100100100010100011100110011111001011011010111011000111010100101100011101000001100000000001100101111110001111000,True,True,True,True,True,True,True,True,True,True,64,60,26,9,7,6,8,64,63
906,10111101110111001000010000010001001111110111101001101011010011000111101100011110000101100101101110000000011111011110111010111000,True,True,True,True,True,True,True,True,True,True,69,58,27,9,4,6,7,65,63
907,11011110001110000000011111001100100110100100010100100010110001110010111101000001010000100100111110001111111000111101010100100000,True,True,True,True,True,True,True,True,True,True,60,58,27,10,6,10,9,65,62
908,11100110101010010100011101100000001000100111011110100100100100000001000100100100010001100101100101110011011001011101011001000110,True,True,True,True,True,True,True,True,True,True,56,70,35,8,7,15,8,62,64
909,11001011001100111001000010010100010111110111010110110111101110000101010100001010101011110111101111011001101001100111011000011111,True,True,True,True,True,True,True,True,True,True,72,69,37,4,11,7,5,63,64
910,00010100101101110010000101001001111000001110000110011001010101001100101000111011100001101110100010110101101111001111000101000000,True,True,True,True,True,True,True,True,True,True,59,67,34,8,10,9,8,64,62
911,10010110000001010001101010010000100010110000101111110101000100111110011001111110111000110101011100001110000110010111101000001000,True,True,True,True,True,True,True,True,True,True,60,62,32,9,9,9,10,65,65
912,11000010100000000000001010100000000000110110001110100010101010100111010101001010000100100010000100001100111000101110001001101011,True,True,True,True,True,True,True,True,True,True,47,65,39,22,12,10,11,62,64
913,00100000100110110100000111000111010010011011111001110010001011101001110010000001010101111000001001100000011111111110111100101001,True,True,True,True,True,True,True,True,True,True,62,58,27,12,5,9,7,64,65
914,00101111001011110101100110100101010100110110111010010101100111000110101100001100010001011101000100100101001101100011000001100110,True,True,True,True,True,True,True,True,True,True,62,75,39,3,11,9,7,64,64
915,10011000000110100000101100011111100000011101010100000010101001011000011000011000110111110011011001000100111100011001000000100100,True,True,True,True,True,True,True,True,True,True,53,58,25,16,6,8,11,64,65
916,10101010110011011100000010100000101110001000001000111110100000000000111110101101111011010100001010011000001110111000111111111110,True,True,True,True,True,True,True,True,True,True,62,56,32,18,8,5,9,62,64
917,00001011001010101010101011000110110100000100110100100011100100011011100001101111101100101111101001101011000100001011000011111000,True,True,True,True,True,True,True,True,True,True,61,69,37,6,11,8,9,63,63
918,11001010000100101010011111101011001101101011010010011001001001001010100001011001101010011011101101001001000011001111001100000111,True,True,True,True,True,True,True,True,True,True,62,75,39,5,9,11,4,64,65
919,00000110100011110011111001000111100110000111001110101010111101010000001010010100011000011001000011110100001110110001000100110000,True,True,True,True,True,True,True,True,True,True,57,59,26,10,6,6,11,64,63
920,11100111111010110010100101010000100010001110111010011101010000100001110010011110001001000000110100011111000010001100001010100010,True,True,True,True,True,True,True,True,True,True,57,64,34,8,7,11,12,64,65
921,10101111111111111101101010111111011110001010000011100011000001101100100010110010110001000100010001101000100011110101101101110000,True,True,True,True,True,True,True,True,True,True,67,60,31,5,7,8,11,64,62
922,11101111110101101011011000011000100001100011010011001010110010100111100110111001101111101000100101000100111100000101100000111001,True,True,True,True,True,True,True,True,True,True,65,65,30,6,7,7,8,66,65
923,10110101100101100111110110011111101111000010111111100001001010010101100101111011000001011011110101001001001111001000100100011001,True,True,True,True,True,True,True,True,True,True,69,67,35,4,9,12,5,65,65
924,10010010001011010001011001011111100100001111011001001111010000001110111110110110001011101111001010100110010011001100111101111111,True,True,True,True,True,True,True,True,True,True,71,63,29,4,6,10,5,64,64
925,10000110011111101100011100000010111000111101101111000101000110101010010010011110000010001100101101111101011111011000010011101000,True,True,True,True,True,True,True,True,True,True,65,60,28,7,6,7,9,64,63
926,01100011110001011110110001000110011100001110100100100001000110010100010011100001001001110101100001101011010010111000010100000111,True,True,True,True,True,True,True,True,True,True,57,64,29,7,6,11,12,62,65
927,00110011100100101001000111001000111000011101011111100010110010111001000010000010001000010111111111111000010111001000101001011101,True,True,True,True,True,True,True,True,True,True,62,60,29,6,8,15,10,64,65
928,00101000010011101111101110100101111001111111111011101101010101010000011101010001011100010011101001001000011100000111111110100100,True,True,True,True,True,True,True,True,True,True,69,63,36,6,8,8,6,65,64
929,00100111100101101011001110101010010111110001001101010001101011101001101111011001001101010101001111110110110000100000100001110111,False,True,True,True,True,True,True,True,False,True,68,72,40,4,10,7,5,68,64
930,00100110001010010011001110111111110010000000101010101000111001111011010111110101000101001011001011010011011001001001010101011000,True,True,True,True,True,True,True,True,True,True,63,75,44,4,14,11,4,65,63
931,00011000000100010000011011110010010101001010101100011100001000010001100010110100111001000001110010000000110011011111100101101101,True,True,True,True,True,True,True,True,True,True,54,62,29,13,7,11,11,63,65
932,00100100001010000001010111000001100011101111000101111111110001101000011001010101011000101101111001111011101111100011011011000101,True,True,True,True,True,True,True,True,True,True,66,62,32,7,10,8,10,65,65
933,00011111100100010101111110010000111111000101000010111110110110100010111110000001011100011001101011010110011101010000100110110001,True,True,True,True,True,True,True,True,True,True,66,62,32,6,9,8,10,62,66
934,00000101111110011011001001000010000011001110110010001011000101001011000100011000101110001100111110000000000101111001110011011101,True,True,True,True,True,True,True,True,True,True,58,58,23,12,6,11,10,62,65
935,01110100011100001001010111011101001010101100000010000101101100001111001100001111110010110100100101100010000001110111100111110110,True,True,True,True,True,True,True,True,True,True,63,63,32,10,8,9,8,64,64
936,10000111001000001110010011100011010000011011010101111101010100011011101010100011110011001010110011011100000111010011010011110001,True,True,True,True,True,True,True,True,True,True,64,67,34,7,8,3,8,64,66
937,10110110011111011010010001001100111101001011111001110111000010100110011011100101100110000101110001001001010011001011101100100001,True,True,True,True,True,True,True,True,True,True,66,69,31,3,6,11,5,64,65
938,11011001111100101100100101010100101001000111000000101011011110111000101101100100111000101111111010001001001101011110111011101001,True,True,True,True,True,True,True,True,True,True,69,71,39,3,10,11,5,65,65
939,00000000110100111110001110011010000111000111001101111110101110010100011111110011001111100010111001011100111110010010001000100111,True,True,True,True,True,True,True,True,True,True,68,54,19,6,4,7,8,63,64
940,00001111110110100110001100110101110101000101110010001101001111011101000000101000000000001110110010000100111101001100001001010000,True,True,True,True,True,True,True,True,True,True,56,61,30,15,5,7,8,65,62
941,10001101001000100101001000111001000011101000101000000001101011110101010011001110001100110010001100001111101100000111010000000111,True,True,True,True,True,True,True,True,True,True,55,61,28,13,5,7,11,65,66
942,11101010001100101010100111110001011110001101010101011100000000110110000000111011100010010110100101011000101110001001011101111001,True,True,True,True,True,True,True,True,True,True,63,69,40,9,14,8,8,64,65
943,10001100100100010111000111001001000110111110011110001011011001111011110011110000100111000011011100100001000011001111010001001010,True,True,True,True,True,True,True,True,True,True,63,60,23,4,3,11,10,64,64
944,00100010111011101010100101100010000101001100110000111001101000101001111000111010000110100100011000100101100000001110100001011100,True,True,True,True,True,True,True,True,True,True,55,67,33,8,8,10,11,65,63
945,01100011101110010110110000100111101110111101010001100011101101100001010101000100011000110001000111000100000010101000110000001000,False,True,True,True,True,True,True,True,False,True,56,63,30,8,7,8,14,69,65
946,10011001100001011101110100111010010110011000111000101110011111000010001010011110101110000100010010101100110010001001000110111110,True,True,True,True,True,True,True,True,True,True,63,66,30,3,7,11,9,64,64
947,11001000111010110110101101111110010100111011100010000100011011111110100100101010110100001101100011001110101010111011011001101010,True,True,True,True,True,True,True,True,True,True,70,74,42,2,10,6,6,64,64
948,11000100101011111000011111001000010111100101010001001001111101010101110011011010011111100100100001011110010110010001001000001111,True,True,True,True,True,True,True,True,True,True,65,65,34,5,10,14,7,64,65
949,01010000110011000111010011111001000001011101011111010111000011010110100000000101010001110101001001010011101000100000010001110111,True,True,True,True,True,True,True,True,True,True,59,66,38,12,9,7,9,66,64
950,01011000100100000000101100001001100111110111011111010110100111000111001111111001001010000001101001000100110001000111101110010110,True,True,True,True,True,True,True,True,True,True,62,61,28,9,5,10,8,66,64
951,11011000101010011001010110010010010101011111011010101000010011100011000101101001100000010101010101000111000001010110111001011010,True,True,True,True,True,True,True,True,True,True,60,80,51,6,18,10,7,64,64
952,10000110100110101101000000100000111001101000101110101111110000000010110110111101010101110010000001011000011011011111110000000010,True,True,True,True,True,True,True,True,True,True,59,60,34,20,8,6,8,64,68
953,11000110011010010111101101000010000101100100110010110001110111000011011101101101011000001101110100010101000100011001010110001110,True,True,True,True,True,True,True,True,True,True,62,70,34,5,8,8,10,65,64
954,11110000010011111111010011100010001010100100101110101101010001011101011000100010110011100111101111110101100110111001101101110111,True,True,True,True,True,True,True,True,True,True,73,67,35,2,9,8,6,64,64
955,00011001100010101011100000111001000100100011011110111001000010111011010111100111111000011110011100011011001101111100010001000101,True,True,True,True,True,True,True,True,True,True,65,60,25,4,6,9,11,65,65
956,11000110011000001111110101010001101101011111011000001010101101000100111100111011010001011011111001110001001111111101110000010010,True,True,True,True,True,True,True,True,True,True,69,62,31,6,7,6,8,64,65
957,10011001001010001001011100101000001001111011110001111000011011011001000010100001101010110000001000011010001000101010011101000100,True,True,True,True,True,True,True,True,True,True,54,68,36,9,8,12,11,62,64
958,10001110110101011001011010111110110101001011101110000001010011101111000000101011100111010011011100011000011110011011100100110001,True,True,True,True,True,True,True,True,True,True,68,67,34,7,9,5,6,64,66
959,00111010111101010001001000110100010001001111001101101100011100100111011010010100100100001101011000001010100000110100000101111101,True,True,True,True,True,True,True,True,True,True,59,70,38,7,7,10,9,65,65
960,00000101011001001110001010100110101110010110110101111001000111110101110001011010010000011001000001001101001010010111011110110110,True,True,True,True,True,True,True,True,True,True,63,73,41,6,11,11,6,65,64
961,00011101000011000000111110010111100101100010010101101010110010100011100110000111001101010110000011001101000011011100101000110010,True,True,True,True,True,True,True,True,True,True,59,67,32,8,10,7,9,64,64
962,10111111011010100110101001111010010110001010000111000100101100000001110011111011101011100101111001000000010100001011111101100000,True,True,True,True,True,True,True,True,True,True,64,62,34,12,9,8,6,64,62
963,01101111100111011111010011001101000110001111101100011010010010011100111011111111110110101100111100010110010001110110010011000110,False,True,True,True,True,True,True,True,False,True,74,61,23,0,2,5,6,67,65
964,11010001001010101110000001000000111010110000101001001110000110111100001110000011100101000110010100000000000001011000001111100001,True,True,True,True,True,True,True,True,True,True,50,55,27,24,8,8,11,65,66
965,10000000001000011101111100000100011101000011010101100111100111111000110100011101111001110111101100010001011010110000111001010101,True,True,True,True,True,True,True,True,True,True,64,59,29,11,7,5,10,64,65
966,10011101100111000100010101110000111000001111001101010110101011011101110011110010100010011000011001111010100000111001010111001010,True,True,True,True,True,True,True,True,True,True,65,68,35,6,11,6,7,64,64
967,00100110010000111011001101100111110011010100001110000001000101001010001001010010100000110001100010101000010011110011010011011110,True,True,True,True,True,True,True,True,True,True,56,67,32,8,7,10,9,64,64
968,10011101110010101110101100010101011011111010000000111010101110111011101101100111000011111010101110011111000011110110100011010101,True,True,True,True,True,True,True,True,True,True,74,69,41,6,12,2,5,65,64
969,10101111100110110101110010111100110100110100000011111011000100111010111000110011100010110111000001001101111010010011001000011111,True,True,True,True,True,True,True,True,True,True,69,63,28,6,5,6,6,64,64
970,01101110111100000001011111010100000000101111101000100010101101110010110110001000001101101001100000001111011111101011101010000001,True,True,True,True,True,True,True,True,True,True,62,60,35,18,8,6,8,64,67
971,10100011010010111111001101000101011000010010111010110000000100100010110110100000100011101101010100111101011110010010010000001000,True,True,True,True,True,True,True,True,True,True,57,70,41,10,9,12,8,66,65
972,11111011100010000001000101000101011001101100111111001111100101111111100111110001000101101111110001111111100101111100101000000001,True,True,True,True,True,True,True,True,True,True,72,51,23,8,7,9,8,61,68
973,11110111101000110110111111110001101000100110001011001101011011100101110111101001010110010101110001001011100101111110010001001110,True,True,True,True,True,True,True,True,True,True,73,68,35,0,9,10,6,65,64
974,00010001110111000100010111111010100101101100100010100000001101011111101110001001110111000011000001000110101011101111100010010100,True,True,True,True,True,True,True,True,True,True,62,63,33,7,8,10,11,64,64
975,00011101101011100100010101100011101010101111101011010100111001100001111010010011100100010111011100001110001100000101001011001000,True,True,True,True,True,True,True,True,True,True,63,69,36,4,11,8,8,64,64
976,01001000101011010110110111011101101010100001111110010000011000111000011110000111101111010000011101101101000110110101101110101111,True,True,True,True,True,True,True,True,True,True,70,66,36,7,7,3,8,63,64
977,00111000101111011011011010110100111110110111010011100011000001111001001001100000101011010100101010011100101001100111110000001100,True,True,True,True,True,True,True,True,True,True,65,67,32,7,8,6,5,64,66
978,10000011111101110001001101101100101110010101001010100101011000010111110000100010100110010011101100100010111110100011011111001100,True,True,True,True,True,True,True,True,True,True,65,68,35,4,10,11,7,64,64
979,11100110001001001011100000110001001010100001011100111010011000101111000111000101100111110011111101111110101011110011100001011011,True,True,True,True,True,True,True,True,True,True,69,61,27,4,9,9,8,65,64
980,11011100110111100010001000010110000111100110001010100001111001111101000100101001000001100001110011110100101100111111010110001100,True,True,True,True,True,True,True,True,True,True,63,60,25,6,6,8,10,64,64
981,11000000011111001000001000100000001010100101010010100111001111001000100001100011010100000110000111100111101000100100100100100111,True,True,True,True,True,True,True,True,True,True,52,61,29,14,6,13,10,64,64
982,11011100010000010001111001101000001100100101110110001100001010101101100010100111101111111111110001001100111111110111100001100100,True,True,True,True,True,True,True,True,True,True,68,56,23,6,5,8,9,64,63
983,10101001001010011010010101111110000001111100100011101110001010100111101101101010001100001010011100111010111110110110010011010011,True,True,True,True,True,True,True,True,True,True,68,71,39,4,9,7,5,65,64
984,11001000010111010111001001011110001001111011011101111011110111000110011110001111011101101000001000110110101111010100011111110001,True,True,True,True,True,True,True,True,True,True,74,61,29,3,5,6,8,64,66
985,00111011100011001000000100011000000100111110100000011001111010100111101110001001011100000011101010000111101111110001001011111010,True,True,True,True,True,True,True,True,True,True,62,55,25,13,4,7,9,66,64
986,00010001101001100110000100100110101001101011101001000100000011111111101101100101100000010001111011101100101100011111100100001010,True,True,True,True,True,True,True,True,True,True,61,63,30,8,5,10,9,65,64
987,11000101000000001110001110001001000110001101001010001011101011000110100000011001011111001110101011101000011110111000111110100010,True,True,True,True,True,True,True,True,True,True,60,62,31,9,7,7,12,63,65
988,11111100001000001100101110101100001100000100001010110011101101001010011000011010000000011010001010010100101110111110101011010011,True,True,True,True,True,True,True,True,True,True,59,67,37,13,10,8,8,66,64
989,10001011101001100011010001011111011000100001100111000110110001011111011111010001010100011001000011110010011001011100111101011001,True,True,True,True,True,True,True,True,True,True,66,65,30,2,7,8,10,63,65
990,00111010011100111101101100100010101111010001000000111111111100110010000010011001111011111011101110100110100100000111000010010011,True,True,True,True,True,True,True,True,True,True,67,58,24,8,2,8,6,63,65
991,00111111001001110101100101010010000001100010111100000111011100110001111100011110111010010111001011100010101111110010011101110000,True,True,True,True,True,True,True,True,True,True,68,59,26,6,8,8,6,64,62
992,01010000101101100100101010100100110101111000111100100111011001111000000001001100011011000001101000000111110111011110100101111011,True,True,True,True,True,True,True,True,True,True,64,64,32,11,7,7,6,64,64
993,00111000001010010001011111010100100001111110010010100110111101010000110110001011001101100110001000000011100100110010111111110011,True,True,True,True,True,True,True,True,True,True,63,62,28,8,7,10,7,64,65
994,01000101001010101011101000110011101100101000100101101101110100110100011000100100110101101000010000000000101010010001110001111011,True,True,True,True,True,True,True,True,True,True,57,74,43,8,10,10,9,64,64
995,10001001011100011001010000001011000111111101011000101000001001110101111001000101110011011111100111111000010111100001101111001110,True,True,True,True,True,True,True,True,True,True,67,58,27,7,8,9,9,64,64
996,00011110110100110011101111001000111110010011001111010011100110010100100011001000111010101110011101111101000110010001001111101111,True,True,True,True,True,True,True,True,True,True,71,62,24,0,3,7,6,63,64
997,10011000011100001111101010101000000111111001011110011010101011110110101011011101010010101011111001011100110011110011101001001110,True,True,True,True,True,True,True,True,True,True,72,70,41,5,14,4,3,63,64
998,10100001100001000110100000001010001111110001101100101001010001101010010101111110110101001000010101110000101110011011110111000010,True,True,True,True,True,True,True,True,True,True,60,68,40,9,10,9,10,64,66
999,00101001100111100011110001110101010010100010011100111110010110101101011011010000110101011010001101111101110010110100001010001000,True,True,True,True,True,True,True,True,True,True,65,73,41,2,11,7,7,64,64
1000,01101111001010100110110011100010110110100000001111011100101101001001010000001001100101101111101001101100101101111111011011110100,True,True,True,True,True,True,True,True,True,True,69,69,36,7,7,8,3,64,64
