key_id,key_bits,overall_passed,frequency_passed,run_count_passed,run_L1_passed,template_4_1_passed,template_4_2_passed,template_4_3_passed,template_4_4_passed,linear_complexity_passed,blind_spot_complexity_passed,frequency,run_count,run_L1,template_4_1,template_4_2,template_4_3,template_4_4,linear_complexity,blind_spot_complexity
1,00111000100001001110010000010111010111111111011111000000100011101100101000110100000110011010100011111010100010100011010001111000,True,True,True,True,True,True,True,True,True,True,61,59,29,8,6,7,11,64,63
2,00000111010101100100111110110110110011000011001101010000101100011101111000001000011000001110010111011101000100001111110110111011,True,True,True,True,True,True,True,True,True,True,65,60,26,10,5,5,9,64,64
3,10010001010101101100101010111101111010000110101011011010010100110011100001000001011011110001111110001011111101010110001000100000,True,True,True,True,True,True,True,True,True,True,64,70,42,6,13,9,8,66,62
4,01111000000001111111100110000110110111110010001100110110110100011101101101111100000110111111011001110111101001100111000111101011,True,True,True,True,True,True,True,True,True,True,75,54,19,8,1,1,6,64,64
5,00101010111011011010101100110011011010100100011110011101110101111100001010101111001011100001110101010110101111111011000001011000,True,True,True,True,True,True,True,True,True,True,71,73,44,4,16,5,4,64,64
6,00011011010000100001101111100100111011000011010111111111010011101101000001111110110111110011000101011110100110010010010110011010,True,True,True,True,True,True,True,True,True,True,70,63,30,5,4,6,6,64,64
7,00010001111010111000111001111101000111111100001000101011101001101001011111010110101010101111110000110000100101111110110000101010,True,True,True,True,True,True,True,True,True,True,69,65,39,4,12,7,9,64,64
8,10101001111011100110100011000011010111010000011010111110111100111111001000111101101011010000110111000110011010011010011111010110,True,True,True,True,True,True,True,True,True,True,72,66,33,4,5,1,6,63,64
9,01011000111000001100000100101111011110010001010010100100011101110100100000001110001110111010101000011000011101000110000010001110,True,True,True,True,True,True,True,True,True,True,56,61,30,12,6,8,12,63,64
10,01101011110000001001101011110101011110000100010110100110111111100010000010000110101100110010100110110111001110010101100001100101,True,True,True,True,True,True,True,True,True,True,64,68,36,8,10,8,7,64,65
11,00101010010011001110001111100110110110001111100011011111001011011100100001101011011011010110010001100001010011010000110010000011,True,True,True,True,True,True,True,True,True,True,64,66,28,5,6,7,8,61,66
12,10101111010010101101100111110001011010011000001101110100100101111110111101111100101111001010011000010000100001011101011010111000,True,True,True,True,True,True,True,True,True,True,69,68,38,5,10,9,5,64,63
13,11001111110101110011111110011110000010101111011010010111110000101100010100110101001010111100010111101100011100000010001101101110,True,True,True,True,True,True,True,True,True,True,71,62,32,6,10,7,7,64,64
14,10011011100100011100000001011110111100110001111000110100110111100111111011010101101011010111000001110001100001000110010111000000,True,True,True,True,True,True,True,True,True,True,65,58,24,10,6,4,8,64,61
15,01110000000110100000110001100011101010001000001101001000110110011011110011000010101010111001001000000000110000111101010000001101,True,True,True,True,True,True,True,True,True,True,52,60,29,19,6,5,11,65,66
16,01010001011100001101000001100110111100000100011001010010011000011001100001110010000110001101011110000011001001001110111110001000,True,True,True,True,True,True,True,True,True,True,55,59,22,10,4,8,11,64,64
17,11010101011111111101000010110000101100010111000100100010000111001101010111001000101000001011010111101011110010000010100101001000,True,True,True,True,True,True,True,True,True,True,60,70,43,7,14,13,9,66,64
18,01001011011110010101001000100101000011010110110001101101011100100100110001000110011010101010000010100011010001100010100000101001,True,True,True,True,True,True,True,True,True,True,55,78,46,5,12,11,10,63,64
19,11000111000001000000100101111101110111100000011010001100010110010010110001100111110001001011010010011011001001010100001010010001,True,True,True,True,True,True,True,True,True,True,57,65,31,9,7,13,10,64,66
20,10100010110010000010100000001101001110001011111000111011111001111110111110001011000110110110011010101001101110111101000100111010,True,True,True,True,True,True,True,True,True,True,68,64,33,6,6,6,8,63,64
21,00010110110000000111100100110001011011000001010100101101100000010101101101110100111000101101000000100011000101110011001010011110,True,True,True,True,True,True,True,True,True,True,57,67,34,12,10,10,9,63,64
22,10101100110101010100000110000110011101000011011000111101000101011000110111110110111001100011110010101001100010010001010010110000,True,True,True,True,True,True,True,True,True,True,61,70,36,5,10,6,9,62,62
23,10010101010100010111101000001100100110011010100001011111010010110010001101111010101101001000110001011011001111010110000111101111,True,True,True,True,True,True,True,True,True,True,66,73,42,4,12,8,7,63,64
24,11101011100100010000101000101110010100111010101110011110101000010101101111101100110110010000110101000001101110011101101111101110,True,True,True,True,True,True,True,True,True,True,69,70,39,5,10,7,6,66,64
25,10100000011011111000100001000000010100111110111011110101011001101010010000001110011001010011100110101111110110010110100010001111,True,True,True,True,True,True,True,True,True,True,64,63,33,11,7,7,7,65,64
26,11010110001011111101011110010100011110010110011110100001111000111000000011001100100110000001111010011000100100101110110101000011,True,True,True,True,True,True,True,True,True,True,64,61,27,9,7,7,8,66,66
27,11011111110000010010111010011111000111111000100101101010011111101101010100010100001010001110111110101001100100111010010111001100,True,True,True,True,True,True,True,True,True,True,70,66,36,3,9,8,6,66,64
28,10110111111001011011111001011101100001100100101000000011110111011000100100000100000001010100100000001000001101100110010001000110,True,True,True,True,True,True,True,True,True,True,55,60,29,17,5,12,9,64,64
29,11101111111001101110110100010011111101101000101001011101011101000100011010100111000001111111111000000001110111100100001101110000,False,True,True,True,True,True,True,True,False,True,70,56,27,9,4,5,7,68,62
30,00001001111110010101000111011111110001100000100101011101011011110010000111010011001010010010000011010000001101110100001100101101,True,True,True,True,True,True,True,True,True,True,61,64,33,10,7,9,8,63,65
31,11101100000110001101001110000000010101001110001000110011001000100111100110011111000000101101110000010011011101110111010001110011,True,True,True,True,True,True,True,True,True,True,61,57,20,12,3,6,9,64,65
32,01101100011011110011100011011001100101101111101110100110000111001111101010100101101001000011000100000110011100011001110001001001,True,True,True,True,True,True,True,True,True,True,65,64,25,4,4,6,8,65,65
33,01110100000000100111111011110111011011000000011000000000110111100111000110100111100110000100100110000100111100010011010111110111,True,True,True,True,True,True,True,True,True,True,63,52,19,17,1,5,7,60,64
34,01001001010111111011000100011011011010000001100100001100110111100110010010011101011011011011100111101100101001111011001110110101,False,True,True,True,True,True,True,True,False,True,69,70,33,4,5,7,4,68,64
35,11101010011110011111000110001110100110111000100100000000101000101111101011110011011100011001000010000011111100000110010100000111,True,True,True,True,True,True,True,True,True,True,62,55,23,12,5,7,10,65,66
36,11100110110000101010110100000101011000100101010010110111001010100001011000111111000001110010000000101011000010111000111111001110,True,True,True,True,True,True,True,True,True,True,60,66,37,11,14,10,9,64,64
37,01010101011000000111011111010000110010101001010010001100001111011011000111010000011100110110111110100111101001110011000111111011,True,True,True,True,True,True,True,True,True,True,68,64,32,7,7,3,7,63,64
38,10100100101011110001110010011111001110110111110101010100111001100010011000000001111010101011111011110110101100111101101000101110,True,True,True,True,True,True,True,True,True,True,72,68,38,5,10,5,4,65,64
39,11011010111100010011100010110110001110001001111010000000000110011000000010000000001111100101111100001110001100101111011000011000,True,True,True,True,True,True,True,True,True,True,57,50,17,19,4,6,10,64,64
40,10010100011010010011010110000100001100011000100110110000011010000111110011011111000110011101111010001101011010000001100011000001,True,True,True,True,True,True,True,True,True,True,58,61,25,10,3,4,12,64,67
41,00101100010010111100010111010110110110010000000001011011101100101011011011101111010101110011010111110010101001110111000101010010,True,True,True,True,True,True,True,True,True,True,68,75,45,6,14,10,4,64,65
42,01000010001001111100101001110111011011101101110110100110011111011001001001101000110101110100001111111011010110011001011001011010,True,True,True,True,True,True,True,True,True,True,71,71,36,2,5,7,4,64,64
43,01011110101010010110000011011000100010100010000011000010001010110111001011000100110110110100011111100011000001100010111000011000,True,True,True,True,True,True,True,True,True,True,56,65,32,8,9,9,13,64,64
44,01110001010101010000111001101100111010111101010101001011001100111010001101001111001001011111110100111001001011101111100110100010,True,True,True,True,True,True,True,True,True,True,70,73,41,1,11,7,4,65,65
45,00100001110101000000101100101011000000011001010010100100000101001111101001101000010001000101011100110100010000000111001001110110,True,True,True,True,True,True,True,True,True,True,51,67,37,15,9,12,9,64,64
46,11111111100011111111010100011110011110110101001111100010111110010010110011101101001010110100111000010101101010111001010111000000,False,True,True,True,True,True,True,True,False,True,74,64,36,4,12,6,4,67,61
47,00111100001011100110011001100001100001100011111111010101001001011001000011100011011111100101010001110100100010001011000101011001,True,True,True,True,True,True,True,True,True,True,62,64,29,4,9,9,10,64,65
48,10110010010000100100111011011000011100110110011100001001110010101100000100011001010000010111001010110000000111010101011110111011,True,True,True,True,True,True,True,True,True,True,60,67,33,11,9,10,7,63,64
49,10100100000000001110010011111110101000110101111110100111110100111000010011010111000011001010001011000100000011000011001010010011,True,True,True,True,True,True,True,True,True,True,59,61,30,13,6,8,8,64,64
50,00101000110010010100001011101010100000111100100101111011101110010111100001100100000101011011001100110110000110000000100110000101,True,True,True,True,True,True,True,True,True,True,57,66,33,12,10,11,8,64,65
51,10000111101100010010010010000001101011000001001101101111001010011101001101101100010011001011110111000010110000001000101110110110,True,True,True,True,True,True,True,True,True,True,60,66,31,10,5,11,8,64,64
52,10010101010000101110101011111011001111100001101000001100010110110111000111101100110110100001100001111100100101110001100011101111,True,True,True,True,True,True,True,True,True,True,68,63,30,6,8,5,9,63,64
53,10110101110110000010010010000000000001111000100110000001101000100000110100001010001111100101111110111001110101100000101001101110,True,True,True,True,True,True,True,True,True,True,56,58,29,19,5,8,9,64,64
54,11101111101110010001110001000111101111000111110110000101001110010011000111010101010001111010011100101000101100110101011111011000,True,True,True,True,True,True,True,True,True,True,70,64,31,1,8,6,8,65,63
55,11000110111010001011111010010101110111010110101011010001000101111100001001111011010001000011011000001111001111101100101100001110,True,True,True,True,True,True,True,True,True,True,68,66,35,5,8,7,9,64,65
56,01111010000011111111010101101010000111011101001111111001011010001111101110001000000000100110000100111110101001110101100011000111,True,True,True,True,True,True,True,True,True,True,68,58,30,10,6,4,8,64,64
57,01101011001101011011101001010101000000000010111101001110001101011010011100100010010111000011010110110111111110100110111100000010,True,True,True,True,True,True,True,True,True,True,65,69,40,11,9,6,5,64,67
58,10111100111110110101010010111101101010100011110001111000011011001100110011010001110010000111011100110010110100000011110010111001,True,True,True,True,True,True,True,True,True,True,69,65,30,5,7,4,6,64,65
59,00110110100100010111010110100010011000000101100001000011010110101011000001001001000011001001011001011100111110100000000000001000,True,True,True,True,True,True,True,True,True,True,50,65,34,18,8,12,8,66,69
60,01010010011010111010100111101111110111111001110100001101100000110101100011100001110110100000011111100010011000110000011001101110,True,True,True,True,True,True,True,True,True,True,67,59,26,9,4,2,8,65,64
61,01010001101011111001101110100110101000101000000011010100011000110010111001011001100010100101110101001001000111101000101101000011,True,True,True,True,True,True,True,True,True,True,60,74,42,5,11,8,9,64,65
62,11101110010001100011101100110101111011011010110011011001000001010011100111101001000010111011101100101010100101100001000100111100,True,True,True,True,True,True,True,True,True,True,66,70,34,4,8,9,6,64,63
63,11001110000101101010111001011100000001001101010110100111000011000011100000101011101111011000001010011000000010101110011010001100,True,True,True,True,True,True,True,True,True,True,58,64,32,15,11,6,8,64,64
64,10010100111010101001110101001101001111000010101101110001011101001100011010001101101000011110110111000011111001010100001000111110,True,True,True,True,True,True,True,True,True,True,66,70,39,4,9,5,8,66,64
65,00101001111011010110101001100010000110101011001100011010011010011110111101100010110100101000100011100001110101001110001101110011,True,True,True,True,True,True,True,True,True,True,65,72,36,2,8,5,8,65,65
66,01010100001011010101010100111001110101010010011011101001101000110010111011100101111111111101011110011110101001001000100110100001,True,True,True,True,True,True,True,True,True,True,69,76,48,2,13,7,4,64,66
67,11000011000110010000110110101001111110011111000001101010010010010110111101010011001100011010110111011110110001110011110111010110,True,True,True,True,True,True,True,True,True,True,70,66,30,4,6,4,6,64,64
68,00000010111100001001100011001111111101110011001001110100001011011101000000010101001001010010011001111000010001010100111110101010,True,True,True,True,True,True,True,True,True,True,60,65,35,10,9,10,7,66,64
69,10110110011001011110101101001001100110110001000110100110001100000010111100001010110100101110110110100011010000001001010110101110,True,True,True,True,True,True,True,True,True,True,62,74,40,7,9,8,7,65,64
70,10000111111001110011111000000010000011001001010101000001001000010101100111111001011110101111011001100000010001001101010010110101,True,True,True,True,True,True,True,True,True,True,60,63,34,13,10,10,7,63,64
71,00001101100101100101101100111010111010011101011111100010011111111110111111110001111011001100011011110011101111010101110100001111,True,True,True,True,True,True,True,True,True,True,80,58,26,2,6,3,5,64,64
72,01110001000001001001100111000101100011111010101011111101001000100000001000111100010100000001100000100110111000111111010011111101,True,True,True,True,True,True,True,True,True,True,60,56,27,12,5,9,11,64,65
73,11001110001100100000011001001100100010101000100100110011101000011110101100111110000110111000000100110111110011110001011010001110,True,True,True,True,True,True,True,True,True,True,61,60,23,8,4,8,9,65,64
74,00111000010110010010110101101100000010011001110101110010011000111010110110101111101110110001100001001101011110000000010001011011,True,True,True,True,True,True,True,True,True,True,63,66,31,10,8,8,7,62,64
75,10011001001110011001101110110111000110000110101100101101100111110011111111111110100100110101010011000001001110101111110001100001,True,True,True,True,True,True,True,True,True,True,72,61,25,4,5,4,5,64,65
76,10011000111100001011100110100000111000001000001100100010111111000111101001110000111000100000110000100000110111000101001001001110,True,True,True,True,True,True,True,True,True,True,55,54,20,13,3,9,13,63,64
77,10010010101111111011101100110100110110011100010001110001111011001100001011101000011101001110010111100111110110000011000111110001,True,True,True,True,True,True,True,True,True,True,70,59,23,4,4,5,8,64,66
78,11100100101110111000011111011001011001110111011100100110001000011100011101011111001110101100111010101111010110110011101011011101,True,True,True,True,True,True,True,True,True,True,76,67,32,2,8,5,4,65,65
79,00110001101010101101110111100111010101001101100010001101101000000011101001010010001111011110111100011110011100110100011101010001,True,True,True,True,True,True,True,True,True,True,67,68,35,4,7,3,8,64,65
80,01101110000010111110100011111111100000111100100001100111001110001010010110111110101010000000011011010100101110010110000110011100,True,True,True,True,True,True,True,True,True,True,65,59,28,11,8,6,7,63,63
81,10110011110110111111101111100110111001111111010101010000010110111011010101001001000111000011111111001011111001011000101001011000,True,True,True,True,True,True,True,True,True,True,75,64,35,3,10,7,4,64,63
82,00111001000111110010101100111001000101100110000011111001101111011111110001101100110101001111100011001010001101001111100000101110,True,True,True,True,True,True,True,True,True,True,69,59,23,4,6,6,7,65,64
83,01110011111011111110100100000100111011010111011001101111110001010010011101100101001001111000111011010111010011011101101101100011,True,True,True,True,True,True,True,True,True,True,75,66,31,2,4,6,4,64,65
84,11110011100111011110010100010011100010001000110000111100101011001100110010000001010001100000101011000001110010000000101011100000,True,True,True,True,True,True,True,True,True,True,54,58,24,14,8,10,10,63,62
85,11010001001001111101011001101110001100100100111110110111110010110000001111001111011010101111101000101110011101101001011101011010,True,True,True,True,True,True,True,True,True,True,73,68,35,3,7,7,4,64,64
86,01110100011100100011011010111000001111010101010001011110011110100101110101111100100111111011111001100001100010010110110010001011,True,True,True,True,True,True,True,True,True,True,70,66,34,3,9,8,7,63,64
87,11010010001000010011101011011011011110000111010001001101000110110101001101011010110001000000000011001001000101110100110001010010,True,True,True,True,True,True,True,True,True,True,57,72,39,9,6,10,9,64,64
88,01111010111101011001000001100010101100100010101001000101101100100101100011101100010000110001001000110001100110001111110110111010,True,True,True,True,True,True,True,True,True,True,61,69,34,3,8,11,11,63,64
89,01111101000010101011111011010001001110010011001010010000111101111100000000010101001001111011011111111110001001001000100011111000,True,True,True,True,True,True,True,True,True,True,65,59,31,8,6,11,7,64,63
90,01110000110011111011010011101110001101001100000010101000110000100011000001000010100111011111100111001000011111010001111110110001,True,True,True,True,True,True,True,True,True,True,63,56,23,9,3,5,11,64,66
91,10000010110100110001000000010010000110001011100000011100011110000000011111111101111011001011001001010110011101011100001110111010,True,True,True,True,True,True,True,True,True,True,60,56,26,16,6,8,9,65,64
92,10010101100111110010110110110011010100110010101010111111100101010011010011011001001011100011000001000100110011001110000000001001,True,True,True,True,True,True,True,True,True,True,62,71,36,8,11,9,4,64,67
93,11100110010111111011001011000011010001101011001010110101101001001100000111101100111011110111110011110101111000100101011100101010,True,True,True,True,True,True,True,True,True,True,72,70,37,3,11,7,4,64,64
94,00010100010011001101110000101111100100011111011101111010000001101100001010001110000001001000100001110010100010001000100011101010,True,True,True,True,True,True,True,True,True,True,55,61,30,9,5,12,14,64,64
95,01111101101001011100001110101111000011000100001101111100011101110111110010000010001110110100100111100011101100000101101101011101,True,True,True,True,True,True,True,True,True,True,69,60,28,7,4,6,9,65,65
96,11100010000011000111000010011000001111000010000001010101011011110011100100001111010010111001011100011010100110011111000110110000,True,True,True,True,True,True,True,True,True,True,59,58,24,11,7,7,10,64,62
97,11110101111101011001100101101111000000010000010110000101001010100001010001111001000010111011111010011100111001101111110110010110,True,True,True,True,True,True,True,True,True,True,67,64,34,9,10,9,6,63,64
98,01111101110101100100111101001011100110001000000100100111110101000010100110100010111000101111100111110001011010111110110011110100,True,True,True,True,True,True,True,True,True,True,69,65,34,4,8,9,6,63,64
99,11111101110011011111000001110101001100111111010001110010010011101111101110110000110000101111100001011110100000010101111100000000,True,True,True,True,True,True,True,True,True,True,69,52,23,13,5,5,6,63,60
100,01000000110000001110101100001000111110100100011000100110110100100100001001010001111111100101100101000010010010011101000000001010,True,True,True,True,True,True,True,True,True,True,52,63,33,14,5,13,10,64,66
101,01010001111100100101000000001111010010101001110111010100111011011001000010111101010001101011111100100111001100010101001001011001,True,True,True,True,True,True,True,True,True,True,64,72,42,6,11,9,5,65,65
102,10100100001110110000111111010110001001100110000010011111010011010011010100111110110000110110010101101101011100010101000100100110,True,True,True,True,True,True,True,True,True,True,64,70,36,5,7,7,7,64,64
103,10101100100101110100000111000100111011101000000010101001011111001000101111111001011011110110011001011111111011111111110000110100,True,True,True,True,True,True,True,True,True,True,72,60,32,7,8,9,5,63,64
104,01100101111010110100001010111100110011000010111011111101000000001011000000011100110111100111001001010010110010011101100111100000,True,True,True,True,True,True,True,True,True,True,63,61,28,13,8,8,4,65,62
105,00101100011011100111000000100000010011010100111010011000110000110111011000011011110011000011010110001100101111010111010100000101,False,True,True,True,True,True,True,True,False,True,60,64,29,11,7,5,9,67,66
106,00100010010110111101110111100111001000000100001011010110111010001011100111011011010001011000000111110100111100010011001111110101,True,True,True,True,True,True,True,True,True,True,67,64,32,7,6,9,7,66,64
107,10100010111010001110010101101111100011100101111110100000110110111111110010011001010010110010100111000100010111100010100110001011,True,True,True,True,True,True,True,True,True,True,68,67,35,2,10,11,8,65,64
108,10100101110011100000100000101001001011100010011010110011101000001010110110100100101001110001011100111101010001111001100010010000,True,True,True,True,True,True,True,True,True,True,58,70,37,7,9,12,7,64,62
109,11010011101100010010100110010011011100100000011110000110010010001100111100011000100101010011101101100000011010011011100001110111,True,True,True,True,True,True,True,True,True,True,61,63,24,8,3,8,8,64,64
110,10010001101011110100101000011111011010101001010001100001010110000001100100011000000000011100111101111100010100010011011001110110,True,True,True,True,True,True,True,True,True,True,59,64,33,12,8,7,9,64,64
111,11111011011100010001110000001000011000101001111110011010100010001110101100010100001100111000011011111000100001011001111101001001,True,True,True,True,True,True,True,True,True,True,62,59,26,7,5,8,12,65,65
112,11011011011000101100010100011111100100111111011001101010111011001010111000100101100101010100001100101010101010111111101010100000,True,True,True,True,True,True,True,True,True,True,68,76,48,3,18,8,5,65,62
113,10100100011000011100101010101011100110100000011010010101011100001111001111010100000010001100000010001101111100001011101000001111,True,True,True,True,True,True,True,True,True,True,58,63,35,14,10,6,10,64,65
114,11000001010101010101101100111010010011000101000110000001011011001101000100011000111100100111010100110011101111100101010001000110,True,True,True,True,True,True,True,True,True,True,60,72,38,5,11,8,9,64,64
115,10010011010110101000000110001101110001010000110100011111111110010101010111001110010001001011010010001110010000111111011011111010,True,True,True,True,True,True,True,True,True,True,66,66,36,5,8,8,8,64,64
116,10101111011100100001110001110000101010000101100000010010101111010101111100000010001011111000101000100010110111101101001011101000,True,True,True,True,True,True,True,True,True,True,61,66,40,9,12,11,10,66,63
117,10100000111010000101010000111111001111010101001000000001100011111110101010001010110101110110100110011110100111100011001001010110,True,True,True,True,True,True,True,True,True,True,64,68,41,9,11,5,7,66,64
118,01011100110010110011001100010101001010000001000000010001001000011000000000000110001011111100101111001110011101101001001001110100,True,True,True,True,True,True,True,True,True,True,53,61,28,17,7,11,7,64,64
119,01010010110111111110000111000000101001000010000101111111110001010101000100101111101001100101011010011101011101101001010111111101,True,True,True,True,True,True,True,True,True,True,69,68,44,6,13,10,6,65,65
120,10111100111111111111001000100011010010100001100011010011110110100101011001011001101000001110101001110011100100001010110100111010,True,True,True,True,True,True,True,True,True,True,67,68,36,4,7,7,6,64,64
121,01101110110001011011001110100111111111010101001011001001100010101010000101101110000100011101100000011001010100000110111100111010,True,True,True,True,True,True,True,True,True,True,65,69,38,7,10,7,7,63,64
122,01000000111100001100011100101011100100111100001011111000010001011011101010000001100010000110100110110000111001010111110110111101,True,True,True,True,True,True,True,True,True,True,62,60,29,11,7,7,10,63,65
123,10000010011100001000111101011101000111101111101111010011000100110110000010001100000001011101011001010011111011001111100010010110,True,True,True,True,True,True,True,True,True,True,64,60,28,9,5,8,9,65,64
124,11010101011101010010000111101101101110011110000001011110100110101110000100001010110000101010011101100000010101100010110110000100,True,True,True,True,True,True,True,True,True,True,61,70,41,11,13,8,8,65,65
125,11100000100000000110011001000111001110011010011101001110011100111110111011001010100110011110110001111111011111000101100110101001,True,True,True,True,True,True,True,True,True,True,69,59,22,7,4,4,5,63,65
126,01000000101100000110111100111110010010000000011000011011001011110101000110101000011010100000011011000111101110011000001111000011,True,True,True,True,True,True,True,True,True,True,57,56,24,18,5,4,10,65,65
127,11010001101111001100010101000110111000111110101101101011110111100110110111011111110010110100000100101000101111100011100100110101,True,True,True,True,True,True,True,True,True,True,73,67,35,2,8,6,7,64,64
128,11100100111101111011000111001001111001111000010100101100110110100011010101011100000101001101100001000110001110001001010000010101,True,True,True,True,True,True,True,True,True,True,62,67,33,6,9,9,9,64,64
129,01010011010100110010001001110011000011110111111010010111000000100111001011001010111111001101010111101111000111010111110100110000,True,True,True,True,True,True,True,True,True,True,69,65,33,5,9,6,4,64,62
130,01100011011011111010011011001000111010001011001000101111011110111100010011110111111111111011111010000001100010111001110100000101,True,True,True,True,True,True,True,True,True,True,73,58,28,5,4,7,8,64,65
131,00011101010001001110011110001100101110110100111001110111111110001011010011100110011000000111110000110000111001001111100010010001,True,True,True,True,True,True,True,True,True,True,66,56,19,5,3,6,9,64,66
132,11010010100011110001110100110010101101011001010101111100011100100001111011010101111111010101101000101110000011101111110100011010,True,True,True,True,True,True,True,True,True,True,71,70,42,3,12,5,7,65,64
133,11010001110000001010001010100100110010101100001100010000011100110001101011111101111011111101011011101100001111000001011110110010,True,True,True,True,True,True,True,True,True,True,65,62,31,9,8,7,9,64,65
134,11110110011101101010000001110110111010100101011010000101100101101011000011101000010000110110100100100111111100011111111101000100,True,True,True,True,True,True,True,True,True,True,67,66,36,7,7,7,7,65,64
135,10100111101110011010110101011101011101111011010110100110111001001111101110100001011110111000010010100101100101101100100011011111,True,True,True,True,True,True,True,True,True,True,75,73,41,2,9,7,3,64,64
136,10101101010010100111001010101111010011110001010101001101111101011101101011000101101101001001111110000000110101000000110101010010,True,True,True,True,True,True,True,True,True,True,66,78,52,7,15,6,4,64,64
137,10100011111011010110011101011010101100010100010010001110010100000101100111000111010110111100100010000110111000111111011110100100,True,True,True,True,True,True,True,True,True,True,66,68,36,3,8,8,9,62,64
138,10111111010010001000110001000010001111110001110000010110110100011011111101011100100010100011101000110101111110011100110000111101,True,True,True,True,True,True,True,True,True,True,67,59,28,4,4,7,12,64,65
139,11110010100110001100001010000001111000011100111000111111111101010011101000010001000001000011100110111010000111100011010111111110,True,True,True,True,True,True,True,True,True,True,65,52,22,10,4,5,11,64,64
140,00001010010101111100100010000010001101110010100101100100110001110010101001011001010100110100100100010011101111111100110010000101,False,True,True,True,True,True,False,True,True,True,59,72,39,4,11,16,7,64,65
141,00000011001100001010100001100100010011010011010011000110101111111110000110011001011111101100111011101000010010111001110010111111,True,True,True,True,True,True,True,True,True,True,66,60,25,7,6,7,7,64,64
142,11011111101011101111011000101110010011000010010101111001011110100110101110010101000001000010010010011000100111101000110011111101,True,True,True,True,True,True,True,True,True,True,68,67,35,4,8,11,6,64,65
143,00111011011100111100110000101000100110010100010110111110000101011100100010100010010110001111001011010111001010111010000011010100,True,True,True,True,True,True,True,True,True,True,62,71,38,4,12,11,8,64,63
144,11111111111010111001011110011110000101010001010111110000110100010011100001000101111110101011101011101010110001101100000011101111,True,True,True,True,True,True,True,True,True,True,73,61,35,6,12,6,8,62,64
145,10101011111010010011000101011110111010000111110011001100100100000000100000011010100001011110010010101101010111101101111110100000,True,True,True,True,True,True,True,True,True,True,63,66,39,12,10,8,5,63,62
146,00111101000010111110100000111101101011101110101111101101010111101001111101100110110010010000100001100011110110000001001110111100,True,True,True,True,True,True,True,True,True,True,70,61,30,8,5,5,6,64,63
147,11101111000011000001100001001001111011111110111101010100111110010011001100100101001001010111001001111110000000011111111010100001,True,True,True,True,True,True,True,True,True,True,68,57,27,10,6,8,5,64,66
148,10001011101010000000110010110110000010011000000010100101110000010011000111011001110100111111111110101111011011100010010101110100,True,True,True,True,True,True,True,True,True,True,63,62,32,12,8,8,7,65,64
149,11000000111111111110000000110011101010000110001011110011001111110110110111000010111110111110001100000011001110010010000010100111,True,True,True,True,True,True,True,True,True,True,67,49,17,14,4,5,8,65,64
150,11111000000100010110111011100100110010110101000101011011001000101001000111001000010011010000111010000011001001100011111111111111,True,True,True,True,True,True,True,True,True,True,64,61,29,7,6,11,9,65,64
151,00110101111101010100100011010010111100111000000001010001001011101101100001010001100101101000010110110011001011001101100100101010,True,True,True,True,True,True,True,True,True,True,60,75,42,7,12,11,6,65,64
152,00100100100100001001111100110101000010001111110001010010111100110100110100001110000010001000100011000111101111111111100100000101,True,True,True,True,True,True,True,True,True,True,60,58,27,7,4,13,11,63,65
153,00011010111110001100100110000010001110001110100111100001110011001001000111101001011111111111100110011000011100001000011000001000,True,True,True,True,True,True,True,True,True,True,61,51,15,8,2,7,11,64,65
154,00001101011111001111001101011001010101011100000011000000010011111001101110000110111000111100001010000110100001011100111111000010,True,True,True,True,True,True,True,True,True,True,62,57,26,13,8,5,9,64,66
155,11001000011110110011011100011111010010001110000000011100000001001101110001111010111111010010111001000001011101001001011001111110,True,True,True,True,True,True,True,True,True,True,65,56,24,12,4,8,7,65,64
156,11000010001000011100111011111011001011101111101111001001101010011111110111010111000000100101000110000011000001110010101110001111,True,True,True,True,True,True,True,True,True,True,68,57,25,9,6,7,8,64,64
157,10110010010100011110101100010110011001001001111111011000001101011011010111110101100001011110111111101010111010100000000111110001,True,True,True,True,True,True,True,True,True,True,70,65,37,8,10,6,6,66,64
158,00010110100101100000010101011100101010101000000010010110111100010101100101010111110001000011100000110000111010100110001110010100,True,True,True,True,True,True,True,True,True,True,56,71,43,11,17,10,9,64,63
159,00111010100001011001111011000111100000010101111100110000101010011100101011100001011001000011101001101110000011110000011000011100,True,True,True,True,True,True,True,True,True,True,60,59,26,12,9,6,9,65,63
160,11101000011110000111010010111011011101111010100001001110011001111011010100110010010101011000010000010111111111011001100111001010,True,True,True,True,True,True,True,True,True,True,69,66,34,6,8,7,5,65,64
161,10000001011100100111110001011110111100001110101110010000110101001111110000001001111010100100000100010001100100100010000000101010,True,True,True,True,True,True,True,True,True,True,56,60,32,14,7,12,10,64,65
162,11111101110101000100110101101011000001001111100101110000010110001111101001111010011010110110100000100000000010111001010010010010,True,True,True,True,True,True,True,True,True,True,62,66,37,12,8,10,6,65,65
163,00010101110101010100100010001001010011100100100000000101000101101001110000111110000010111000000000011010101110110001101110010000,True,True,True,True,True,True,True,True,True,True,52,65,37,16,11,11,9,61,63
164,11001100110100011101110010011101101110100100111001000100000111000100010010000011000100100111000000101100100100110010101111110001,True,True,True,True,True,True,True,True,True,True,58,63,25,7,3,13,9,64,66
165,11100101111111110011010010111111010011110001011001100010110011100011101110010101110010111011110000110000111001011110011001110000,True,True,True,True,True,True,True,True,True,True,73,58,22,3,8,7,5,65,62
166,10000001001001101111001010100001111111001011101100100011111110101101010010001110001001110011101001111100000000001100100110101110,True,True,True,True,True,True,True,True,True,True,64,60,29,11,6,8,6,64,64
167,10101011000111011000010111011101111000101101101110010111101000001000001111110111001101001100010001000100001010010110000000010101,True,True,True,True,True,True,True,True,True,True,61,65,36,11,9,10,10,64,66
168,01110010001110000011011001111101111111000010100101100110110000010001100011010000000000011011001110001001000101010011001100110000,True,True,True,True,True,True,True,True,True,True,56,57,21,14,4,7,9,63,62
169,10000110001111111010100100100000111010001001010111101001011101100111010110101110011101101011001010010100100101000110001001000011,True,True,True,True,True,True,True,True,True,True,63,73,41,4,10,11,7,64,66
170,10011101010011110110101000011101100010011000011111101000000100010111101101010011011110001000101000111010000111101101010011011110,True,True,True,True,True,True,True,True,True,True,66,66,36,6,6,5,9,64,64
171,01001111101011110000110100000100111111001110001010111011001111100111000101001100100001010010011111100101010000101001001100010111,True,True,True,True,True,True,True,True,True,True,65,64,32,5,9,10,7,64,64
172,00011101000111001111110111100011010101001000100111101010110101111110001110000010101100100100010011000010101111100001101010110000,True,True,True,True,True,True,True,True,True,True,64,65,35,5,11,7,9,65,62
173,00101000001100111111101111110111101110111110101101010100110011100101010111110111100000100101010100110110011101010100110101001010,True,True,True,True,True,True,True,True,True,True,73,73,46,4,14,5,2,65,64
174,10111000010010101010001001101011111111001011100110100100110011101101011011011000111101110011111001101000010011111101011111111001,True,True,True,True,True,True,True,True,True,True,75,65,33,2,7,6,4,64,65
175,01101100000011101010011100000001100101100000111101011111111010101010100001010000100110111100001101011100010000100010111001000110,True,True,True,True,True,True,True,True,True,True,59,63,35,13,10,7,10,66,64
176,00001010000110101110110010110011110100001010100101000100100110001111001101001000110001110011100111110111111101010010010010000111,True,True,True,True,True,True,True,True,True,True,63,66,32,4,7,10,8,64,64
177,10101000000000110111110011100011100001100000101111111110110100000001111010110011111101111101101101010110111111100011000110001110,True,True,True,True,True,True,True,True,True,True,71,52,24,13,5,1,8,64,64
178,01100101001001101111110001101010100000110101101000000110100001011000101010111010001001111000110001010110001000100101100111001001,True,True,True,True,True,True,True,True,True,True,58,72,40,6,11,10,10,65,64
179,00110101101001011000001000001001001010100000100001001001010011011001011100101011111010110110101110110000010101110110110101010010,True,True,True,True,True,True,True,True,True,True,59,79,50,9,14,13,5,65,64
180,10110001100101001100011100011101111101001100111100011001011001011100100000000001000001101111010101011010101110001100001010011100,True,True,True,True,True,True,True,True,True,True,61,64,30,10,9,6,8,64,63
181,11100010111110110101010101100001111101011001100000011001011011100100111100101000001001011110001001111011011011101011101010100010,True,True,True,True,True,True,True,True,True,True,68,70,40,6,12,8,6,64,65
182,11010011010110010010010000101110001110010011111100001110010010011001110011101110011010111000110010001101000110010110000111001111,True,True,True,True,True,True,True,True,True,True,65,63,22,3,4,9,7,63,64
183,00001011110101010110111010111110001110110101011101010111110101101110001101010001011000000010100010000100110111111011101110010100,True,True,True,True,True,True,True,True,True,True,69,71,45,6,14,6,7,65,63
184,11110001101011110000100000110011100001111000111011000001100100110000110010101100001001100011001010011010010010110010101101010111,True,True,True,True,True,True,True,True,True,True,60,65,28,8,9,8,9,64,64
185,00000001110011010001111010010110111111000000001011100010110001011011101010101100110001101101001010100110011001001111110001010011,True,True,True,True,True,True,True,True,True,True,63,66,33,9,10,7,7,64,64
186,10000110000110000001100110110011001001011111011110010101000001011101000111100110010100000101110100111110001011111101100111110001,True,True,True,True,True,True,True,True,True,True,65,59,26,9,7,7,8,64,66
187,01111000101111111111100110110110010011101110010001100011011000101101010000101111010010110101100111110110101100100011111111011001,True,True,True,True,True,True,True,True,True,True,75,64,31,1,7,7,6,64,65
188,00101101011111001011000010111010110100011101101111111111101111111001101101001000101110110111101011011101010010000100110011100101,True,True,True,True,True,True,True,True,True,True,76,68,38,2,9,8,4,65,64
189,01000100101001111100001001111011111010111011010001000011111000101011100001011011000001000111010110110111010100101101100111111010,True,True,True,True,True,True,True,True,True,True,68,67,38,5,8,8,8,66,64
190,10001110010110100100100001001000001011100100001010100101101100011010111011100000111010100101011100001111110000111101000000110110,True,True,True,True,True,True,True,True,True,True,59,66,36,11,9,10,9,65,65
191,10100100011111100110110001011011011110000010001111001010001111011111111101011001101101011011101111101011101010000011010000011010,True,True,True,True,True,True,True,True,True,True,72,64,35,6,6,4,7,66,64
192,11111110101000100100111010111011101010100000001101101110111100010001110011011011111101101001100010110001110010101011100011001100,True,True,True,True,True,True,True,True,True,True,70,66,33,4,8,5,7,64,63
193,00101010100101100101001110101100001100111110001011101100110101111000100101111110101011111110010001011110000101100110001010001110,True,True,True,True,True,True,True,True,True,True,68,69,38,2,14,10,7,64,64
194,10000100010111011111001110000001010101111000001000101101011100100101000000011101101000100111111110000001100010110000110101111001,True,True,True,True,True,True,True,True,True,True,60,59,31,14,9,9,10,63,65
195,01111101100001011101110100011011010011001000100110001101101111010110010100100010100110100110110100111111111111100101111101101001,True,True,True,True,True,True,True,True,True,True,73,68,35,1,5,7,5,65,65
196,01011010001111001000000010101001110110000000101000010000000001001101110001101010000011010101100011011111111110110010110110100100,True,True,True,True,True,True,True,True,True,True,57,63,35,17,8,7,8,63,64
197,10101110000101101010110011010000111100110011010101001110110100010011000001111011101010001100110000110001110001101100101110000100,True,True,True,True,True,True,True,True,True,True,62,68,32,6,8,4,9,65,65
198,00011011110110101000101010101111101010101100000100000010011110101010110011100010111111110111110010101111101111001101000100111101,True,True,True,True,True,True,True,True,True,True,72,68,43,5,14,6,6,65,65
199,00111110000101110101000011001111010010111101001011100101010110011011101101100101111000010000101110100100001111111001001011001011,True,True,True,True,True,True,True,True,True,True,68,68,36,5,11,11,5,64,64
200,11000011010001110110001101101100101010101101111100100010011110010111000000011000110100110010011000010111110111100000000110110110,True,True,True,True,True,True,True,True,True,True,63,62,27,11,6,6,8,65,64
201,10001111101001001111011011011110111000111011010101100010111010011010000111000110010000100101011101001001000011011010100100010011,True,True,True,True,True,True,True,True,True,True,65,71,37,3,6,9,8,64,64
202,11011110001001001001110000100110000100001010100101001011010001010000101011101000011101111110011111010000100001010100101001001100,True,True,True,True,True,True,True,True,True,True,57,70,40,7,10,14,9,63,63
203,10000001011111011100101100110011000100000011010101000010011000000000001100110001110101000110101100000110100101111110011000001110,True,True,True,True,True,True,True,True,True,True,55,58,26,19,7,5,9,64,65
204,10110110001000101111011111110100011000110110011001010110100110111111010010010111011110111101010011111100101111000100111001110000,True,True,True,True,True,True,True,True,True,True,74,64,31,1,6,7,5,65,62
205,01001010101000000001110110110100000011110000100101101010101111010111101010001101110001001011010101110001110110000000101111111111,True,True,True,True,True,True,True,True,True,True,65,66,42,13,13,6,7,65,64
206,11011101011010000001000101000001110110101111111100100101101001101101001000111110010100111010111100001111001000001010000010010111,True,True,True,True,True,True,True,True,True,True,64,65,36,10,8,10,7,64,64
207,01110001100000110001100010001110101000101000111011110011010000011111010100111000010001110100000110110110100010000011011100100110,True,True,True,True,True,True,True,True,True,True,58,61,27,9,3,5,13,65,64
208,10010001010100100101110011000011010101001000010001100010010011001000111110101111111011111100111011001010000100101011011111001011,True,True,True,True,True,True,True,True,True,True,65,69,37,3,10,13,7,62,64
209,01010000001101001001100100110000010011110010011000101010011101010000010100010100111111101011101101100011111000001010111100010110,True,True,True,True,True,True,True,True,True,True,60,67,37,9,10,9,8,65,64
210,10010010101010001010101010011111111000010011001011111101100110100010101100001011011001100110111011111000011100011010011011011110,True,True,True,True,True,True,True,True,True,True,69,70,38,3,11,7,6,64,64
211,00101111100001110011101001011101110000100011101100001111011000101111101000010110110010010111111011001111011011100100101111100001,True,True,True,True,True,True,True,True,True,True,71,60,27,5,6,9,7,64,66
212,11000111100000101000111101100110101100010001000000000110011110100100110001011010010110100000010010000001110001000011100001010111,True,True,True,True,True,True,True,True,True,True,53,59,27,16,6,10,12,63,64
213,00111111100010110100001011110000101111011000111100011110101001101010111010011001100110011110001100110010011101100010100100111110,True,True,True,True,True,True,True,True,True,True,69,63,27,2,7,6,7,66,64
214,10011011011001001011111100001000111001001111000011111001010011101010000001101001111000010000011011100011101010110101100110011111,True,True,True,True,True,True,True,True,True,True,66,61,27,8,6,6,7,60,64
215,10111110011100101011101110010000110110110000111010100111100001110100100111110110000100101010100101001111001111100100010001011010,True,True,True,True,True,True,True,True,True,True,67,68,36,4,8,9,6,66,64
216,00110000111010011010011110001101011110100110011100100101100110100001100110001111101000100100110000010000100011001111110100011111,True,True,True,True,True,True,True,True,True,True,63,60,22,5,2,6,9,64,64
217,00101011011001011011000111101101001010100001011001000111000110110101000000101100000101010011110011010000101100001100001010001111,True,True,True,True,True,True,True,True,True,True,58,70,38,9,12,9,10,65,64
218,01001111010010010001011111001100100001001101001110011010100100111110001000111110010001100101001100010101100111111010101101010001,True,True,True,True,True,True,True,True,True,True,64,70,36,1,8,10,7,64,66
219,10010111000101101111100101000000110110010100000000001111111101111111010001010001100100110001101100101011000001100010001010011000,True,True,True,True,True,True,True,True,True,True,59,60,29,12,8,9,9,64,63
220,00010001111101101101000110101011100000100101011101100010000100100101010011110101110101100001010110001110110100111100011110101011,False,True,True,True,True,True,True,True,False,True,65,72,42,4,12,8,9,67,64
221,01010101100001111000000001001110110011110100010010001011111110110010010101000101110101110010011100101110011010000111110010000110,True,True,True,True,True,True,True,True,True,True,63,65,34,8,9,10,7,65,64
222,01110001101001001001111110001111101011011110011101111001011110010010100111000010000001011100001110110000001010011011000011001100,True,True,True,True,True,True,True,True,True,True,64,59,24,9,5,8,7,64,63
223,11001001010010010011100110000011000100011010111101100011111001011001010101100110001101100010111111011100000000011111011111110110,True,True,True,True,True,True,True,True,True,True,67,60,26,8,7,8,7,66,64
224,00011101101110101001011101100010011000110011000101010001000110100011111010011010111000001110011111110111111100001111010010001100,True,True,True,True,True,True,True,True,True,True,67,61,27,3,5,5,10,65,63
225,10110100000001001111010010111100000110001010111001001010010001010000110011100110101110010001100111100111101011000110110110000110,True,True,True,True,True,True,True,True,True,True,61,66,31,8,7,8,8,64,65
226,11100011101001011010001010001101101100100100111001111101001011100110110000010111100010010100101111011100101101000111101001110100,True,True,True,True,True,True,True,True,True,True,67,70,35,2,7,10,6,64,64
227,10001001000001000101100100010010010110101001010111110001110101010000100011000000110100010000011101110011011101000011111111010101,True,True,True,True,True,True,True,True,True,True,58,67,39,9,9,11,11,64,65
228,00110111100000000010100100101000011011111001011111001101100111111000101011110111001111011110010101011110100110001001100100101111,True,True,True,True,True,True,True,True,True,True,70,62,30,7,9,9,4,62,64
229,11101111111110010011100000111101000011110101100000010100000101011000110011001111110110010010101111001100001111101000111101110110,True,True,True,True,True,True,True,True,True,True,70,56,25,9,6,5,7,63,64
230,10100001001011010100010001010001011111011100001000110110111110100001010011111001110010011111101010101111001110101000010111001100,True,True,True,True,True,True,True,True,True,True,66,68,39,4,10,9,8,64,64
231,11011011011011100100011011110011100110011110010110000100110011100011110001011100001001101011011000010101011000010000010001010101,True,True,True,True,True,True,True,True,True,True,63,67,31,6,9,9,9,64,64
232,11100010110101101010010110001000100011000010000001101000111100011110101001011001000001111101101111000001111000111000010011001101,True,True,True,True,True,True,True,True,True,True,60,61,28,9,6,8,12,64,64
233,11010001100101111110000011011001111101101010010000100100000000011111011011000010010100010110100000001110000100100101000111100110,True,True,True,True,True,True,True,True,True,True,57,60,29,15,5,10,9,63,64
234,10100010001001110000100110010111101011111001101010101000110001111100111110001100010100010100100100010100100010010110111100010110,True,True,True,True,True,True,True,True,True,True,61,70,38,1,10,13,11,65,64
235,01101001110100001010010110100000001001010111001010110001100010110111000111101011001001110011110100010110001001000011111101100101,True,True,True,True,True,True,True,True,True,True,62,70,38,6,10,11,8,64,64
236,00010110010001101001101011001110100010100111111010011100110111001101100111001000111011110001110000010101111010111011110001000001,True,True,True,True,True,True,True,True,True,True,67,64,29,4,6,6,8,64,65
237,00110111000101001000101100011101010001100000100011001011100000111101111110001101111111111110101110001011000011000100000011110011,True,True,True,True,True,True,True,True,True,True,65,54,22,8,6,7,12,63,64
238,00101100111100101000010100111110100110001111001111101110001011000110101110101101010100000000010010001001000011100000010111101000,True,True,True,True,True,True,True,True,True,True,59,63,33,11,9,9,8,65,63
239,01010110100100000000101110000101010001111011011100110010111010111001101010011000000100000101011100001001000011011011000101011111,True,True,True,True,True,True,True,True,True,True,59,68,39,13,12,9,8,64,64
240,11111010111111110101100111011101000100110000011000010001010011011011111011010010110100100010001011101000100000111000011100000010,True,True,True,True,True,True,True,True,True,True,63,62,32,9,5,9,10,65,66
241,11011110000000110100101100000111110011100010111111010000101010110011100101100000010000101001000101010101100111110010110010111100,True,True,True,True,True,True,True,True,True,True,62,64,34,11,13,10,7,65,63
242,01010110001000101101101001010101011000101011111100111010100001011011011100101101101111100110011001010010111010101010101001111110,False,True,True,True,True,False,True,True,True,True,70,81,53,1,19,8,4,64,64
243,01000110010110011110001100100100001010100000011001001110101011010000101110111010101101011101110011111110100000011011000100100011,True,True,True,True,True,True,True,True,True,True,62,68,36,8,9,8,8,63,65
244,01111001001101001101011001001110001111111001101001101111011010110101101001110101000111000100111110000110110001100011100110100110,True,True,True,True,True,True,True,True,True,True,70,67,29,1,4,3,6,64,64
245,00101000000011010100000011001111111101100000010000010011010111000000100101010010001100110011101001000111111010111101111101000001,True,True,True,True,True,True,True,True,True,True,58,58,30,17,6,7,8,63,66
246,10101101010100001110010110011101101100001000100101000110100001111111000010110110011100010001111000001000001111010011111111111001,True,True,True,True,True,True,True,True,True,True,65,59,29,8,6,7,10,64,65
247,10011011011110111101101001000100110100001101010100010110100110111100101011001010001001110000000110111000011101100101010000001000,True,True,True,True,True,True,True,True,True,True,60,70,38,9,8,8,7,66,65
248,10010110100111000001101010000011010100111101001111011101001000000010100011001001101100100100101010001111100110010000001110100001,True,True,True,True,True,True,True,True,True,True,57,67,35,12,6,8,7,65,66
249,11011011111110111001111010101010110001000010010000111100011011101001010011110110010100110000100101000100001000100010101011001001,True,True,True,True,True,True,True,True,True,True,62,71,40,4,10,12,9,65,64
250,01010000100110000001001010001100000011011010011111110101000000111101011001111110101000111011110100101101011011001101101111100001,True,True,True,True,True,True,True,True,True,True,65,64,35,11,7,4,7,64,66
251,01100100101011110001111000100010101101110001000100101100100010101000111100011101001111100101100001010011000100101010000100110100,True,True,True,True,True,True,True,True,True,True,58,71,38,2,11,14,11,63,64
252,10100111010010111100001010101000001100011001010111001110001110010010010100111101010101100000011000000000101011101110000110110000,True,True,True,True,True,True,True,True,True,True,57,66,36,14,12,7,7,64,62
253,01110011100101010110011001101000001000010000110100100011011110100001101101101110110100110111011111100001111111101011100001010110,True,True,True,True,True,True,True,True,True,True,68,65,33,7,6,5,7,64,64
254,10110010101011111111111001101011110000101111111111011000110111001110001101011111111111011000011011101001000110101100000111010110,True,True,True,True,True,True,True,True,True,True,79,58,30,4,8,3,6,64,64
255,10111011111001100000000101110001010101100101111111000101011111001010000111110100001000001110010101011010000011100111011101010010,True,True,True,True,True,True,True,True,True,True,65,64,38,11,12,8,7,65,65
256,10000001100110011110111111110100011000110101011001000110110111011011111010101111000010001101001000110101000101111111100000101001,True,True,True,True,True,True,True,True,True,True,68,63,33,6,7,5,9,64,64
257,01110001111100010111011000101011001111110010110000000101110101011111111001101011011011011100010101101000100011111011010100100111,True,True,True,True,True,True,True,True,True,True,72,66,36,4,11,7,7,65,64
258,10111000011101111111001010010001001001011010111011101010110000011010010010010000110010101000101101110010001111111100010100001001,True,True,True,True,True,True,True,True,True,True,63,69,39,5,9,13,8,62,64
259,10000111100110010000110011010010011010110100010001011000001001001110111000111010011011111011111001111011100101110110000100111010,True,True,True,True,True,True,True,True,True,True,66,64,28,5,3,8,7,65,64
260,11001010100100100000010001001111011100000011000010000100001000001110011101100111001001001101111110001000111111000101110001101100,True,True,True,True,True,True,True,True,True,True,57,56,21,11,3,12,11,65,63
261,11000010100111100110111001110100111000000010100001011101011011000101101110111110111110010111111100110011100011010111101111100010,True,True,True,True,True,True,True,True,True,True,73,60,28,6,7,6,6,64,65
262,01011011001001101100101110011001101100101101010110101110000101100101011001011110000110110001001011001000100111010100001011011000,True,True,True,True,True,True,True,True,True,True,63,77,40,3,13,11,5,65,63
263,01100011001100000000111100110001010000111000011111100011101000111111110010110010101011001100101000100000001101111000101101111010,True,True,True,True,True,True,True,True,True,True,62,57,25,11,7,6,10,64,64
264,01101101001010011000011110001011101000011001011100011010110100001111011111111100010110101011001011111111110110101111011100100011,True,True,True,True,True,True,True,True,True,True,74,64,34,3,9,6,7,64,64
265,11000111000111000010000001100000110100111001101010111111100000000111001011011110111110011010110111110100101011100010010110001010,True,True,True,True,True,True,True,True,True,True,65,60,29,11,8,6,8,63,64
266,00110101000011110010011111111001101011000011011000111011110111011101100110011101100010100010010001111110101111000101010000111010,True,True,True,True,True,True,True,True,True,True,70,63,30,3,6,5,8,63,64
267,10110010100111001111000110101000011011101111010111111000011110111100011101110011110110000101001101001001101000110000011010000111,True,True,True,True,True,True,True,True,True,True,69,61,27,6,4,3,8,66,65
268,01110101110001111000000100010100001110001111100011001001010110100001000011110011111010111110001101000001100010111010101001000101,True,True,True,True,True,True,True,True,True,True,61,62,33,8,9,8,12,63,64
269,00100000101101100100110101100110110110101000100010101001111010011001100010010011010010001000000101011001000010011111010010100001,True,True,True,True,True,True,True,True,True,True,55,74,40,7,8,13,8,63,66
270,11001101011100111001010100001101001101000011100011100110010000100010001100111100001111011101101011100111111010111000001110011000,True,True,True,True,True,True,True,True,True,True,65,60,23,6,5,4,8,64,63
271,10001111001000011111110000110011000011010110001111100111110001101010110100101110101100110001111011011010100111010101100010010110,True,True,True,True,True,True,True,True,True,True,69,66,32,3,9,4,8,62,64
272,11101011011000100111000110101101011010000101001000110011001001000010100010010101000000000110001001000101011001101110101111011100,True,True,True,True,True,True,True,True,True,True,57,72,39,8,10,11,9,64,63
273,01110010010001101001100010101110100000001110101011111000110010101110010111001111011111001010000110111010110111100001101111010110,True,True,True,True,True,True,True,True,True,True,69,67,36,6,10,6,6,64,64
274,00000100011000010001100101111001000100100001010101111101010101111010000010111010110010101000000001011000000001010110011110000001,True,True,True,True,True,True,True,True,True,True,52,64,39,19,14,11,10,63,67
275,11010010000010111111011001111111111000011001010000100010000001111101001111100101101011010111110000110010000010001110100010011001,True,True,True,True,True,True,True,True,True,True,64,57,27,10,5,9,9,64,65
276,10100010010101100011100100110100000111110100000001111101101001101111101000111101001110100110101100100100001001101100000011110000,True,True,True,True,True,True,True,True,True,True,61,62,30,11,3,6,7,63,64
277,11111010111111111100001001001011001000111101111011010110101000001000001111011001111100001011000011010001100001110111101001000101,True,True,True,True,True,True,True,True,True,True,68,59,30,8,6,8,9,65,64
278,10000100001011010110011001010101100000000110010111000011100010011111010011111110111000001100111010000000000101010110011101011001,True,True,True,True,True,True,True,True,True,True,59,61,31,17,10,6,7,65,65
279,00011001010001000101110001101010010010010000011100111100001101000001000110010100001100000011100010010001110101110001100110001011,True,True,True,True,True,True,True,True,True,True,52,62,26,9,6,11,14,64,64
280,11000010101010101000011101111011011010100011110010001110000001100100010100101000101111011111101101000011000000010111110101111100,True,True,True,True,True,True,True,True,True,True,64,64,37,10,11,7,9,64,63
281,10010111001101011110001111101011000010001011010100111111010011001011011100011110110010101011011010110000010111100100010100110110,True,True,True,True,True,True,True,True,True,True,69,72,40,3,12,8,6,65,64
282,11000101110001101001010100001011110101000111000111110000101101011010111101011101111011111011010101111010001110010010011011101101,True,True,True,True,True,True,True,True,True,True,73,71,42,2,11,6,7,64,65
283,10011010010100010111100011010011011001100011100101100010010100010000111000101110101100100111010100111101101101000110001011000010,True,True,True,True,True,True,True,True,True,True,61,72,36,2,8,10,10,65,66
284,00001111111010100101110110000000111101000101110100111010111010111100110100101010110101100000000111011010001011101101000000111001,True,True,True,True,True,True,True,True,True,True,65,66,39,13,10,4,6,64,64
285,01001010100011011001001000011001010111110000110110010111010111110001000001000010010010111110111100010011001001010110000111101111,True,True,True,True,True,True,True,True,True,True,63,66,34,6,9,13,8,64,64
286,00011001111010010011001011000001001101010011000100111100110011101001001001001010110110110001110100111100100000100111001111101111,True,True,True,True,True,True,True,True,True,True,64,66,27,4,4,10,5,64,64
287,11010001110011101100001011110100001001111011001100100001101110111011001101100000110000001111000011101111011111001010001110000010,True,True,True,True,True,True,True,True,True,True,65,56,21,11,2,5,9,64,66
288,10001100110011011000010000100100100100000010001000111001100001111110101110110101011100000100111001101110010111100000001101001010,True,True,True,True,True,True,True,True,True,True,57,62,28,12,5,10,9,66,64
289,01101000001011001101000110110000100010010111000110000010101110110011101101000011011100011101100101001100011001110011111111110110,True,True,True,True,True,True,True,True,True,True,65,63,27,6,5,6,9,64,64
290,01011100011111110010111110100100100001011101011110011111000010011001001000110010000111101000001101110110000111011000110010101100,True,True,True,True,True,True,True,True,True,True,65,61,27,6,6,9,8,65,63
291,11110101011100101101111001111000001110000000011000110100100011100110110011011010111010000001000110001010001010000010001010001100,True,True,True,True,True,True,True,True,True,True,57,62,29,12,7,7,11,65,64
292,01001010011110111100001001001111111101100010100100000001000100100011001010011111000000111101100101001010111111100011101101100010,True,True,True,True,True,True,True,True,True,True,63,61,31,8,6,12,8,65,65
293,11111010001110010101111111001010010101110101011011100011000100100111100101101101101000000101010011110111101010100100100111101001,True,True,True,True,True,True,True,True,True,True,70,73,44,3,12,9,4,64,65
294,00110110000110001110011010001011010111110010011100100111000010101110000000011000100000011101010100101011011001110010111100111111,True,True,True,True,True,True,True,True,True,True,63,62,28,10,9,7,7,64,64
295,01000001110110101011110110000100011111001110010111101000111010110010011010111111011100001111101011100011100000011111001101100101,True,True,True,True,True,True,True,True,True,True,71,60,29,7,7,4,7,63,64
296,10010111010100110111101000100011001011101000100100010111110100001101011011100101111000011100110010111111100110000101000010111101,True,True,True,True,True,True,True,True,True,True,67,67,36,4,9,10,8,65,65
297,11010010011111101010011001011000100100001010001000100111111000001101010110011100000110110001000001101100010110010001000000011001,True,True,True,True,True,True,True,True,True,True,55,63,29,11,6,11,11,64,65
298,01000111101001010110000100101101100110111011101101010000010111110001111011111010110011111101100000010110000100000100001100011011,True,True,True,True,True,True,True,True,True,True,65,62,31,10,7,7,9,65,64
299,01001101001110000000000111001011011110001001010001110111011101010010000011010001100011011100001111100000101010111010001001100100,True,True,True,True,True,True,True,True,True,True,58,63,31,12,6,7,9,63,64
300,00110100110100111111000000001000000001011010001101001010000000011000111111111011100100010010110010001101010001111010000000101001,True,True,True,True,True,True,True,True,True,True,54,58,30,19,5,8,9,65,65
301,01001111011010110011000001001110101000100010000010010000110111101100101010001111101010110100001111111101010101001101101100101011,True,True,True,True,True,True,True,True,True,True,65,72,43,6,11,7,7,66,64
302,00011011100100111100110000110000010000111111100000010101111100001111110110000101001011111111010100101000001100110010101100000011,True,True,True,True,True,True,True,True,True,True,62,54,24,14,8,7,9,64,67
303,10111011100111010000110100100011000000010101000110100111010011100110001100000110101010001010110010000100000101011111110010100001,True,True,True,True,True,True,True,True,True,True,57,67,37,11,9,7,10,64,66
304,10110110110010001001001100110110001000100010000001100101101100000111101001100011001001100010001010111010001101111100101100110110,True,True,True,True,True,True,True,True,True,True,59,68,29,5,4,11,10,64,64
305,10001111100010000000110100001101100000000101001100000010010111010100100100000011010100101101101110011100001000011110101110101100,True,True,True,True,True,True,True,True,True,True,54,62,32,18,7,8,9,64,63
306,10100001100101101000000001001110110110000110011100110101100110111110110000110110101101011100011101101010101101001001110011010101,True,True,True,True,True,True,True,True,True,True,66,73,39,8,9,3,5,64,64
307,00101101101011011101010000001010101000010100101111101100111111101101001110110111100000110110101011000110100011100111100101000010,True,True,True,True,True,True,True,True,True,True,67,71,42,7,11,6,6,63,66
308,00111101001101101111001100111001110111001100111001010111101100001101001001010101000010111101100010010111001100010000110100100011,True,True,True,True,True,True,True,True,True,True,66,68,30,3,7,8,6,65,64
309,11111100111011101111010111100101110000000000011010111110001000101100011110000010111100011100000010111100100000011110001111110001,True,True,True,True,True,True,True,True,True,True,66,47,19,16,6,6,10,65,66
310,01000001100111111100001010001010000100010001011011111111011000101101110110001010001010011110000010111011111011001010000010101001,True,True,True,True,True,True,True,True,True,True,62,64,37,8,10,11,11,64,65
311,00000001110100000101000110101000100010111110101100110101110111110111110110010001110101011001101111110100101000001111101101010010,True,True,True,True,True,True,True,True,True,True,67,67,40,8,9,6,7,64,65
312,01011100011001010000100011101010111011011111011111000001111110000000110011110101011111111101111101110110100011101100101100100010,True,True,True,True,True,True,True,True,True,True,73,59,31,7,7,5,7,64,64
313,01111111011001100011110011000010001010110000001001000011010111001111011100101101110101010100011101100011011000011001110100111001,True,True,True,True,True,True,True,True,True,True,66,64,29,6,7,5,8,64,65
314,11011010111010110010111101101101110110101100010110010101000100011010110110011010111011000001011110010010100100000111110001101100,True,True,True,True,True,True,True,True,True,True,68,74,40,4,11,8,6,65,63
315,01001010000111000011100110010101011011001001011111011010111011011001011110000101101010101011101001101011101010001000100110110111,True,True,True,True,True,True,True,True,True,True,68,78,47,3,14,8,5,64,64
316,01001010010101101001000110001000000011010000001000011010101111011100110101110010111100101100110000100101011110011101111010001001,True,True,True,True,True,True,True,True,True,True,60,70,39,9,10,10,7,65,64
317,11111010100010110110001101111100011100000110010110101101111000111010111001001001000110100000010011010001110111011110010111100001,True,True,True,True,True,True,True,True,True,True,67,63,30,6,6,7,9,65,66
318,01111100001010101000011010101110100110011101111000110001000010100001001111011001000110010100110101110000111101010100110011011010,True,True,True,True,True,True,True,True,True,True,63,71,39,5,10,6,8,65,64
319,00111111000101110110111111010010100010011101100110100111001011000001100001001001110000111011000001010111001110100100101100000010,True,True,True,True,True,True,True,True,True,True,62,63,29,9,6,10,7,65,67
320,10111101000100101001010101000101111011001111110111110110101010011110000000111011011001100110111110101000101101011100000101011001,True,True,True,True,True,True,True,True,True,True,70,71,43,6,12,6,5,63,65
321,10101100010111111111000101111110111000111111011111001110011000101000010100010010000011001011001010110011101011010101111101010000,True,True,True,True,True,True,True,True,True,True,70,64,36,4,12,8,7,66,62
322,01001011001000000100001001111101000101000001000000001111000000010000000011010000101011101100001010011000100100011001010110000011,False,False,True,True,True,True,True,True,True,True,45,58,30,24,7,12,12,65,66
323,00011011101001000101010011110001111101110000000100000011001100001010010001110000111001101001001001100110101100101000010110111001,True,True,True,True,True,True,True,True,True,True,57,64,29,10,6,9,9,64,65
324,00000110011010100110100011001101000000011101111101101010110000010001010101011000010101000001010100001111000011101010101100100101,False,True,True,True,True,True,True,True,False,True,56,72,45,13,15,6,9,67,65
325,11110000101010101100110101110110110101000100111100001001011100101100001101010010101010110011101011011101100111011111000100111000,True,True,True,True,True,True,True,True,True,True,68,74,42,3,14,7,5,66,63
326,11100011100010101000100001010000010100100010110001011010010110101101000101000101100100000000110000110000110111001010110000001001,True,True,True,True,True,True,True,True,True,True,50,69,39,13,12,13,13,64,66
327,10100110100001000011011010000101011111011001011010011001111010001111101110011011101101010110010111011010011101000100111100010100,True,True,True,True,True,True,True,True,True,True,68,72,39,3,7,6,6,64,64
328,11010010110101110010111010010011100000010110010000101011001110110100111000100101001010101101110011100101100100011010001101001110,True,True,True,True,True,True,True,True,True,True,63,76,41,4,11,11,5,64,64
329,10011111101000000110001101101010111100110001001101000110100100001110010110101011011011110000010100100000001001011110110001001111,True,True,True,True,True,True,True,True,True,True,62,65,33,10,7,8,8,64,64
330,11000111110000010111001011110011110000111100000110100011000011100110111011001011001100000011110100110010101010010010010001100101,True,True,True,True,True,True,True,True,True,True,62,61,25,9,7,8,8,64,64
331,00011101100100011010101000111010011100011111011110111001001011000001000000111001111001001110101011000101100010110001000111100111,True,True,True,True,True,True,True,True,True,True,64,62,27,5,7,8,10,64,64
332,00001000001110001000111100011100101101110111100111111101010101111110001111111010010110010010111110101001111100000101001101110100,True,True,True,True,True,True,True,True,True,True,71,59,30,5,8,7,7,66,64
333,00001010110110110110000110100000101000110100110100001100001001101000001101100101010110010101000101111000111001110010011101011000,True,True,True,True,True,True,True,True,True,True,57,71,37,8,10,7,9,62,63
334,00110101111101011011111001101100100110011011010111101000011011011001000111101110010111010111111010001000111100010011010010010101,True,True,True,True,True,True,True,True,True,True,72,70,36,1,7,7,5,64,65
335,00010000111101000101110110011011000000001111110101000001001101110010110101010001001000011111111010010001000001001001000010110010,True,True,True,True,True,True,True,True,True,True,56,63,34,12,6,13,10,65,65
336,11100000110011011010011000100100110010100011111110011100010001001101101101110001110101011000100001010010011010111110010101010000,True,True,True,True,True,True,True,True,True,True,62,68,33,4,8,9,8,64,62
337,11110000011101100100000111101001100001100110001111100010010111101101001000000110010111110000011000101000001100110110101100111010,True,True,True,True,True,True,True,True,True,True,61,58,23,12,4,6,9,61,64
338,11000101110011111010011001011000000001001101111010110110011100110001101001011100110111000011011001100010000011101111100000101010,True,True,True,True,True,True,True,True,True,True,64,62,26,10,6,6,7,63,64
339,10010000000000100010010111101101000001111100100111111011111110110011100000100111001101101000101100001111000100010000110000111010,True,True,True,True,True,True,True,True,True,True,60,54,23,14,2,9,10,64,64
340,00001001111001101110100010001111010011110100000010001011001111110100000111111100000010010110110011100101111001101011100010011111,True,True,True,True,True,True,True,True,True,True,66,56,24,9,4,8,8,64,64
341,10111110001010001010011111111011001111011001011000000111110001101111010001001000000111011110101001010011011011100111010000000100,True,True,True,True,True,True,True,True,True,True,66,60,30,10,5,7,7,64,66
342,00100001010101010010111111001000011000110110001111000011101111101110000000011001110111001101010010011101000011011101011111010100,True,True,True,True,True,True,True,True,True,True,65,63,32,9,8,5,7,64,63
343,11110000101101001010001000101111010000101100101100100111011100001011110011010000000001100010011101001010010101101011101001010001,True,True,True,True,True,True,True,True,True,True,59,71,41,9,11,12,8,65,66
344,10111001110000001011101010000110001100011101100110011111100001101000100111101111100101000010000010110000000100100100100111100001,True,True,True,True,True,True,True,True,True,True,58,57,24,13,4,9,10,63,66
345,01101111100010001000111010101000100010001011110100111001111100010100110110010011011001111010001111101011011100100000001110010001,True,True,True,True,True,True,True,True,True,True,64,64,31,4,5,9,10,65,66
346,10011110000100000100110010111111001010101001000001101111001101100000011101110101011000101110000110010011000011110000001110001101,True,True,True,True,True,True,True,True,True,True,60,59,26,13,7,7,9,65,65
347,00011111101010101011010110100010000001000001010110000111111100000011010111111001101111111000100100000100010100101001011011011001,True,True,True,True,True,True,True,True,True,True,62,64,38,11,11,9,9,64,65
348,11010011001011100111110011000110101100000100000011100111101111100110101100111111000001110111000111001100010000011100010001010001,True,True,True,True,True,True,True,True,True,True,64,55,19,9,4,5,10,66,65
349,01111011010010110000001001011010010001110011010011111110010011111111000001011100001000110111111010000010010011010111100110010010,True,True,True,True,True,True,True,True,True,True,65,61,29,8,4,11,6,64,64
350,10101111100101010010110010000011011000000110010101110100111110000000101111010111110111011011000101001100001000011100010101100110,True,True,True,True,True,True,True,True,True,True,63,66,36,11,11,8,7,64,64
351,01011100111011100101001111110001001111000100101001011110110011101111010101000111101010000110110101011110000111001110100111100100,True,True,True,True,True,True,True,True,True,True,71,67,35,2,9,6,5,64,64
352,00101101110001011000011101011101010100111110000000001001100110001000001011101110001111001101100001000010110101101110000011110010,True,True,True,True,True,True,True,True,True,True,60,61,29,13,8,8,9,63,64
353,10000101100001000000101101100111000010010111111001110010111011111111111011101000101010000101110001011101011101110111010110111001,True,True,True,True,True,True,True,True,True,True,71,63,35,7,10,9,7,64,65
354,00110111010111110111100011110100000000011011110000010001010010010010001100010001101111011110111110101001110100000100101000001101,True,True,True,True,True,True,True,True,True,True,62,60,31,12,4,8,9,63,65
355,00101011010100010011111000010010110100001010011111101100110110100111110111001100010011000000111100000110010001011100011010101111,True,True,True,True,True,True,True,True,True,True,64,64,31,7,8,8,8,66,64
356,10111011011101110100101001100000100010111110000000011011000111101111111111110101111011101101001001010101011001001100111111110010,True,True,True,True,True,True,True,True,True,True,74,62,34,7,7,7,4,64,65
357,00001001111000110111000001011000110010001011000001101111010101011000101001101011010101000101010111001100110011101101001010011111,True,True,True,True,True,True,True,True,True,True,63,72,39,5,13,7,8,64,64
358,11101111011100011001010011111001010001010000110110011010110110001111010111000101110001100110111000010011010111110010110101100000,True,True,True,True,True,True,True,True,True,True,68,66,31,4,9,6,7,63,62
359,00111111010001001000110101101100011110101011011000010100101100001001001100110100101101011000011111111101101110000110100100110100,True,True,True,True,True,True,True,True,True,True,65,69,35,4,7,8,7,63,64
360,00001011011110100110000010110000111100100011111001100001101010111101000001011101000001100000110011110001000101000001111001001000,True,True,True,True,True,True,True,True,True,True,56,57,25,13,6,8,11,65,63
361,10101001101110000010001111101100101010011011101000010011001110001110001110110110010101100111110110101000101100111001111000011101,False,True,True,True,True,True,True,True,False,True,68,67,32,4,7,5,7,67,64
362,10001011111111100010001011110001111001001101111101010111100100100101010000010110110100100001000001101001000010110110000101010011,True,True,True,True,True,True,True,True,True,True,62,67,38,7,10,13,9,65,65
363,00000011101000010110010110100010111001000101000111000110101101010000110000110010010101111110000000110001010110011110110110011100,True,True,True,True,True,True,True,True,True,True,58,65,32,10,10,8,10,64,63
364,00001110011000000010110010101011001111011101011000110100111101000010010000010101101111111011011110001101101000110110010010000110,True,True,True,True,True,True,True,True,True,True,63,65,32,9,7,7,8,65,65
365,01101111001110000101001101101110011010110100110110011000001010010010001100011111001100100001001011000100000101100000010010110011,True,True,True,True,True,True,True,True,True,True,58,66,28,9,6,11,8,65,65
366,00101111110100111110010100000001010001101110111001001110001010110101011010111011111101111000011010010100111111101000001111000101,True,True,True,True,True,True,True,True,True,True,70,64,37,7,10,7,6,63,64
367,11001110000111110011001101111011010000000010001010101001110100000011011000110101111001100100110101000101010110101111001000101001,True,True,True,True,True,True,True,True,True,True,62,69,37,9,10,6,7,66,65
368,10010111000010000000010001110100010101111111111110011010101001110110000111111101110110111010000011101000111010110110000001010011,True,True,True,True,True,True,True,True,True,True,67,59,32,12,7,5,8,64,64
369,00010001111101010111010001011110010010001011110010111001100111101001000101110101110001000100010100001111100000001001011011000110,True,True,True,True,True,True,True,True,True,True,61,65,34,5,9,13,11,64,65
370,01100110000100110101101110001111111101110001011001001001011001011001001101000000110010000110000100001011010110110010001101010110,True,True,True,True,True,True,True,True,True,True,60,69,33,7,8,11,8,64,64
371,00010011000101010111001000110011101001101010100110100110000101010101110010110001110110100011100000011000001110000110001001010100,True,True,True,True,True,True,True,True,True,True,56,71,37,7,12,7,10,64,64
372,11111011100110010101011011001100100000001110000101101011010010110001000011000111000001111011101111111011101101000010100101100111,True,True,True,True,True,True,True,True,True,True,67,63,30,9,8,7,7,63,64
373,11100011110111001010001110011010001101000001101111110000011111101010110010110111010111010001000000010010111001111101110101001111,True,True,True,True,True,True,True,True,True,True,70,61,31,8,7,5,7,64,64
374,00011100110101011111001001001000001100000001101010101000100000011001000000110010000001011100010010111011000110001101001001000100,False,True,True,True,True,True,True,True,False,True,49,63,30,15,7,12,11,67,64
375,00000001101001001000010110100000011100111110101010010011011001110000101010000011101010000100001110100001000100111110011110010111,True,True,True,True,True,True,True,True,True,True,56,62,32,14,7,9,9,63,64
376,01100011010010001101001100011010101011000010011101000110111010010101011000001011000001011111100100111110110100011001100001110111,True,True,True,True,True,True,True,True,True,True,63,68,34,6,8,6,9,64,64
377,10101001110010000010010001001010000011010101000100000010100001111110010111110000101001011000010011001110011001111000010111000100,True,True,True,True,True,True,True,True,True,True,54,64,33,11,9,13,10,65,65
378,00100111010011001101101010110110000101011110000001001010100011001010110010011111110001100110101010100001011110001010000100110110,True,True,True,True,True,True,True,True,True,True,61,73,41,6,13,9,7,63,64
379,00011010010000000100000001011111011111100101100001010000000111010100001010100101001000000100101111101011101111110011101100101111,True,True,True,True,True,True,True,True,True,True,60,60,35,17,10,11,7,64,64
380,01100100000000111111011010010011101010000111101101110011001000110011010000001110100101111011110000010101110000100000001111100100,True,True,True,True,True,True,True,True,True,True,60,57,26,16,4,7,7,64,64
381,10011011000100001001000101101111111000001010101000000101010100011100001000010000100001101100001111101011000111000001011110110010,True,True,True,True,True,True,True,True,True,True,55,62,34,13,9,11,13,64,65
382,00011100110010000000110001011001011000101011101100101110010100111010110010011001110001111000000100100001010000101111010110111101,True,True,True,True,True,True,True,True,True,True,60,66,32,9,10,11,8,65,65
383,10010100110010011101100010111010110011011010100001011000010100100100011110101011110110001000111011011101001111101000000010011001,True,True,True,True,True,True,True,True,True,True,63,71,38,6,8,9,7,64,64
384,10010111100100011000000110101011001110100001001000101011001011100000000011101000001111110100010001011000011111001010100001010001,True,True,True,True,True,True,True,True,True,True,55,63,35,14,10,10,11,65,65
385,11001001000000000011011101000010001111011110111010111101010011000110011100010110100111110000011010101111110110011001000110101101,True,True,True,True,True,True,True,True,True,True,66,63,31,10,6,5,7,65,65
386,01011110100001010010011001001000010100001101101110001011001101111001100100100110001100010001100010000111100010000000001100010001,True,True,True,True,True,True,True,True,True,True,52,62,26,10,4,12,13,64,65
387,10110000010010111011110011011001111001001011111001101111110101101001101100011001001101110000011110110001101010001101001011000011,True,True,True,True,True,True,True,True,True,True,69,65,28,5,5,6,6,65,66
388,11011111010100110100111110011110001111111011010011001100111101110101001010101011110010001110000110011011100001011111011100101100,True,True,True,True,True,True,True,True,True,True,75,64,30,2,8,4,4,64,63
389,01001100100111111101000101001111110000111010110000111011011101101111100000001000111010111111001001011110011110100001110111110010,True,True,True,True,True,True,True,True,True,True,72,57,27,7,4,6,6,64,65
390,10010010111000100001011001000111111010101100011100110111111001110111110001001110001110101010001010101001010110100101001111100101,True,True,True,True,True,True,True,True,True,True,68,71,41,1,13,10,7,65,64
391,11001100011100101011101000001101001111111010100000110010001111100011100111111101001111011101000000001110110010100000010100100110,True,True,True,True,True,True,True,True,True,True,64,58,27,12,5,5,7,65,64
392,10100011100010001110110111001110010100101101010110011000000100010110001110000110101101010110111110001101101010000110000100001110,True,True,True,True,True,True,True,True,True,True,61,68,35,7,9,6,11,65,64
393,11100010100000100011110010101010010001000010011010001111100110011101111010011011011001101101111010101010100010001011000001000010,True,True,True,True,True,True,True,True,True,True,60,70,39,6,9,10,10,65,64
394,11001011101111101111010100001010000000110100111100001110001000010111010111101110010001101010010111100000110000010100111100111110,True,True,True,True,True,True,True,True,True,True,65,60,31,11,8,7,8,63,64
395,11100100001111101011111010011100111101000100110011100101010100001010011111101111011101100001000010100111011000110010101110010000,True,True,True,True,True,True,True,True,True,True,67,64,32,5,8,8,6,64,63
396,01111100011111011111101001111100110000011111000100111011110100110110000001010110001001001101101111000001010110011111110011110110,True,True,True,True,True,True,True,True,True,True,73,55,23,7,4,5,6,64,64
397,00101111001110001001110100101111100100101101000110110111001110001101110110011100001110001110011001001011111101010000000110110000,True,True,True,True,True,True,True,True,True,True,66,61,24,6,5,7,6,64,64
398,11000101101011111010110000110111010011101001100000010000011010111100101000100111110011001010111000010111100100111110101001000110,True,True,True,True,True,True,True,True,True,True,65,66,34,7,9,8,7,65,64
399,11101000100100100001001001010100101110110000001101000111111010101111100010110110101000011100110000000000010100101101010000000000,False,True,True,True,True,True,True,True,True,False,53,64,38,20,10,10,7,64,59
400,10010111001101101100001110011111100011001101111100100011001111001011001011110000100111000011010001011011101011111011110001010100,True,True,True,True,True,True,True,True,True,True,70,62,26,3,7,7,7,65,63
401,00100011010110100110001010111101111000111100001010111100110010111110000101001101001101001101000111101000011101111100010010000100,True,True,True,True,True,True,True,True,True,True,64,65,32,4,7,8,9,64,65
402,10000110011000000111111101101011101100110001101001000010000110000011010000010001111100100000001110110010011100101000000000000101,True,True,True,True,True,True,True,True,True,True,52,53,22,23,3,7,10,66,69
403,10100010101101100010010011110101111011101100110010111101111100010111101000011010001011000101000100100100001000001011100011011011,True,True,True,True,True,True,True,True,True,True,64,69,37,4,8,12,10,64,64
404,11010100001100100010001011011001110100110010111010010011110010111111111010110100001101000111001101101111101001111100100010000001,True,True,True,True,True,True,True,True,True,True,67,65,32,5,5,8,7,64,67
405,10000010110010011000110101100110010000000010010110011100111001001000111100001110010011010110001001100100001010101011010001000110,True,True,True,True,True,True,True,True,True,True,54,68,31,9,8,12,9,64,64
406,11000010100000101001001011000111000001011101011000010010101100101101111000100100100110011110101101100001111001100001100010001000,True,True,True,True,True,True,True,True,True,True,56,66,31,8,9,13,10,65,64
407,01111010000010100110000000001000111111011010100111100011001111111010001011100010101101110011100000110110001000001010001010110111,True,True,True,True,True,True,True,True,True,True,62,60,31,12,8,7,10,64,64
408,00100001011101011101111001110000111111000110111110101101110011101110010111000111011011100001010110011000100011110111100010010000,True,True,True,True,True,True,True,True,True,True,70,59,25,4,6,7,8,64,62
409,01000010001001000010010110000101011101101110101111110111000110110000111111101101100000000000100101110110010011011100101001001100,True,True,True,True,True,True,True,True,True,True,61,63,31,12,6,11,7,64,63
410,11010100000001100000101011000101000011001101000111110111001101111110111110000011100001000111101101001011000000110110000111110010,True,True,True,True,True,True,True,True,True,True,62,56,25,14,5,5,10,63,65
411,10111111000111111111100000110111100100001110001110000101111111001110000101000000110111100101111100000100111010100001111010001001,True,True,True,True,True,True,True,True,True,True,68,49,21,11,4,6,10,63,64
412,11010000001110011010010000110010010001000111000000001000010011000101001110100111010101011010110011011111110100101110010010111001,True,True,True,True,True,True,True,True,True,True,59,67,34,10,7,10,7,66,65
413,11100100001011110010011111000110110110010011110110010100100010100100010011100100110100010101010001110100001001100010010111110100,True,True,True,True,True,True,True,True,True,True,61,70,35,2,7,14,8,63,64
414,11010000101000111011000000110101010011111101001101000001100101111101001110001000111100000110111000001111101000101111000001101111,True,True,True,True,True,True,True,True,True,True,64,57,27,12,5,4,10,63,64
415,01111111111111111100111001100111001010111001000000110001010000110010001011010001011100101111011001010010101101101010010111100001,True,True,True,True,True,True,True,True,True,True,69,64,34,5,11,10,6,63,66
416,01110000111111101000111010111110110100010111111011010011111011100101010000000000011111001111100010101110010000011010011011111001,True,True,True,True,True,True,True,True,True,True,71,56,29,11,6,4,6,65,65
417,11010101110111000111111100010101001100011011011010010001110000101000100011111011000001000101111001011001110001011111000100000111,True,True,True,True,True,True,True,True,True,True,65,61,29,5,8,9,12,64,64
418,11111111010111001001011110100011100100101010100111101000111111101110101011011111010001100000101011101011010111110010111101100001,True,True,True,True,True,True,True,True,True,True,76,67,41,3,12,6,5,64,66
419,01101010101101110001011100001100011101111101001100010101000110110111000110111000010110011110110011001010111100111100110000110011,True,True,True,True,True,True,True,True,True,True,69,66,29,3,9,4,8,64,64
420,11110011101110001001000001011001110010110110010110111100000100010101100000101000011001010110000011000011101111100000100100111001,True,True,True,True,True,True,True,True,True,True,59,61,27,12,8,11,9,64,65
421,11101111101101110101100111100000010111110101000100110001011110011011001111111100110100011001011000000001100001010101000010110110,True,True,True,True,True,True,True,True,True,True,67,62,31,10,9,6,7,65,64
422,11011010100100111001111010101100101000110011010001110010010011110010111110101100101001000011101001011111111000010111111000100000,True,True,True,True,True,True,True,True,True,True,67,66,34,4,9,10,5,65,63
423,01111110011010100011111110010101010100110110111010101000100101111100110001000000100011010010111000000100011100101010011100101011,True,True,True,True,True,True,True,True,True,True,64,70,41,6,13,9,7,64,64
424,00100011010101100101110110010010001001110011011011100100001000010100111010101011000000101000000101100010100010101000101010101011,True,True,True,True,True,True,True,True,True,True,55,78,49,8,17,13,9,64,64
425,00111101110011001100110100111001110000011110111111111011011010000010110000011111110011111011010011100001111000110001110000010010,True,True,True,True,True,True,True,True,True,True,70,51,16,9,1,3,7,64,65
426,01000010101110111001111000010001100110000010010000110001011111101111101011111011011001101101101100100000010110110011011000100001,True,True,True,True,True,True,True,True,True,True,64,62,28,9,5,8,9,65,65
427,01000010001001110001101011110101111010101111001010100100000110001000000100111000111100110111010010111000110001100011110111101001,True,True,True,True,True,True,True,True,True,True,63,64,32,6,7,7,10,63,65
428,00010111010011011100001101010000101101111001001000010000110011011111101001100100100010101001011100001111010110101100111011001011,True,True,True,True,True,True,True,True,True,True,64,70,36,5,9,10,7,65,64
429,11101110100010001011000011100111000101101110011010011001000101001110000101001011001000110100111110011001010101010110101110000101,True,True,True,True,True,True,True,True,True,True,63,73,39,3,12,10,8,64,65
430,01110111100100101100101100010110101011110111001000000101111011111000110011101011001000000000010001110111001011111010001111000010,True,True,True,True,True,True,True,True,True,True,65,61,31,11,8,10,7,64,66
431,01101011111010000010101011011110111011010111110000110111001000111001111100000101101010100011111001110110111110011110011101001011,True,True,True,True,True,True,True,True,True,True,75,64,34,5,9,4,5,65,64
432,00011101001000000011011010110111000011001000111011111101010101111101010011101101010110111001001000111110011110101010110001011111,True,True,True,True,True,True,True,True,True,True,71,68,39,5,11,5,6,63,64
433,01101001010011001111010111011011001110001101111111111001110011110000000100110011000111000001100000110011011001110101011101111011,True,True,True,True,True,True,True,True,True,True,71,58,21,8,4,2,5,66,64
434,10110010001011101011110111010111100011010000100001101011101100000101101010111001011010001100001010010001111010001101011000010101,True,True,True,True,True,True,True,True,True,True,63,73,44,6,12,8,10,63,64
435,10000001100001111101001000110101000111001101001000100010110100111111000110101001100100100000000010101001000101110110001001001000,True,True,True,True,True,True,True,True,True,True,53,66,34,10,6,12,10,66,64
436,00001101001111011101001010100100111010011011100100011100010110010111001011110001001111101111111011101100100001011010001110101011,True,True,True,True,True,True,True,True,True,True,70,68,35,2,8,9,6,66,64
437,01100001010110101000110000011000001110001111101100000011001001001111100000011011111100011000010000110001111000010100001100111110,True,True,True,True,True,True,True,True,True,True,57,51,18,15,4,5,13,64,64
438,00001011110110010001100010111010001011111110010010100001101001111010000000111000111110100100000011001000101011011101010011000011,True,True,True,True,True,True,True,True,True,True,60,62,31,10,7,9,10,64,65
439,00110010100000110111001001101110001110110110110000011010110001101100111001110101101111111010011101000110100011101001100011101110,True,True,True,True,True,True,True,True,True,True,69,65,27,4,3,2,7,63,64
440,01101001111010010111011111010100111101011000100111101010001000011001001001000000010101111011010011111100100111101110110011011100,True,True,True,True,True,True,True,True,True,True,69,67,35,5,6,8,4,65,63
441,11000100100000000000101101110100000110110110101000001001000111000011001110100101111000111000010011011001111110010111010111001011,True,True,True,True,True,True,True,True,True,True,60,61,28,14,6,9,8,62,64
442,00011111000011100110100100101101101110011000000111010111100111001100001001100010001111100010111011100001111001010101100111111110,True,True,True,True,True,True,True,True,True,True,68,57,22,6,6,6,8,64,64
443,10000110100111010101001100111011000101110001010101100001111111011001010101001110101011011101000011111011011001011100000011001101,True,True,True,True,True,True,True,True,True,True,68,71,40,6,12,4,6,65,64
444,11011111001001111011010100101001101001101011001011001100100100011101110010010111101011101111111001010001101111011101000111111000,True,True,True,True,True,True,True,True,True,True,74,68,34,0,7,8,3,64,63
445,01010001110010111111001110011111110101100110100110100100010001110010010001101111011111110111001111110111111001111100110110111100,True,True,True,True,True,True,True,True,True,True,79,57,23,0,3,5,4,65,63
446,10011101010110100101010001111001111011000111111110101001101111011001111001000111000001011001001000001011001000111110110100000100,True,True,True,True,True,True,True,True,True,True,66,64,32,6,7,8,7,64,65
447,00011111101111110101111111110111111100111000111100110001010000101100011101011000001100010101111101111100110010001100000001000000,False,True,True,True,True,True,True,True,False,True,69,49,20,10,6,5,9,67,64
448,00111100101110100011100111001101101101111100110100011110110101110100010011011111101001010000000110011001010000111011100010100000,True,True,True,True,True,True,True,True,True,True,66,63,29,7,5,5,6,65,62
449,11100100000110111011000101001011010000001000101001001011001111010000110010011000011111000110000000100111010011110010011111101010,True,True,True,True,True,True,True,True,True,True,59,62,29,11,5,10,8,66,64
450,10101001100000001100101010010011001101010000100000110010111010111000000011001011101011101110111100011001101101101110101111001011,True,True,True,True,True,True,True,True,True,True,64,69,36,11,10,6,5,64,64
451,00011111110110001101010010001010000101111110111001100010111111011110001001101001101010100010010001101010000100111001001011110100,True,True,True,True,True,True,True,True,True,True,65,67,36,2,8,10,9,65,64
452,11111101111000000111001000010100101101000010001001000011001010001000011000001011011000110100001011110110100001101110101010111100,True,True,True,True,True,True,True,True,True,True,58,64,34,11,8,10,11,64,63
453,00001101001010110001011001001100011010010101011100000010100100110010100000101010100000001110011000000000111110010111111110001100,True,True,True,True,True,True,True,True,True,True,54,63,33,16,12,9,8,64,64
454,11110111011100010111011011010110011101000100001001001100011010000110000111101101111010101110011010011000100000100100001101100010,True,True,True,True,True,True,True,True,True,True,63,66,31,6,4,8,10,65,65
455,00110010100111110011000001010000010001101010101101010100001111000111110110101110000101111001011011101110010101110110000101011010,True,True,True,True,True,True,True,True,True,True,65,71,42,7,14,7,7,64,64
456,00001101011111111110010000001010110010000100110100011010010100010000011101010000110010101110001001011101000011000101010101111011,True,True,True,True,True,True,True,True,True,True,59,68,40,9,12,10,10,63,64
457,11110001011000011010110100010111110000100000110100001000110001110001001011111111101001010010010011110010110100100100111110000111,True,True,True,True,True,True,True,True,True,True,63,61,29,6,6,12,10,64,65
458,10001110101110011010000100000010001000001110110101100101001011000100111110100100100111001101110010000011011010000011011111100010,True,True,True,True,True,True,True,True,True,True,59,64,31,10,4,10,9,66,65
459,11000001011001001101101110100011000110101000111010100010111000001101000110111100100100010011100001110000011110010100000111110001,True,True,True,True,True,True,True,True,True,True,59,61,27,9,5,7,12,65,65
460,10110010010101000000101101101011111110100001100011110011010000010100111000111010001111101000111001000011111111000111000000110111,True,True,True,True,True,True,True,True,True,True,65,57,27,10,5,5,10,64,64
461,11010011101011100000110101100111011000010100000100001000100100001011111101111101101100101011110100110100001010010100100111100001,True,True,True,True,True,True,True,True,True,True,62,67,37,9,8,10,8,64,66
462,10101101000111011100010000000001101110111000110110111101000010111001110011101100011111111000111001011100011110011111001111010000,True,True,True,True,True,True,True,True,True,True,70,54,21,8,3,3,8,63,63
463,00110111010010101110111000110111111110010111010101011000000100001110100011011010011001111110011010100111111100011100000101100100,True,True,True,True,True,True,True,True,True,True,69,63,31,6,8,5,6,64,64
464,00001100110010010101100001000111000101011000110101011110111101110000100111001001011111011000110100000101000001111101000011101100,True,True,True,True,True,True,True,True,True,True,61,63,30,8,8,8,10,64,63
465,11011011111000110110110011100111011100010101111010000000100101101011110000101010000010000100001001000100101111101010011001000001,True,True,True,True,True,True,True,True,True,True,60,65,35,11,8,11,9,64,66
466,00101101110011111111000001100111100001010010101111101001001110111001101011101000111100110100101111001101010000111000101000010101,True,True,True,True,True,True,True,True,True,True,68,66,35,5,10,7,6,62,64
467,10110000111001001000000000001011001111110110111111100100010011101110011101111100011001001000000101000001101100111100011011000000,True,True,True,True,True,True,True,True,True,True,60,52,19,17,2,8,7,65,61
468,11110111101101011101011100110110111000100100111010111101001111011001001000001111011110110001001110010000011011000110111100011100,True,True,True,True,True,True,True,True,True,True,72,62,26,4,3,6,6,64,64
469,11110011000100110001001100001000100101000010101100001000111000001101101010010101010011011111110100111001001100000001011000111111,True,True,True,True,True,True,True,True,True,True,59,63,30,9,8,10,10,65,64
470,11101110100010111101010111010110000011110101110011111011101101001001101000111000001100111100110100000011001100111101100101110111,True,True,True,True,True,True,True,True,True,True,72,63,29,7,6,3,5,62,64
471,00101011111011000100010111011001001000111001001001100011101110110110010000011000101111010101110011100001001011100010100010100101,True,True,True,True,True,True,True,True,True,True,62,70,36,3,10,14,9,64,64
472,10100000010011101001111010110010100011001111011001011110100110111011011110110011111111010111110100111000000001100011000000100011,True,True,True,True,True,True,True,True,True,True,68,59,27,11,4,4,6,65,64
473,11110001110111100111110100110111000001100001000001000001000110101001101000000101110100001011011001111111100110011001110100101000,True,True,True,True,True,True,True,True,True,True,62,58,25,11,4,6,8,66,63
474,01101101111011011101011011111100010101001011010111001110101000010100110011110100000011000100101110001100000001000101100011010000,True,True,True,True,True,True,True,True,True,True,62,67,36,9,9,7,8,64,62
475,10011101101001101111000110100001111110001111000101101101111101110111011001101010101110111010000110110000110011101100101001010101,True,True,True,True,True,True,True,True,True,True,73,69,36,3,8,3,6,64,64
476,01011000001000010011000110100010010010101111111111011011000101011001010000100010111100111101011111000000011100001100110011001010,False,True,True,True,True,True,True,True,False,True,61,63,32,9,9,10,9,68,64
477,01011101010011110001111101001010100101010101010101111101010011010001100111100010100010101111111000010111011000101010101001011110,False,True,True,True,True,False,True,True,True,True,69,79,56,1,21,7,6,64,64
478,11001010101101011111001111000001011111111101001100011101101011001001101110001100101001000000011100001010111110111111001010001010,True,True,True,True,True,True,True,True,True,True,69,64,35,7,11,8,6,66,64
479,10111010000111000100000101111010001010111010100010000100101001100111011011111110011110011100011001101011000101111101010110101000,True,True,True,True,True,True,True,True,True,True,66,68,38,4,10,7,8,66,63
480,00100110101011011110000001110110100110100111101001010001110110000100111010111110000111101100011110111000001011100111100011000100,True,True,True,True,True,True,True,True,True,True,66,61,27,7,5,5,8,64,64
481,11001110000100001100111010000101110111010111110110011000110100101100111001100110001100001111001011000011001011000001000010011010,True,True,True,True,True,True,True,True,True,True,61,62,23,8,5,7,9,65,64
482,01110100100000001010111011110100011100011110110001101110110101000110100110111010000000100010000110110111101111110111011011001100,True,True,True,True,True,True,True,True,True,True,67,63,31,9,3,4,8,64,64
483,10001011001001011100010011001110111010100001111111110101101001010101000011001011110101101101011110111100001111000001101011110001,True,True,True,True,True,True,True,True,True,True,70,67,38,5,11,6,7,65,66
484,01101010011000100111010111100111011110111010111000111100101001011011000011011110001001111100111010000101010010001010011001101110,True,True,True,True,True,True,True,True,True,True,69,69,35,2,8,7,6,64,64
485,11110100111110001110101000101110110001101111000101100110010001011011011010001111010001011111100100101100000010000001101011101010,True,True,True,True,True,True,True,True,True,True,66,66,35,6,8,8,9,63,64
486,11001001010010111100100011011001101101011000101000011111110111000000010101010000100101100110010111011111101010110110001011010100,True,True,True,True,True,True,True,True,True,True,65,72,41,6,13,10,6,63,63
487,00110101000010000101000110011000101111101100001101000100001111111001010110100100110010000100110001111011001001000100111001011011,True,True,True,True,True,True,True,True,True,True,59,66,30,5,6,12,10,64,64
488,00011011100011100001101001001010100111100001110010101000101011001111110111100110100101000010101000100011011001000001100110101010,True,True,True,True,True,True,True,True,True,True,60,71,39,5,11,8,9,66,64
489,10100001101011010110000000100100110110111000010001010100001100001001101101110100011111111110001000101110000011010000000000000100,True,True,True,True,True,True,True,True,True,True,53,58,30,20,5,8,11,64,69
490,10100001101101001000011001011110101110001011101110110111000001010001001100000011000011110111111011111110110110110111010010010010,True,True,True,True,True,True,True,True,True,True,68,64,33,8,4,8,7,66,64
491,10001101011100010011110010111100110101101100101010000001001011001110000100001111000000110000110000001011011011100101101111011011,True,True,True,True,True,True,True,True,True,True,62,63,29,12,8,8,8,63,64
492,11000101000011000111010010011101000111111010000011000101001010110101111000010001110001101010010100100001101000110110111010011111,True,True,True,True,True,True,True,True,True,True,62,67,35,5,7,7,11,65,64
493,11001100101001100000101101001010100100001110100100000100000100001100011010000000100111000110111001111010000111101010100101110100,True,True,True,True,True,True,True,True,True,True,54,66,34,13,7,9,9,64,64
494,11000111110011010111010101001101111000000101100101101010111000101101000110011100111001010110110101011000110010000010110111010111,True,True,True,True,True,True,True,True,True,True,68,73,40,5,14,6,6,64,64
495,01010111110011110000100011101001111001100111101110000111000010110100000100100001001101000011000110011111000100100100010100110001,True,True,True,True,True,True,True,True,True,True,59,60,25,7,4,9,11,64,65
496,10001001010101110010010001101110101111100000110011100100101110010111100101011100001110010010010011010111000101001001010010111100,True,True,True,True,True,True,True,True,True,True,63,72,38,3,12,15,5,66,63
497,00001001010111000010110001101101101000001110010001111101100001000010100111100111101101000001101100101101000010001000011100001101,True,True,True,True,True,True,True,True,True,True,57,62,29,11,5,9,12,64,64
498,10010011001000000100000101101111010110111100101010010111111110011001110000011011111011111011111111101111001001001111000011110001,True,True,True,True,True,True,True,True,True,True,73,55,25,8,5,8,5,64,65
499,01000001101101100010110100101001100111000000001000010010100110010100000000110100000010010101100011001101110001111110001101010100,True,True,True,True,True,True,True,True,True,True,52,65,33,16,8,8,9,64,63
500,00100110100000110101001101010010100100101101110011101011110110000101111110001011111011000010100111010100100010001011110100110000,True,True,True,True,True,True,True,True,True,True,63,71,40,5,10,10,6,63,62
501,01000011011010011100000011000001010001100010110100011100010000110110011011001111100000011001000101110110000110010100110011111001,True,True,True,True,True,True,True,True,True,True,57,60,23,11,4,6,11,65,65
502,10001110100001100001011100000101001001101101011000000001111100010110000011010110100000010101010110011011011001100011101111011101,True,True,True,True,True,True,True,True,True,True,60,65,34,14,9,5,9,64,65
503,11110101001100111100111010000011011100001001000000101001100101011010111100111101000010100011001001100110010110111111100101100111,True,True,True,True,True,True,True,True,True,True,66,65,30,7,8,8,5,64,64
504,00001010001100010010010000110111010111110101010100100000110010011100011010101110010100101000000010010011111111100000111001000010,True,True,True,True,True,True,True,True,True,True,56,65,36,11,9,12,9,65,66
505,11111100110000010100111111011110100010110100101110011111100011001010010011011111010010110111001111001100100100101001011000011001,True,True,True,True,True,True,True,True,True,True,70,65,30,3,7,10,4,64,64
506,11010101000111011000100001000100010100010011100000000111000101001001111101101100010001110000110111011111010100011000000011001011,True,True,True,True,True,True,True,True,True,True,57,61,29,11,6,9,13,65,64
507,11110011010010111110100001110100011011110101010011111111100001011001000000011100000100101011111101011001011101010100101010110100,True,True,True,True,True,True,True,True,True,True,68,68,42,8,13,7,5,64,64
508,10010100000000111000011000110111111101111111100000110101000110000010110110100110001001111110001011101101011101011001111110110111,True,True,True,True,True,True,True,True,True,True,70,57,27,10,6,4,8,65,64
509,10101111001010101111010101111000110101111010000100110100100111001100111100100111100111101111101011110110000010000000010101001110,True,True,True,True,True,True,True,True,True,True,69,66,37,8,10,6,4,65,64
510,00101100101001000110011000011011011011111011000011001110110101100000011110101011010000101111100111000100011011011101001011011110,True,True,True,True,True,True,True,True,True,True,67,67,32,6,7,6,7,66,64
511,11001100100111101000101000100100010000001111000011111010101010010101111001010010100100110110001011101110110001000000110111101001,True,True,True,True,True,True,True,True,True,True,61,69,38,7,9,11,8,65,65
512,10111001000110111110111100000011111010000111000101100101011011011010100011111110000110110101111110010010000111010101010011000110,True,True,True,True,True,True,True,True,True,True,69,64,34,6,8,5,8,64,65
513,00000101101001111111000100000011111010011000100111111110111001101001001110010000000010111110000001100010110110110110101000011101,True,True,True,True,True,True,True,True,True,True,63,56,26,14,4,7,8,64,64
514,00101011001001000101111100010011010101000000010101101000011001011010100100101010011000000011001011001001101000001101101010111011,True,True,True,True,True,True,True,True,True,True,56,76,45,11,14,11,6,62,64
515,10101000010011101001000000011100011000011101101011111011101010011011110001100011011100001110000100011100010010100001111011110000,True,True,True,True,True,True,True,True,True,True,61,58,26,10,4,5,11,64,62
516,11110001111000101001000110111111001010100100010101001111100001100010101111000000001100011101100000110001101011110100111000000001,True,True,True,True,True,True,True,True,True,True,60,57,27,13,8,6,11,64,68
517,01111111000101000011100000001010100101000100011010110000110010101100111110011001001001011101101100101000100111011001001011011011,True,True,True,True,True,True,True,True,True,True,62,70,36,6,10,12,7,64,64
518,10110110010000000101000011011000101101010000100010111010110100100110011110110011010011010010110000011110110010001001100101101001,True,True,True,True,True,True,True,True,True,True,59,73,38,8,7,10,7,64,65
519,11101111101100010111011110000101011001110101010001101101011010110110101000001100101101001011010011100010110110110010100100001110,True,True,True,True,True,True,True,True,True,True,68,76,44,4,12,7,6,64,64
520,10101101000010010011101111001010110010010010001000101101000101101111000000010100001001110110010111011011110001010001111010011100,True,True,True,True,True,True,True,True,True,True,61,70,38,6,8,13,8,63,63
521,10100111100111000001010101001000110000001010011010011010110010010110010100101100010010101110110001100111000101100011111011111001,True,True,True,True,True,True,True,True,True,True,62,71,37,5,11,10,7,65,65
522,11100111010100001010011111100000101001001110010001101001110010000010111000000100101110110001111000011010101101101011110010011100,True,True,True,True,True,True,True,True,True,True,62,64,31,9,8,9,7,63,63
523,10100011000110110111010011110110010011000000000001110010111101100111010100001111110100011100011110100100101000010110100011010111,True,True,True,True,True,True,True,True,True,True,64,63,31,10,5,5,8,64,64
524,01110011010101111001101010010100100111001011010101110010011101100101001001010010101000111110011100010000000011100001011010011000,True,True,True,True,True,True,True,True,True,True,61,73,40,6,12,10,4,64,63
525,01101000110000001010110100111100101111100100101111101111110011001111101100101010101100011100110110001111101100010100100100111000,True,True,True,True,True,True,True,True,True,True,69,65,31,3,9,8,5,65,63
526,00101001111011101010111001110111100111011110111000101110000000011101100100110111000001101010001011100101011101010000010111110011,True,True,True,True,True,True,True,True,True,True,69,64,33,9,10,6,5,64,65
527,01000001110110010001110100001101100110101011011010010110110011101100111010101100010111101110011001001110001100101101101100110110,True,True,True,True,True,True,True,True,True,True,68,73,34,3,7,5,5,66,64
528,00001001110111111010100001011111110111000001001010100111111100101010110111001000111111110010111000110111101111010000011000101101,True,True,True,True,True,True,True,True,True,True,72,60,33,6,9,8,7,63,65
529,01011110111110001010110111101001000001001101010101111000011000100110011001100111011010110111110110110000110101010011000101111011,True,True,True,True,True,True,True,True,True,True,70,70,37,4,10,5,6,62,64
530,01000111000111101110110101010010111001000100100111001100001011000000010010101111001010001111100111000100111110001010100111111000,True,True,True,True,True,True,True,True,True,True,63,63,31,5,9,10,8,64,63
531,01010011111001110101111111101000000110010010111010000111100101100001110001010100110010100001001111001111100010010100010001001110,True,True,True,True,True,True,True,True,True,True,63,63,32,6,8,10,8,63,64
532,00000010110010110101101110000010000011101001101100011011100010011010011000100101101010000010011100101000101010001011010100101010,True,True,True,True,True,True,True,True,True,True,55,75,44,9,12,11,9,65,64
533,01011011110110100100110010110110100101111101010011100001001101111011001000101100001110010100001111110011011110000100011000110110,True,True,True,True,True,True,True,True,True,True,67,67,32,4,6,8,7,63,64
534,11100111001101101000010011001111110010011100010011110011000010101110100101010010001010001111110100001010000011010100011100000000,True,True,True,True,True,True,True,True,True,True,59,62,30,10,7,8,8,64,61
535,01101011010011001010000101101100110001111010110001111111110011011110011000000000000010100101001011100110011110111000010100011101,True,True,True,True,True,True,True,True,True,True,64,62,30,12,8,6,6,62,65
536,01100000110100011011111011011101110000010101001010000100000101001100011001111101100101110001001101010011110101011001111110011110,True,True,True,True,True,True,True,True,True,True,66,65,33,7,8,6,7,64,64
537,01101001110010011100110001001011011101001000011110100010101000110000000001110100101101111110010000100100101001110110000101100101,True,True,True,True,True,True,True,True,True,True,59,68,35,9,7,12,7,65,64
538,10000101001111101110001010111010000010110010100111101011110011111111101110100001001001111110101011010011101111001000000110011111,True,True,True,True,True,True,True,True,True,True,72,61,33,7,8,7,5,64,64
539,10011001011110110001101000001110110000011011001000100010010100111101100110000010100101101111001000101011111000111111001100010011,True,True,True,True,True,True,True,True,True,True,63,63,27,6,6,10,9,65,64
540,01011111011111000101100000001101000010100000001110110010111000011010111111100001110100110111100010111000011011000011101110110111,True,True,True,True,True,True,True,True,True,True,67,56,26,13,6,4,9,64,64
541,01000011111010001001110100000000010011110011010101110000101111001001011001110110100010100011101001101111110000001101001100011111,True,True,True,True,True,True,True,True,True,True,63,60,29,11,5,6,8,64,64
542,11001100010110111011100110111110001010011101100110011101100100001011101000010111001000001110110010101110000011100101000100011100,True,True,True,True,True,True,True,True,True,True,64,64,27,6,7,9,8,64,63
543,10110111000101011110100111111011010100010000010001001100100110001110011000111011110110101100101011110010001111010100101010100000,True,True,True,True,True,True,True,True,True,True,65,70,39,4,10,8,7,64,62
544,11111000110010011101111100010010001100110101111010110001100101111100110111111110011100101101000100001010110110001000001010000000,True,True,True,True,True,True,True,True,True,True,65,60,27,7,7,9,8,64,61
545,10101001111011001010001011110110101101111101010000000000011100000000101011000110110001001010010000010110111001111000110010111111,True,True,True,True,True,True,True,True,True,True,62,63,35,15,10,8,7,65,64
546,00100100100110100110011001011101011111001001011010010101110001100011011101111011100111011000011010110001110010000101011101100000,True,True,True,True,True,True,True,True,True,True,65,69,32,4,8,9,5,62,62
547,00001101000110110101101011100111001101101001001100110101100001110011010101000101001101100110101000001011100111101010100100011000,True,True,True,True,True,True,True,True,True,True,62,75,39,4,10,4,6,61,63
548,01111110011101111101000110010101100001011010001110001101011000110001000110100101000100110011000000011110011011001011101001101011,True,True,True,True,True,True,True,True,True,True,64,66,30,5,7,6,9,65,64
549,00010011011100000111100101011101011011001111011011101011100110100111101011111011100001010001010100110111111000011110001001001110,True,True,True,True,True,True,True,True,True,True,71,65,33,4,8,6,6,65,64
550,10000111110110000011111100001111110101010001011010001001001011100100001000011010011111011010110001100000100010000011100110101010,True,True,True,True,True,True,True,True,True,True,60,62,33,10,7,8,11,63,64
551,11000000010100110111001110010001001101000101101010111011101000001111110001110110000111101111001111111011000111010110101010110100,True,True,True,True,True,True,True,True,True,True,69,64,33,7,8,4,7,65,64
552,00001100101110111100100000011101100010001110011100111111100110111010111100010000111110110010111010111011101100010101101101110001,True,True,True,True,True,True,True,True,True,True,71,60,26,5,6,6,8,64,66
553,01001110111011110010011011000000101101000101011001111110110100011010001101001111111001001001111100001101111100010101111011101100,True,True,True,True,True,True,True,True,True,True,71,63,30,4,5,6,6,64,63
554,00001001100001101000111100110011000001100001000111101110001110011010110010010011111011000000101010011010111010010100101101011110,True,True,True,True,True,True,True,True,True,True,61,65,30,8,7,7,8,64,64
555,01110100011000110100000110000100010101001100000111001011011011111100110110000011101001101010111101010110101100000000000011110101,True,True,True,True,True,True,True,True,True,True,60,64,35,16,9,3,8,65,67
556,01100011001110000010111111101001111000001011010110011110101100101001111101011110111011010101011001111101000101110001101110001100,True,True,True,True,True,True,True,True,True,True,72,65,33,4,10,4,6,63,64
557,11110010110100000000010001000100010110001000001010100101101000011000111010011001110001100111101000011101111010111011011010001001,True,True,True,True,True,True,True,True,True,True,58,65,33,10,6,9,11,64,64
558,01000000111011100001111011110111111011100001010011111100110000011001001011111110001000011110011000100101111000110011110000001101,True,True,True,True,True,True,True,True,True,True,67,50,18,11,3,6,9,64,66
559,10111000000111111010010010110011010010110011100011101100110100010000110010001100100110011000010001111010111101010110011111101100,True,True,True,True,True,True,True,True,True,True,65,64,27,5,5,7,7,61,63
560,01111000100101011100100000111111111010110100011100100111010010011001111100111000110001100101000000100110000111110110000010101000,True,True,True,True,True,True,True,True,True,True,62,59,26,8,6,8,8,64,63
561,11000111000110011011110111100011110101111101010010101000101001101001100100001000101110000110000111111011111111010100111010111110,True,True,True,True,True,True,True,True,True,True,72,62,32,3,8,5,8,62,64
562,00001011010101010100001011111010010000100010011001001001000100001001100001010100001101100111110010000001010111000111100001101111,False,True,True,True,True,True,True,True,False,True,55,66,36,10,10,13,11,67,64
563,10100011000110011011100110111010111011010111001111000110110000001010000111000011101111010001111110111010001101010100010000101101,True,True,True,True,True,True,True,True,True,True,67,65,33,6,6,3,10,65,65
564,11110001100011111011010110110110010111101100011100010000101011100111000100000000001000011001001100110110011101010011101010000110,True,True,True,True,True,True,True,True,True,True,62,62,27,10,6,6,9,64,65
565,11101000110001010100100011111110100000101101000111101111100110010000010100111101000001111000010111100010000101000100010110001001,True,True,True,True,True,True,True,True,True,True,59,61,32,8,7,11,13,62,64
566,00101011111001100100010100110011001000001111000000001110110110110001001110101111011100010100110110110001110011100111001001000011,True,True,True,True,True,True,True,True,True,True,63,62,24,8,5,8,7,62,66
567,11011001000000000110001111011010111001110110100110101111111110101110110100110101010001111101011110011111100001111111001100101001,True,True,True,True,True,True,True,True,True,True,75,61,31,7,7,2,4,64,65
568,00011001111101001011011000011011001111011011001110101100000110110000111101010101101100010110000110101100010111111100100111100101,True,True,True,True,True,True,True,True,True,True,69,66,31,5,9,5,7,64,64
569,11000110111011010110101101111000011000110100010001010110101000001000100011001111100100111001110010110000101100011101101100001011,True,True,True,True,True,True,True,True,True,True,63,67,31,5,8,8,11,64,65
570,11001111101000011111000110011001001111100011011010000100110011101011111111111011111011001111011011110111011110111000100011101110,True,True,True,True,True,True,True,True,True,True,80,54,20,2,1,3,6,64,64
571,10001101110111100000101011100110110011111010111000110010011110001111000000011000011111000110111011101101111001100010111100011111,True,True,True,True,True,True,True,True,True,True,72,53,18,7,4,3,9,65,64
572,01110010000011101111010001110100100111111001101111111110110111001010100001000000010000101101011111100111001111000100000100011110,True,True,True,True,True,True,True,True,True,True,67,55,26,10,4,8,8,64,64
573,10010001000100111110001001011001110010001111010110111111110001100011110001011110010000000010100101111011110011100111011001110100,True,True,True,True,True,True,True,True,True,True,67,58,24,5,5,10,8,65,64
574,00100101101110011111111011111001001001010011101111011101001110010100111101000100100110100001101000011110100010011101111110101010,True,True,True,True,True,True,True,True,True,True,71,67,36,2,5,9,4,64,64
575,00000101100111001111111101000101100110001010110111100001001011110111111110000101110111111000100011000011011010111101000011101111,True,True,True,True,True,True,True,True,True,True,72,56,26,6,7,7,9,64,64
576,11000111111110110100111001110101110111100101000100000000101111001001010010010101111100101111100100001101110001001101111001010010,True,True,True,True,True,True,True,True,True,True,68,64,33,6,8,12,5,64,65
577,10010111010000111011001000010010010011010011110010011101111000011001000100011100101011010011000110100011100001100001111110001011,False,True,True,True,True,True,True,True,False,True,61,63,26,5,4,10,10,67,64
578,10011001101100101100001111010110000111100001111011100101000111000110100110000111000101111110000010001000011110000001011110010101,True,True,True,True,True,True,True,True,True,True,62,57,24,10,7,7,11,63,65
579,00110100110111100011010111110000111001001100100010001101111100100000001001111101100011000101101101101010110100110100011111001111,True,True,True,True,True,True,True,True,True,True,67,62,26,5,4,6,8,66,64
580,01111001010101000110111011111111110111111100000011110111101010011100010100000011000001100011111111100000100011011110010001001110,True,True,True,True,True,True,True,True,True,True,70,51,24,10,5,5,9,65,64
581,01001101111011001011010001011000001011011100101000111101110111100110111111101011111110000100000011000000100100100101111110111001,True,True,True,True,True,True,True,True,True,True,69,60,30,9,6,9,6,65,65
582,01010001110001011001101011110111110101100001001100000000000000001010010100110011000101110011011000011001100000111101100000000111,True,True,True,True,True,True,True,True,True,True,55,56,24,22,7,5,8,64,67
583,11100110111000011100010010011110001110101100110010100011011001001010011110110001010100001110000010110000111101101001111010110001,True,True,True,True,True,True,True,True,True,True,64,65,29,5,7,7,9,64,66
584,10101001011110001010010000100100001010101100110001011010100010100001001110001000011011100110101000111010110100001100011111001001,True,True,True,True,True,True,True,True,True,True,57,73,42,5,11,11,11,64,64
585,01000001000111110000010100001010000101011010011111111101101101010111101100011111101001001100100100011011001011101101000101101101,True,True,True,True,True,True,True,True,True,True,66,68,39,6,8,9,8,64,65
586,01100011000111100111000100011101100100100000011001001110001001001110011111011110011000100100001000100110101001001011000000111101,True,True,True,True,True,True,True,True,True,True,58,60,22,7,2,12,10,65,65
587,10101110111011001001001111111011110001110101101000000001010111000110010100101110100010111001001011100110111011011110001101011010,True,True,True,True,True,True,True,True,True,True,70,70,39,5,9,8,5,64,64
588,00011101001111000100100010100100100111110100100010000001111010100010100111101110101011010100001011101110111110101100110111001110,True,True,True,True,True,True,True,True,True,True,66,69,39,4,8,9,7,65,64
589,10000111110011100111111111111011000110010111101110000110111111000111001111011101100110000110101111110111011100011110101111100011,True,True,True,True,True,True,True,True,True,True,82,49,16,3,3,1,7,64,65
590,01100001010100101010000010111001001010001000101011001101001111000111111000111110110100011000000010110111110110011101111000111110,False,True,True,True,True,True,True,True,False,True,65,63,33,7,9,8,9,67,64
591,00011010110111110001100010111000000110101010000010011111101110100100110111100011100111101001111110110000110100100110101001101110,True,True,True,True,True,True,True,True,True,True,68,63,30,6,5,4,7,64,64
592,00100111111100000100011000010110011100100100011101110111010011101100001101101110000001110111000001111100010111011101000111011011,True,True,True,True,True,True,True,True,True,True,67,56,21,9,2,6,9,64,64
593,00011000000010000100101110101010000000101101010001011100101111011010011111010111100111000010101010100111011100010100101011111110,True,True,True,True,True,True,True,True,True,True,63,69,44,10,15,9,7,65,64
594,11001111011010110001000100011100101000110001100101111111001000111000100100010010001111011110000101101100110110001001011101110101,True,True,True,True,True,True,True,True,True,True,65,65,29,1,6,12,11,64,64
595,01011001010110000100110111000100001110000100010110110010100101100111001111110010001000000000111101001010001001110101110110011000,True,True,True,True,True,True,True,True,True,True,58,65,31,9,8,11,8,65,63
596,10111111110100011010001001100011111100111010110101011110110001111110111101100011101001000010110100100101000001110101001100011110,True,True,True,True,True,True,True,True,True,True,71,64,34,3,6,5,8,65,64
597,00111111011000001101000101001000001110010110110010000000101100111000100111100100001101000111101010111001001110010001100100111001,True,True,True,True,True,True,True,True,True,True,59,62,26,9,5,10,8,64,65
598,01101111100100111011010101101100110000000110100100111011111001010010000001110110001011011000011110000101011000100010000010100110,True,True,True,True,True,True,True,True,True,True,60,65,32,11,7,9,8,64,64
599,01111010110011010011001110110110100101011111101011110010011110110000101000100101100100101010010010011110101111100100100000110011,True,True,True,True,True,True,True,True,True,True,68,72,38,3,9,11,3,66,64
600,00101101001100000011001011100100111001100001100000001101110110000010001001101100110001101100100100001100101011110001000001011110,True,True,True,True,True,True,True,True,True,True,55,61,23,13,5,10,9,64,64
601,00111001001101000011111111101010011100110010000100011111001111001100010110010111111000100110100001101110111110000011110100100001,True,True,True,True,True,True,True,True,True,True,67,56,22,6,3,7,8,64,65
602,10100000101111111100011000111100010001001001001011001111110001110010001011011100111100110001111100111101000111000011101011010010,True,True,True,True,True,True,True,True,True,True,67,58,24,3,4,9,10,65,64
603,00010011110011110011001110100111011110011011011001100100001100100111010000111110100000100100000000110000010001101010010001011110,True,True,True,True,True,True,True,True,True,True,59,59,23,11,2,8,8,63,64
604,00100000001101010100110000001111110111000000010000010100111000011011000010011001101000010110100011100010001001111111010010101010,True,True,True,True,True,True,True,True,True,True,54,61,32,16,7,8,10,65,64
605,01011000111011001001101111111101000111101110000111110101000011010010101111001101110110001010111100011110100110101010000000001010,True,True,True,True,True,True,True,True,True,True,68,65,37,8,9,4,7,65,67
606,11110101101001100101110001101000001100001011001100011010110110001001100010000010010100101100000001011100011111111100100111111101,True,True,True,True,True,True,True,True,True,True,63,61,28,9,7,9,9,65,65
607,01111001111110010011011111011111001010001101111000011010011011011011111100001111110000101011001111100010100100101010111111010000,True,True,True,True,True,True,True,True,True,True,74,59,29,4,7,6,5,63,63
608,00011001010110001110101110011111100000010100000100011001001110111110110100111100000010100111011011010001100011011101000011000010,True,True,True,True,True,True,True,True,True,True,61,61,28,10,5,6,10,64,65
609,01101101001011101000010011111011000001100000111000100011101001100111111100110111101110000001111100001101110100000100001111101010,True,True,True,True,True,True,True,True,True,True,65,55,24,12,2,4,9,63,64
610,01101001110100101111010011100001001110011100111001011110101010011101010000001111010110011010010101011100100010000011011110000000,True,True,True,True,True,True,True,True,True,True,63,67,36,10,9,6,4,63,61
611,11101000101010011001110001010101011110101001100010110001111100010001011101001101001101101101000110011010111001000011100010011001,True,True,True,True,True,True,True,True,True,True,64,73,38,1,10,7,9,64,65
612,11010010011110101010010110111000011101111010001101110111100001000000010110011011010010011001110011010001101101100001110101110110,True,True,True,True,True,True,True,True,True,True,67,68,33,7,5,5,6,64,64
613,00000001010000111011110110110100101101111011000111111111100001101110111110110110111001111110010010000110111011111011010100111000,True,True,True,True,True,True,True,True,True,True,75,57,26,7,3,4,5,65,63
614,11000111111010101100011001110010100011110111001011100010000101100110101100001101101011010110111000000111001110101100011001100110,True,True,True,True,True,True,True,True,True,True,67,66,29,5,9,4,8,64,64
615,00001011100100001010110001111110101110001100011000001100111000111100000011100001011111111011100100010000101111010101011101000110,True,True,True,True,True,True,True,True,True,True,63,57,27,9,9,7,12,64,64
616,11100101100110010100000000010000100000111010011000001001100011111000000111110001101111101100100011001010000011000111100001000111,True,True,True,True,True,True,True,True,True,True,55,51,17,17,3,8,12,65,64
617,10010000110100011110000111110111111101000000011000110010001000010001111111011111001001010010000001111100010100010011001111110101,True,True,True,True,True,True,True,True,True,True,63,53,24,10,3,9,11,64,64
618,11011111001011111100100010101111011001101000000100001011101011000010010101011011100000010001011010011100000001101010100010111011,True,True,True,True,True,True,True,True,True,True,62,67,39,12,12,10,8,65,64
619,01011011111010101111011110101101101101110000001010111000000100100111001101111000011010000000101001001101110100110111011110100101,True,True,True,True,True,True,True,True,True,True,68,68,39,11,8,6,4,63,64
620,10100110101000111100111111110011011000000100101111010010101101000100111000011110111001001100101111010010110011110001010000111111,True,True,True,True,True,True,True,True,True,True,69,63,31,5,7,8,6,64,64
621,11010011111011000000111110001001001010010111101100110101100000101001001011001000100011101111110110111101011001010101000111111101,True,True,True,True,True,True,True,True,True,True,69,67,37,5,9,10,6,65,65
622,01011011010101110110000011111001110101101011001001101101010111100001111111010111011011010111011001011010011010001011001100110100,True,True,True,True,True,True,True,True,True,True,73,75,42,3,11,3,3,65,64
623,00101010001011011011101010100010110101011101110100110111010011100111011101111100111001110111010000010110011001100101111001001100,True,True,True,True,True,True,True,True,True,True,71,73,38,2,10,6,3,64,63
624,11001010101011010111110001110010111110011100111000011100001010011001011110011101011110000011110110000100111100101001111011000110,True,True,True,True,True,True,True,True,True,True,70,62,28,5,10,6,6,64,65
625,00000000100010000111011110101111111100101101101110100101111010100100010011101110111001000111000101110011100011011001010011100110,True,True,True,True,True,True,True,True,True,True,67,63,30,6,6,9,7,66,64
626,00010011001010010010111010110100011110011111011101001100011100110110100111001111010011000010110111110011100001110110001100010001,True,True,True,True,True,True,True,True,True,True,67,64,26,2,4,6,8,64,65
627,11011100010000101111100010101001000111000100000101011000000110101010101011010101000010100110011111000110010101100111101001111100,True,True,True,True,True,True,True,True,True,True,61,70,41,7,15,8,9,65,63
628,10100100110111011111010000101110101111011110110000000011101010010110001011110110001011100011011001000111100000010100101001011000,True,True,True,True,True,True,True,True,True,True,64,66,36,9,9,9,7,65,63
629,01010110000100111100011000011010100110001011001001000001101001010110111101011100010011100100001101001110010111101101110111100111,True,True,True,True,True,True,True,True,True,True,65,68,33,5,8,8,7,65,64
630,00011010111101001011000010111110110111111101001010011110001001010010101111001000010001110100100110010101010101101101111010110010,True,True,True,True,True,True,True,True,True,True,68,75,46,2,13,11,5,63,65
631,11111001001010010111111101100100010101110101000100011111001111101110001101111110110110101110111110101001100001000010011101111110,True,True,True,True,True,True,True,True,True,True,76,62,33,2,7,8,6,66,64
632,11110011000001010010111110011001000011100001110001101110111010010101100101000100010110110001001101111011001011100000110100010100,True,True,True,True,True,True,True,True,True,True,62,66,31,6,8,10,9,64,63
633,11110011000111011000101110111010100101110000111100011111111000101001010110011101010010100101101110100100101101110111101110001001,True,True,True,True,True,True,True,True,True,True,72,69,37,1,10,9,6,64,64
634,01111111010111100101111011010000111010000010010011010101000000110011110011010110111100101010011101100001101110010100101000110111,True,True,True,True,True,True,True,True,True,True,68,68,37,7,9,6,5,65,64
635,01101100111001111111101110111100001010010101111011110100000000011010000001101001100010111001000001011101111010000111111100001000,True,True,True,True,True,True,True,True,True,True,65,55,27,14,5,6,7,64,65
636,00101100101111011000010100111000001100011101111100001001010100101111111101001010000110001011101110100001101101110010101010000100,True,True,True,True,True,True,True,True,True,True,63,67,37,7,11,10,8,63,65
637,01101100100100011011110111100100100011100011101100111101010011101011001110100101110100011111011101001001000010111011001111111111,True,True,True,True,True,True,True,True,True,True,74,64,30,1,4,8,5,63,64
638,00011010010100001000001110111001011000001110100100001101001111101001111101001010000011011010110101010011110011010010100111111010,True,True,True,True,True,True,True,True,True,True,63,69,39,8,7,6,6,65,64
639,01100101000010001001111000101111010111011010110111100000100100111110010111001100000110000000001100011011010100110010000001111001,True,True,True,True,True,True,True,True,True,True,59,60,27,14,6,8,8,63,64
640,00100011000000111010100001101011100011110001001010001100001101010110100011101011111001110110111000110100001111001100010111110011,True,True,True,True,True,True,True,True,True,True,64,62,28,6,7,4,11,65,65
641,11000000000111011011000100011001001010110000010001000110110010101101110000111000010001101100101001101010011000101000000101100111,True,True,True,True,True,True,True,True,True,True,54,65,30,13,8,10,11,64,64
642,01111001100011010111101001011111010001011011111010110110011110010110000100111110000101110000100010000011000000000111010000000101,True,True,True,True,True,True,True,True,True,True,61,58,29,15,7,8,9,64,66
643,10000111111110101101111101100000000000101101111011001101010101000101010110001010110011000010001010100100110110111100100001010100,True,True,True,True,True,True,True,True,True,True,62,70,43,11,14,8,7,64,64
644,00101100101101010111100011010000100011010011111100111110010010111111000101001000001000100000110111011010000011011011000010101010,True,True,True,True,True,True,True,True,True,True,61,67,37,8,9,10,9,65,64
645,01011111010111001111111101001100101111110001000010111011110111010111010010110010000001110010011110000001111011001100111001101010,True,True,True,True,True,True,True,True,True,True,72,61,30,7,7,6,4,64,64
646,10010001100010010010110010100111001111110110000110011011001001101000000011111100011010010111001110001100111011010111110000100101,True,True,True,True,True,True,True,True,True,True,64,63,26,6,5,9,7,66,64
647,11000000001011101000001111100110000111110111111111111000100100001001011111101011110000110101101011011011101011100000010100011110,True,True,True,True,True,True,True,True,True,True,69,54,28,13,7,6,8,64,64
648,11100100000111100110000010110101110011101011010010111010011001000011100111111101010000110101111000011110101110001111111111111001,True,True,True,True,True,True,True,True,True,True,73,57,27,7,7,4,6,64,65
649,00011111100001111101101110000110010100010111110111001000000101010001011101001010110111000111111001110101000001011000001111110111,True,True,True,True,True,True,True,True,True,True,68,58,30,9,9,7,9,64,64
650,00110100110011010010100110001101010100001110100100100011010000111110110001110100011110000110111101100001011110000101000010000110,True,True,True,True,True,True,True,True,True,True,59,65,31,7,5,6,11,62,64
651,11111100001110101000110010101110011000110110000101011001011001111000110110100111110001000111001111101011101000100010011001111110,True,True,True,True,True,True,True,True,True,True,69,62,27,2,7,6,9,65,64
652,00001001011111110011100111101111010111111011100011000110101001100101011110100100000100111001110000011110101010110001101000110111,True,True,True,True,True,True,True,True,True,True,70,62,30,5,8,5,7,64,64
653,00111100000010011000111101001011010010111101110100000011100001000001011001110011100000101010001001101111101110000100001111111011,True,True,True,True,True,True,True,True,True,True,62,56,25,13,5,8,9,63,64
654,01100001101001001110110010010110010001111101010110110111110001111101001100000001001101101011001101101111101001101101011000100010,True,True,True,True,True,True,True,True,True,True,67,69,34,5,5,7,6,64,64
655,10010001111110110101011110110011100100001011010100110110001000011100011001001000100011001010101111111000000000110111111011110111,True,True,True,True,True,True,True,True,True,True,67,61,30,8,7,8,8,64,64
656,11001011111101110110110100111110101100111001101010011011000110010000010000100000110010110000111000000010110000000010110100111110,True,True,True,True,True,True,True,True,True,True,61,60,27,15,6,7,7,64,64
657,11100011111000110101100011110101101100011000010000011010110011111101110011100110101101110011100101010011101010100010100100101111,True,True,True,True,True,True,True,True,True,True,70,67,33,3,10,5,7,65,64
658,11010000000100000100111101110001011001100001001001101010111101111010011011111000011010111000111111100011111000001110001101001010,True,True,True,True,True,True,True,True,True,True,65,58,27,10,5,6,9,62,64
659,10111010011010111100011101010111111010000101110111010111001111100001100101011001001000101001010001101000010100010111110111010001,True,True,True,True,True,True,True,True,True,True,68,71,43,3,11,8,8,64,65
660,11010111100110110101001101101001110001001010001001100101010101011011010001100001110100010010100000100000100011010001000011010011,True,True,True,True,True,True,True,True,True,True,57,75,42,6,9,9,10,66,64
661,00100000011000001100100100111111100111000111100110111111011100011011001101000101011001001000011101101111011100010111101000100010,True,True,True,True,True,True,True,True,True,True,65,59,24,6,3,9,9,64,64
662,10010101011001000001010100000101101000000110001000001000100001010100011111000000100000011001010000011001001010111100011100101111,True,True,True,True,True,True,True,True,True,True,49,63,36,18,12,13,12,64,64
663,11100111011100110110011110100011001100101010110101100001000111000000111100011101010110111110111100110110101000101011011101100101,True,True,True,True,True,True,True,True,True,True,71,69,35,4,10,4,6,64,64
664,01001111110111101111010110100100100100100011101010100111110000000010110001001011101010100001101101111101000101101110110100010000,True,True,True,True,True,True,True,True,True,True,65,69,41,7,8,9,6,63,63
665,10110010110101111001011100111000011010100110111010110111111111101111100101011100110011001010101010010110100110011110010011011101,True,True,True,True,True,True,True,True,True,True,76,73,40,1,12,6,1,64,65
666,01110100101100110101110011001001010110100101111001110011010010001001110100101000100101101111111001010011000111101010111101010010,True,True,True,True,True,True,True,True,True,True,68,77,44,0,11,11,3,63,65
667,11011010000010101001110001010111101101100100101100010100001010100101011100011000010101111101001111111101011111110101101110000000,True,True,True,True,True,True,True,True,True,True,67,68,42,8,14,8,6,63,61
668,11111011011101100111110011010000000110010001100101110110011101011101100001011000011111101001011000010111011010011001000001110110,True,True,True,True,True,True,True,True,True,True,68,62,27,9,5,6,6,63,64
669,11010010000101101100011001101010100101001001110111101101001111001000011000101011011101000101000001101100011111110110110111100001,True,True,True,True,True,True,True,True,True,True,66,69,36,5,7,7,8,64,66
670,00011010100010101110001101110101011010010100100001100001111101110100101000001011010100110001100010101101111000110001110111101010,True,True,True,True,True,True,True,True,True,True,63,73,43,4,12,6,10,64,64
671,01100100101100101100000101011110110111110001100100011110010011100000110011011010111000011011000000011101010110011100000111111001,True,True,True,True,True,True,True,True,True,True,64,60,25,11,7,6,7,65,65
672,01101011011011100011101101001111110000001101010111000000110001101000000010000111111110111000100100001110011010100011001110100010,True,True,True,True,True,True,True,True,True,True,62,59,28,12,4,4,10,64,65
673,10010000100110100001110101001001001001100010010101110110011000110000111101110110110000111111011010101010101010101110001001010111,True,True,True,True,True,True,True,True,True,True,64,75,44,4,13,9,7,64,64
674,00010010111010111111110100010100000111000100101001110010110011010111011110101011001001100110001010101010100110100010000110000010,True,True,True,True,True,True,True,True,True,True,61,73,43,5,13,10,8,63,66
675,01101000001010001101101000001100110011011010101110000101011001101101010010100100010100010010111011110100010101110010101101011011,True,True,True,True,True,True,True,True,True,True,62,80,49,5,14,9,7,65,64
676,10011011111001011010001010110101110011100110100010001110100001101010101100010101000001110010010001100001111111101100110010100110,True,True,True,True,True,True,True,True,True,True,64,70,37,4,10,7,8,65,64
677,11100011001000001110100100010111000100011110010010011011010101100000110010110100101111011011010001100001101100111001110000000011,True,True,True,True,True,True,True,True,True,True,60,63,26,10,5,8,9,64,68
678,01111010111011010100000100111100111110111011011100111100101111111001010101001110001111010011011111100101100000001011101101011100,True,True,True,True,True,True,True,True,True,True,75,63,33,6,9,5,3,66,63
679,10011100011100011101010010001011000010111101110000110000011001100111110101110001100001101000110000000100101011110110110011111000,True,True,True,True,True,True,True,True,True,True,62,58,23,9,6,5,10,64,63
680,01000110011101101111011000111001011011110101101011010110000110110111101000110110101110001011100001001000101001110011000001111111,True,True,True,True,True,True,True,True,True,True,70,66,32,4,7,5,8,65,64
681,00011100101011101111110101000101001110010100010000001111000101110110100010001011000101111111001010101110111111000111110001101000,True,True,True,True,True,True,True,True,True,True,67,63,35,3,11,9,10,63,63
682,01000110000101111010011110111101101011000110111000101010100100110000110101100010000110110111111111010101111010110110011011010111,True,True,True,True,True,True,True,True,True,True,72,70,39,3,10,4,7,64,64
683,11001011110101111000011000110111111110111101000010011110111000110011010100100100101010011000101001000001101111111111111101001000,True,True,True,True,True,True,True,True,True,True,71,60,30,4,6,8,6,64,63
684,10011111110111001010010110101001001110011011110111000111110001000011010101001100011010001000110100111101111010111011110100010110,True,True,True,True,True,True,True,True,True,True,71,68,36,1,7,6,7,64,64
685,10101101100111011110100100000111100110010111101100011111001100100111111111010111101100000110111111000001010100100001010100111011,True,True,True,True,True,True,True,True,True,True,72,61,30,7,7,6,5,63,64
686,00000000101010111100001011010010010101110000110100001110100101110101101011010110011100110011011010010100010101000001011000101110,True,True,True,True,True,True,True,True,True,True,59,75,46,10,15,9,7,66,64
687,10110000001011111110011101110111101011110110000101000110000110110101000011000111010010010011111010010001010110010100111011001010,True,True,True,True,True,True,True,True,True,True,66,68,37,6,8,8,7,65,64
688,11111111110100111010001011010000010110001100011010000110111111110110010011010101110110011000101111100000011001100011101110100010,True,True,True,True,True,True,True,True,True,True,69,60,28,6,5,5,9,64,65
689,11000010110011101010000100110101110111000010110100101110001001001000011001000010110110111101101010100101100010011000111001010010,True,True,True,True,True,True,True,True,True,True,60,74,40,5,10,13,8,65,65
690,11111111101111010001101110101011100110010000100011111010000111010100011110110100101010110010011101000110101101110101000001010111,True,True,True,True,True,True,True,True,True,True,71,69,41,4,10,5,7,65,64
691,01100101010100110111110110011111000001011110110101011001010111100100001111000110011000100100111001100011100111110111110010001101,True,True,True,True,True,True,True,True,True,True,70,64,29,3,8,7,6,64,65
692,11001000011110000011001011000011011000101111110110110101111011010101111000111010100001100001101110111110000110011000101000000110,True,True,True,True,True,True,True,True,True,True,65,60,27,10,7,4,10,64,66
693,10001110010001011110111000101111100001001001101000011001001110000001010010100011000011010011100010001100100001101111001010000011,True,True,True,True,True,True,True,True,True,True,56,61,26,9,5,11,12,64,66
694,01111011100100110001100101100111010011110100010100000011110011000110001010000001000001001110001100001010110101001100110100000101,True,True,True,True,True,True,True,True,True,True,56,64,30,11,7,8,10,64,65
695,01100110101000101000010100011011011000001011100101011111100011110111100101101101001101100000011011001111110010010111100010001111,True,True,True,True,True,True,True,True,True,True,67,64,31,6,8,8,8,63,64
696,10101110010000010001011001100001110101110110010001010110010001000111100000011000111101001001001100100101100110001010110010001111,True,True,True,True,True,True,True,True,True,True,58,67,31,6,8,13,10,64,64
697,10101000110010100000111011111000011110110110010101100101011110011100011000010011011001010011110111101000010000101101011001011101,True,True,True,True,True,True,True,True,True,True,66,69,37,6,10,8,7,64,65
698,11100010100010000101111010010110010010111101001010111000001110110110011000101010010100100110101111001001000010011001101100100110,True,True,True,True,True,True,True,True,True,True,61,74,39,4,10,14,6,63,64
699,01011001111010111001011110001100111000100010010001110101000111101001110000100111101111001000100010111110110010001001111111101001,True,True,True,True,True,True,True,True,True,True,68,62,29,1,5,10,9,65,65
700,01110100111100001011100011101000110111101101111111101100010101110011010010100110101000010000001101111101001100011100101100101010,True,True,True,True,True,True,True,True,True,True,68,67,36,5,8,6,7,64,64
701,10001001111100110101110111010001101010000111010001111010100101001111110101010001011010101010000110100110011000100111110011100010,True,True,True,True,True,True,True,True,True,True,66,72,42,2,10,5,8,65,65
702,11010111110111001111001011000101111111101111001001110101011100100000111100000101100111110100010111010001111111110100100100010000,True,True,True,True,True,True,True,True,True,True,72,58,29,5,7,9,6,64,63
703,11010010101100000110010010000010011011101010010110101001001100001010010010110000010100011110001011110111010011100101111101111110,True,True,True,True,True,True,True,True,True,True,63,70,39,7,10,12,6,64,64
704,00101110000010001000001110111110110000010110111011100010100001000100001101110111000101101000000010100101010010111111100111101101,True,True,True,True,True,True,True,True,True,True,61,62,34,12,8,11,10,64,65
705,00000001101100101011111100100000010111100010111101111001010111001011111001100110111101110000111111011001001110101111111100000001,True,True,True,True,True,True,True,True,True,True,71,54,25,12,8,7,5,61,68
706,00110000000010100011001110001000101000010001110111000011000101110010000111000100000101011001001001000000110111010000111110001001,True,True,True,True,True,True,True,True,True,True,50,58,25,14,5,12,14,64,64
707,01100110111100110001110001100111110100011111010000010101100100011100000011111110111010010001001001101111110000001101111001010001,True,True,True,True,True,True,True,True,True,True,66,56,23,8,3,6,9,64,66
708,10110000010000111111100101000001101101010100100101110111100010100010111111000100000111111111100110000110110010010100010111101011,True,True,True,True,True,True,True,True,True,True,66,61,33,8,9,10,9,64,64
709,11011000100010000011110100110001001100001000111000011111100000111110101000011100100110000011000101010011011111000001010110010010,True,True,True,True,True,True,True,True,True,True,57,58,25,11,5,9,12,62,64
710,01000101100001010011001001011100100110011000111101101100111100110101111010110101100101011000101001010101111000011111111100000010,True,True,True,True,True,True,True,True,True,True,66,69,37,5,12,9,6,64,67
711,11000100110110100101010001101110011110111010101000100000011110111010011110110011101100011101010001000000011110011001000000110101,True,True,True,True,True,True,True,True,True,True,63,65,33,10,6,5,8,64,64
712,10001111100000100110010010010010100111000001011000111000011010111011110011001111110110110100010110011110001111100110000111000111,True,True,True,True,True,True,True,True,True,True,66,57,20,6,4,7,9,64,64
713,00010000101010110100100100111111000101100000111100101101101010010001001101010101110111001110000000001001010011111000110100100101,True,True,True,True,True,True,True,True,True,True,59,70,40,9,11,12,7,63,65
714,00001110100010011100000010101010010111010100100100110110100011010100010011011111000011111110001001001010111101011100101010110100,True,True,True,True,True,True,True,True,True,True,62,73,44,5,12,10,7,62,64
715,01101110110000001111011111111100000001101000000101101100011000010111101011000011111001000101001110101000001110101000000010111100,True,True,True,True,True,True,True,True,True,True,61,55,28,18,7,5,9,64,64
716,10001100001110011111100010110101111110011001111100001001010110001110000001110011010110100100101111101011010110010000010000010001,True,True,True,True,True,True,True,True,True,True,63,61,29,9,8,8,9,65,65
717,11100000001101011111110011111111001010111011000101010010000111011011110011010010101001100010000000100011010000001110000111000000,True,True,True,True,True,True,True,True,True,True,60,56,27,16,7,6,8,64,61
718,11010010001010100101000001000101111010111010111000101111110110011110101101001011001001100011001101010010100011011111001100010100,True,True,True,True,True,True,True,True,True,True,65,74,42,2,12,10,7,64,63
719,01101011100001101001100010100100000000100101000011111000011011001101101111101001011011101001000100101010000111110001011101111010,True,True,True,True,True,True,True,True,True,True,62,67,37,9,7,9,8,64,64
720,01000101001010100000000010000100100111111000111001000101101000011101110110000000001111100011100011010011100101111000000000000011,False,True,True,True,True,True,True,True,True,False,52,52,24,24,5,8,10,64,70
721,00110111101001010100101000100111101001100111001010011001000000000111110010101011011101010111101000100110001001100100010111010011,True,True,True,True,True,True,True,True,True,True,62,72,39,6,10,10,5,64,64
722,01001000110001010110100110110110100111000010100100011010001001100110001101000111001101011011010000010010000110000010100110100010,True,True,True,True,True,True,True,True,True,True,54,73,37,6,5,9,11,64,65
723,00001110111101101101110010100111100100000101111100101011100111000001010010000011100010110110110110011101110101001111101101010010,True,True,True,True,True,True,True,True,True,True,68,67,35,7,8,8,5,63,65
724,00110110110000101101111001011011001111100000010111111100000101001111000110001100000011100001011001011110111000111011000010010111,True,True,True,True,True,True,True,True,True,True,65,56,22,11,7,8,9,64,64
725,11010010010001010111000110110100101000111000100011101011011100011000110011110011100011111001110101110100111110010111100100000101,True,True,True,True,True,True,True,True,True,True,67,65,30,2,7,8,9,64,65
726,11010110110100100101010011110011100100000011010000000101010100111000001000110100011101100001001101000110010100101101111111100110,True,True,True,True,True,True,True,True,True,True,60,68,36,10,8,8,7,65,64
727,00010110111100000001011011011010010001101010101010000001100101001100011110000111110000110101100111111110001111001111010100110101,True,True,True,True,True,True,True,True,True,True,65,64,34,9,10,4,8,64,65
728,11111011001010111101001100011111000101100001111100110110011010101010110011111001100000100110000001100110100111001001101010011100,True,True,True,True,True,True,True,True,True,True,67,64,27,6,8,4,5,63,63
729,10100001011110011001101001100101001011101100110000001110101010100001000101111110000000100110010011001011001110110101010111110001,True,True,True,True,True,True,True,True,True,True,62,69,37,9,11,8,6,65,66
730,10111111110111111001100001110110010110101000010000001000101011010110110000110000000001010010011000000101100000110100101111111001,True,True,True,True,True,True,True,True,True,True,60,59,31,17,8,8,8,64,65
731,00110000101011011000000000010101111011110010110010111101001010100011110001000101000000001011001101000001000010101100010110000110,True,True,True,True,True,True,True,True,True,True,53,65,37,17,13,11,10,63,65
732,10001110001110011001110010110010100001010001110101010110001110110011010000111110100000010110100101110001011111101011100011101010,True,True,True,True,True,True,True,True,True,True,65,68,37,5,11,6,9,64,64
733,01001001101100000110010111110100101101010011001000010110011011000010011111011010100000011111000100101110111100011101000011000000,True,True,True,True,True,True,True,True,True,True,60,63,30,11,6,8,7,65,63
734,10110111110001100011110100010001000001101110001101010011001000101011101011100100110001000101000000110100010011010001001101010111,True,True,True,True,True,True,True,True,True,True,59,69,36,5,7,9,12,65,64
735,11001001101010101100011100101100010111010110010000011001111111100110111110101010111011111101101110111011000010100011110001001111,True,True,True,True,True,True,True,True,True,True,74,65,33,3,10,6,6,63,64
736,11101101000010000101000100101000111011110110101010100000011000111110110010101100010011001000001100111000111000000100100100101110,True,True,True,True,True,True,True,True,True,True,57,66,34,10,8,11,10,64,64
737,10111000101011101001011111000110001011001011110000000010010111101100100100100110001010111110001110100010010100011110101000101111,True,True,True,True,True,True,True,True,True,True,64,67,37,5,11,13,9,64,64
738,11110110000001010001001111010100101110101000111100001000010100010110001110111110100010101000110011010100000101111011001000010011,True,True,True,True,True,True,True,True,True,True,60,67,38,8,10,10,11,64,64
739,10111010111100011110011100010100100010001111000101101101011110110000101011101000100101100010011110011000100010100110001110111000,True,True,True,True,True,True,True,True,True,True,64,66,32,1,8,10,11,64,63
740,01011111011100001011000000101001111110000111001110110000001011010011110111101001011100110000111001111100111111101110010000001010,True,True,True,True,True,True,True,True,True,True,68,55,25,12,6,6,6,65,65
741,00001011010101010010101000111110000000110111111011011101110010101111100010000100100100000010111001100011001101110000000110001001,True,True,True,True,True,True,True,True,True,True,59,62,32,13,9,9,9,64,64
742,10011000111010001100111001010101010111010010111001111101011011101101010101101101011011110000011011010000010110001000101011101010,True,True,True,True,True,True,True,True,True,True,68,78,49,4,15,5,6,62,64
743,00001000001010100011010101110111011100011001100110001110101110100001111110110101000100101100101100010001001000010010001000111110,True,True,True,True,True,True,True,True,True,True,59,67,35,5,8,11,12,64,64
744,00110100000110110101011001101111001010000101111011101001010000111011110010000100111010000100111100010010111101110100010100001000,True,True,True,True,True,True,True,True,True,True,61,67,36,7,7,10,8,64,65
745,11000001100111111100111000000101101001101111001000001000111010000011111100111010111010110001000010111010000000010000010110000111,True,True,True,True,True,True,True,True,True,True,59,53,23,18,5,7,10,65,65
746,11010010010011000100010111011010001000111110101110000010011111100100011111101110110011011011001100101101111100101000010010111110,True,True,True,True,True,True,True,True,True,True,69,64,30,3,5,11,7,64,64
747,00100011011000100001110101101110100000111111011000111010000111101011101100011100000010010011101100000011011000111010100100001000,True,True,True,True,True,True,True,True,True,True,59,59,26,11,3,6,11,62,64
748,01100100011101110010011010101111011110001100001001001100001001010101111110000100001010010101011011001001000100101100111000001011,True,True,True,True,True,True,True,True,True,True,60,70,37,6,11,14,8,64,65
749,00010110100110110111111011111110100011111100101101111011000010111011010010101100101001100001110000011000000110001100101001000110,True,True,True,True,True,True,True,True,True,True,66,63,30,7,7,7,8,64,64
750,01111011101010011001101110101001100101111000101111001011110110001010000011000000100110001011001111011110000101001101100101010001,True,True,True,True,True,True,True,True,True,True,65,68,35,6,10,8,7,65,65
751,01111000001101011111011000011110100101111000110011000100010100101010100101111001100011011001011111010010110101000110000101001110,True,True,True,True,True,True,True,True,True,True,65,69,37,4,11,8,8,64,64
752,11100011100111000011010010000010101011010010011101110010001110010000010101110101001001101101010110001011110011001000110111000110,True,True,True,True,True,True,True,True,True,True,62,70,35,5,9,9,8,64,65
753,11011111110101001100011011011111100110111101011011000001001000001011100000110111100001111111111101001000101111001111000110000111,True,True,True,True,True,True,True,True,True,True,73,53,22,8,4,5,8,64,64
754,10110000111100101101010010101100101001001011111000110000011101100001011011010000101010011011001001001111100100110111111110111010,True,True,True,True,True,True,True,True,True,True,67,70,38,5,9,10,5,63,64
755,01101111011010011010111001011011011100000001011110000011011100100101011001110100110010100100110111110000110001111001011011111010,True,True,True,True,True,True,True,True,True,True,69,67,33,7,7,7,4,65,64
756,00010101101011010001101100101000001100101011001100100000110000111111001010011011000110000010011010001110111000010011111001001010,False,True,True,True,True,True,True,True,False,True,58,67,32,8,8,9,9,68,64
757,01001011001101011010001000111001000111010110110000100101111110110111010000101011101110110011010001110001010100000001011010001111,True,True,True,True,True,True,True,True,True,True,64,70,39,6,9,8,9,64,64
758,01111001100111011110011011000100010011011000100000010010101001100111110110000010100111001101011110001110100110110101101100111001,True,True,True,True,True,True,True,True,True,True,66,66,28,5,5,6,6,65,65
759,00001110001000110110111001100001111000100001100101010111111101111101011101100001100101100010100110001000000110000000011100000101,True,True,True,True,True,True,True,True,True,True,58,56,24,14,7,7,12,65,64
760,01001000110000101001101011111111001110110101010001111100000000101000010011110111110011001101111010001000011110010010001110110001,True,True,True,True,True,True,True,True,True,True,64,60,29,8,5,7,9,65,66
761,10110101000011001000011001100101000110000101111000000100111011001110010011101001010001110111110010000010001011110011110000001001,True,True,True,True,True,True,True,True,True,True,58,61,27,11,5,10,9,66,66
762,00100110000111100010111111101110100110011110100100111011001001000101101011111010111000011001100101001111100001111010111000011111,True,True,True,True,True,True,True,True,True,True,71,60,26,4,6,7,6,63,64
763,10111101000001110101100100110110111111001100010101100000101100110011111011100101000101101111111010111011001000000101010011101010,True,True,True,True,True,True,True,True,True,True,69,68,38,7,10,7,5,64,64
764,11110101001011011100100001010110010111011011010111010100100100100101010010110100011100000000001100001110000000111011100010100101,True,True,True,True,True,True,True,True,True,True,59,71,42,13,12,11,6,62,64
765,01101111001101110101101011101001110100101001110110100100101110100000010011000000011110110100011101101001010100011111111101110011,True,True,True,True,True,True,True,True,True,True,70,68,37,7,6,5,4,64,65
766,10111111100111001010110100100000111101100111010010011100011000110111011000101110011101000111100000110111100001101001001111101110,True,True,True,True,True,True,True,True,True,True,70,60,25,5,3,5,7,64,64
767,01100010001001010110110001001011101100000101011100101010101100111011111101000010000010011000100001100111100000011011010010011100,True,True,True,True,True,True,True,True,True,True,58,67,34,9,9,11,9,63,63
768,01110000110011100101101010111101001011001100010111001010111111111011100001101110100000011101111110010100010000000010011110011111,True,True,True,True,True,True,True,True,True,True,69,58,28,10,8,7,6,65,64
769,01110000111111011010010100111100001110000011000111111110010111110000110001101000111100111010111100110110010010100111111100111111,True,True,True,True,True,True,True,True,True,True,74,52,19,5,4,4,7,64,64
770,11100111011011010010110011001011110101101110001111001000010001111011100001100110110001001001001101111100001110100101100000001111,True,True,True,True,True,True,True,True,True,True,67,61,24,7,4,8,7,64,66
771,00001101001000111110101100111111001111001011010001101100010010111101001000010011100101101010100001111100010000011111101010111111,True,True,True,True,True,True,True,True,True,True,68,62,32,5,8,8,8,64,64
772,00110100110001110010010101010010010100101010111001100000100110111101100010001011100111101011010111110110110101111110111001011110,True,True,True,True,True,True,True,True,True,True,70,73,41,2,12,9,4,63,64
773,10111010011001001100010011101011011000011110011001011010100101101100110101011011011110110101111001000101111001101011111001111011,True,True,True,True,True,True,True,True,True,True,74,73,37,1,9,6,3,65,64
774,00100111001111001000100100000110011111111010111000101111110010110000001000111111010111110000001101011110101000111000111110001001,True,True,True,True,True,True,True,True,True,True,67,54,24,8,6,8,9,66,64
775,01010100100101011011110010000100111100010101000111101110111100101110000010000000011110000010100111011111111101101011010100100001,True,True,True,True,True,True,True,True,True,True,64,64,38,11,10,9,7,65,65
776,10011110001010101100001001100010110101110010100011110000101100110111101010010000011110000010001001001010011000110000111001101101,True,True,True,True,True,True,True,True,True,True,59,67,33,7,9,10,10,64,65
777,11010111000011011100101100100010110011010111001010101001100111001110101011001101111000010010110100101010011001111101011001100101,True,True,True,True,True,True,True,True,True,True,68,77,41,2,14,8,3,64,64
778,11101010100101010010101100000100000011010001100110010011000001101100100100011100110100100011010101011111110110010110111011000100,True,True,True,True,True,True,True,True,True,True,60,72,38,7,10,9,7,64,65
779,00101001111010110001001011011100100111011011111100110100100100011001011010001011100101110001011101010111001001001111000010100110,True,True,True,True,True,True,True,True,True,True,66,73,38,1,10,13,5,65,64
780,01000001101001111110101101100001001010001010001000001011001011100000101011001010100110011110000000110001101101111001010010111110,True,True,True,True,True,True,True,True,True,True,59,67,37,11,11,10,8,65,64
781,10110110011011110000000011010100000001011111001011110000101001100111111001100111111100111101010110001000001011111001001101010001,True,True,True,True,True,True,True,True,True,True,66,59,29,12,8,6,6,65,66
782,00110011011101011110110000001000001101011110101100100010111010101011001111101101011101111000110010010111010001111100111000001010,True,True,True,True,True,True,True,True,True,True,68,67,36,7,10,6,6,63,65
783,11011010111000011100110001111010000101110100111101001101110110100101010111001010101000111111100110001111001000001100110010100000,True,True,True,True,True,True,True,True,True,True,66,66,33,6,9,5,6,64,62
784,10110011100100100110001100100000001100111010010001101000101111001111011111000101101001001001110110000110100110110110011100000011,True,True,True,True,True,True,True,True,True,True,62,63,24,8,2,8,7,63,67
785,00111100000100111000010101011110111000111101010001011100000010011011000010100100010110100101011010001001110010010100111000010001,True,True,True,True,True,True,True,True,True,True,57,68,37,8,10,12,10,64,64
786,01011011101010100011110000101011101010110010111110001101011000101100011011101101111011010110110101011001011110011000001111011101,True,True,True,True,True,True,True,True,True,True,73,74,44,3,14,4,6,65,65
787,00000110110011011110101001010001110101001111011111100001010101000111011101111010101110110011100101010100100100111110100110111011,True,True,True,True,True,True,True,True,True,True,72,72,42,3,11,5,4,64,64
788,10100101001101011001111101010010111111011011101100100101001110110001010010000001110111111010001011100011111010100011100101001110,True,True,True,True,True,True,True,True,True,True,70,70,40,3,9,8,5,65,64
789,10110010010101001101110000000110100011000000100010001100000110110001111000110001010011110101011011011110010111111001110100011001,True,True,True,True,True,True,True,True,True,True,61,63,29,9,6,6,10,64,65
790,00100011101110011100001111111001111100100011100010100100010010101010001111110010001111010111011110101010100011110000000001011110,True,True,True,True,True,True,True,True,True,True,66,59,31,7,9,8,9,65,66
791,11000111000110011011111001010000111110011100000100001001110010110110100111011111010011101100100001001101100110001101000001011110,True,True,True,True,True,True,True,True,True,True,65,60,23,7,3,7,8,63,64
792,00101010001001011111001001111111110100110111000100000011001111000010000000010101100110011010010110100011011101010101011011100011,True,True,True,True,True,True,True,True,True,True,63,66,35,9,10,8,7,65,65
793,11000001110100000000111110100101100100011011101001110100010100110011000111101010111101001010011111001011001101011001100000011101,True,True,True,True,True,True,True,True,True,True,64,65,32,10,7,5,6,65,65
794,01101101111110011000011100111000111011001010001011101101110110000011011101111001001001111001011000100011010111011100010100011001,True,True,True,True,True,True,True,True,True,True,69,64,27,3,5,7,8,65,65
795,11011111000101011000100011100000101001110111001011011000010111011000010111111100000110010110000111111001100010010101111010001010,True,True,True,True,True,True,True,True,True,True,65,62,31,7,10,10,10,63,64
796,00110010111000011000111011001011111001011110011010011111100110001110011100001100000101101110010101111010001100100010010111110110,True,True,True,True,True,True,True,True,True,True,68,61,24,4,7,8,7,64,64
797,11111011100101111111111100111011100101110000011111110101001011000101011011101100010001011011100100011100100000000011011100011010,True,True,True,True,True,True,True,True,True,True,71,58,28,8,7,8,7,64,64
798,11111100111101011001000001111100110110010100100000101010010011011101110000010010101001100111001100011101101101101000101011001111,True,True,True,True,True,True,True,True,True,True,67,67,32,6,8,8,5,65,64
799,11100000100101011010010100101010010111101000001100110000100100101011111111110100101100010100001111110111111010001110100110111110,True,True,True,True,True,True,True,True,True,True,68,66,39,6,10,10,6,65,64
800,11000111111000111011010101100101100011011011011101111011000111001100001000101101111110100111110111001110011000000111100011100001,True,True,True,True,True,True,True,True,True,True,72,57,21,5,4,3,9,65,66
801,00100100101111011000100011101011100111011101010010100000101101100110010010101011100001000011100111100010111001001111110100111100,True,True,True,True,True,True,True,True,True,True,65,67,33,4,9,11,6,64,63
802,01101001010000011010100100000000110011110101111101011010011011011111010111101100000101111110011000000111001110101100111011010001,True,True,True,True,True,True,True,True,True,True,67,64,34,12,7,3,5,64,65
803,10110100011010001001111010111110000101101100101101001001101100110100000010111010001011001010001110001100111100100010101011111001,True,True,True,True,True,True,True,True,True,True,64,71,38,4,9,9,8,64,65
804,11111110011100000001010101000011011011010111111011011000000111100101011010011101100111111001100100011010111011000111101001111011,True,True,True,True,True,True,True,True,True,True,73,61,29,8,7,3,5,64,64
805,01100010000000111111111011101111110010010001111011011011111010001111100011010110101010110101111100010101010111111010111101101100,True,True,True,True,True,True,True,True,True,True,77,63,37,4,10,4,6,64,63
806,00101101011111011101100100100010001100010110110111110010100110001010100001100000100101000111101101010111111111111100101010101101,True,True,True,True,True,True,True,True,True,True,69,70,42,3,13,10,7,64,65
807,00011000101000100111110011000110000101111110011111000000000111001100010001000111111111110110000110111110101000001001011010111110,True,True,True,True,True,True,True,True,True,True,65,51,21,10,5,7,11,63,64
808,11101110000101011011011000010100111010101100100000101110101111011011000111001010010001000000110100001011011000001000101000110101,True,True,True,True,True,True,True,True,True,True,59,71,41,10,11,10,10,64,65
809,10001111010110111100100010111101000001011011111010001100100110111001000001111001000101110011100010001010000011011001010111110000,True,True,True,True,True,True,True,True,True,True,63,62,30,7,7,10,9,65,62
810,00100100011011100101011101000010000110101011010110100101101010010101001000000110111001011000100001100010000000011110010010110000,True,True,True,True,True,True,True,True,True,True,53,71,40,12,11,12,8,63,62
811,11100101111100100000010011001100011111110001111010000101010010010011110011001100001010111000011011001000110111001100000010110010,True,True,True,True,True,True,True,True,True,True,61,60,24,9,6,10,8,65,64
812,11000001010001000101000111100001100110000000100011010000011000110110011001011111000010010101011000100110101001111110101010100010,True,True,True,True,True,True,True,True,True,True,55,66,35,10,10,9,12,64,65
813,01010100100000000100111011101101101111100010111111001001010000101111101110010010001001011101010011011101001100100111011000011000,True,True,True,True,True,True,True,True,True,True,64,67,35,7,7,11,5,64,64
814,01010001011110000010101101001111111001110010110001011101111010010000100110000101011101100000110010001110111110100110100000110011,True,True,True,True,True,True,True,True,True,True,64,64,32,8,8,8,8,65,64
815,01011010001100111100111011011100000110111001000011100001001111111001000001011101101011000111111011001100001011010100100001011111,True,True,True,True,True,True,True,True,True,True,67,60,27,8,6,7,8,65,64
816,00011100000001100000011000100111001000001111100110000100001110010001101100011010001111010100010111010011010011011011100011100110,True,True,True,True,True,True,True,True,True,True,57,57,20,11,2,5,12,64,64
817,11101110100001110101011000101010011110100110010111010001111110011010011110000001000010101011010000100011111110111110101110111101,True,True,True,True,True,True,True,True,True,True,71,65,38,6,9,5,7,61,65
818,00011000100101011100010100001100100111110001001110010110010110111010101110010110001110010010111010000100101111111001000111101100,True,True,True,True,True,True,True,True,True,True,64,67,32,2,10,13,8,64,63
819,10001001011011111110011000011000101000000001101111110111011010100100101010001010001001101000100001111111111011110110011010001111,True,True,True,True,True,True,True,True,True,True,67,61,32,7,6,8,9,64,64
820,01010011100111111100010101101000001011100001000101111101001101011011011001111000000011011011010110111000011010001011100010101101,True,True,True,True,True,True,True,True,True,True,66,68,38,8,10,6,8,64,65
821,10010100100001011111011101110011100100000011010000011110000101111100011101100110010110111011010110110000111110110101001111000001,True,True,True,True,True,True,True,True,True,True,67,61,29,10,6,6,7,66,67
822,11001001110101100001000111000000010111001101010101010010000010101101001101111001101001010101110111010010010100100001011001110100,True,True,True,True,True,True,True,True,True,True,60,76,45,8,13,10,5,65,64
823,10100110110100110100100110010000110000111000111000010010100110010000100111001101011101100100111110111100110010001000111101101000,True,True,True,True,True,True,True,True,True,True,61,66,27,4,2,9,7,65,63
824,11011000010111101000101111101000100111001000100000001001000110001111010010111111011110010100100011011100100010000111001100001111,True,True,True,True,True,True,True,True,True,True,62,59,26,7,4,12,11,64,65
825,01111000111110011010110110010100001111001101110111010000111010001100110001100100110000110100100101011001011011101001010000011111,True,True,True,True,True,True,True,True,True,True,66,66,30,5,6,6,7,64,65
826,00111110000100110011001100100100101011011111100010101011111000011011001100110110001110000000001010010101001010001011011010101011,True,True,True,True,True,True,True,True,True,True,62,70,37,8,13,9,6,65,64
827,10101100011010100100011010010001010011010001010100010010100100101111011001001111110001011110100010010111011101000101011101111111,True,True,True,True,True,True,True,True,True,True,66,75,46,0,11,13,8,63,64
828,10011000111110011011100010010001000111000011101000001000001110010101000101110011101100001111100100000101110000011001011011001011,True,True,True,True,True,True,True,True,True,True,59,59,24,10,6,10,11,65,64
829,00101000011001011111110110010111011101100001111101011011001011011101110110001101111101111000101011011101110010101111110111011110,True,True,True,True,True,True,True,True,True,True,80,65,34,2,9,6,4,65,64
830,01000110111011010111011111011100010011011110001010110111100101110100001101100110001001000101001001000001000000101111100010111010,True,True,True,True,True,True,True,True,True,True,64,67,36,6,7,11,9,64,64
831,11011000110000110000011101101010010110101101000111010000011001111111100010100101011101001000010000111001101100111000010111101011,True,True,True,True,True,True,True,True,True,True,64,65,32,8,8,6,9,64,64
832,11010101110000101101011100010110000000101101011101101101101100010010010101111100001001101101101011001010110001000110110110001101,True,True,True,True,True,True,True,True,True,True,65,75,42,6,12,9,8,64,64
833,01010001100010101110010001111000000011100000010001111101111001101001011100000010110010011100111101011100110100100011111101110011,True,True,True,True,True,True,True,True,True,True,64,58,25,10,6,7,8,64,65
834,11001101001001011110001010001000111101011101101011000011010001101000010001001101000001101011010001011100101000000000011100101111,True,True,True,True,True,True,True,True,True,True,58,67,36,11,8,9,10,63,64
835,10110110100100100010000110100011100101000110010110101100001111010110000101111001011111001100101000010010110011110000110110000100,True,True,True,True,True,True,True,True,True,True,60,68,33,6,8,11,9,65,65
836,11111000010100101100100011011010001001100100010011000100100000111000100010010000011000000110011000011011101111110110010001001001,True,True,True,True,True,True,True,True,True,True,54,61,24,9,2,14,12,65,65
837,10010001101111000011001001111101001110110101111010011001010001010111101100000110001001011010001010000100100000111011010110110011,True,True,True,True,True,True,True,True,True,True,63,69,35,6,7,9,8,63,65
838,00100100111000010010001101100000010011000110111111010111100000101000000001110101001100111100111001010001111000110100110010111001,True,True,True,True,True,True,True,True,True,True,59,60,25,11,5,8,8,64,65
839,10101010110110010010001010110000011111011110111111010101000100100001110010110101101010010110001100100011111010001000001101001110,True,True,True,True,True,True,True,True,True,True,64,72,43,5,11,9,8,63,64
840,01010110100011001110000100110011110111111101011100001011110011000100110111010111111001101100110011000111011001110101101010101110,True,True,True,True,True,True,True,True,True,True,73,67,32,2,9,3,5,64,64
841,11010010000010001011010100000000011011100001100011110100010001001110100101001010100010111010111011110001101011101010011001101010,True,True,True,True,True,True,True,True,True,True,59,72,43,9,10,8,9,64,64
842,00110010101100100101000110101101010000011010010011011111110100101111010101000101011010101101000011110001000000110010000000011001,True,True,True,True,True,True,True,True,True,True,58,72,43,11,12,8,7,64,66
843,11110011111100111110001110100011011010111110000111001011010111010110010001111000000010010111111111110101101101010110001110110000,True,True,True,True,True,True,True,True,True,True,74,58,28,6,8,4,6,64,62
844,01010100111011011110011100100100010010000100101010100010100011111010111100100111011100010100110011111100100011100010000100111111,True,True,True,True,True,True,True,True,True,True,65,66,34,2,8,12,8,64,64
845,10001110100000001101111100111000001011010101111100100001101111111100000100010110010100100110011011111000000011111110100110000101,True,True,True,True,True,True,True,True,True,True,64,55,26,14,6,7,8,64,65
846,10011111101011111100111101010001001000001000000010100010100110010100001111010000101101110101111011111011011010011001110000000110,True,True,True,True,True,True,True,True,True,True,64,62,34,12,7,7,7,64,67
847,00000101010110000110001011010001101110010011100000011110111100010011101010101100111001011101101000010011111000010111101100000111,True,True,True,True,True,True,True,True,True,True,63,62,30,10,9,7,9,65,66
848,10011000000000011011000101111110100000011011000011010011110001110010111110101100011011010010101111100001100100010111001001100100,True,True,True,True,True,True,True,True,True,True,61,60,26,12,6,7,8,66,64
849,11001101010101001011101011001101101011000100001011000101100011010110101111011111101101010110001010000000000101101001010101000001,True,True,True,True,True,True,True,True,True,True,62,77,50,10,17,7,7,64,67
850,00001111010011101100101100000101110101101001100010000100111001000110101011111000110110111110111110111001000110010001011010110100,True,True,True,True,True,True,True,True,True,True,66,67,33,4,7,8,8,65,64
851,10100111101000100001101010011100101010010111000111011010110010100110010010000000011101001000101101001100011010111001001001001100,True,True,True,True,True,True,True,True,True,True,58,74,39,6,8,11,6,64,63
852,11000111001101101010010111010000010101101000001001000110001010111101101000011101001011011000010001101111011101100100110001100111,True,True,True,True,True,True,True,True,True,True,63,69,34,6,7,8,9,63,64
853,01011000000001111100001110011101011010100010101110110000110110100100101101111001000001010101011000011011110110011110110000010010,True,True,True,True,True,True,True,True,True,True,62,67,37,12,10,7,7,64,65
854,10101000111110011110100100111011000010001000101000111101011000011110111100111111001110111011111111000011001010111100010111110000,True,True,True,True,True,True,True,True,True,True,72,56,26,4,6,6,8,64,62
855,01100110111100110011000101010110110110110100001101111010001011100111000110101111010101111011110001011010101110001110010000111011,True,True,True,True,True,True,True,True,True,True,72,70,36,2,10,4,7,65,64
856,00110010001100011110010110011101000000010001011111000011010011010100010000111111001101010011010111100001000000011011011111110010,True,True,True,True,True,True,True,True,True,True,61,59,27,11,5,7,9,66,65
857,11100111100001000111111001000010101011010010100011001101010100000100111111111010010111110101000100010101011001111110011101110101,True,True,True,True,True,True,True,True,True,True,69,67,40,4,12,8,7,63,64
858,01000111011110011011000000110001110011010010010000001001101001111010000110111010000110100111100010001100010101001110111001101000,True,True,True,True,True,True,True,True,True,True,59,63,27,8,2,5,9,65,63
859,01101011101010111010101111011110110111111111100010110001011110111001001110000101100011000010101010001011011100100000011100010101,True,True,True,True,True,True,True,True,True,True,70,68,41,5,14,8,8,64,65
860,11111011100000011110100101100111101110110111011010011010011100100010111110110101110000110000011100000111110111011011000000110110,True,True,True,True,True,True,True,True,True,True,71,58,25,11,3,3,6,64,65
861,11100001001100000111011101111101010100101110011010110000011000011111011000000011100010001001011110011001001001100010110101001011,True,True,True,True,True,True,True,True,True,True,62,63,29,10,8,9,8,64,64
862,11001010110000000100110000111010000101001000000110110010000110000101011101011000001011001100011100010101101000101010010000000000,True,True,True,True,True,True,True,True,True,True,48,64,34,20,11,10,10,64,60
863,00110010111100101000000100010110110010011001001100100001010001111101011011110110001010110000000010100010001000010000110101001110,True,True,True,True,True,True,True,True,True,True,54,67,35,11,9,13,10,64,64
864,10100001000000000101001000011111001100010100111111100101111000000110011100100110101101001001010100000000010111010101110001111100,True,True,True,True,True,True,True,True,True,True,57,60,32,17,9,9,7,65,63
865,10101100101001101101111000110101011100101001101010100001101011011100010111000111000000101011100011010110100101010111100000011000,True,True,True,True,True,True,True,True,True,True,63,74,44,7,15,5,7,64,65
866,01000111110001101010011001000110101001111000001010010000000000010111101000011101010100011110100101101001110101111101001001010111,True,True,True,True,True,True,True,True,True,True,61,68,41,11,10,7,7,65,64
867,01011011100001010100100100101011111000101011110101011101101001011010110001001001000010111001111011010100001111100011111010100111,True,True,True,True,True,True,True,True,True,True,68,74,46,3,14,10,6,62,64
868,10101010000111100000000101100000000101111001100000111101010111000010111000001110010111011110011111101010011100111010001101010110,True,True,True,True,True,True,True,True,True,True,63,60,33,16,11,4,7,65,64
869,11110010011010000101010100011010100001110001101001111011011010000101001111010000001011101101100001110100110110010010110000111101,True,True,True,True,True,True,True,True,True,True,63,69,37,8,7,6,8,64,64
870,10010001010101010010000110001110000101000010101101110010010001010101000111100111011110001101011101100000011010110011101111010101,True,True,True,True,True,True,True,True,True,True,62,73,44,6,14,8,9,64,65
871,11101011100111111010110111111000000010100000011011101010010010111100110100011101101010111110101011100111011000110010001000011000,True,True,True,True,True,True,True,True,True,True,68,64,34,8,9,5,6,64,63
872,11001000100010110100100010110110010101111010010111010000011001100110010011100101110100010100110101000001011011010010000000101001,True,True,True,True,True,True,True,True,True,True,57,75,42,8,10,13,7,63,65
873,10100110110111100110011101111000101110011101101111100100100101001110110010111100001011110101111011101101101110101010100011011110,True,True,True,True,True,True,True,True,True,True,77,70,37,1,8,6,3,64,64
874,10000011010000011100101000000011010110101111011001010011010110001000011111110101010000010000110001111101010010111010101011100000,True,True,True,True,True,True,True,True,True,True,59,66,40,14,12,5,8,64,62
875,00000101100000010101111000100010001111001101001111111111001110100100111101011000001000110110010001101100111110111100011101101100,True,True,True,True,True,True,True,True,True,True,66,57,23,7,4,7,9,64,63
876,01010011001100101110110101101010001100000111101010001111111001000000001100100101011101010100110000111010110110100001111001110001,True,True,True,True,True,True,True,True,True,True,63,68,37,9,10,4,7,62,66
877,00100111010010111001001011000101001010100011101001101001001101100111001111110100000011001000000111101111101101100001100000000110,True,True,True,True,True,True,True,True,True,True,60,63,29,12,5,8,6,65,66
878,11111010110000010001001011111111111001100111010000101001111011000101011000110101101011011010011111001010101001101011100011100111,True,True,True,True,True,True,True,True,True,True,72,67,36,3,11,6,6,64,64
879,10001101110101000110001011000000001110111001111110000000000101101110100010010011001100000111101000011100111110001010100100110000,True,True,True,True,True,True,True,True,True,True,57,56,24,16,5,6,9,64,62
880,10111000000111100110011011001111110100010110110011100000011101010101101100101111100100001010100011011111100111110100000111010110,True,True,True,True,True,True,True,True,True,True,69,62,31,9,8,4,6,65,64
881,10111001110001011110100111011111110101010010101101000001101111101001000101111111001101110100001011010000010010101000110001001100,True,True,True,True,True,True,True,True,True,True,67,68,39,5,9,8,7,65,63
882,01001110100011000010110011000000001011100000001101100111000001110000011000100011001001010000010111010000000011111101100011010010,True,True,True,True,True,True,True,True,True,True,51,55,23,21,4,7,11,64,65
883,11011101101100110110110100010001000001000000011000010010110001110000001011010000111100101000110101000011100111111101010100100110,True,True,True,True,True,True,True,True,True,True,58,64,32,12,6,8,10,64,64
884,10111111011111001101101111001100110010010111100001100000010000001100101110110101011110110011011111101100101101101000111111000000,True,True,True,True,True,True,True,True,True,True,71,58,25,10,5,5,4,66,61
885,00011010111001011001111110100011010101101110001010010001001101000111111100101110110010110100010111100101111000100001111001000001,True,True,True,True,True,True,True,True,True,True,66,66,34,3,9,10,9,64,66
886,10011001100010101011101000011001011100001011001101110001111111110011110100110001011111011000100101100010111011100101110100010000,True,True,True,True,True,True,True,True,True,True,67,64,30,3,9,9,8,63,63
887,01011000011010110100011000001101010011010010110101100111101010110101100101100111011001011101000100010010100001100011010101101011,True,True,True,True,True,True,True,True,True,True,63,80,47,4,14,6,7,64,64
888,11000000110100000011001010000000110101100000001110010111001111110010110001101110111001011111111010000000111110000001111001011001,True,True,True,True,True,True,True,True,True,True,61,51,21,21,6,5,7,64,65
889,00101100111111010111001011011110010101011001110101011110101101101001111000100110111111110000001100001001100011011010011001101111,True,True,True,True,True,True,True,True,True,True,73,66,32,4,9,5,4,64,64
890,11000000000110111101001001010101011100001000111000011111110011111100001101000110011101010110110111001000111000001100011111000100,True,True,True,True,True,True,True,True,True,True,63,56,24,11,6,5,10,64,65
891,01101010101101010010010001000011100110110000001111010110101111010010100000000101011010001101011011101001110111001011101010111000,True,True,True,True,True,True,True,True,True,True,63,75,47,9,13,6,5,65,63
892,00000101111010111111001001100100011011001110010010001100001011011011110100111100101101000010100001101101101110010000000011000100,True,True,True,True,True,True,True,True,True,True,60,63,28,10,5,10,8,66,64
893,11011111000111000000101001101010011101100101011100001101101000110101010010011000000111011001001110101000110001110001000001101010,True,True,True,True,True,True,True,True,True,True,60,68,35,9,8,5,9,65,64
894,01100000000001101110110111010111101110101010101011110101001010100110110011000100000001110100001100111100011111110110000110011010,True,True,True,True,True,True,True,True,True,True,65,65,36,13,9,2,6,64,64
895,10100000000101101010010001110000001100111101100010000101101011001011100011010001010001101000100110111000101101010001110100011111,True,True,True,True,True,True,True,True,True,True,58,67,36,9,8,8,12,63,64
896,10001010001101010000001100011111010000010111111110010010000111001010011111000011101101101110100111101100011001101010111010010100,True,True,True,True,True,True,True,True,True,True,65,64,33,7,7,6,8,65,63
897,11111111011010111111000000001000010010000110100011101111010010100010111011101111010111110111011001010110111100011111110101001010,False,True,True,True,True,True,True,True,False,True,74,62,37,7,8,7,6,68,64
898,00111000110011101111000110111001111110000101010111011000001110100011100000101011101100000000110100011101101111000000010000000111,True,True,True,True,True,True,True,True,True,True,61,52,21,18,5,3,10,64,64
899,10000111010111011111111000110000011101100111101111100000111001100100010011000100111000110001101111010011000100100110000000010101,True,True,True,True,True,True,True,True,True,True,63,55,20,10,3,6,10,64,66
900,01101101011110100001000011111110010011011000111001011001100010100001100011010001011110101000000011000000100001010101110101001011,True,True,True,True,True,True,True,True,True,True,59,66,36,11,10,8,10,64,64
901,01100000010001101001011111111110100111000111101010010011111110010100011101001001001010010110001110110000100111110111110110100001,True,True,True,True,True,True,True,True,True,True,68,62,32,5,5,9,7,65,66
902,01100100111101100011100110011110110011111111011100101000000111110001010011111001011111010011010000000110010111010111110000100011,True,True,True,True,True,True,True,True,True,True,70,56,23,8,5,6,6,63,64
903,10100001010001011101010001100110011111011011000000110100001100111011000110011000111011000100010110001111100010101001000010011011,True,True,True,True,True,True,True,True,True,True,60,65,29,6,6,7,12,66,64
904,10011001010000111111110011001000100110011100111000100101001011010010010011100111010111110000111001011101001010000100100101101001,True,True,True,True,True,True,True,True,True,True,63,69,33,3,7,13,5,63,65
905,00001010100000111010100110000101010000110110001011011110111010010101101100101010110111110001010110101010101000000111110001000011,True,True,True,True,True,True,True,True,True,True,61,74,48,9,17,7,9,64,65
906,01101000000001010111111000110000001100001110101011010001001000110101010111011110101001111011100010011001001011000001011101001010,True,True,True,True,True,True,True,True,True,True,60,69,41,11,11,8,8,64,64
907,00010000001100011110101111101010001000101001100101000110010011000001011001010110010101110001101000111111101111000110111100100110,True,True,True,True,True,True,True,True,True,True,62,65,32,5,9,9,10,65,64
908,00100111011010010101101111110010111101101100010001101100010101100100000101101011111101110110000100101011101111111001010101110100,True,True,True,True,True,True,True,True,True,True,71,71,41,3,12,10,5,63,64
909,11010100100000011001001010111101010010100110000011111110101100110001001101110101111000101011111101111001111010110101110011111011,True,True,True,True,True,True,True,True,True,True,73,67,37,5,11,6,4,64,64
910,00011001011101011110101100110000010000111000110101110110010111111000101011001101001000111100001000100011011101100011000001111110,True,True,True,True,True,True,True,True,True,True,64,61,27,6,7,7,11,65,64
911,01010010010101011000111101011011001011110110011000000111110010010101101000000100000000100011001011010001001111001010010101101100,False,True,True,True,True,True,True,True,False,True,58,71,40,11,12,11,6,67,63
912,00011010100101101111000101011100110111001001000101011101110011001111011111000110111000110101110000101011010000101011010111111010,True,True,True,True,True,True,True,True,True,True,70,71,40,2,12,7,7,65,64
913,11100011011110001001111100101101110011000000101010000000101110010001111100100101101101011110100000010110000110001101010111110001,True,True,True,True,True,True,True,True,True,True,63,61,30,11,9,8,9,65,66
914,01010100000101001000001011111011100001000101110001010001000101010000110111101111011010011101000101111001111010111101001110001000,True,True,True,True,True,True,True,True,True,True,62,67,40,6,10,10,10,64,64
915,10010011011011101000010101000001010101111011001110101111110001100110101000111001110000000101011000000001000011001010111011101000,True,True,True,True,True,True,True,True,True,True,60,66,37,13,11,6,7,65,63
916,10110111110100100001010010011110100001010100110000101111000100101101111001110001000101100100110101001101101001001000010110100011,True,True,True,True,True,True,True,True,True,True,61,73,40,4,8,13,8,64,65
917,10100100110010101010111011011101101100011000001100110111000111110000101001111000011101100111100111110100001101110100010000000010,True,True,True,True,True,True,True,True,True,True,64,62,29,10,5,5,8,64,67
918,01001010111011100000011011110100010111000000101110001000000110011000011011100100001011010010101100001010010010111110010100000010,True,True,True,True,True,True,True,True,True,True,55,65,36,15,10,12,9,63,67
919,00111111011010110000010000010011010011001010001111011010100011110011011111010110001001010101000011010100011100100101100001010111,True,True,True,True,True,True,True,True,True,True,63,70,39,6,11,8,8,64,64
920,00110001101000101101101010101110100100111110000110011011001001110110001001001101110010001100111000001011110001001010111010011011,True,True,True,True,True,True,True,True,True,True,64,70,32,3,7,9,7,65,64
921,00100100101000000001100110111111101001001111100110100000000101100101101011100001101000111000111111011101010111111010011110001000,True,True,True,True,True,True,True,True,True,True,64,59,29,11,6,7,6,64,64
922,00010010010111000110011011111010001111110010101011100000101000101000001001110001001111100000001011011001001010011100100101010101,True,True,True,True,True,True,True,True,True,True,59,68,38,8,12,13,8,64,64
923,11011010010110101001101110100110000110100110110010111101111111010011010011001110101110111101111110100001100101111011111011001000,True,True,True,True,True,True,True,True,True,True,76,68,34,2,5,4,2,64,64
924,00011011010101100001101101110110100000001101001110010000000000000100101110110011001001101001111001111110011111000110110110100000,True,True,True,True,True,True,True,True,True,True,60,59,25,17,3,4,5,65,62
925,01010011101011001100110010101010110100001000100111111100011001000110110111111111011101010001010111100100111110101011110110000000,True,True,True,True,True,True,True,True,True,True,69,67,38,5,11,6,5,64,61
926,10100110000101111011001110000011110010100110111110000000111100100011111101100000000010011101000101001101011111100000100110110101,True,True,True,True,True,True,True,True,True,True,63,57,27,15,5,6,7,65,64
927,00100100100001100111011001101010000111010100001101100101010000100110110001101101111101101001100001100011010100111100110111000111,True,True,True,True,True,True,True,True,True,True,63,68,30,5,5,5,8,64,65
928,01111010101011000110001001100101001101010110110011001010111111010011110101100111101110010011110000001110101111001001100111111111,True,True,True,True,True,True,True,True,True,True,74,66,33,3,10,5,3,65,64
929,01111111010101100111000001110100010011001100010011010101111001010110110001000111100000101001010110010101001011000110100011011111,True,True,True,True,True,True,True,True,True,True,65,70,38,4,12,8,8,64,64
930,11110110010000111101111001011001010000101001101010110100010001000110101101010000110010011100001001010101100111001000101111101010,True,True,True,True,True,True,True,True,True,True,62,74,43,4,12,11,8,65,64
931,01100111010110100111110100000100000011101011110010010110001101001100011101110101010000100111010100111011000010001000011010110010,True,True,True,True,True,True,True,True,True,True,61,69,37,8,7,7,8,64,65
932,00000101111001000110100000011101111001110000111011001000001101100111111100010000111000001001001000000111011010011011011011111111,True,True,True,True,True,True,True,True,True,True,63,52,19,14,1,7,9,66,64
933,11000100000001101010001100011101111011111001001011001010011010011110111010110011100101010010111011111001001010111100010100010000,True,True,True,True,True,True,True,True,True,True,65,68,36,5,10,10,6,64,63
934,00010101011110001111000011011101111000000111000101011101100001011111111100111111111101110011001110110100100010001110000111011001,True,True,True,True,True,True,True,True,True,True,72,54,23,6,6,5,9,64,65
935,01011101101101101110111011011111110010010000110101101100001110111110011001010010010101001111011011111010101000101101010011101011,True,True,True,True,True,True,True,True,True,True,75,74,43,2,10,6,3,66,64
936,11101111000001110001010000011110010010110010001001101000111001000110101000010010000101100000100011001010110101110010101100101001,True,True,True,True,True,True,True,True,True,True,56,69,36,8,10,13,10,64,65
937,10010010011111110101000000101100111000101100101010001001110011110110101111001101110000001011100000010000110011101111001100110010,True,True,True,True,True,True,True,True,True,True,63,62,28,10,7,9,6,65,65
938,00001010000111100000100001011001000111000001100000111010001101100101110101110001000100001011011101101111011110011011100101100100,True,True,True,True,True,True,True,True,True,True,59,61,27,10,6,10,11,64,64
939,01000100101001000100110110101100010111011000111111110111100101111011100010011011001110000001100000110000010010000011111010101111,True,True,True,True,True,True,True,True,True,True,64,60,28,9,6,9,9,64,64
940,01111101111100001010001110111001100100001101111101101001111010101100010010111110100010000110101111100111000011011011111111111110,True,True,True,True,True,True,True,True,True,True,76,57,28,4,5,5,7,63,64
941,11100101110101011000101010100010100011111101110001001010000110010101110011001011001110101001111111101111011000111110111000010110,True,True,True,True,True,True,True,True,True,True,71,68,38,2,13,8,7,64,64
942,01110111011000101100111101000111011111001010011110011001010001100000111110110101001011111010010011101001001000110001101111011100,True,True,True,True,True,True,True,True,True,True,70,65,30,2,5,7,6,65,63
943,01000001111000010101000001011011001111111110101110100001111100111101001001010110111111010011011000101110100001000011011010111100,True,True,True,True,True,True,True,True,True,True,68,63,35,8,8,6,7,64,63
944,10011100101111101000011011010010011001101010110011111111000001011001100101011100000001011000000110111001001011011010010110011001,True,True,True,True,True,True,True,True,True,True,64,67,32,10,9,8,4,61,65
945,11100001001110111110111001001001100110111001001100101101010000101010111011011000011101011000000101101001001010001001111011110011,True,True,True,True,True,True,True,True,True,True,66,69,34,6,8,10,5,63,65
946,00000001111001010100101010011010101111111100000001111010000000011010110001001010110110111010100011110011011111011000001001001010,True,True,True,True,True,True,True,True,True,True,61,65,39,15,11,7,6,64,64
947,11101001000001101001100100001101111100011111001111011100111000011100000111010110111001000010101011000101001010110101000000001100,True,True,True,True,True,True,True,True,True,True,61,62,30,12,8,6,8,65,67
948,10001010100100100001010110110101011011010010100111011110000110101000111111100000111010111101010111100011011101011110101010110101,True,True,True,True,True,True,True,True,True,True,70,77,52,4,16,5,6,64,64
949,10001101101011101110100100101001111111011001010000100100101011001001101011111110000111011100000010111001001010110101001100011011,False,True,True,True,True,True,True,True,False,True,67,71,39,5,10,10,5,67,64
950,01000001010111100100011100100101011111100010110001000001110011010111100001001100100111011100011110011110100110100000110110100111,True,True,True,True,True,True,True,True,True,True,64,62,28,7,6,8,8,64,64
951,11100000001100010000011111000010100001001011011010111010000011001011011101110001010110100101101111010111011110001001100001110001,True,True,True,True,True,True,True,True,True,True,62,63,32,11,8,8,10,64,65
952,11100010110001100111010011100010001100011100011000010100110110001101110000100100111000010010000000111000010110100101101001001100,True,True,True,True,True,True,True,True,True,True,55,62,23,8,4,10,12,64,63
953,10011000000100011011101001001101100010101110101111011010001011110110011111111011000101110000101111111000111111001000100001001011,True,True,True,True,True,True,True,True,True,True,69,61,30,5,7,10,9,64,64
954,00011011010101001011101101010100100010011010101011000100000010000110001001001101101011010011110111101100010010000010011000001101,True,True,True,True,True,True,True,True,True,True,57,74,42,8,9,10,9,63,65
955,01111000010001100000101011000011100000110010010000001110000011011000100001101110100001000001101010011101010110000111101101010111,True,True,True,True,True,True,True,True,True,True,55,60,29,16,7,6,12,66,64
956,01101011110011100111101001100100110101111100100100111001111001010100110000001101001110101011101110111100111001110001101011001110,True,True,True,True,True,True,True,True,True,True,72,67,30,3,7,4,2,65,64
957,01001110000010000101100010111011001111110110100111001101111111111100000110000011001101101011001101100000100000100001110010100111,True,True,True,True,True,True,True,True,True,True,64,56,22,12,4,6,8,63,64
958,11110010010111101101100011000000111101010110101100011001001101011011011010101101000011111001001010110011110010000001000000101000,True,True,True,True,True,True,True,True,True,True,62,68,36,10,10,8,6,64,63
959,01101111100001011110111000011000110011111101101101010100110010010110101010100010000010000001000010111000100101101011011111101001,True,True,True,True,True,True,True,True,True,True,64,68,39,8,10,9,8,64,65
960,01010010101101001111001001111001011101001111000100011001001110000100111110000011100101000100111100101101011110110100010110111000,True,True,True,True,True,True,True,True,True,True,65,67,33,3,8,10,6,65,63
961,00110111011100111011011001000011001101111001110001110001000110000010101110110111101010010001011111111110010101001010011000010011,True,True,True,True,True,True,True,True,True,True,68,64,29,4,7,8,7,66,64
962,11101001001000001000110001010100101100111000010100111110101001000011011100100101000011000011010100111011011010111111001000001001,True,True,True,True,True,True,True,True,True,True,59,69,37,8,8,11,8,64,64
963,00010000110010111111100001111100000110111010001010101000000000011001100001001010000011100010000110011110110110111101100100100111,True,True,True,True,True,True,True,True,True,True,58,56,24,15,5,8,10,65,64
964,00101000010111101001010000110111110101001101010111011000111000101110010111101110101101010000011110010111111111010000101110111110,True,True,True,True,True,True,True,True,True,True,72,67,41,5,12,7,6,66,64
965,10001001100000101101000110101110001000100110111101000010101001010110011110001001111100100001001011101101001010101010101001000010,True,True,True,True,True,True,True,True,True,True,58,76,47,5,13,13,9,64,65
966,11011101001111001111000000010101000010110001000110010000010011110100111111100110100000010000110011000000100000100100110100100111,True,True,True,True,True,True,True,True,True,True,55,57,24,16,3,10,9,66,64
967,10000000111000000100101111011100110100100111010111010110011011110010001000100100000001001100000000111001110111111101101100100011,True,True,True,True,True,True,True,True,True,True,60,57,24,16,3,9,7,66,64
968,10111000110101100001101001011110000001001000100001101110011101010101011100010000001010001100110010111011010001101000100111010000,True,True,True,True,True,True,True,True,True,True,57,68,36,9,8,8,10,63,63
969,10011001101100100100010100001010010000101010010110101000001110001011101111011011001010100111011110101110101101000100100010110111,True,True,True,True,True,True,True,True,True,True,63,77,46,4,12,12,7,64,64
970,01101101101101011001001111110010011110100001000100001011111010100010100001000000010001001000000001010111111011001010011000101011,True,True,True,True,True,True,True,True,True,True,58,66,38,12,9,13,9,65,64
971,11000001011010110101010011101111100010110110011101001010001000001111011101100101011001010111000001111100001110010000010010001100,True,True,True,True,True,True,True,True,True,True,62,66,34,9,10,9,8,64,64
972,01010010101111010001010001101100111111001000010010100101111101111001000010110001011110110100111010010101001101010110000101110001,True,True,True,True,True,True,True,True,True,True,65,74,45,3,13,11,7,63,66
973,11110111101100110111100101110011010011101000111110100110111100001111101001000001100010100100000010101110111000101011001111011000,True,True,True,True,True,True,True,True,True,True,69,62,29,6,6,6,6,64,63
974,00100011001000011011110111111011111001101110000111010010001110000111010101001011110001110000100010001001010001011000110101010111,True,True,True,True,True,True,True,True,True,True,64,64,32,4,8,9,11,64,64
975,11010110001101111111101011110001100111100101000010001111111100010100100101010111011100110011010001110101000101111010101101000001,True,True,True,True,True,True,True,True,True,True,70,67,38,3,11,6,8,64,66
976,00000011010111111101111010101011101001101010000010001000100001111100111011111101010110110100110101001110100011100011110011101110,True,True,True,True,True,True,True,True,True,True,70,65,37,6,8,3,7,64,64
977,01010101000001110001101000001010011101001110010000111101100011101100110011100001111101111111111000111100011011110010111110100000,True,True,True,True,True,True,True,True,True,True,68,55,24,8,5,3,8,64,62
978,11101000000110000111001110111000010100100111001010000000000001110100010010011010000010111000111010000000010101000000001100111111,False,True,True,True,False,True,True,True,True,True,51,53,25,26,5,7,9,66,64
979,01110000110000010010000101010011001001100100010001100100100100111001001111000011011011100101110110111101001011101010111000100110,True,True,True,True,True,True,True,True,True,True,60,69,32,5,6,13,7,63,64
980,01001101110100011100000001101000101111111110010000110000111000000001100111010011100111000101100111010101110001010100001110011010,True,True,True,True,True,True,True,True,True,True,61,59,27,12,6,4,9,64,64
981,00011110000101101111010111001010011100011011010100001110001100100001000001011000100011101111110000001110000101011010001111101100,True,True,True,True,True,True,True,True,True,True,61,59,27,9,7,7,12,64,63
982,01010111111100001011001000010101000000100000101110000011101010110000001101000011100000100111001001010011011111110001011110010001,True,True,True,True,True,True,True,True,True,True,57,60,33,15,10,10,10,64,65
983,01101111010101110101100100011000101100001000111011110110101001001000110101111101001111110110011001011111111010000101001010100011,True,True,True,True,True,True,True,True,True,True,70,70,40,2,10,8,7,65,65
984,10010000100101010010000001101111001011110100010011010110010000110011000001110001010101011000000111001100100011111011010100010100,True,True,True,True,True,True,True,True,True,True,56,68,36,10,10,10,9,63,64
985,00101110000010011101000101100000000110000111100111111010101011011010100110101111000001010001101010001111001110100000011010110101,True,True,True,True,True,True,True,True,True,True,61,66,38,13,11,4,8,65,64
986,01110010101100001111011001000011111010110001000011011010111000101110110100101010000110001001111100010000101001110111110000001001,True,True,True,True,True,True,True,True,True,True,62,64,33,8,8,9,10,64,66
987,11100001001001101001001100100111101110111000000111001011000110111010001110010011111101110100111001100001100110001010100101000010,True,True,True,True,True,True,True,True,True,True,63,64,27,6,4,9,7,65,66
988,01100000001101011001001110111010101000001001110010100011100100000001111100011110110000101011100011011011010101110101000110111101,True,True,True,True,True,True,True,True,True,True,63,66,36,11,9,5,8,66,65
989,10110100101010110101110001001001000100001010110000100111011111111101010110011100001010101100111010111101000110010110011111100100,True,True,True,True,True,True,True,True,True,True,67,72,42,3,13,10,6,63,64
990,01001101101110100100000010000010101001111110101010001000000111101110011101100001100110101001011011101101010100100110000101101001,True,True,True,True,True,True,True,True,True,True,61,72,42,10,9,7,6,64,65
991,00100100011110010011011000000011100110001001111101011011100001001001110100011101111010001100101101001010101111111101011011011010,True,True,True,True,True,True,True,True,True,True,67,67,34,5,6,8,6,62,64
992,10110111111100000110110010000100001000001111000011000010110100101001101111110011101010011100011111100011001011000100110100011110,True,True,True,True,True,True,True,True,True,True,64,58,25,8,4,7,10,65,64
993,00010000000011000000000111110000111100010001110011110110110000011100110000001100110110101111101110100001111000011000010110101000,True,True,True,True,True,True,True,True,True,True,56,49,17,20,3,3,11,64,63
994,11110000100101001100110011100001100101001001001111010100001011101011110011111011011001001110010010000011110100011101000100000100,True,True,True,True,True,True,True,True,True,True,61,64,29,7,5,11,7,61,64
995,10001000101010110001000011011001001001111011100101100011001010111010100000111000011101111011111001110011111100011100100010101000,True,True,True,True,True,True,True,True,True,True,64,64,31,4,9,9,9,64,63
996,11001110010011010101001100110110111001011111110111100011000011101100011001110101110000111000110110100010001110011001001110111101,True,True,True,True,True,True,True,True,True,True,71,63,24,2,4,4,7,65,65
997,01000000111010111101100100111000000011001001001101100011001011001010011100001011111101010101101111110000110111001011110110011011,True,True,True,True,True,True,True,True,True,True,67,64,30,9,8,7,5,64,64
998,11000001111111000000011011011011110111100011011010010110001110110000111100011010000001010100101111010011100000101001010110011110,False,True,True,True,True,True,True,True,False,True,65,60,29,12,7,5,8,67,64
999,01011010000110110011100010101111100101111100100001011111111101011110010101001111011110001000010110101000101000100001101000000101,True,True,True,True,True,True,True,True,True,True,65,66,40,7,12,10,9,64,66
1000,10100110000110000101000111001010101000010010010001110010101011110011111010001100101010010100101010011000011010011010001100101111,True,True,True,True,True,True,True,True,True,True,59,75,43,4,13,10,8,64,64
